{"type":"FeatureCollection","features":[{"type":"Feature","id":331,"geometry":{"type":"MultiPolygon","coordinates":[[[[-77.05907806043606,38.918315192559916],[-77.05889629665347,38.91819178908926],[-77.05879830415724,38.91812078972191],[-77.05849330416096,38.917893788682505],[-77.05844720977416,38.917860012482805],[-77.0583222428509,38.917769838452315],[-77.05820250289749,38.91768344518339],[-77.0581165344531,38.91762142055681],[-77.05808030609604,38.917595791845066],[-77.05806640260715,38.91758524999672],[-77.05800994807802,38.917544497312306],[-77.05800888660785,38.917543741139255],[-77.0580036023487,38.91753999629581],[-77.05800330237345,38.91753978925302],[-77.05799940805099,38.91754368278609],[-77.0579042965902,38.91763878589016],[-77.05781929708618,38.917704786995984],[-77.05773037293758,38.91778018566944],[-77.05772729625014,38.9177827905977],[-77.05772688137964,38.91778309708599],[-77.05767630117693,38.91781978597815],[-77.0576423030924,38.91784279202004],[-77.05762629934708,38.91785878970447],[-77.05756430431857,38.91789679038473],[-77.0574732983446,38.917950786086806],[-77.05738430776945,38.918001789961274],[-77.05726830447703,38.91805878854234],[-77.05710829630374,38.91812778960448],[-77.05699130604667,38.918176788992355],[-77.05686330178919,38.918223784764805],[-77.05671329832143,38.918273790850506],[-77.05648305473574,38.918345212328994],[-77.05643930471918,38.91835879100828],[-77.05639330723481,38.91837379407229],[-77.05638414333617,38.91837806844387],[-77.05621330273665,38.91845779341697],[-77.05607930412803,38.91849379203826],[-77.05574235826815,38.91859119820051],[-77.05574030617258,38.91859178472097],[-77.05562129999262,38.91863079345426],[-77.05545830532785,38.91868878548911],[-77.05534730460306,38.918731789841864],[-77.05526036437776,38.91878316046066],[-77.0552593039933,38.91878379154529],[-77.05525321877063,38.91878801032187],[-77.05512230564584,38.91887878604497],[-77.05489882539504,38.919052499805886],[-77.05488430467138,38.91906378505705],[-77.05465530378386,38.91925778769852],[-77.05450529625584,38.91938278528917],[-77.05447630329199,38.91940878784162],[-77.05441329963561,38.91945878640359],[-77.05431530347047,38.919530790534836],[-77.05424629948389,38.919575792171415],[-77.05420930053478,38.91959778966625],[-77.05417229776492,38.91961478752801],[-77.05410429547058,38.91964278989759],[-77.05403429592243,38.919667793377215],[-77.05396330234997,38.919689788491795],[-77.05390129943756,38.91970678880166],[-77.05364048260715,38.91975276121673],[-77.05364029812534,38.91975278832639],[-77.05352830349408,38.919765793660915],[-77.05342030092338,38.91978178782846],[-77.05331330303747,38.91979979029519],[-77.05325929743624,38.919809787143116],[-77.05315330568045,38.91983178870282],[-77.0530605755488,38.91985455886149],[-77.05303630636774,38.919860515376484],[-77.05292930287328,38.91988678713997],[-77.05287329514204,38.91990279327166],[-77.05281130331613,38.91991979299734],[-77.05275229883705,38.919937791266],[-77.05266530342048,38.91996579236054],[-77.0525133013532,38.9200197936345],[-77.05246730417196,38.9200377859127],[-77.05235829595108,38.920082786368],[-77.05225629871907,38.92012779259445],[-77.05214429862981,38.92018179350752],[-77.0520603010049,38.920225791603976],[-77.05197829967842,38.92027178860054],[-77.0519397785442,38.92029520035809],[-77.05193796889657,38.92029629117018],[-77.05189929789226,38.9203197930642],[-77.05180329794082,38.92038278586081],[-77.05177029997962,38.92040578973854],[-77.05172530495646,38.92043878915396],[-77.05164329604351,38.92050679326232],[-77.0515763060351,38.920565791364574],[-77.05152930075265,38.920609790759094],[-77.05147229903379,38.92067179317699],[-77.05147199949347,38.92067218066703],[-77.05140729936468,38.92075678833731],[-77.05133230527494,38.92084678747268],[-77.05126530529118,38.92092479296775],[-77.05118429709704,38.92102279403804],[-77.05111544586622,38.921092620694445],[-77.0511133025442,38.921094792638804],[-77.05110994937854,38.92109832536968],[-77.05105929471567,38.92115179391825],[-77.05098530240076,38.92122479367353],[-77.05090130332269,38.92130178842892],[-77.05085330185189,38.92134078835783],[-77.05085047797394,38.92134271736857],[-77.05079329730589,38.92138179333313],[-77.05067129728583,38.92146979459074],[-77.05065504681563,38.92148271957632],[-77.05058830456463,38.921535789514635],[-77.05041829503294,38.92165279106466],[-77.05041809875215,38.921652448832916],[-77.05041345755342,38.92164473069987],[-77.0503913021233,38.92160778810228],[-77.05021830071573,38.92130878614097],[-77.05019330515245,38.921266791052794],[-77.05014729469517,38.92118588900743],[-77.05013529850463,38.92116478764509],[-77.04995330494762,38.920849790336035],[-77.04975196495839,38.92050437984102],[-77.04971983433268,38.920449262549276],[-77.04919030377123,38.91954078950967],[-77.04915229568097,38.919472792615046],[-77.04912430048051,38.9194267898395],[-77.0490602025117,38.919333103113715],[-77.04905930216401,38.919331788275564],[-77.04905520325393,38.91932409688266],[-77.04902729608962,38.91927178821473],[-77.04901130254225,38.91923878840288],[-77.04896029543893,38.919148789543065],[-77.04894372948503,38.91912176248404],[-77.04894130518883,38.91911779082581],[-77.04891954131205,38.919077847994515],[-77.04887430483114,38.918994792101344],[-77.0488182984101,38.918928793459195],[-77.04880130397203,38.91891579252862],[-77.04875230270223,38.91887478904567],[-77.04873430438765,38.91886078859941],[-77.04868930051758,38.918830791602495],[-77.04865529823029,38.91881878865251],[-77.04861029379428,38.91880479042066],[-77.04858437849161,38.91879801792561],[-77.04852229481106,38.91878179269383],[-77.04846630183829,38.918768789885306],[-77.04831529362512,38.91872479267589],[-77.04828291881697,38.91871495094382],[-77.04823630003959,38.91870079108478],[-77.04817829669804,38.918681789419615],[-77.04794230393492,38.918620791982754],[-77.04786529798335,38.91860278887346],[-77.04781530015939,38.91858779245556],[-77.04779129769862,38.91857879394392],[-77.04773829442739,38.9185527905416],[-77.04771530405678,38.918539791901786],[-77.04769330403934,38.91852479300367],[-77.04765230079737,38.918492785115],[-77.04763329757876,38.91847578513379],[-77.04759930202135,38.91843879276215],[-77.04757130069954,38.918398789157536],[-77.04752429998983,38.91831278772597],[-77.04723729577223,38.917747793421775],[-77.04702929389974,38.91733879091659],[-77.04677630129946,38.91684278552577],[-77.04674229817283,38.916774786211604],[-77.0467063028859,38.916710787383366],[-77.04669429569086,38.91668778489694],[-77.04660030202811,38.9165207898864],[-77.04650030318942,38.91635678795245],[-77.04642229575173,38.91623079236658],[-77.0463982925945,38.916183787400406],[-77.04637330007476,38.91610478521529],[-77.04634729711749,38.91599678559328],[-77.04633629592493,38.91583579298575],[-77.04632530159928,38.91564979322936],[-77.04629429628866,38.91529578691525],[-77.04625429979592,38.914838791811306],[-77.0462502982487,38.9147847884135],[-77.04623630122892,38.91467979277263],[-77.0462212942272,38.91459978665618],[-77.04619729589976,38.91450578513509],[-77.04616830026653,38.91438678744447],[-77.04610029682888,38.91423178980517],[-77.04602130329249,38.9140917863264],[-77.04592629282806,38.914092787602364],[-77.04576829458453,38.91409878609384],[-77.04512829491193,38.91409779188536],[-77.04487629700151,38.91409878977751],[-77.04415929744785,38.914098792710654],[-77.04380129986069,38.91409979226464],[-77.04344705883787,38.91409691573953],[-77.04344657455809,38.91409691591961],[-77.0434312965997,38.9140967864745],[-77.04244729798617,38.914097787685904],[-77.0423548124607,38.91409848786538],[-77.04235466256458,38.914098487919695],[-77.04205029396438,38.914100786882045],[-77.04166429918003,38.91409979011019],[-77.04166329897616,38.91418378421163],[-77.04166229971558,38.91484178957419],[-77.0416602990412,38.91558178908699],[-77.04165829583765,38.916297790296746],[-77.04165813910377,38.91632557205637],[-77.04165629453814,38.91666179077302],[-77.04165829379914,38.91678778962597],[-77.04165838841442,38.916791843342466],[-77.04166029685247,38.916880790948746],[-77.04165689317462,38.91697597421426],[-77.04165629185913,38.91699279298719],[-77.04165330098824,38.917103785728294],[-77.04165059239776,38.9177573412305],[-77.04165029914026,38.917827786491976],[-77.04165026683047,38.917831696119585],[-77.04164930252554,38.91793778758849],[-77.0416512930364,38.91796979348193],[-77.04165530207108,38.91800278957206],[-77.04166530234014,38.91806679020326],[-77.04166798495925,38.918079454960925],[-77.04167229795208,38.918099794235594],[-77.04167629488829,38.918131790403756],[-77.04168129185041,38.91819779266607],[-77.04168330224962,38.91826378698448],[-77.04168329189389,38.91868007997849],[-77.04168329921394,38.91875178628709],[-77.04168329692432,38.919477794618686],[-77.0416872954306,38.91955178760852],[-77.04169329732399,38.919600790777565],[-77.0417013027604,38.91964479360826],[-77.04170621624213,38.91966642085256],[-77.04170629717774,38.91966679016517],[-77.04170643593358,38.91966743871531],[-77.04171229775241,38.91969378598514],[-77.04171930098212,38.91971979053056],[-77.04173829310893,38.9197787883021],[-77.04201963037436,38.92059108552671],[-77.04202229869482,38.92059878668712],[-77.04205429468846,38.92068978630766],[-77.04240129869557,38.92173178915082],[-77.04256729372169,38.92224678879828],[-77.04264530017839,38.92252579320691],[-77.04267029380469,38.922609786705905],[-77.04268454403324,38.92266233606406],[-77.042686289194,38.922668767369885],[-77.04265507327172,38.922689425847146],[-77.04233242334047,38.92290327466606],[-77.04332229592146,38.92329766561715],[-77.04367291855257,38.923437362292724],[-77.0436792929414,38.92343279269063],[-77.04371630041861,38.92345378626061],[-77.04390830023812,38.9235347891798],[-77.04411529891918,38.92362679429125],[-77.04434129760273,38.92372879106447],[-77.04446029758748,38.92378578654626],[-77.04448730283578,38.92379979321796],[-77.04453430249363,38.92382879112163],[-77.0445532929936,38.92384279182374],[-77.04458129628402,38.923866788322286],[-77.04460930272667,38.92389579343978],[-77.04464029384805,38.92393978725811],[-77.04466130350906,38.92397379465407],[-77.04468729792146,38.92403078937721],[-77.04471929484878,38.92413378729594],[-77.04472229584746,38.92417479202743],[-77.04473229679746,38.92436279186738],[-77.04474029302148,38.92446179025591],[-77.04474129778863,38.92459278887486],[-77.04472879050968,38.924711271097465],[-77.04472429656032,38.92475379209082],[-77.04472512681629,38.924753692681556],[-77.04464639854409,38.92486747084922],[-77.04464529290115,38.924869786410014],[-77.04464028224236,38.92489756097587],[-77.04462774822109,38.92497366805296],[-77.04462530257305,38.92499079380361],[-77.04461929811963,38.92503379280847],[-77.04461629892563,38.925087789824076],[-77.04460529544097,38.92515878859428],[-77.04459330078438,38.92523078766419],[-77.04456929702354,38.9253517875631],[-77.04455530283593,38.925416787924874],[-77.0445343007234,38.9254877904957],[-77.04451030016429,38.92555879420387],[-77.04448330114408,38.92562979003929],[-77.04444730340849,38.92571378829469],[-77.0444183023221,38.92577379472542],[-77.04437129350327,38.925861787825006],[-77.04431829864262,38.92594879225944],[-77.04427418250543,38.92601545252196],[-77.04427366422989,38.92601655173318],[-77.0432872805076,38.9269188340295],[-77.04259996794653,38.927562965012335],[-77.04259929954797,38.92756379402105],[-77.0425991611131,38.92756372200498],[-77.04247729565809,38.92750578884328],[-77.04223329468155,38.92738078780203],[-77.0422022958719,38.92736279137674],[-77.04210629306347,38.92731479366476],[-77.04207330152828,38.92730078860708],[-77.04200530088559,38.92727378812037],[-77.04191229526361,38.92724278786379],[-77.04188929573282,38.92723678756318],[-77.04184629633646,38.927226794728924],[-77.04177329949272,38.92721479474248],[-77.04169930109241,38.92720579483721],[-77.04153930124717,38.92719178983723],[-77.04139929151377,38.92718479501679],[-77.04137529219098,38.927184794507866],[-77.04121629524602,38.927189796258084],[-77.04105629493823,38.92719478913618],[-77.03980730192382,38.92719178908921],[-77.03915229461684,38.92718779447836],[-77.03903029132734,38.927187790247594],[-77.0389503007253,38.927186789987736],[-77.03883129700483,38.927188793403936],[-77.03872329373947,38.92718779328512],[-77.0385592965014,38.92718079400008],[-77.03839729174085,38.92716879421476],[-77.03828929467494,38.92715779446179],[-77.03823330021318,38.92715079531623],[-77.03817829702915,38.9271427958969],[-77.03806929242619,38.92712378787658],[-77.03801529101639,38.927112788284795],[-77.03790929331967,38.927087788606606],[-77.03780429638013,38.927057788892846],[-77.03771129287108,38.927026794300154],[-77.03767929518949,38.92701478752722],[-77.03764129742517,38.926996792147825],[-77.03760629708502,38.926976786936855],[-77.03757229852067,38.92695379063221],[-77.03746330073302,38.92699079575624],[-77.03742929540982,38.92699878802102],[-77.03739729412702,38.927001789027244],[-77.03725129451146,38.927006790231715],[-77.03716429911604,38.927018789982775],[-77.03713630065401,38.92702378949076],[-77.03681730043873,38.92709479488488],[-77.03670929075231,38.92712579044627],[-77.03648729647317,38.9271637939888],[-77.03648729871642,38.92723578845044],[-77.03648571872742,38.92743858415081],[-77.03648129311081,38.92800779394675],[-77.03647930148648,38.92860079387857],[-77.03647830009186,38.928694795944246],[-77.03647798751507,38.928760097306565],[-77.03647629962472,38.92911279131086],[-77.03647529287147,38.929173795919546],[-77.03647529868347,38.929252789811855],[-77.0364702981099,38.92987078860859],[-77.0364602992892,38.93045779129598],[-77.03645829985831,38.93053979457046],[-77.03645829593688,38.930599789918986],[-77.03646329105965,38.93148179195416],[-77.03646229653444,38.931566794666146],[-77.03646229580428,38.93158791915026],[-77.03646229847392,38.93166079636613],[-77.0364622972301,38.931793677924304],[-77.0364622910754,38.93227779340186],[-77.03646037221559,38.932494894206904],[-77.03646029603284,38.93250379443813],[-77.03646029464328,38.93252363073079],[-77.03646029512907,38.93261479479752],[-77.03645985828996,38.932685257910144],[-77.03645830148912,38.93293378856653],[-77.03645829379354,38.933257060642006],[-77.0364583020678,38.93329579635438],[-77.03645729887616,38.934130794479614],[-77.03645629822482,38.93436179473497],[-77.03645529904497,38.9344377890982],[-77.03645429581994,38.93486679184651],[-77.03645392406973,38.93490668973669],[-77.03645330095073,38.93497379277983],[-77.03645329951725,38.93539958821639],[-77.03645329269062,38.93540879470333],[-77.0364512974394,38.93608579621432],[-77.03645129985608,38.93638379080228],[-77.03645129732715,38.93673978981809],[-77.03645184749082,38.93677811095406],[-77.03645230198724,38.93680979300268],[-77.03645229873955,38.93693879185468],[-77.03645005612748,38.93719976298526],[-77.03644929424993,38.937288792242015],[-77.03644930109304,38.9373698579214],[-77.03644929968756,38.93743478973919],[-77.03644929312225,38.93773779286718],[-77.03644767119606,38.93799459292257],[-77.03644729827202,38.938054795492256],[-77.03644729162811,38.93815460743101],[-77.03644729988284,38.938238438643886],[-77.03644730006243,38.938238789967436],[-77.0366943006741,38.93815579130597],[-77.0368612988039,38.93809579754648],[-77.03702630016772,38.938033795329765],[-77.03717329719197,38.937973798449015],[-77.03730290238485,38.93791796876825],[-77.0373032944624,38.937917797485476],[-77.03730427464909,38.93791735576605],[-77.03743229852736,38.937859796852635],[-77.0376232934099,38.93776879675901],[-77.03774829242789,38.93770679738029],[-77.03800030190874,38.93757078950358],[-77.03832800635128,38.93738563402834],[-77.03862329634666,38.9372187932072],[-77.03883330244169,38.937117794636414],[-77.0388742977889,38.9371017912771],[-77.03891430063645,38.937084797320914],[-77.03899630277222,38.93705279052706],[-77.0390359724974,38.9370384000387],[-77.03904030848686,38.93703682213805],[-77.0391202936661,38.93700779767774],[-77.03924629299551,38.93696579477754],[-77.03930529190211,38.93694779438561],[-77.03952217101501,38.93688917631031],[-77.03952729141731,38.936887796308895],[-77.03966829790046,38.93684879664858],[-77.03979929537657,38.936814790824606],[-77.0399602972873,38.93676779363883],[-77.04002429998083,38.936746791408446],[-77.04012129392125,38.9367117969408],[-77.04018430232783,38.936686795278604],[-77.04021529816708,38.93667279472764],[-77.04024729802714,38.93665979374399],[-77.04035429486267,38.9366097968175],[-77.0404212997642,38.936574794433696],[-77.04052829992628,38.93651079844703],[-77.04056529862675,38.93648579658618],[-77.04064129248647,38.93643779197747],[-77.04071184691223,38.93639811288351],[-77.04072130182149,38.93639279469234],[-77.0407622928978,38.93637079114163],[-77.04084529226918,38.93633079233507],[-77.0409302996222,38.936292792608874],[-77.04096729285483,38.93627878975692],[-77.04104229600541,38.93625379243324],[-77.04111929507106,38.93622979428056],[-77.04119100319919,38.936211410113266],[-77.0412032390135,38.9362082709117],[-77.0412363022328,38.93619979144823],[-77.04127529364649,38.93619079640889],[-77.04131530062052,38.93618279191064],[-77.04140629612125,38.93616879684252],[-77.04145129847053,38.936162790370695],[-77.04153886049147,38.936155174294136],[-77.04154330087643,38.93615479436729],[-77.04154912534598,38.936154413948245],[-77.04163629635676,38.936148797780525],[-77.0417283028153,38.936147792071715],[-77.04197129399297,38.936153794676954],[-77.04208929759855,38.93615179744059],[-77.04224629423348,38.93614379547709],[-77.04236429365018,38.936134789506276],[-77.04241349338601,38.93612726774783],[-77.04242695238301,38.93612520897029],[-77.0426192994738,38.93609578994438],[-77.04266929411959,38.936086790426906],[-77.04272030434633,38.93607879043827],[-77.04279466725522,38.93606460218448],[-77.0428722938892,38.936049791113405],[-77.04295603534545,38.936038004532776],[-77.04296441987293,38.93603683037175],[-77.04300729973173,38.936030797055906],[-77.04309829711876,38.93602079134677],[-77.04323429901604,38.93600879610989],[-77.04332630223297,38.93600278953695],[-77.04338229928442,38.93600179586906],[-77.04343730379439,38.935999793613455],[-77.04349316242832,38.93599879093559],[-77.04349465030519,38.935998772365316],[-77.04366130349283,38.935995791539],[-77.04427029957468,38.93599579667009],[-77.04427795814881,38.935995775752396],[-77.0447832974024,38.935994790487456],[-77.04485830122346,38.93599178898529],[-77.0449932999413,38.93598079200796],[-77.04509429444816,38.93596679021817],[-77.04512830445515,38.9359607955791],[-77.04519430472165,38.935946789192734],[-77.04526030369837,38.93593079193493],[-77.04541629617539,38.935886797936355],[-77.04547629417533,38.93586579427229],[-77.04550529451448,38.93585379293518],[-77.04553529893951,38.93584279112121],[-77.04558878952777,38.93581839380447],[-77.04559229483391,38.93581678895938],[-77.04579296623955,38.935731807262485],[-77.04584729952808,38.935708796775145],[-77.04593330111716,38.93584079768973],[-77.04596430147089,38.93588979066421],[-77.04613829357474,38.93615979098954],[-77.04615930171882,38.936184789738974],[-77.04617529827205,38.93620079117163],[-77.04620230156152,38.936221796867066],[-77.04622030246497,38.93623379781541],[-77.04625729491545,38.936255790460486],[-77.04627730146464,38.93626579076331],[-77.04631730109703,38.9362827915997],[-77.04633930175518,38.936290791258784],[-77.046382297671,38.93630379119924],[-77.04646230011032,38.93632479380663],[-77.04657529984239,38.93636079104416],[-77.04665829561773,38.93639079161701],[-77.0467142964625,38.936412794543756],[-77.04674229755045,38.93642479141402],[-77.0468232937631,38.93646579180433],[-77.04684930146354,38.93648078921153],[-77.04689929975169,38.93651279366902],[-77.04694630052902,38.93654679014341],[-77.04697030399153,38.93656579702233],[-77.04701830072793,38.93660579259538],[-77.04704029794728,38.936625791179864],[-77.04706229649899,38.93664778960227],[-77.04712829686864,38.9367207933],[-77.04744829859287,38.937082797494796],[-77.04752329556781,38.93717179605137],[-77.04774429944504,38.93744279273734],[-77.04775729907074,38.93746079501648],[-77.04778729871218,38.937493789162886],[-77.04782029662475,38.93752579116182],[-77.04785630366798,38.93755579207686],[-77.0478752984766,38.937569792202915],[-77.04793429808393,38.937606792130076],[-77.04795330243803,38.937617792475905],[-77.04799230176559,38.93763779290911],[-77.04803230392402,38.937656792996],[-77.04811629511956,38.93768879196026],[-77.04815329437186,38.93770179371476],[-77.04847429595577,38.93782379553992],[-77.04878630322388,38.93794779106962],[-77.04915029590596,38.938103797423366],[-77.04946330585632,38.93823978977152],[-77.04980029877106,38.93839479658716],[-77.04984130602827,38.93841479554538],[-77.0498812989802,38.938435794843],[-77.04992030069647,38.938457794471304],[-77.04999530665467,38.93850379481278],[-77.0500323035589,38.93852879502401],[-77.05006730503315,38.93855379607817],[-77.0501353031667,38.93860678976937],[-77.05036830478855,38.9387947918477],[-77.0505823025127,38.9389717935424],[-77.05086430126212,38.93920279702926],[-77.05110830349335,38.93939679235029],[-77.05112430044389,38.939410793254744],[-77.05123329615915,38.939498792614415],[-77.05121829753185,38.93952579705027],[-77.0511943010514,38.93959979269575],[-77.05117230001501,38.93967379646997],[-77.05115230666773,38.93974879027285],[-77.05114330160083,38.939785791282446],[-77.05111929832026,38.939898792829894],[-77.05111169237173,38.93994062167025],[-77.05111130175001,38.93994279284017],[-77.0510903011017,38.94002879520541],[-77.05106601835902,38.940106151036424],[-77.05106330236265,38.94011479117765],[-77.05105853624407,38.9401276931378],[-77.05103229958826,38.94019878904901],[-77.05101430091426,38.94024079357521],[-77.0510126770354,38.9402443075188],[-77.05099529797783,38.94028178960746],[-77.05097429952058,38.94032279551481],[-77.05095930051667,38.94036578963566],[-77.05093829619486,38.94041479490377],[-77.05091230158149,38.94046979285695],[-77.0508852975801,38.9405327906083],[-77.05087330120662,38.9405647932905],[-77.05086229823843,38.94059879538026],[-77.05085030457334,38.94065079647088],[-77.05084796023198,38.94066306678694],[-77.05084382320511,38.94068478758286],[-77.05083829566483,38.94071379669302],[-77.05082930159207,38.9407827951257],[-77.05082605982825,38.94081446969558],[-77.05082029797569,38.94087079205184],[-77.05081730650647,38.94091378993692],[-77.05080229754033,38.941088791565406],[-77.0507922991412,38.94115679050624],[-77.0507802965065,38.94122878999804],[-77.05077230612781,38.94126579052763],[-77.05076730127823,38.941283791270386],[-77.05075835645788,38.94130875713414],[-77.05075726279998,38.9413117843954],[-77.05074830646983,38.94133679530469],[-77.05073729762965,38.9413627980163],[-77.05072330408534,38.94139279269561],[-77.05065830010348,38.94151579308594],[-77.05062229895634,38.941579794583035],[-77.05058329866351,38.94164379736612],[-77.05056630591692,38.941673793322806],[-77.05054829737257,38.94170278979573],[-77.05052326488466,38.94174926538827],[-77.05052288472307,38.941749959191036],[-77.05045130056035,38.94188279034782],[-77.05044130023751,38.941899793310064],[-77.05039330116512,38.941994797439726],[-77.05034830388317,38.94209379092797],[-77.05033929622232,38.94211179337356],[-77.05031529749662,38.942168790156714],[-77.05025684986319,38.9423001021351],[-77.05025029678558,38.94231479747492],[-77.05024678492357,38.942323771242386],[-77.05024130412436,38.942337790498904],[-77.05019230066996,38.942448793693764],[-77.05015530324526,38.94254079323],[-77.0500773033217,38.94272179421762],[-77.05003529936629,38.94281379585568],[-77.04998630500647,38.942905791458244],[-77.04995029764974,38.942962793292175],[-77.04992230399493,38.94299879336886],[-77.04991086939167,38.94301059911141],[-77.04970929936484,38.94321879451],[-77.04962943811294,38.94331366771396],[-77.04962924217129,38.94331389300436],[-77.04961629851466,38.943328798209464],[-77.04958335491033,38.94336331393559],[-77.04958327422028,38.943363395044386],[-77.04957430636419,38.94337279449359],[-77.049574364178,38.943372992651426],[-77.04962112695274,38.94371961176116],[-77.04964577816837,38.94390231640566],[-77.04968847162024,38.94421865131879],[-77.04968832234516,38.944219633285606],[-77.04937927134993,38.944425297333],[-77.04937830272142,38.94442579319798],[-77.0491623019658,38.944541793872595],[-77.0490812967685,38.94458679728185],[-77.04894530241847,38.94466579392206],[-77.04891029666734,38.9446887977222],[-77.04884329720818,38.944736794863466],[-77.0488102999237,38.9447617976337],[-77.04874029573189,38.94481879524807],[-77.04867929925534,38.94487379823774],[-77.0486272969322,38.94492379785483],[-77.04861397148926,38.94493780227433],[-77.04861138939515,38.944940514842315],[-77.04856830068326,38.94498579939169],[-77.04854030280659,38.945017790437134],[-77.04851030045941,38.94505379099486],[-77.04848130234915,38.94509079104783],[-77.04845430053462,38.945128799193945],[-77.04843029655578,38.945164797243784],[-77.04838529997191,38.945237792001095],[-77.04832630051209,38.94534679864749],[-77.04832487209151,38.945349726930814],[-77.04826530451334,38.945471795792606],[-77.04824329935771,38.94551279257455],[-77.04821830647285,38.94555379959276],[-77.04819130501254,38.94559279858582],[-77.04816229565752,38.945630798479954],[-77.04814743860099,38.94564901034443],[-77.0481463551573,38.945650344016855],[-77.04813130215196,38.9456687991836],[-77.04809829601814,38.945698792341595],[-77.04806429712782,38.94572779498691],[-77.048027298282,38.94575579893515],[-77.0479883017233,38.94578079492453],[-77.0479472972701,38.94580479180478],[-77.04789329485011,38.945832793675066],[-77.04783730490774,38.94585579673567],[-77.04777729851939,38.9458757926439],[-77.04771629669388,38.94589079833792],[-77.04765430009981,38.94590179571896],[-77.0476003058733,38.94590779921916],[-77.04754792455724,38.94591070318844],[-77.04754629809516,38.945910793932846],[-77.04754442934909,38.94591083072606],[-77.04749129692304,38.945911798194274],[-77.0474372973459,38.9459097932564],[-77.0473283028243,38.94590079311907],[-77.04699161366118,38.94584975288781],[-77.04698530304826,38.945848791538054],[-77.04675430190152,38.94581279697128],[-77.04670530560149,38.94580579910425],[-77.04665629907855,38.945800792051664],[-77.04655729530964,38.94579279613525],[-77.04650729870754,38.94579079818163],[-77.04648296983646,38.94579035744426],[-77.04647713275895,38.94579026067408],[-77.04645130424281,38.945789793501504],[-77.04639429725597,38.94579279788312],[-77.04633930005284,38.94579979211038],[-77.04628430479242,38.94580979507801],[-77.0462303048209,38.94582479722412],[-77.0461662951521,38.94584479388856],[-77.04610630501968,38.94587279729747],[-77.04605230570093,38.94590679783285],[-77.04600530079004,38.94594679510799],[-77.04598960058571,38.94596434041564],[-77.04597649402538,38.945978993041734],[-77.0459373011052,38.94602279772035],[-77.04591429786709,38.94605679501431],[-77.04577829994332,38.94626579550063],[-77.04568183616344,38.94642400068292],[-77.04565330372732,38.94647079184597],[-77.0455163024735,38.9467187982677],[-77.04548329917345,38.94677379767301],[-77.0454302978305,38.946854793738055],[-77.04537330434941,38.94693479140799],[-77.04535570353107,38.94695730993672],[-77.04534882225931,38.94696610469027],[-77.04530529850315,38.94702179275293],[-77.04522929944204,38.94711079698841],[-77.04517530180624,38.94716779525403],[-77.04508966660813,38.9472514341835],[-77.04508938991908,38.947251704538644],[-77.04508929768936,38.94725179465708],[-77.04504930388484,38.94728979800199],[-77.04496530040353,38.94736379734782],[-77.04487829616393,38.9474357979457],[-77.04473829920633,38.947549797363045],[-77.04459030151446,38.9476727989352],[-77.04447365196287,38.947767700574154],[-77.04447230294046,38.9477687910894],[-77.0444718763531,38.94776917860783],[-77.04444130030436,38.94779679160934],[-77.04441430186255,38.947826799446304],[-77.04439030335763,38.94785779704858],[-77.04436929388469,38.947890793349636],[-77.0443514917826,38.9479244280178],[-77.04435141111507,38.94792456317261],[-77.04435129590138,38.94792479743163],[-77.04433930032643,38.94796479874912],[-77.04433429614994,38.948005797332875],[-77.04433729854848,38.948047792798796],[-77.04434705919113,38.9480868309846],[-77.04434730204622,38.948087794778495],[-77.04434768328247,38.94808867744538],[-77.04436429573478,38.94812679418524],[-77.04438830145737,38.94816280017778],[-77.04441929613827,38.94819579474397],[-77.04445529498004,38.948224796730656],[-77.04445539883774,38.94822485074084],[-77.04445647208395,38.94822548992057],[-77.04449730160901,38.948249796742914],[-77.04454329597466,38.94826879570591],[-77.04463518400215,38.94829323615407],[-77.04463729544054,38.948293793861204],[-77.04464020294226,38.94829447738028],[-77.04468430002599,38.94830479302999],[-77.04486529706492,38.94833679318163],[-77.04496329469029,38.94835379919557],[-77.04508830197122,38.94837679422723],[-77.04520230206671,38.94839679362466],[-77.04524129763467,38.94840279607052],[-77.04528130520335,38.94840379851589],[-77.04532030468332,38.948397792896515],[-77.04535655204397,38.948381509884335],[-77.04537919077833,38.94837133975837],[-77.04538930497357,38.948366795658465],[-77.04541130359368,38.9483477976602],[-77.04543030219665,38.948327791896276],[-77.04543807142025,38.9483183031576],[-77.04544829588707,38.94830579568995],[-77.04546230001716,38.94828679178139],[-77.04550330486619,38.94824179748353],[-77.04552729850535,38.948221798767214],[-77.0455543043022,38.94820379871045],[-77.04558622380482,38.948184841853525],[-77.04558630452792,38.94818479678062],[-77.04558741162539,38.94818423783553],[-77.04560630153608,38.94817479879773],[-77.04564629745056,38.94815779356999],[-77.04568929526995,38.9481447958401],[-77.04575402776301,38.94813320388953],[-77.04575630009037,38.948132797627466],[-77.04575728060222,38.94813272517744],[-77.04579729703916,38.94812979983244],[-77.04583430445953,38.94812979433645],[-77.0458702980066,38.94813179807319],[-77.04590729646795,38.94813579223423],[-77.04594330413398,38.94814179561951],[-77.04598485094778,38.94815069748123],[-77.04598530091491,38.94815079639532],[-77.0459854970557,38.94815084135955],[-77.04605729708003,38.948168793620844],[-77.04608129645617,38.948175792605035],[-77.04617330580011,38.94820879867172],[-77.0462323061897,38.9482347912665],[-77.04627134790096,38.948258566687926],[-77.04629534073028,38.948273168619295],[-77.04632429601749,38.94829079536153],[-77.04640529737192,38.948354794090754],[-77.04643797043465,38.948394913004236],[-77.04644188428533,38.94839973087929],[-77.04646229631092,38.9484247928118],[-77.04649830478935,38.9484848006645],[-77.04651430438165,38.948518791547976],[-77.04652598779126,38.94855015372923],[-77.04652782525045,38.948555098543565],[-77.04653330293348,38.94856979787599],[-77.0465568278409,38.9486802120026],[-77.04655930412572,38.94869179566399],[-77.04655975590353,38.94869466011698],[-77.04658529890442,38.94885679897175],[-77.04660129632555,38.94901079813728],[-77.04660530528416,38.94907279151542],[-77.0466092964638,38.94919579797223],[-77.04660930571153,38.94931579724862],[-77.04660530036561,38.94943579812282],[-77.04660330114488,38.949465796486656],[-77.04660230188018,38.9495077934783],[-77.04659629678947,38.949568799931825],[-77.0465932995643,38.9495897994227],[-77.0465859638162,38.949627069592545],[-77.04658492900643,38.94963234885584],[-77.04658129561697,38.949650799257014],[-77.04657630196336,38.94967079962379],[-77.04656129768681,38.94971279318418],[-77.04654230185947,38.949754797339814],[-77.04653129780482,38.94977480009701],[-77.04650730478394,38.949813797470696],[-77.04649430428061,38.94983279209133],[-77.0464792964677,38.94985179651685],[-77.04643529513709,38.949901791927175],[-77.04640330217816,38.94993279310553],[-77.0463682962725,38.949960795713665],[-77.04631030567762,38.949999797517115],[-77.04625730309331,38.95002779821132],[-77.046224296611,38.950043791951025],[-77.04619230596109,38.950060794207005],[-77.04615929945474,38.95007679693653],[-77.04596542852892,38.95017872991601],[-77.04596530167018,38.95017879302381],[-77.04576930562575,38.95027779882141],[-77.04562029529585,38.95035679659594],[-77.04559530500114,38.95037079619924],[-77.04552431686517,38.95041712640696],[-77.04552338281799,38.95041774834176],[-77.04552330209225,38.95041779341461],[-77.04550029728587,38.950433792061595],[-77.04545629624894,38.95046779740653],[-77.0453942996406,38.95052179908927],[-77.04528409352034,38.95063200404208],[-77.04527929742966,38.95063679830277],[-77.04526198170902,38.95065558726411],[-77.04513830431821,38.9507897953385],[-77.044939295832,38.951000800785664],[-77.04485529918949,38.95109279852901],[-77.04483929601714,38.95110779443846],[-77.04482429714464,38.95112379888738],[-77.04478230184208,38.951174792811834],[-77.04474629454491,38.9512267933556],[-77.04473530004054,38.95124479609701],[-77.04473393069873,38.95125037274328],[-77.04465730435788,38.951561800083105],[-77.04455708069287,38.95192165582225],[-77.04454729655296,38.95195680082731],[-77.04453125538353,38.95198525506747],[-77.04435330349007,38.952300792455056],[-77.04418361788456,38.95249828202167],[-77.04411530069109,38.95257779682078],[-77.04392403526629,38.952748755770294],[-77.04375730568383,38.95289779710204],[-77.04373929509407,38.9529137935249],[-77.043662326032,38.952977087391375],[-77.04340729512484,38.95318679583898],[-77.04294254493585,38.953605077377034],[-77.04281729921145,38.953717798765936],[-77.04226412229298,38.95413505594621],[-77.04212130081383,38.95424279234829],[-77.04211425600657,38.95425003753511],[-77.0419905277551,38.95437730583177],[-77.041911293471,38.9544587960438],[-77.04188172428027,38.95451795493641],[-77.04184301688666,38.95459534982849],[-77.04180630300189,38.95466879837191],[-77.04177229658418,38.954873793682914],[-77.04177229828076,38.95499480175253],[-77.04202729992694,38.956183801646716],[-77.04203913324199,38.95625536806723],[-77.04204352148788,38.95628183277507],[-77.04204929923009,38.95631680078599],[-77.04203709177042,38.956393366428415],[-77.04203389623348,38.95641343799374],[-77.0420272981994,38.95645479731415],[-77.04191629823232,38.956769802158604],[-77.04191144449851,38.9567953783636],[-77.04187230405596,38.957001798764125],[-77.04188573891554,38.95716788833555],[-77.04192729912184,38.95768179490347],[-77.0419003039578,38.95776479771323],[-77.0418392974036,38.95786980186244],[-77.04171230084401,38.95796379441758],[-77.04169703026743,38.9579726279626],[-77.04146329999092,38.95810779899916],[-77.041164300486,38.958322796760896],[-77.04106736390948,38.95846744949395],[-77.04097130305189,38.958610795637526],[-77.04083329717449,38.95882579905946],[-77.04072338419661,38.95895884437509],[-77.04070030161847,38.95898679603926],[-77.04039029864283,38.95934080208344],[-77.0403357019926,38.95942268800345],[-77.04033028382214,38.9594308153235],[-77.04030229376076,38.95947279446048],[-77.04028671070475,38.959562459045635],[-77.04027717682825,38.95961728660166],[-77.04027430169991,38.95963379973282],[-77.04028086859213,38.95967791992817],[-77.04029611026249,38.95978025751681],[-77.04030229497509,38.95982180147913],[-77.0403458510093,38.95990432914024],[-77.04037608966534,38.95996164726532],[-77.04040729859567,38.960020802731535],[-77.04054030284988,38.96017479792227],[-77.04071729412735,38.96027480015946],[-77.04078839773321,38.96030681775267],[-77.04088829603904,38.96035179712873],[-77.04141680570399,38.96053386619508],[-77.04181430047977,38.960670794372426],[-77.04188613854089,38.96069453244386],[-77.04192629863049,38.96070779622229],[-77.04201930236498,38.960739796201054],[-77.04210830367036,38.96077379738045],[-77.04219429481904,38.96080979941158],[-77.04223729678749,38.96082880031769],[-77.04227929556298,38.96084880148731],[-77.04236129888103,38.96089179524531],[-77.04239648989531,38.96091115024441],[-77.04240130283623,38.96091379692688],[-77.04241242895472,38.96091957619295],[-77.04250730108306,38.960968798893546],[-77.04255929675254,38.960996795660094],[-77.04266130546709,38.96105579860488],[-77.04276030471172,38.961117802310476],[-77.04279991910519,38.96114393878744],[-77.04281784485532,38.961155760066234],[-77.04285729769816,38.96118179749186],[-77.04295930201606,38.9612517992585],[-77.04306329531903,38.96132879961853],[-77.04311429491202,38.96136879550182],[-77.04325129732389,38.961480798611014],[-77.04325114737735,38.96148087974077],[-77.04325128590061,38.96148098778863],[-77.04358967452268,38.9618361928043],[-77.0440948480797,38.962464779630146],[-77.04457073489426,38.962909426814065],[-77.04571859287856,38.96382305111953],[-77.0468041992435,38.96481406981567],[-77.04728914384596,38.96520939095259],[-77.04747094317293,38.965357584077815],[-77.04751826631112,38.96539616520762],[-77.0477390277482,38.96560524684767],[-77.04788994834904,38.96593822011578],[-77.04787885208836,38.96615045900601],[-77.0478733019905,38.966167802157386],[-77.04784129861655,38.96624479974924],[-77.04778430345736,38.96637580298807],[-77.0477412982896,38.96647980276466],[-77.04770530349153,38.966558801775086],[-77.04769729796845,38.96657980326709],[-77.04763630492683,38.966720798202324],[-77.04757129674212,38.96686280365898],[-77.0475622994517,38.96688479645112],[-77.04753130352375,38.96695080347532],[-77.04747629948199,38.96707579723492],[-77.04736230053764,38.967311796476345],[-77.04733330473529,38.96736680356306],[-77.04726229726738,38.96749480343442],[-77.04725230677485,38.96751579668601],[-77.04720830209428,38.96759379884787],[-77.04705829957635,38.9678478017646],[-77.0469153029551,38.96807079528468],[-77.04689930101607,38.968092799838864],[-77.04689522035697,38.968099215346065],[-77.04654000426369,38.96858703661288],[-77.0464496227153,38.968702035763364],[-77.04613097011628,38.96906696875734],[-77.04612929809187,38.96906879809034],[-77.04612636915104,38.9690719791557],[-77.04604830242894,38.96915680451922],[-77.04603122344056,38.96917358459266],[-77.04593230124735,38.96927080441911],[-77.04590229697928,38.96930380438719],[-77.04588630212105,38.969319800296205],[-77.04587130028851,38.969336795728374],[-77.04585530542163,38.969352800641296],[-77.04576430633507,38.969443801527184],[-77.04572430428584,38.96948780442511],[-77.04569729687846,38.969515803592486],[-77.04568430154032,38.969530798385996],[-77.04560430617575,38.96961480444834],[-77.04558130158642,38.96964080219725],[-77.04553730150268,38.96969479672845],[-77.04549030237062,38.969750801247244],[-77.04540430138654,38.96986379802782],[-77.04535730458436,38.96992380214967],[-77.04531429973352,38.9699827957819],[-77.04520130621991,38.97014879834949],[-77.04519130131197,38.97016680068286],[-77.04518030336399,38.970183803484225],[-77.0451719697791,38.970198805425674],[-77.04517029844013,38.97020179680741],[-77.04516604451982,38.97020838347498],[-77.04515930048174,38.970218799606684],[-77.04505930296095,38.97038979658302],[-77.0449441605563,38.97059035532739],[-77.04490830016192,38.97065279621209],[-77.04485430520678,38.97074280024982],[-77.04481930356394,38.970794800225384],[-77.04476130372679,38.97086579836579],[-77.0447416885132,38.97088769589603],[-77.04474107734096,38.970888380756136],[-77.04471830245716,38.970913801713074],[-77.04466930174733,38.97096379815704],[-77.04461930543134,38.9710088043949],[-77.04451830364769,38.971090799856135],[-77.04448930533658,38.97111080017623],[-77.0444292995102,38.97114880172882],[-77.04435829751574,38.97118879824301],[-77.04428430479086,38.971225796102615],[-77.04420952542135,38.97125978546055],[-77.04420729888656,38.97126080423335],[-77.04420206102083,38.97126268893542],[-77.04409629994703,38.97130079768476],[-77.04402930170883,38.97132180311961],[-77.04397230529622,38.97133780518256],[-77.04397139231199,38.97133562553197],[-77.04392922279276,38.971348955558845],[-77.04388456815873,38.97135570148025],[-77.04388430465316,38.97135880041341],[-77.04380729826339,38.97137480089525],[-77.04363429943221,38.97140180021171],[-77.04352030681794,38.971415796454195],[-77.04345446396155,38.971420640348185],[-77.04345230612762,38.971420803298344],[-77.04333329972322,38.97142580199054],[-77.04302730316141,38.97143079744887],[-77.04293229879914,38.97143480500082],[-77.04283930293845,38.97143980264609],[-77.04276930579499,38.9714448008162],[-77.04261029934653,38.97146380319077],[-77.04257422965797,38.97146981581566],[-77.04256167564677,38.971471901288865],[-77.04249029779602,38.97148380010546],[-77.04238330208901,38.97150480110645],[-77.04228229723675,38.97152879958696],[-77.0422113042996,38.97154779658607],[-77.04212029514059,38.97157579998402],[-77.04193430067399,38.97164079821495],[-77.04180530249305,38.97168880426537],[-77.04150330034238,38.97179780342764],[-77.04147330381782,38.971809804035296],[-77.04142369320451,38.97182800925281],[-77.04137822448115,38.971844699599735],[-77.04123630332015,38.971896799332434],[-77.04119630399148,38.97191280305341],[-77.04112029978818,38.97194779978458],[-77.04104830271942,38.97198780363983],[-77.04101229953066,38.97200979637292],[-77.04097830425818,38.972031797399445],[-77.04097798128227,38.972032040735066],[-77.0409462949681,38.97205579754941],[-77.04091729813771,38.97208080555906],[-77.04086230534345,38.972131802405684],[-77.04081229712217,38.97218179757202],[-77.04076029872826,38.972242801476355],[-77.04073713312707,38.97227432937154],[-77.04073570329862,38.97227628465717],[-77.04072429921638,38.97229180081401],[-77.04068330218666,38.97235980025128],[-77.04066630023628,38.97239380325237],[-77.04064930225739,38.972434796641345],[-77.04063629764619,38.97247679756244],[-77.04062734212627,38.97251632881812],[-77.04062586871872,38.97252282426886],[-77.0406192959351,38.97255179704208],[-77.04061330244294,38.97258480530368],[-77.04060629840971,38.97264680242155],[-77.04060429985645,38.972703798228984],[-77.04060830436802,38.97284580267855],[-77.04060846871526,38.97285069409384],[-77.04061930315976,38.97317179791376],[-77.04062130131184,38.97325579901755],[-77.04061832089707,38.973331370140905],[-77.0406132020107,38.9734614508375],[-77.04060829910242,38.973585802218004],[-77.0403335533581,38.9736690703358],[-77.04011930153781,38.97373400332704],[-77.03992063740228,38.97379421028964],[-77.03636629493678,38.97487136710023],[-77.03636629515748,38.97487179949532],[-77.03636359564054,38.97487359297305],[-77.03626529385397,38.97493879806089],[-77.03618729870209,38.97499579929177],[-77.03616630393486,38.975012804320905],[-77.03592629417227,38.97523080545131],[-77.03554829495305,38.97558879998818],[-77.03526029927363,38.97585980071523],[-77.03505579393627,38.97605417873794],[-77.03495729553869,38.976147803735024],[-77.03492251693906,38.97618055904248],[-77.03468229572013,38.976406800159296],[-77.03406730167634,38.97699080426004],[-77.03376230331037,38.97727880469609],[-77.03351730049017,38.97751280083184],[-77.03341029598162,38.977613804673034],[-77.03322797532513,38.977787364083056],[-77.03318130202254,38.9778318059108],[-77.03314436462456,38.9778666421907],[-77.03296929796436,38.978031803464894],[-77.0329452990498,38.978019802262075],[-77.03291830045531,38.978009801724994],[-77.03289029874078,38.978001801290155],[-77.03286129436533,38.97799680086979],[-77.03283312234379,38.977994863005655],[-77.03283230291699,38.977994800178095],[-77.03251530028487,38.97799579857704],[-77.03204629267769,38.97799480200967],[-77.03184630235405,38.977995802505106],[-77.0310722949894,38.9779968034429],[-77.0303322504528,38.97799364666994],[-77.03013529456499,38.97799280577427],[-77.02978529630234,38.97799280535821],[-77.02972207598242,38.977993424994175],[-77.02968329900547,38.97799380418033],[-77.02947825311958,38.97799321646168],[-77.02863929268264,38.97799080353436],[-77.02796429358388,38.97799080474256],[-77.02788444304488,38.97799169760743],[-77.02787529121926,38.97799179887973],[-77.02694664762437,38.977990512173186],[-77.02643529700102,38.9779898001252],[-77.02643529702442,38.97798986318278],[-77.02643513545304,38.97798986321931],[-77.02643518236162,38.97799187204321],[-77.0264312952262,38.97805980395727],[-77.02642829040597,38.978141806520256],[-77.02642729961762,38.97823979822787],[-77.02642829538595,38.9783108008399],[-77.02642829794235,38.97834880654426],[-77.02646129086204,38.9793988067828],[-77.02646377641638,38.97947234035158],[-77.02648129298099,38.979992804504064],[-77.02648818871019,38.980225359217286],[-77.02649229114174,38.9803638056561],[-77.02651075670043,38.980921149152216],[-77.02652830046844,38.98145080152266],[-77.02654630035323,38.982057807307186],[-77.02655759396238,38.98269328050541],[-77.0265583011884,38.98273279939643],[-77.02656029047257,38.98280580154112],[-77.02657530000306,38.983686801739026],[-77.02658130108277,38.983839804922205],[-77.02658812218549,38.98383959618273],[-77.02660008501947,38.98428729275678],[-77.02660635892899,38.98445974459321],[-77.02662363090697,38.984752039201624],[-77.02774566095205,38.985628142432816],[-77.04098788140097,38.995964317643214],[-77.0541311611376,38.98570634971451],[-77.06726924011944,38.97545014552221],[-77.08040578491928,38.965190163927105],[-77.09354993016942,38.9549163986232],[-77.10100406498184,38.94908848853579],[-77.10094356190945,38.948928373515336],[-77.10093432270766,38.94890479780647],[-77.10061531348548,38.94865879533476],[-77.1004373133193,38.94852879671157],[-77.0995933114406,38.94791679329013],[-77.09929231905299,38.94769579683536],[-77.0991043369392,38.94755988619668],[-77.0989963217461,38.947481794805924],[-77.09878431096168,38.94732879725873],[-77.0984746496588,38.94710019400089],[-77.09844431413447,38.94707779792607],[-77.09803131767892,38.94677381804077],[-77.09755031090084,38.94641979836805],[-77.09741566082322,38.946323071562055],[-77.09733731429843,38.94626678998481],[-77.09713812695313,38.946122363642345],[-77.09691531519806,38.945960795756385],[-77.09691339812954,38.945959211887],[-77.09688131623058,38.94593279014537],[-77.09676822909833,38.94585383608309],[-77.0967653193504,38.94585179361026],[-77.09480231006985,38.94441679608582],[-77.09478774928158,38.944405763729286],[-77.09459231659139,38.94425778970255],[-77.0942423134664,38.94400679512917],[-77.09394031469543,38.943784794653965],[-77.09367731569647,38.94359579555022],[-77.09335531156371,38.94335979267627],[-77.09310025878627,38.943176073782716],[-77.09309431257371,38.943171790571114],[-77.0928493183155,38.94299579222876],[-77.09272031248614,38.9429007940782],[-77.09262505353156,38.942828397880604],[-77.0926203194413,38.942824789306165],[-77.09256331469672,38.942781792834666],[-77.09199931164329,38.94236679360201],[-77.09189231733231,38.94229000098089],[-77.09187531048242,38.9422777900941],[-77.09175331802173,38.9421897938056],[-77.09102431866957,38.94165879329462],[-77.09087505349547,38.941547783104106],[-77.09086431583559,38.941539792085244],[-77.09077931427319,38.94147579113311],[-77.09049762929172,38.94127388141935],[-77.090440318049,38.94123279389777],[-77.09026730850998,38.94110679347154],[-77.09008231632406,38.94097279364647],[-77.08964530923976,38.940652794591735],[-77.08945199282661,38.94051080978367],[-77.0891633127432,38.940298794866365],[-77.08909109754987,38.94024634957334],[-77.08845830997205,38.939786794416364],[-77.08835069728539,38.93970742261611],[-77.08811531483056,38.939533794186715],[-77.087647308733,38.939194794432865],[-77.08724931215642,38.93890479074021],[-77.08702330911315,38.938737792204506],[-77.08662131154205,38.93844478956681],[-77.08645531203177,38.93833379508315],[-77.08624173542715,38.938186072600566],[-77.08622830972818,38.93817679494776],[-77.08622174130471,38.938172358701],[-77.08614530991134,38.93812078848524],[-77.08605031088551,38.93806179103357],[-77.08604752158558,38.938063459622654],[-77.08587510311004,38.93795568499704],[-77.08563630727949,38.938233793301784],[-77.08563574168413,38.93823345140077],[-77.08513386215056,38.93882644705912],[-77.084455894275,38.93961993042346],[-77.08433082448138,38.93976615333407],[-77.08416330613008,38.939960790244584],[-77.08401898860618,38.94013070948187],[-77.08383418012563,38.940346771054145],[-77.08383430702867,38.940346788979745],[-77.08377278438915,38.94041854813873],[-77.08353930584607,38.94069079281321],[-77.08345798237437,38.94078652801851],[-77.08344330724894,38.940803789382294],[-77.08344326103598,38.940803726357196],[-77.08306430520985,38.941246555810125],[-77.08252640105842,38.94187554462117],[-77.08252530668653,38.94187679754669],[-77.0825230949874,38.941879402505066],[-77.08197030952961,38.942525803200816],[-77.08186235943198,38.9381317758967],[-77.07999825008757,38.938126472525354],[-77.07991031180725,38.9381262173888],[-77.07926713054587,38.93812438525203],[-77.07787930366425,38.93809208657458],[-77.07785098609656,38.9380914298165],[-77.07727253004221,38.93819049058582],[-77.07605583694068,38.93811372715185],[-77.07564315597445,38.938087681708794],[-77.07443781431839,38.93846205675488],[-77.0742624713893,38.938144094244784],[-77.07426230959865,38.9381437970737],[-77.07425843440117,38.93814413284281],[-77.07410430331865,38.93815778815445],[-77.07242530801386,38.93816279522043],[-77.07241214718756,38.9381626862667],[-77.07192730757764,38.9381587967707],[-77.07162930561927,38.93815879059921],[-77.0715353711245,38.93816019036349],[-77.07142831072048,38.93816179625689],[-77.07114357056935,38.93815907825209],[-77.07100830574495,38.93815779124385],[-77.07009630629666,38.938157792230164],[-77.06940030999861,38.93815679325064],[-77.06920030308446,38.938155794805525],[-77.068695897091,38.93815938037693],[-77.06863830638548,38.93815979255902],[-77.06817130287148,38.938159795618375],[-77.06786330252969,38.93816179452728],[-77.06767537045857,38.93815905686808],[-77.067520311802,38.93815679537775],[-77.06690130746486,38.938155791066485],[-77.06666130221089,38.93815779291112],[-77.06647030460962,38.93815779358566],[-77.06640917317897,38.938158567014895],[-77.06639130665341,38.938158793363854],[-77.06638982939103,38.93815786634815],[-77.06626630447789,38.93807978944967],[-77.06610950105026,38.93798689457775],[-77.06600130726264,38.93792278960552],[-77.0659303064566,38.937877797187234],[-77.06592951015558,38.93787732920482],[-77.0658993086201,38.93785978906063],[-77.06583530881133,38.9378267916919],[-77.06580230682889,38.93781179344036],[-77.06576830229828,38.937797795664856],[-77.06569830059952,38.93777279195964],[-77.06562630719829,38.93775178901582],[-77.06558930933386,38.937743792396375],[-77.06552630948684,38.93773179264354],[-77.06546631147185,38.93772294408035],[-77.06546530784789,38.93772279150138],[-77.06546410815744,38.93772265704883],[-77.06534030936672,38.93770879048112],[-77.06525630051904,38.937703792766044],[-77.06480730838697,38.9376947910546],[-77.06473630328193,38.93769479436962],[-77.06464730648568,38.937696789420016],[-77.06464142435841,38.93769718903844],[-77.06461730760809,38.93769879684265],[-77.06455829996928,38.93770079325881],[-77.06436330229803,38.93771479159819],[-77.06425230235644,38.93770879008361],[-77.06415492733035,38.93770600595729],[-77.06414730297072,38.937705793942754],[-77.06408530703324,38.937706791838835],[-77.06405188162604,38.93770788214845],[-77.06402035931897,38.93770890834802],[-77.06396230890422,38.93771079583941],[-77.06390030411423,38.93771479340602],[-77.06381031005913,38.93772379682141],[-77.06369130014923,38.937737797572],[-77.06357330877724,38.93775579733243],[-77.06345530759131,38.937775796821455],[-77.06333830184262,38.93779979533683],[-77.06328556611992,38.9378118229571],[-77.06328129928217,38.93781278915533],[-77.0632783931566,38.937813376268174],[-77.063211309956,38.93782678989133],[-77.06310730499006,38.93785278999425],[-77.06300630241338,38.937882797079254],[-77.06293930741539,38.937904795407775],[-77.06286930985303,38.937935794603774],[-77.06283630292405,38.93795379291824],[-77.0628053047139,38.937973789986394],[-77.06277712063428,38.93799352429409],[-77.06277529932764,38.93799479544246],[-77.06277269430468,38.93799676965906],[-77.06274630981767,38.93801679125838],[-77.062720309452,38.93804079431368],[-77.06269530190197,38.93806579675173],[-77.06267330567913,38.93809179749086],[-77.0626523022657,38.938118788606424],[-77.06263930633393,38.938148793207134],[-77.0626292995488,38.93818079604696],[-77.06262129884898,38.93821178888146],[-77.06261630950054,38.93824378903153],[-77.06261430843854,38.93827679650985],[-77.06261530542916,38.93830879345245],[-77.06261830940491,38.93834078931964],[-77.06262430080015,38.93837279259427],[-77.06263330180123,38.938403794334626],[-77.06264530175605,38.93843479446684],[-77.06266330741654,38.93848778964246],[-77.06268242073082,38.938554269643156],[-77.06268630818715,38.93856778901389],[-77.06268566206911,38.93856757316125],[-77.06254930708539,38.938520794050916],[-77.06241030179437,38.938476790752254],[-77.06220030973508,38.93841479047222],[-77.0621292988908,38.938395793704956],[-77.06205640854212,38.93837744648987],[-77.0620511477041,38.938376125063],[-77.06197830354883,38.93835779579123],[-77.06182630834459,38.938323797895684],[-77.06167230888965,38.93829279161499],[-77.06152440507711,38.93826798864061],[-77.061517298865,38.93826679427719],[-77.06151330745658,38.93826620183015],[-77.06136129957906,38.938243797016575],[-77.06120530553652,38.93822679006353],[-77.06104829912019,38.93821279220278],[-77.06081330885732,38.93819878968998],[-77.06065530674614,38.938193791109775],[-77.0605772989328,38.938192795610675],[-77.06033629889046,38.93819179422838],[-77.06025130462932,38.93819479279435],[-77.06019529962272,38.93820179407366],[-77.06014030062582,38.93821179457194],[-77.06011330370612,38.93821778996988],[-77.06006152751887,38.93823341896012],[-77.06006030518631,38.938233788928464],[-77.06004853439687,38.93821330109706],[-77.05980441470726,38.93779346837039],[-77.05939930465959,38.93709879271349],[-77.05935209577093,38.937016354712625],[-77.05931252309512,38.936948362130956],[-77.05930330587422,38.93693279145606],[-77.05929215926827,38.93691339323131],[-77.05924491708682,38.936832234379956],[-77.0587664004118,38.936805135759016],[-77.05868747023571,38.93701288881592],[-77.05806238523189,38.93720928468088],[-77.05788708770525,38.937237027112204],[-77.05745075107458,38.937226252273],[-77.05678175883443,38.93704282788027],[-77.05630145716113,38.93691762865207],[-77.0562793657417,38.93691320720753],[-77.0557343605837,38.936848707689656],[-77.0549776412505,38.93688121670516],[-77.05493729674266,38.936883794032546],[-77.0547972997092,38.936889796221394],[-77.05465730111216,38.93689378939226],[-77.05461130210821,38.93689279295591],[-77.05451830757205,38.936884791957304],[-77.05444430676383,38.936872791361615],[-77.05427730173233,38.93682479173497],[-77.05413030790548,38.93677579169035],[-77.05413464371593,38.93677443843713],[-77.05398583662662,38.936721997879346],[-77.05372510228122,38.93665383509891],[-77.05193173342705,38.937607804889254],[-77.0519303024421,38.9376067965955],[-77.05190430114999,38.937586791704234],[-77.0518513031347,38.937557790487396],[-77.0517873057479,38.93751879490826],[-77.05176630540201,38.93750779606936],[-77.05173230377258,38.937493794209864],[-77.05165830346753,38.937466793033025],[-77.05162330057132,38.937455791347986],[-77.05159129804396,38.93744679717887],[-77.05156029755136,38.93743579370817],[-77.05149830524644,38.93740979606161],[-77.05140329765797,38.937361796622525],[-77.051368303505,38.93734679517207],[-77.05133230660877,38.93733279407274],[-77.0512243008391,38.937301789848505],[-77.05118630063511,38.9372927981967],[-77.05111630598716,38.93726979460665],[-77.05108229736332,38.93726179208818],[-77.05101130574823,38.93724779717056],[-77.0509433000869,38.93723179205758],[-77.05088530615764,38.937215791555],[-77.05085330597079,38.93720979694629],[-77.0508203030196,38.93720479367779],[-77.05078929691568,38.93720178937487],[-77.05076429871923,38.937196791620195],[-77.05074229657345,38.93718779287445],[-77.05071530083373,38.937179796212654],[-77.05068629956408,38.93717379124859],[-77.05058529610838,38.93715979106652],[-77.0504922953087,38.93714279658472],[-77.05038430079198,38.937126790397926],[-77.05035930476913,38.93712479231953],[-77.05033029555351,38.93712379588532],[-77.05026830441965,38.93711479624654],[-77.05023829973923,38.93710879160285],[-77.0501832983569,38.9370997979227],[-77.05012530090451,38.937094796178464],[-77.05009430500677,38.93708979184416],[-77.05003730091269,38.937086789473085],[-77.04997329977576,38.93708978959382],[-77.0499143065788,38.9370957963131],[-77.04988429599912,38.93709779095138],[-77.04982029903827,38.93710679051424],[-77.04978430360761,38.937110796528565],[-77.04968130144495,38.93712479421253],[-77.04961030526371,38.93713679639905],[-77.04950830511598,38.937148793662615],[-77.04947229741222,38.93715179065646],[-77.0494382973561,38.93715579571958],[-77.04940630562696,38.93716179075812],[-77.0493103052764,38.93717679408458],[-77.04927630519302,38.9371807900923],[-77.04921529613699,38.93719079699356],[-77.04918729520926,38.93719679029163],[-77.04905830157598,38.93722079757403],[-77.04902929783442,38.93722779117638],[-77.04899730604477,38.93723379511122],[-77.048891303968,38.93724679343487],[-77.0488603013597,38.93724879723337],[-77.04872730163447,38.93725078954072],[-77.0486932980746,38.937249794782225],[-77.04866230425748,38.937247789831204],[-77.04859630136448,38.9372417907399],[-77.04853029644053,38.93723279184839],[-77.0484582944225,38.93722479532741],[-77.04842329825122,38.937222791972346],[-77.04838130149386,38.937221791426055],[-77.04829629773262,38.937209791493146],[-77.04821230292448,38.937188791790845],[-77.0481702953805,38.937171792433006],[-77.04813330253369,38.93715079130993],[-77.04811630320228,38.93713679040322],[-77.04808130243953,38.937110797845406],[-77.04805430440207,38.93708179321484],[-77.0480092962188,38.93702778893657],[-77.04799730076112,38.93701079520122],[-77.0479873000423,38.93699279171597],[-77.04795630426598,38.936884794920005],[-77.04795129450154,38.936861789776735],[-77.04793129572316,38.93684679015159],[-77.04791030165666,38.93682679132436],[-77.04790130110318,38.93680379682283],[-77.04790730378494,38.93677679648652],[-77.04793329838132,38.93677179523042],[-77.04794629611365,38.93675279139381],[-77.04794629554355,38.9367347928098],[-77.04795130011351,38.936715792251164],[-77.04796330253238,38.936691789213945],[-77.04797730169828,38.93666979420681],[-77.04798429896607,38.93664679314304],[-77.04797829458987,38.93661979773107],[-77.04795630113881,38.9366057898414],[-77.04795329957939,38.936601791387446],[-77.047943303642,38.93659079635302],[-77.04793129673337,38.936573793605916],[-77.04794230528836,38.936529792550125],[-77.04794730379265,38.936501792700845],[-77.04795330249691,38.93645179417011],[-77.0479573022346,38.93643079417956],[-77.04796730113458,38.9363947929058],[-77.04797929541911,38.93635879081182],[-77.04798530139887,38.93633679007495],[-77.04798829563778,38.93631279073144],[-77.0479913015003,38.93627179271858],[-77.04799129755344,38.93624879452718],[-77.04799030235121,38.93622679666413],[-77.04798829416646,38.93620778997289],[-77.04797930529456,38.936167796805236],[-77.04795930450452,38.936063795165104],[-77.04795230499322,38.93601479287629],[-77.04794630269963,38.935990797223084],[-77.04793430204711,38.9359657950999],[-77.04792329937654,38.93594979185956],[-77.04790329929465,38.93586379780088],[-77.04790229527231,38.9358457906168],[-77.047892299564,38.93581779691066],[-77.04789030362258,38.935799790132805],[-77.04789030519724,38.93576779264332],[-77.04789729781626,38.93572079346581],[-77.04789830071358,38.93570279446709],[-77.04790830256317,38.93561979687913],[-77.04791729735803,38.9355657974274],[-77.04792230185365,38.93554679686575],[-77.04792630154962,38.93552579687267],[-77.04795229406851,38.93544979217112],[-77.0479692980622,38.935402797886866],[-77.0479793001766,38.93537179621166],[-77.04799729671687,38.93532579242851],[-77.04800730486798,38.93530379004254],[-77.04802829598438,38.93528579183772],[-77.0480392967151,38.935264797970866],[-77.048054296998,38.93523979376377],[-77.0480713034926,38.93521378880781],[-77.0481063022339,38.93516979587215],[-77.04812630136641,38.935151789049236],[-77.04814430310898,38.93513079228893],[-77.04819129833756,38.93508879422815],[-77.04824129775905,38.93503779561316],[-77.04830830006924,38.93495579237757],[-77.04832929982983,38.93493379442707],[-77.04835329769735,38.93491079531073],[-77.04837529748215,38.93488379732955],[-77.04842029501643,38.93483879122803],[-77.04845430146854,38.934811797265084],[-77.04848730172667,38.93478079501437],[-77.04850229633894,38.93476479004525],[-77.04851929511193,38.93474479356352],[-77.04858529951925,38.93467178987427],[-77.04860129753304,38.93465579348323],[-77.04862029500812,38.934640795764025],[-77.04863829988078,38.93462478952465],[-77.0486733020789,38.934586795943105],[-77.04870329925627,38.93454979535004],[-77.04875129985004,38.93449478864883],[-77.04876630314709,38.934474792962476],[-77.04878429504905,38.934456795870204],[-77.04881930392754,38.934428792450504],[-77.04888729634547,38.93436279621661],[-77.04893229995764,38.93431079045799],[-77.04897629732805,38.93425479442424],[-77.04900129750541,38.9342307948298],[-77.04904730369684,38.93417778868339],[-77.04928729507735,38.934207793478485],[-77.04937330416234,38.934210792974994],[-77.04944129548907,38.93421079125768],[-77.04950929557221,38.93420678980978],[-77.04957730440016,38.93419878863126],[-77.04964429616287,38.934187797087986],[-77.04974430057156,38.934164792398036],[-77.04983829829655,38.93416178862088],[-77.04993230475252,38.934154794085316],[-77.05002530424262,38.934142791287606],[-77.0501172981598,38.93412778908149],[-77.05049630250574,38.93407179247197],[-77.05119030502098,38.93408279598965],[-77.05133130170317,38.93409479627015],[-77.05147129860966,38.93411179643017],[-77.05171729702283,38.934153792653184],[-77.0517722992371,38.934166794311],[-77.05186429885195,38.9341917966098],[-77.05194929901053,38.93421879278278],[-77.05224730210305,38.93436879235404],[-77.05239530215187,38.93444579214595],[-77.05244030001964,38.934467788261216],[-77.05248430675374,38.934490793734305],[-77.05257030414631,38.93436779172697],[-77.05248830210446,38.93432479591045],[-77.05232330274103,38.934233795932],[-77.05207429758362,38.93410279126216],[-77.05189429963322,38.93400378897303],[-77.05174983344784,38.933931056913046],[-77.05174930270901,38.93393079590715],[-77.05135729671846,38.933723795807865],[-77.0509532965114,38.93353078951573],[-77.05076530293967,38.93343978833994],[-77.05067529802929,38.93339579479868],[-77.05065508443514,38.933386317814794],[-77.05061129986962,38.933365788836774],[-77.05053651294693,38.93332885110932],[-77.05052829815726,38.933324791914906],[-77.05062729834181,38.93323779189002],[-77.05068429686094,38.933204796783585],[-77.05074129887902,38.933176792249526],[-77.05077230478898,38.93316578864999],[-77.05080430543137,38.933158793306276],[-77.05083529538604,38.93315778891731],[-77.05086030513787,38.93316479550737],[-77.05088430064887,38.93317279344736],[-77.05090729631544,38.93318579142815],[-77.05095329778464,38.933209796535834],[-77.05105629641436,38.933150792219394],[-77.05103230312083,38.933129795327105],[-77.05102130019264,38.9331137923698],[-77.05099829970173,38.933061797453185],[-77.05099130340244,38.93301979477083],[-77.05099130134859,38.93300079625238],[-77.05099629920738,38.932957788414136],[-77.05100030000494,38.93293979707919],[-77.05100329594111,38.93291978832181],[-77.0510063007305,38.932863791373244],[-77.05100530464532,38.93284179352179],[-77.0510002957012,38.93280478958138],[-77.05099129823458,38.932786794909276],[-77.05096529834613,38.93274979111511],[-77.05095030561998,38.93273478981192],[-77.05091730423538,38.93269678913664],[-77.050883304469,38.93266578834135],[-77.05087129609979,38.932646795048264],[-77.05085529798568,38.9326127956495],[-77.05085030268525,38.932594790216086],[-77.05084830395403,38.93257379272054],[-77.05082929945554,38.932512796727394],[-77.05082330587733,38.932485792427094],[-77.05081630306856,38.932466796950884],[-77.05080430271528,38.93244279502751],[-77.05078930510152,38.93242079424974],[-77.05073130260661,38.93235478854385],[-77.05068930544826,38.93231679170605],[-77.05066629572599,38.93229979399767],[-77.05064030027478,38.93228478841457],[-77.05058630544266,38.93225879580376],[-77.05052929597782,38.93224279468511],[-77.05050429669875,38.93223378817421],[-77.05042329588639,38.93219878983828],[-77.05037130071439,38.932178795798364],[-77.05032129731356,38.93215379225826],[-77.05027129676787,38.93213278838436],[-77.05023029722963,38.932118789084726],[-77.05019130116496,38.93213279574119],[-77.05016129732853,38.932157788661726],[-77.05012130584257,38.93216679611083],[-77.05009630072871,38.93216578889285],[-77.05007229832496,38.932163790326044],[-77.05004629713628,38.9321567929991],[-77.05001930267794,38.93214779624703],[-77.04999329868937,38.932136790212226],[-77.04996930292619,38.93212779216579],[-77.0499433031615,38.93212279465976],[-77.04989330311072,38.93211878930184],[-77.04983929749223,38.93210979502786],[-77.04975129670767,38.93209178888023],[-77.0497263010729,38.93208779082067],[-77.04966730502183,38.93208378919327],[-77.0496402952301,38.9320857915047],[-77.049612297045,38.932092793840646],[-77.04955129446815,38.93210579168446],[-77.04952429967088,38.932112793573836],[-77.04949529667088,38.93211779646302],[-77.04946729498393,38.932119790146196],[-77.04940829961384,38.932116788310026],[-77.04937930190482,38.93211279186812],[-77.04931730094776,38.93209979203355],[-77.04925730405843,38.93208279163251],[-77.04919329496198,38.93206779273394],[-77.04912830211063,38.93204779460268],[-77.04910030371113,38.93203778912967],[-77.04907230394925,38.93202579281432],[-77.04900430286662,38.93199178795718],[-77.04896329679144,38.93196778899309],[-77.04894030255844,38.93195579054883],[-77.04891629682768,38.93194879213469],[-77.04888830124547,38.931942795306945],[-77.0484452999721,38.931833790067714],[-77.04827729650822,38.931803789852374],[-77.04818029982667,38.93178479532288],[-77.04799130072003,38.93171278859685],[-77.04789029388634,38.931715793763594],[-77.04769629499445,38.93166879567441],[-77.04766430290681,38.93167079055427],[-77.04761729729402,38.93165979255342],[-77.04747029917618,38.93159879403383],[-77.04744529452685,38.9315807965774],[-77.04736629786044,38.9315557945291],[-77.04718130214611,38.931448796594516],[-77.04714530508254,38.93142879465761],[-77.04705429425513,38.93133879328214],[-77.04689530384313,38.931156790238624],[-77.0468472957328,38.93109379636445],[-77.0467093042732,38.930940791399635],[-77.04663429858061,38.93087979005082],[-77.04658929604693,38.93082679409281],[-77.04647229991225,38.93067978901256],[-77.04645430082657,38.93065078940795],[-77.0463703012426,38.93053879541343],[-77.04632729986913,38.93045879164087],[-77.04627429614516,38.93037379219946],[-77.04623330072124,38.93032779397074],[-77.04615430268444,38.930208789369395],[-77.04611830383936,38.93016678881591],[-77.04605630082854,38.93005779467976],[-77.0459463018754,38.929919794606846],[-77.04588629980186,38.92985479618513],[-77.045862293654,38.929791792465195],[-77.04584929590482,38.92977378994914],[-77.04576129703581,38.92969879420686],[-77.04557629778907,38.929502791570684],[-77.04549630213384,38.92942579265847],[-77.04543729393028,38.92938079206811],[-77.04539429352293,38.92933579423916],[-77.04523830369118,38.92919779332048],[-77.04513929442439,38.92908979490399],[-77.04500429700984,38.92899079155428],[-77.04495529812532,38.92894279610212],[-77.04489229753952,38.92885679092474],[-77.0448633009883,38.928833794826474],[-77.04482629458224,38.92878279494607],[-77.04476329845424,38.928721787766115],[-77.04466029936518,38.928538787239276],[-77.04463629474925,38.928475792260265],[-77.04460230297283,38.928357796319496],[-77.04458830230571,38.92826579073692],[-77.04458429841914,38.92818878919016],[-77.0446072993021,38.92814079311989],[-77.04453629747148,38.928130793945144],[-77.0444613003391,38.928112787855405],[-77.0442722971606,38.9280867895454],[-77.04402929786485,38.92806079326871],[-77.04385229624498,38.928027790296284],[-77.04367629457083,38.92800779468889],[-77.04348829896243,38.927987794271985],[-77.04337049706713,38.92797681187197],[-77.04337030099994,38.9279767939281],[-77.04337038164127,38.92797664976513],[-77.0433704508979,38.92797674883087],[-77.043443301244,38.92795479553319],[-77.0434892929906,38.92791579043913],[-77.04352730094088,38.92785279014863],[-77.04354429640799,38.92782779475051],[-77.04358230304041,38.927762794595466],[-77.04365530055739,38.927623787056774],[-77.04369429818054,38.92755779557783],[-77.04376529609121,38.927449795336294],[-77.04380829840302,38.92738879292439],[-77.04387529493209,38.927300792574606],[-77.04389029992373,38.92728378824736],[-77.04391830260289,38.92724878942644],[-77.04396429654095,38.92719579422378],[-77.0440203035821,38.927128796307166],[-77.04408229591552,38.927061787096996],[-77.04411430207422,38.92702979549521],[-77.04414830333126,38.92699779412241],[-77.04421830274477,38.926936790360564],[-77.04425530361327,38.9269067876674],[-77.0443313022558,38.9268497902658],[-77.04439430299273,38.92679178882099],[-77.04451030393027,38.92669178840853],[-77.04453529454938,38.92667278935457],[-77.04458330306481,38.92663379205977],[-77.04482130401166,38.926457795602275],[-77.04490729847859,38.92639779421686],[-77.04496529371151,38.92635879292492],[-77.04512129981885,38.926259794437556],[-77.04523230319948,38.926192792696874],[-77.04530829766293,38.92614979357995],[-77.04538529599115,38.92610779394674],[-77.04546329882332,38.92606779371832],[-77.04670830355082,38.925504787267904],[-77.04722429399831,38.92526078773711],[-77.04755730418262,38.92502478784602],[-77.04789630186187,38.92472678927745],[-77.04814529619706,38.92450879369091],[-77.04838029714963,38.92428579473175],[-77.04852430252174,38.924138791280576],[-77.04858029543279,38.92407779068602],[-77.04862729595625,38.92402079350112],[-77.04864529473524,38.92399978761139],[-77.04867630024785,38.92395978675872],[-77.04873429733058,38.92387878677799],[-77.04877830396019,38.92381179154086],[-77.04882829552379,38.923727795081064],[-77.04901130376798,38.92338478963604],[-77.04966829962642,38.92342878814675],[-77.04965730017645,38.92358079025437],[-77.04965829872899,38.9236567930491],[-77.04965729705644,38.92370878951305],[-77.04966029861986,38.923812789320976],[-77.04966329857467,38.923864793091205],[-77.04967430271219,38.92396778957072],[-77.04968929698917,38.924070793359014],[-77.0497223001644,38.92423379391353],[-77.04975129489772,38.92435379043367],[-77.04978529468801,38.924473793820134],[-77.04982429885555,38.92459279513684],[-77.04986829519234,38.92470979446048],[-77.04989230036385,38.92476878871595],[-77.04992430160155,38.92483378809998],[-77.05002529772767,38.92502679321926],[-77.05009829730349,38.925158787889316],[-77.0501483047244,38.92524578681276],[-77.05024530154614,38.92540778680705],[-77.05068930433504,38.92616678917559],[-77.0508563060936,38.926458793322794],[-77.05104229954463,38.92677779585854],[-77.05110529697289,38.92688378721408],[-77.05116730351261,38.92699078789903],[-77.05120630431223,38.92705179315665],[-77.05123429953856,38.927091795830854],[-77.05126430145874,38.92713178860949],[-77.05128029928399,38.92715078913941],[-77.05129530603477,38.92717079002523],[-77.0513413001283,38.92722179293447],[-77.0513722990222,38.92725279494639],[-77.05143829797859,38.92731378825253],[-77.05147130218594,38.92734278950876],[-77.05154230358423,38.92739978986766],[-77.05161730474791,38.92745378864694],[-77.05168430593268,38.92749679176168],[-77.05174230447194,38.92752979058462],[-77.05183130075606,38.927575792651645],[-77.05192429607496,38.92761779318157],[-77.05202029788157,38.927654792683455],[-77.05215229619009,38.927695793756946],[-77.05225429795122,38.92772079131161],[-77.05235730018998,38.92774178863666],[-77.05270830372217,38.927812787542514],[-77.05357129755255,38.927984787270105],[-77.05395630426503,38.92805879362765],[-77.05416629731762,38.92809579272969],[-77.05418612558796,38.928100386786994],[-77.05452029979202,38.92817779296172],[-77.05522430135443,38.92832179363851],[-77.05531631234369,38.928339883861625],[-77.05534130768423,38.928344790567955],[-77.05542925925086,38.92836295469087],[-77.05543329637467,38.928363790549305],[-77.05543470358381,38.928364060131265],[-77.05549130329963,38.92837478919818],[-77.0561903011742,38.92851579566777],[-77.05640725725841,38.928560678677016],[-77.05645130829325,38.928569791838115],[-77.05716507403542,38.928713316676415],[-77.05738130363427,38.92875679293466],[-77.05741408552774,38.92876367720325],[-77.05765524375487,38.92881435636479],[-77.05765730848489,38.92881478774529],[-77.05766583408155,38.9288182697565],[-77.05766002050427,38.92881701146092],[-77.05780200784434,38.92889597126323],[-77.05785530722973,38.92893178897218],[-77.05787729944662,38.92894479509698],[-77.0579253072392,38.92896878747762],[-77.0579476530609,38.9289769469408],[-77.05794776844091,38.928977009941754],[-77.05795397496682,38.928979267951036],[-77.05797730138275,38.92898778725485],[-77.0580033030149,38.928995791752314],[-77.05803030719987,38.92900279582336],[-77.0580583023965,38.92900879046464],[-77.05812530427802,38.92901779249894],[-77.0581923020962,38.929021794882495],[-77.05822567747057,38.929020805361105],[-77.05822630023904,38.92902079604255],[-77.05855930006344,38.92901979188666],[-77.0590096022316,38.92902040315837],[-77.0592913049119,38.929020792070574],[-77.05977230797141,38.92902179019804],[-77.06009165180329,38.929019554520615],[-77.06062730518387,38.92901579165112],[-77.06106022932511,38.92901878223072],[-77.06106130189109,38.929018790678654],[-77.06126745228794,38.929018790886985],[-77.06134030554801,38.929018788704646],[-77.06135611720967,38.929018870487674],[-77.06154130160864,38.92901979105812],[-77.06239441251311,38.92901978912257],[-77.06255430449853,38.92901979373206],[-77.06282145268766,38.92902017291651],[-77.06325929939521,38.92902079252563],[-77.06349108705459,38.92902038757431],[-77.06440730450811,38.929018787214495],[-77.06515630803322,38.929018795421754],[-77.0652820743371,38.92901895044482],[-77.065961304659,38.92901979418719],[-77.06628931064664,38.92901878884148],[-77.06636932430115,38.92901713994924],[-77.06638630038677,38.92901678799138],[-77.06638650304076,38.928961936247774],[-77.06638830784823,38.928447794639084],[-77.06638830741137,38.92801379198955],[-77.06638640714944,38.92755830554747],[-77.06638630453084,38.92753479389792],[-77.06638430634902,38.92728378727638],[-77.06638530969163,38.92689978913691],[-77.06638430568603,38.926378793594075],[-77.06638484487253,38.926313807272976],[-77.06638530108262,38.92625879320782],[-77.06638472123446,38.92621816601669],[-77.06638430178323,38.92618879012525],[-77.06638330495608,38.92597278920265],[-77.06638330581134,38.92568879290325],[-77.06638729958708,38.92480078637685],[-77.0663872264102,38.92479650746557],[-77.06638130328355,38.924466788224784],[-77.0663553101065,38.92433078632569],[-77.06635505635782,38.92433074142817],[-77.06622730236492,38.92430478885478],[-77.06609230809883,38.92428078603442],[-77.0660103086471,38.924261788787575],[-77.06593430871061,38.924245787869786],[-77.06589830773237,38.92423579092163],[-77.0658583060377,38.9242267871326],[-77.06581975692472,38.92421726903735],[-77.0658128014761,38.924215552365034],[-77.06577330651832,38.92420579156239],[-77.06574330227674,38.924195791191075],[-77.06567129950521,38.92417478823417],[-77.06564430516882,38.9241647861459],[-77.06557730647576,38.924142789404435],[-77.06555030063257,38.924132787300884],[-77.06551930469313,38.92412278742826],[-77.06548029998245,38.92410679249214],[-77.06543030702898,38.924092785526874],[-77.06524931048628,38.92401679342289],[-77.06513658866619,38.92397096790944],[-77.06512630977656,38.92396679377642],[-77.0651186260226,38.92396307762088],[-77.06503530465827,38.92392279375808],[-77.06493130635845,38.923869792565505],[-77.06482329932254,38.92380879411256],[-77.06471330532408,38.92374378795559],[-77.06466884687981,38.923715661555974],[-77.06466430065564,38.923712790416516],[-77.06466184298634,38.923711305403046],[-77.06461130503638,38.92368078613114],[-77.06452230333039,38.923619794905235],[-77.06447630686723,38.923586786769555],[-77.06434730208778,38.923488793263026],[-77.06423924718491,38.92339906674769],[-77.06423530029569,38.923395789887344],[-77.06423313049936,38.92339380924875],[-77.06410230851706,38.923274791038786],[-77.06406730063014,38.92323978587229],[-77.06403130193635,38.923205790170364],[-77.06390429838059,38.92306178955866],[-77.06385931010725,38.9230077912293],[-77.06382329909229,38.922959787523716],[-77.06379174817339,38.9229215463961],[-77.06379030511475,38.92291979056048],[-77.06375230623588,38.9228667882971],[-77.06371930876728,38.92282279161882],[-77.06366230702346,38.922732793486084],[-77.06359830195225,38.92262579141771],[-77.06357030505292,38.92257679235328],[-77.06355030509992,38.92253378847782],[-77.06352830487661,38.922497794163256],[-77.06351429800249,38.92246378633997],[-77.06346630756777,38.92236579282286],[-77.0634347235105,38.92228978871114],[-77.06343430747637,38.92228878901284],[-77.06343396070513,38.92228787035182],[-77.06340230034175,38.922203785803305],[-77.0633753025221,38.922123788496414],[-77.06334830474712,38.92203079216736],[-77.0633243079389,38.921927785953685],[-77.06329830556264,38.921799791721504],[-77.06327169254519,38.9217112903159],[-77.06325829934981,38.921666787424066],[-77.06323330041768,38.92160378770755],[-77.06320230860373,38.921544790923555],[-77.0631367049063,38.921414583993325],[-77.06313630059657,38.92141379147898],[-77.06313610419949,38.92141338621037],[-77.06311130183352,38.92136379074978],[-77.06302130210028,38.921251793745476],[-77.06293030197861,38.92115578699016],[-77.06290230245662,38.92112878609063],[-77.06286866251648,38.921100103661736],[-77.06286675835656,38.9210984651705],[-77.06283430708868,38.92107079102477],[-77.06279429883627,38.92103878792535],[-77.06251095720533,38.92082977547256],[-77.06237319296518,38.92072815406998],[-77.0622073086813,38.92060579228733],[-77.06202199507102,38.920470973053824],[-77.06149530899938,38.92008779387071],[-77.06135330116204,38.919982786354545],[-77.06122429909594,38.919888789037635],[-77.06077730329459,38.91955978594085],[-77.06051330371716,38.91936879320924],[-77.06010129835035,38.91906478550793],[-77.059974308557,38.91897378553611],[-77.05983230602395,38.91886978508264],[-77.0597063086143,38.918778793316875],[-77.059583303951,38.91869479035315],[-77.05953030600146,38.91865279349835],[-77.05943730441521,38.91858079220471],[-77.05934129753786,38.918513791986584],[-77.05925030690189,38.91844678914543],[-77.0590960368122,38.918328263568206],[-77.05908629832207,38.91832079157728],[-77.05907806043606,38.918315192559916]],[[-77.05779217640422,38.928889264931236],[-77.05766743767255,38.928818917563866],[-77.05768430427021,38.92882579159218],[-77.05771430103415,38.92883979371959],[-77.05774230423776,38.92885578766174],[-77.05776930491255,38.928872791023885],[-77.05779217640422,38.928889264931236]]],[[[-77.11981140511503,38.934374173916],[-77.11980116299935,38.93436036566558],[-77.11979333255918,38.93434722155746],[-77.1197855771069,38.934330654213774],[-77.11978261796439,38.934319919339714],[-77.11978081936944,38.93431345321561],[-77.11977652585894,38.93429796332062],[-77.11977085465853,38.934286258327816],[-77.11976218756597,38.93427626798375],[-77.119750867719,38.93426628035694],[-77.11973908546717,38.934255662620984],[-77.11972603798868,38.93424711809144],[-77.11971183910735,38.934239745820214],[-77.11969545139308,38.93423390720172],[-77.11967980722271,38.9342312747784],[-77.11969231927704,38.93424379252667],[-77.11981140511503,38.934374173916]]],[[[-77.05831874677224,38.91776719174735],[-77.0582032980033,38.91768278717904],[-77.05812802599328,38.91762954035737],[-77.05820260661073,38.91768336405674],[-77.05831874677224,38.91776719174735]]],[[[-77.05907806043606,38.918315192559916],[-77.05843741399676,38.91785282873251],[-77.05844720977416,38.917860012482805],[-77.05907806043606,38.918315192559916]]]]},"properties":{"NAME":"Jackson-Reed","GIS_ID":"dcps_463","DCPS_ID":"dcps_463","SHAPE.AREA":0,"SHAPE.LEN":0,"GLOBALID":"{ADD5D3BA-DEB8-4C33-9E4A-D5FBFD2AF127}","CREATED":1725410751000,"EDITED":1725410818000,"OBJECTID":331}},{"type":"Feature","id":332,"geometry":{"type":"Polygon","coordinates":[[[-76.9886772829273,38.868481778282515],[-76.98831727775479,38.86862477835616],[-76.98821055383705,38.86867465620417],[-76.98821027726103,38.868674782293986],[-76.9882402810246,38.86875977966252],[-76.98825128151691,38.86878477910571],[-76.98826327317285,38.86880877871398],[-76.98828927306263,38.86885677812871],[-76.98830271713508,38.868877895187275],[-76.98830303966415,38.86887862490073],[-76.98830398437647,38.86887976906333],[-76.98830474473287,38.86888082312336],[-76.98830733685398,38.868884435754985],[-76.98832627663558,38.86891077823818],[-76.98838767207617,38.868981770622696],[-76.98839027582653,38.86898477969017],[-76.98839222283753,38.86898728422146],[-76.98840427357227,38.86900277988211],[-76.988427569027,38.86903011370568],[-76.988436935602,38.869041104892375],[-76.98847927532296,38.869090781443546],[-76.98852027819758,38.86914178208361],[-76.98856527920707,38.869195782900476],[-76.98864244670497,38.86929020756155],[-76.98878428197037,38.869463786274245],[-76.98885243023383,38.86953956252074],[-76.98891827438173,38.869612780119944],[-76.98923427777163,38.86999278431733],[-76.98939127246855,38.870143779591075],[-76.98947927531012,38.8702297818067],[-76.98956528262285,38.87033078277418],[-76.9896192833573,38.87039578324234],[-76.98976560563743,38.87057059528052],[-76.98976827861864,38.87057378449064],[-76.98990327623855,38.87048878390455],[-76.98992927619676,38.87046677861146],[-76.98998127578194,38.87042478589079],[-76.99011627535855,38.8703217862593],[-76.99034027789902,38.87015777992263],[-76.99035627436909,38.87014278224636],[-76.99037427670783,38.870121785133946],[-76.99037476075009,38.870121334753485],[-76.99038928201982,38.8701077782962],[-76.9904042767423,38.87008678093151],[-76.99042527338267,38.87007878318886],[-76.99068228041487,38.869890780492376],[-76.99091427938326,38.86971178368966],[-76.99125427281221,38.86944278254135],[-76.99131827822306,38.86939978117474],[-76.99133728188595,38.86938478358565],[-76.99149327394105,38.86927278449923],[-76.9916002757373,38.86919977909101],[-76.99164627947296,38.86917378412262],[-76.99166528289102,38.86915977740458],[-76.99168328354816,38.86914777948718],[-76.99171127517012,38.869132782476285],[-76.99187028277201,38.869041781696765],[-76.99193728269024,38.86900577973016],[-76.99207327561028,38.86893578469153],[-76.99224228278668,38.86885978308211],[-76.99231028399944,38.86883178043433],[-76.99234528123128,38.86881878359851],[-76.99237927604344,38.86880477774494],[-76.99256427587304,38.86873678518615],[-76.99268127436322,38.868697786162684],[-76.99280027744895,38.86866177793727],[-76.99283346499053,38.8686526274341],[-76.99284647496518,38.8686490428846],[-76.9929162840038,38.868629778150975],[-76.99306928026051,38.86859178084908],[-76.99330128024204,38.868538779893385],[-76.99345728307974,38.86850678185582],[-76.99361327398606,38.86847778340954],[-76.9938762803826,38.86844178187109],[-76.99397328283001,38.8684297787057],[-76.99401627575052,38.86842678111544],[-76.99440328007198,38.868411783279285],[-76.99449128193041,38.86841177845397],[-76.9945202742615,38.868408780017084],[-76.99455528149136,38.86840778172048],[-76.99462127408796,38.868409784644705],[-76.99465328493932,38.868413776839795],[-76.99477027846164,38.86841978173702],[-76.99486928466828,38.86842278592788],[-76.99492178348619,38.86842840946965],[-76.99492527495782,38.86842877896613],[-76.99493294929766,38.868429364845916],[-76.99503028436833,38.868436782948585],[-76.99523827479501,38.86845878114001],[-76.99526727830555,38.86846078218565],[-76.99529527970321,38.86845678358269],[-76.99531928232005,38.86845678454687],[-76.99538328019395,38.868478785630295],[-76.99544528543967,38.868487778457144],[-76.99552728291391,38.86850278062751],[-76.99569027533448,38.86853478462537],[-76.99585127416991,38.868570779050216],[-76.99594827430388,38.868596780724694],[-76.99599728147086,38.86860878161559],[-76.99604527456385,38.86862178238502],[-76.99609428176431,38.86863378323514],[-76.9962402778004,38.86867178549589],[-76.99633828082945,38.86869577800287],[-76.99655676833494,38.86875223133933],[-76.9966672855105,38.86878078219309],[-76.9971748983703,38.86890815645798],[-76.99720528467851,38.86891577830274],[-76.9972270978299,38.868921364036055],[-76.99758028007582,38.86901178027559],[-76.99796829764702,38.869109772128034],[-76.9982692819274,38.86918578091631],[-76.99861140455683,38.869273239110846],[-76.99861383594666,38.8692738607199],[-76.99920028610472,38.86942378413195],[-76.99939177915952,38.86947238564578],[-76.99951112539613,38.86950267247286],[-76.99951499720781,38.869503654405406],[-77.00018928174396,38.86967477896731],[-77.00036127864557,38.86970978523204],[-77.00049428079367,38.86973778287419],[-77.00062927653465,38.86976078068758],[-77.00076528632833,38.869775778872025],[-77.00090327812595,38.86978577721636],[-77.0010412813833,38.869788784873116],[-77.00117928453635,38.86978478382546],[-77.00131628503475,38.869774783026486],[-77.0014532853724,38.869758782467116],[-77.00158565313338,38.86973623269756],[-77.0015882804372,38.86973578224142],[-77.00159029700593,38.86973534080195],[-77.00172128173865,38.869706782289335],[-77.00184228717995,38.86967778237569],[-77.00193228347885,38.86965378252073],[-77.00196328094451,38.86964678247015],[-77.00199328734519,38.8696377825617],[-77.00205228613204,38.86962178260596],[-77.00212928336822,38.86957578429435],[-77.00215728460704,38.869564784513635],[-77.00230728099069,38.86949878604525],[-77.00240128629595,38.869453778140645],[-77.00246227781042,38.869421779003076],[-77.00252227823533,38.86938877992155],[-77.0026102792116,38.86933178178581],[-77.00271728117082,38.86925678434191],[-77.00278027679245,38.86920878605669],[-77.0028212865915,38.86917477832949],[-77.00290028695274,38.86910578098982],[-77.00297312225949,38.86903694590454],[-77.00297394037386,38.869036171160474],[-77.00299128209261,38.86901978442137],[-77.00302428306875,38.86898577682684],[-77.00305628145436,38.868950778324006],[-77.00308628625613,38.86891477993156],[-77.00310028608642,38.868895780825596],[-77.00312628104453,38.86886578212952],[-77.00318528769309,38.86878777671802],[-77.00339228630253,38.86847578263615],[-77.00349028319691,38.86833078038057],[-77.0035132814412,38.86829378215044],[-77.00367528333372,38.868050784302675],[-77.00374927837247,38.86793878038081],[-77.00384828744996,38.86778677824378],[-77.00409279557036,38.86741580355495],[-77.00425428636866,38.867170777992946],[-77.004264494741,38.867155553404466],[-77.004370276726,38.86699778517326],[-77.00445428193662,38.866869781469255],[-77.00448828257653,38.86681778361093],[-77.0046552783008,38.86656878454769],[-77.0046561881501,38.866561866050404],[-77.00465828424791,38.86654577694162],[-77.00476727956256,38.866391782731185],[-77.00477928501236,38.86637278349718],[-77.00497027786449,38.866085776483374],[-77.00544028105942,38.86537077572151],[-77.00556234880372,38.865188394613185],[-77.00569927822812,38.86498377987848],[-77.0058022884816,38.86482677614249],[-77.00591127787415,38.86466278147827],[-77.0061142775338,38.864352782423566],[-77.00633110078999,38.864025828410746],[-77.00674428069303,38.86340278314581],[-77.00691551162252,38.863147159274064],[-77.00695528061594,38.86308778242839],[-77.0069572276054,38.86308503474488],[-77.00708928845145,38.86289877775387],[-77.00719128110599,38.86276578023428],[-77.00729928825454,38.86263578205008],[-77.00741328683357,38.862508783186215],[-77.0075412837474,38.862375783697715],[-77.007583530995,38.86233476562846],[-77.00758976381336,38.86232871156573],[-77.00767827894161,38.862242783474365],[-77.00782128847727,38.86211278248814],[-77.00791928592972,38.86202878137705],[-77.00800428785124,38.86195878015861],[-77.00803728666652,38.8619557780874],[-77.00804728419742,38.861923779491676],[-77.00809128291883,38.86188877873924],[-77.0082252842325,38.86178877591306],[-77.00831727989657,38.861722782717806],[-77.00841027803934,38.8616587802379],[-77.0084562814838,38.86162577907123],[-77.00855028190823,38.86156277634085],[-77.00864628723397,38.86150178226339],[-77.00869528654636,38.861471780583706],[-77.00879428770455,38.86141377695605],[-77.00893827904999,38.86133278031808],[-77.00908028893167,38.86125678332914],[-77.00917728582077,38.86120777894289],[-77.0099051467212,38.86085821973695],[-77.01014524616366,38.86074290933905],[-77.0102662864039,38.86068477642064],[-77.0105276641212,38.86056016666832],[-77.0106102812728,38.86052078337632],[-77.01154827906655,38.8600627782319],[-77.01159528388507,38.86003877513456],[-77.0117962876647,38.859941779325595],[-77.01183502072976,38.85992383963535],[-77.01201428474599,38.85984078168142],[-77.01221291422593,38.859745515013415],[-77.01235292574326,38.85967836050391],[-77.01272528620709,38.85949978256561],[-77.01286128725623,38.859432781023976],[-77.01299827909257,38.85936677914781],[-77.01314828697592,38.8592837767492],[-77.01318797476254,38.85926109806966],[-77.01319728324466,38.85925578204766],[-77.01320928756624,38.85924929462475],[-77.01324728203902,38.85922877813821],[-77.01347528111232,38.85909577869607],[-77.01372728566544,38.85893877754293],[-77.01374128282436,38.85893077641533],[-77.0137409832169,38.85893053322316],[-77.0137410408178,38.85893049718266],[-77.01452380531907,38.85831314515258],[-77.01884870411966,38.85729189031145],[-77.01977357338806,38.857073499166184],[-77.0222848391034,38.8564804994481],[-77.0284606284133,38.85502217886926],[-77.03266113249944,38.85403029593176],[-77.03266336301478,38.85402043107448],[-77.03266629410301,38.85400577353525],[-77.03266876372032,38.853989719817996],[-77.0326700954449,38.85397948586633],[-77.03266968892373,38.85397228824277],[-77.03266828689645,38.8539547762428],[-77.03266529341022,38.85393377842486],[-77.03266028982436,38.8539007819373],[-77.03265729588112,38.853878775174636],[-77.03265568960944,38.85386809162317],[-77.03265391127707,38.85385904765449],[-77.03265102500079,38.85384573399871],[-77.0326482895748,38.85383478050995],[-77.03264475581145,38.85381637727066],[-77.03264317407996,38.85380896377306],[-77.03263705523916,38.85378085917451],[-77.03263105185742,38.85375329504919],[-77.0326295741695,38.85374665624741],[-77.03262428767628,38.85372477624219],[-77.0326182947135,38.85369477983625],[-77.03261128792897,38.85366477470464],[-77.03260594337893,38.85364187676158],[-77.03260415441432,38.85363475159095],[-77.03259596163058,38.853606107062696],[-77.03258742450743,38.85358025524401],[-77.0325828098668,38.85356632048654],[-77.0325782875703,38.85355277306565],[-77.03257229555383,38.85352477652833],[-77.03257227245074,38.85352464140832],[-77.03257219165795,38.85352431712723],[-77.032567109731,38.85349621223444],[-77.03256214293263,38.85346792714045],[-77.03256009791242,38.85345508168541],[-77.03255729095048,38.85343877720455],[-77.03255546585194,38.85342818379632],[-77.03255186286485,38.85340946527715],[-77.03254666589115,38.85338167571014],[-77.0325462848425,38.853379775037],[-77.03254129332713,38.853347778474046],[-77.03254075016406,38.853344067150985],[-77.03253592093645,38.85331425058319],[-77.03253038796802,38.85328227218726],[-77.03253029557699,38.85328177674912],[-77.03252483155264,38.853249392954],[-77.03251882596068,38.85321678409844],[-77.03251212872587,38.85318327459174],[-77.03250901109368,38.853167771946076],[-77.03250529370922,38.85315077406735],[-77.03250294799471,38.85313534327399],[-77.03250000240483,38.85311814699455],[-77.03249526393918,38.853085177446964],[-77.0324918776542,38.85306157629365],[-77.03249029441362,38.85305077562242],[-77.03248529051545,38.853016779186554],[-77.03247929584641,38.852982774017434],[-77.03247228782956,38.85294977807434],[-77.03246529133574,38.85291677311899],[-77.03245928653217,38.85288577676806],[-77.03245711658624,38.85287681397975],[-77.03245091922442,38.85285304244569],[-77.0324412276888,38.85282169578934],[-77.032431190258,38.85278971863777],[-77.03242230554746,38.852759182514475],[-77.03241399621795,38.85272720488113],[-77.03240499631694,38.852696668788184],[-77.0323953047,38.85266505187421],[-77.03239238518503,38.85265444074893],[-77.03238629250548,38.85263277715515],[-77.03237729241573,38.852601772621064],[-77.03237323064454,38.852587351244274],[-77.03236795794011,38.852570110563136],[-77.03236216715739,38.85255362673383],[-77.032357288145,38.8525407730505],[-77.03234728625098,38.852510777735944],[-77.03233881738237,38.852482520623596],[-77.03233830976116,38.852480935279765],[-77.0323379866683,38.85247979129807],[-77.03232928750685,38.852451777476425],[-77.03232131418522,38.85242385353734],[-77.0323202071597,38.8524215206593],[-77.03230928694003,38.85239877738501],[-77.03230612776883,38.852393138979295],[-77.03229494430653,38.852374197335784],[-77.03228087853739,38.85235041895883],[-77.03227653009101,38.85233888035643],[-77.03227129385928,38.85232577453167],[-77.0322672853987,38.85230177716974],[-77.03226652084372,38.852292480676454],[-77.0322648323044,38.852277995580145],[-77.0322646871646,38.85226274434026],[-77.0322642909645,38.852252781120924],[-77.032268843595,38.85223180822639],[-77.0322691884234,38.85223006950315],[-77.03226974045343,38.85222796137679],[-77.03227529481639,38.85220578107478],[-77.03228128522635,38.852179781075435],[-77.0322852936552,38.852152772679105],[-77.03228528693211,38.85213790876334],[-77.0322850378311,38.852122053986726],[-77.0322835281108,38.85209538943671],[-77.03228328454738,38.85209177712164],[-77.03228219618535,38.852079751161845],[-77.03228017051548,38.852058545865965],[-77.03227948851931,38.852053483314045],[-77.03227529406591,38.85202577452747],[-77.0322734207926,38.852010379629796],[-77.03227080925876,38.85199287696229],[-77.03226725257383,38.85197432056899],[-77.03226428569697,38.851960772702526],[-77.0322623334378,38.85194903525099],[-77.03225880011158,38.85193117250039],[-77.03225429452417,38.85190324759605],[-77.03225002036632,38.851877574736356],[-77.03224846225214,38.85187125124521],[-77.03224329275709,38.85185277637227],[-77.03223808726307,38.85183111252288],[-77.03223721023876,38.851827851711434],[-77.03223086201085,38.851801278579885],[-77.03222776627189,38.851782965285345],[-77.03222529495062,38.85176977761803],[-77.0322227515757,38.85175009488857],[-77.03222115668518,38.851738852801255],[-77.03221928510636,38.85172716937698],[-77.03221629347196,38.85170977491355],[-77.03221535611591,38.851700460449834],[-77.03221283524626,38.851679579591774],[-77.03221153231942,38.85165156371653],[-77.03221128868392,38.85164778024073],[-77.03221096140565,38.851637348562555],[-77.0322101565721,38.8516153501847],[-77.03220783782213,38.851582830371505],[-77.03220648887442,38.8515549406265],[-77.03220629160147,38.85155177871996],[-77.03220592036459,38.851546049457205],[-77.03220400793256,38.85152040296797],[-77.03220111402382,38.85148977508436],[-77.03219994760191,38.85145788554297],[-77.0322002941181,38.851434355412685],[-77.0322002907004,38.85142677931894],[-77.03220145757503,38.85140859997322],[-77.03220222354935,38.85139554653813],[-77.03220601079343,38.85136347546101],[-77.03220859655703,38.85134948464634],[-77.03221128477509,38.85133277325563],[-77.03221629274783,38.851299773972045],[-77.03221807197856,38.85128554916028],[-77.03222002250487,38.851267982171315],[-77.03222208249954,38.85123771325695],[-77.0322201106263,38.85120798596146],[-77.0322179079826,38.851177447970244],[-77.0322181245234,38.85114672914244],[-77.03221872902883,38.85113327938007],[-77.032219285623,38.851115775834444],[-77.03221992212697,38.85109665074814],[-77.03222017056784,38.85108556129425],[-77.03222028986187,38.85106910284783],[-77.03222029491667,38.85105477943237],[-77.03222074093043,38.85104751850943],[-77.03222198563378,38.85102313232808],[-77.03222299433142,38.8510118624955],[-77.03222428705432,38.85099177332497],[-77.03222486674349,38.85097439589065],[-77.03222495329335,38.85096196422418],[-77.03222485549034,38.85094946954952],[-77.03222429543275,38.85093377700735],[-77.03222229068977,38.85090777921234],[-77.03221847520969,38.85087722364792],[-77.03221823258079,38.85087566525534],[-77.0322179777038,38.85087249435592],[-77.03221628774828,38.85085477522709],[-77.03221529498757,38.85082477740636],[-77.03221328844586,38.85079477986521],[-77.0322102907096,38.850763773652474],[-77.03220792957265,38.850739379456584],[-77.03220722398868,38.8507330647369],[-77.03220398421897,38.85070180635423],[-77.03220237619277,38.850686924859765],[-77.03220029526484,38.85067077330611],[-77.03219629528414,38.85063977637725],[-77.0321938328753,38.8506207061949],[-77.0321921916534,38.85060884253572],[-77.0321879152799,38.85057803485968],[-77.03218543058237,38.85056062223559],[-77.03218329355153,38.85054777679323],[-77.03217829132744,38.85051678013946],[-77.03217329045573,38.85048877428611],[-77.03216929094759,38.85045877729184],[-77.0321690019887,38.850456660388666],[-77.03216492332042,38.85042994248717],[-77.03216200034707,38.85041137690289],[-77.03216029103288,38.85040177437944],[-77.032156292436,38.85037377725718],[-77.0321548698902,38.85036142708114],[-77.03215302055881,38.85034787890044],[-77.03214963399351,38.85032311563824],[-77.03214928733343,38.8503207735399],[-77.03214528964602,38.850294776289815],[-77.03214538166132,38.85029445196072],[-77.03214042868342,38.850270409804395],[-77.03213120282058,38.85024879209371],[-77.0321170233771,38.85022735591391],[-77.0320985829438,38.85020916394168],[-77.03207864603388,38.85019349474033],[-77.03205905704344,38.85018296024951],[-77.03204211882495,38.85017494739042],[-77.0320364690198,38.85016395864694],[-77.03203945794996,38.85014990466358],[-77.03204855388883,38.850138821788114],[-77.03206606215784,38.850133592086024],[-77.03208852465157,38.85012962220091],[-77.03211329121147,38.85012574176199],[-77.03213817268605,38.85012123069552],[-77.03216224847844,38.850118341364556],[-77.03218459572005,38.85011428140826],[-77.03219795424482,38.850103557683305],[-77.03219800013439,38.85010313427405],[-77.0321884750488,38.85008217426578],[-77.03218792189556,38.85008176003017],[-77.03216660717322,38.850076270758336],[-77.03214391125543,38.850073484394365],[-77.03212352058192,38.85007339992298],[-77.03210278661375,38.85007845035213],[-77.03207963398152,38.850084762623595],[-77.03205751835955,38.85009152502757],[-77.03203978010193,38.85009765563532],[-77.03202215498153,38.85009919190596],[-77.0320057941267,38.850094151667655],[-77.03199565184508,38.850083974913126],[-77.03199207442636,38.8500701929835],[-77.0319910311952,38.85005586985301],[-77.03199275283514,38.85004163604911],[-77.0319993123208,38.85002604965339],[-77.03201116988794,38.850007849357496],[-77.03202510082768,38.84998910798521],[-77.0320408762322,38.84997315872079],[-77.03206195322839,38.849962432892305],[-77.03208637262995,38.8499552194322],[-77.03211044630174,38.84994773580899],[-77.0321341738785,38.84993917126345],[-77.03215594270645,38.8499298865776],[-77.03217413915861,38.84991808050966],[-77.03218887863908,38.849904203451366],[-77.03220211952511,38.8498881647794],[-77.03220228070087,38.84988793051555],[-77.03220229215191,38.84988777736891],[-77.03220543500578,38.849883047071806],[-77.03221397697699,38.84986987437809],[-77.03221959315348,38.849857396141076],[-77.0322232872128,38.84984877404594],[-77.03222536926322,38.84984193606649],[-77.03222985502661,38.849826269153795],[-77.03223491227291,38.84980059370809],[-77.0322376362641,38.849786710952245],[-77.03224029020612,38.84977077429173],[-77.03224422869486,38.849742216454004],[-77.03224521516908,38.849732802363285],[-77.032247291256,38.84971277603098],[-77.03225128713969,38.849683776763435],[-77.03225554060135,38.84966393900642],[-77.03225708070372,38.84965600214646],[-77.03226098547418,38.849629336089066],[-77.03226256820676,38.84961376906964],[-77.03226328990677,38.84960477844839],[-77.0322640917584,38.84959470679229],[-77.03226499497752,38.84957951831501],[-77.03226613602892,38.84955528529944],[-77.03226657120898,38.84954957382899],[-77.03226728982932,38.84953377282874],[-77.03226928572832,38.84951477347957],[-77.03226990229226,38.84950256687451],[-77.03227002547774,38.849494747515564],[-77.03227082300207,38.84947510889836],[-77.03227219701635,38.84945655113443],[-77.03227212618147,38.84945275860121],[-77.03227128725393,38.849431778178925],[-77.03227128702021,38.84940577982417],[-77.03227129578296,38.84939968110856],[-77.03227101035482,38.84937988964699],[-77.0322712284964,38.849352774185206],[-77.03227148082895,38.84935032382005],[-77.03227329079674,38.84932777519663],[-77.0322751686086,38.849302406912926],[-77.03227523712171,38.84930106463656],[-77.03227591748725,38.849277102000315],[-77.032275702608,38.84926047248103],[-77.0322756092464,38.849257815017275],[-77.03227486810096,38.849249266213405],[-77.03227886962966,38.84918188198133],[-77.0322801231689,38.84915167633764],[-77.0322802933003,38.84914577576286],[-77.03228028899356,38.849110777977025],[-77.0322812873764,38.84907677985051],[-77.03228328844347,38.84904377237488],[-77.03228531770687,38.84902216957564],[-77.03228616569798,38.84901225104917],[-77.03228799422251,38.848979820160935],[-77.03228828861921,38.84896849647093],[-77.03228829121944,38.848948776995854],[-77.03228929140553,38.84891877861511],[-77.03229029204309,38.84888978017088],[-77.03229131133952,38.84887656450782],[-77.03229185855861,38.84886388047327],[-77.03229311425895,38.84883847632565],[-77.03229402562394,38.84881586488957],[-77.03229428570388,38.84880508171511],[-77.03229429346617,38.84879677593142],[-77.03229615522056,38.84876142629821],[-77.03229892767081,38.84870199685262],[-77.03230232158782,38.848641233985354],[-77.03230428515425,38.848601776474176],[-77.03230520147137,38.84853921260338],[-77.03230507161342,38.84853227614032],[-77.03230989736467,38.84850443872424],[-77.03230988810873,38.84848398956729],[-77.03231029495045,38.84846659415637],[-77.03231029367417,38.84846377451491],[-77.03231049921334,38.848459756693586],[-77.03231102239926,38.848444892622155],[-77.03231124447821,38.84842651534229],[-77.03231122103882,38.8484256325216],[-77.03231029182048,38.84840877798675],[-77.03230928753439,38.84837878015796],[-77.0323082868658,38.848356772814796],[-77.03230629504213,38.84833377481738],[-77.03230549296431,38.84831784811644],[-77.03230520314574,38.84831382142371],[-77.03230479853237,38.84831068659837],[-77.03230229152635,38.84829477838604],[-77.03230146615343,38.84827828415966],[-77.03230115334442,38.84827436557455],[-77.03230100102247,38.84826869930752],[-77.03230029155777,38.84825377251769],[-77.03229828912457,38.848232774396536],[-77.03229628759745,38.84821377614884],[-77.03229669896511,38.848206380105175],[-77.03229697053773,38.848195542875814],[-77.03229788413509,38.848177886079114],[-77.0322991436121,38.84816085977753],[-77.0323028222506,38.848143832806464],[-77.0323030753279,38.848143039993616],[-77.03226929137654,38.84802377758006],[-77.03237329278898,38.84787277631851],[-77.03237345313842,38.847870731357865],[-77.03237503185245,38.847846444162414],[-77.03237583203429,38.84783276912662],[-77.03237628738681,38.847820778764934],[-77.0323782915538,38.84779477984737],[-77.03238028419536,38.847768771924386],[-77.032381179398,38.84776141177947],[-77.03238281854604,38.847743385433475],[-77.03238395137583,38.8477265753675],[-77.03238429297559,38.84771777402543],[-77.03238558737954,38.84770162153075],[-77.03238613638744,38.84769293724085],[-77.03238668698522,38.84768775723423],[-77.03238829068401,38.84766777606596],[-77.03239016159638,38.84765277649167],[-77.03239095248526,38.847644020067],[-77.03239209423964,38.84762149864621],[-77.03239208463324,38.84760032881108],[-77.0323929982812,38.84758285218072],[-77.03239621813908,38.84757036558698],[-77.03239628699167,38.847569780019214],[-77.03239640209907,38.84756958180154],[-77.03239851724372,38.847559698953965],[-77.03240231584999,38.84755330190599],[-77.03240795867482,38.84754924654072],[-77.03240891359309,38.84754656175999],[-77.0324136635202,38.847529561511536],[-77.03241485909626,38.84752411107231],[-77.03241591621466,38.84751817421565],[-77.03241813043418,38.84749816585155],[-77.03241818762366,38.84749726499148],[-77.03241691485033,38.8474849237797],[-77.03241587312613,38.8474740238544],[-77.03241805831215,38.84746618590316],[-77.03242197198612,38.84745951856924],[-77.0324263463985,38.84745274300587],[-77.03242729012253,38.84745077890339],[-77.03243828887749,38.847419777798905],[-77.03244015084864,38.847410489577854],[-77.03244198893248,38.84739933661596],[-77.03244375826598,38.84738899443284],[-77.03244528528812,38.8473777784982],[-77.03244928505163,38.84735777864516],[-77.0324522936649,38.84733677913044],[-77.03245454742019,38.84732775204494],[-77.03245704217909,38.84731672501821],[-77.03246198609924,38.84729573397343],[-77.03246704455778,38.847273301545734],[-77.03247005537082,38.847257157579975],[-77.03247128462019,38.84724977932393],[-77.03247457030517,38.847230121989085],[-77.03247520205524,38.84722609503967],[-77.03247680362044,38.84720150154684],[-77.0324780589388,38.847175466799506],[-77.03248191855204,38.84715130508337],[-77.03248228602928,38.84714877360883],[-77.03248828700409,38.847121773637134],[-77.03249222032953,38.84710771937227],[-77.03249507211851,38.8470965481099],[-77.032497660144,38.84708798936912],[-77.0325022947245,38.84707077294533],[-77.03250764343053,38.84705335813667],[-77.03251002407467,38.84704474540271],[-77.03251508143346,38.847019970777275],[-77.03251921742309,38.846995646830294],[-77.03252003242383,38.8469892956513],[-77.03252229289791,38.846969773726514],[-77.03252528722004,38.84694277458978],[-77.03252729130803,38.84691677566593],[-77.03252824161177,38.84690399242101],[-77.03252896083721,38.846889704830495],[-77.0325320586534,38.84686231830139],[-77.03253815127822,38.846834300346245],[-77.03254516661653,38.84680880449745],[-77.03255333403317,38.84678357858009],[-77.03256299890937,38.846758172075454],[-77.03257185822939,38.84673456748332],[-77.03257580358753,38.84672172034272],[-77.03257928811537,38.846708774237754],[-77.03258459018315,38.84669023338221],[-77.0325869245508,38.84668123329598],[-77.03259441195381,38.846655286889614],[-77.03260128809795,38.8466277731843],[-77.03260376011201,38.84661749386031],[-77.03260704777662,38.84660231371534],[-77.03260875985951,38.84659282734647],[-77.03261128637436,38.84657577365779],[-77.03261475868183,38.84656132314485],[-77.03261693094025,38.84655051240604],[-77.03261963280141,38.846539052911304],[-77.03262228775186,38.84652577372406],[-77.03262791200477,38.84650649408357],[-77.0326291194828,38.846501953490666],[-77.03263579048745,38.8464793404331],[-77.03264004328888,38.84645870990884],[-77.03264429584067,38.84643753887779],[-77.03264993114702,38.8464172683041],[-77.03265131157598,38.84641307899177],[-77.03265829236045,38.846387772321386],[-77.0326632919205,38.84636277249196],[-77.03266729110837,38.846341772691076],[-77.03267129075164,38.84632177282708],[-77.03267499113237,38.84630231355328],[-77.03267522090435,38.8463009622224],[-77.03267901282052,38.84628015165625],[-77.03268418736518,38.846259971293804],[-77.03268526840954,38.84625606132656],[-77.03268929323944,38.846240772870686],[-77.03269528666199,38.84622277232166],[-77.03269552818796,38.84622193446873],[-77.03269994397138,38.84620510545899],[-77.03270581045908,38.84618663650584],[-77.03271121591601,38.846167627174836],[-77.03271335410953,38.846157951507074],[-77.0327152851785,38.84614877136165],[-77.03271812431777,38.84613529393396],[-77.03271926218375,38.846129699371446],[-77.0327239756786,38.846108978629324],[-77.03272633193362,38.846097546253496],[-77.0327282853072,38.84608677160698],[-77.03273428885089,38.84606577124084],[-77.03273652094573,38.84605991512632],[-77.03274191658424,38.84604465330899],[-77.03274985527284,38.846023391154205],[-77.03275687264676,38.84600266976398],[-77.03276308439794,38.84598357011932],[-77.0327668678286,38.84596946183398],[-77.03276829363345,38.84596377710553],[-77.03276940897078,38.845959308604186],[-77.03277285770993,38.84594384013749],[-77.03277513049879,38.84592627303336],[-77.03277529108465,38.84592477758655],[-77.03277546342575,38.84592379561777],[-77.0327780244272,38.84590672389704],[-77.03278126566691,38.84589094019268],[-77.03278128863143,38.84589077803424],[-77.03278138071677,38.845890624864836],[-77.03278642055791,38.845878254855485],[-77.03279229130024,38.84586915467773],[-77.03279816384554,38.84586398218082],[-77.03279829046431,38.84586377495104],[-77.0328102275413,38.845820008574265],[-77.03280597125635,38.8458078033286],[-77.03280584852726,38.84579140799446],[-77.03280778895754,38.845777579487056],[-77.03280829360607,38.8457727778444],[-77.0328112905275,38.84575177831823],[-77.0328162909088,38.845728778354065],[-77.03281926787261,38.84571449012429],[-77.03282089931561,38.84570510286644],[-77.0328242286825,38.84568059896135],[-77.03282454980136,38.84567749996615],[-77.03282629076183,38.84565577110843],[-77.03283028986215,38.84563477129958],[-77.03283516624211,38.84561769892558],[-77.03283617817688,38.84561384302662],[-77.03284308045714,38.84559348200003],[-77.03284603603342,38.8455828061615],[-77.03284828968357,38.8455737790658],[-77.0328512875052,38.84555477941241],[-77.03285529442597,38.84552577109278],[-77.03285929443115,38.84550677115698],[-77.03286238696921,38.845493347703695],[-77.03286514596216,38.84548105039982],[-77.03286667359905,38.84547140192532],[-77.03286929190223,38.84545377166163],[-77.03287154323073,38.845439717853765],[-77.03287318535031,38.845428528902815],[-77.03287697479756,38.845402583514364],[-77.03288151491014,38.84538078179888],[-77.03288228486161,38.84537677282398],[-77.03288602148683,38.84536120517848],[-77.03288835536631,38.84535132225681],[-77.03289583183114,38.845327177517504],[-77.03290492149985,38.84530411333631],[-77.03291205312098,38.84528159021311],[-77.03291701175847,38.84526813019794],[-77.0329212912632,38.845255778412806],[-77.03292684798933,38.84524033637057],[-77.03293000004881,38.84523113785888],[-77.03293609308481,38.845204651311086],[-77.0329408037952,38.84517816515293],[-77.03294586070598,38.84515303016355],[-77.03294902938214,38.84512993161549],[-77.03294929333299,38.845127778522595],[-77.03295228833954,38.845102779241415],[-77.03295628644862,38.84507977955172],[-77.03296029468518,38.845053771038174],[-77.03296391782622,38.845041977960044],[-77.03296803511525,38.84502762634366],[-77.03297528025907,38.845001589889755],[-77.03297702765741,38.84499393221746],[-77.03298129247365,38.84497477905738],[-77.03298351141311,38.844965499731536],[-77.0329870061892,38.84495014835276],[-77.0329889834299,38.84494131951735],[-77.03299229334527,38.84492477907577],[-77.03299829394027,38.84489777906812],[-77.0330042843983,38.84487377887528],[-77.03300873208829,38.844851553782114],[-77.03300919166848,38.84484897723671],[-77.03300967389572,38.84484555389093],[-77.0330122902243,38.84482377973774],[-77.0330152851919,38.844798771445284],[-77.03301929385785,38.84477377187435],[-77.0330232923894,38.84475177211847],[-77.03302479886361,38.8447462585234],[-77.03302883450898,38.84472978994254],[-77.03303528616767,38.84470677153757],[-77.0330353896535,38.84470636612822],[-77.03303769097182,38.84470088834175],[-77.03304429557377,38.844684779370894],[-77.03304751747655,38.8446772383895],[-77.03305299435894,38.84466366111071],[-77.03305568585672,38.84465500323195],[-77.03305928525998,38.84464177781386],[-77.0330626305499,38.844627066074004],[-77.03306414751128,38.84461933639762],[-77.03306482873573,38.84459789610309],[-77.03306608646442,38.84457762674313],[-77.03306826535612,38.844556546362],[-77.03307297968921,38.84453807771175],[-77.03308100231564,38.84452451772686],[-77.0330812899542,38.84452377895275],[-77.03308175053579,38.844523373442144],[-77.03309162870347,38.84451185784788],[-77.03310436514144,38.844503584482794],[-77.03310528630406,38.844502773461365],[-77.03310811940442,38.84450141238244],[-77.03311800035236,38.84449590541872],[-77.03313099149103,38.84449039757141],[-77.03313229287558,38.84448977561926],[-77.03316114567377,38.84440918687385],[-77.03316104193809,38.844409051776594],[-77.03315803848919,38.84439085556822],[-77.03315963617021,38.84438334207008],[-77.03316229034162,38.84436877465822],[-77.03316928380036,38.844346774045015],[-77.03317528706802,38.84432577365026],[-77.0331842853244,38.8443047724037],[-77.03319528791992,38.84428377959483],[-77.0332060850366,38.84426681361889],[-77.03320912379067,38.84426184009189],[-77.03321144909617,38.844258461262854],[-77.03322429535484,38.844238774151265],[-77.03323456262139,38.84422190741627],[-77.03323824574976,38.844215438302875],[-77.03324397716544,38.844204401323516],[-77.03325029531929,38.844191778690146],[-77.0332602947734,38.844168777276906],[-77.03326750907027,38.844151118665415],[-77.03326931539354,38.844146424749866],[-77.03327817428188,38.84412309034745],[-77.0332782893266,38.844122775019024],[-77.03328599690137,38.844100747168945],[-77.033292206875,38.84407849453429],[-77.033293839962,38.84407284577232],[-77.03329828991546,38.8440557734962],[-77.03330423921065,38.84404267351712],[-77.03330796728206,38.8440338081416],[-77.0333128577027,38.84402261825492],[-77.03331728751957,38.84401177982894],[-77.0333213269748,38.8440037071074],[-77.033327989839,38.84398930069848],[-77.03333823115446,38.84396632623406],[-77.03334661948469,38.843946784516376],[-77.03334828788769,38.84394277528081],[-77.03334942692766,38.84393987423545],[-77.03335710058106,38.84391929674967],[-77.03336089657547,38.843907908987724],[-77.03336428951687,38.84389677357731],[-77.03336976558006,38.843881700879926],[-77.03337228482948,38.843874340258374],[-77.03338229526823,38.84385037492647],[-77.03338710505176,38.84383923010168],[-77.03339229435396,38.84382677894316],[-77.03340328435551,38.84380377723292],[-77.03341329522513,38.84378077580182],[-77.03342428568114,38.8437587740269],[-77.03343109890818,38.84374577288625],[-77.03343523042933,38.84373757401582],[-77.03344535732722,38.843716401263286],[-77.03345813382376,38.843695678172686],[-77.03347206201155,38.84367450432806],[-77.03347852975462,38.84366172849471],[-77.03348329399175,38.843651772793656],[-77.03348649262809,38.84364394353524],[-77.03349185385677,38.84362972666691],[-77.03349679730188,38.843608915734656],[-77.03349893438643,38.843597267198675],[-77.03350028918292,38.84358777190616],[-77.03350384334608,38.84357661842794],[-77.03350691388849,38.843565852451704],[-77.03351496734902,38.843544770372205],[-77.03352808919763,38.84352368683633],[-77.03353377588824,38.84351573975187],[-77.0335432840819,38.84350177392596],[-77.0335602878824,38.84348077935515],[-77.03356419058039,38.84347595871347],[-77.03357689990614,38.84345953265792],[-77.03358821482185,38.84344183681112],[-77.03359128802904,38.84343677317911],[-77.03359678873029,38.84342527681657],[-77.0336022202645,38.84341367237227],[-77.03361303778603,38.843391598560466],[-77.03361974790006,38.843379930688],[-77.03362529530078,38.84336977656932],[-77.03363728825624,38.84334877442176],[-77.03364529561583,38.84332777342182],[-77.03365429407947,38.843307772073196],[-77.03366429375546,38.843285779568106],[-77.0336682511631,38.8432748782046],[-77.03367195512963,38.8432639318718],[-77.03367468112464,38.843255418102],[-77.03367829213795,38.84324277820754],[-77.03368528627114,38.84322277743459],[-77.03368932500668,38.843213362440686],[-77.03369358178637,38.84320221776168],[-77.03369392693178,38.843201316817215],[-77.03370186565867,38.843181405854935],[-77.03371014999409,38.84316158487668],[-77.03372027719676,38.84314140302754],[-77.03373086553722,38.8431220318045],[-77.03374191467482,38.843102750531706],[-77.03374624188656,38.84309442547448],[-77.03375129369566,38.84308377602796],[-77.03375472399473,38.8430787753472],[-77.03376171041003,38.84306689118329],[-77.033773222038,38.84305130323741],[-77.03378404243597,38.84303553532144],[-77.03379624506562,38.84301967691973],[-77.03379885853367,38.84301683850176],[-77.03381029070708,38.8430037729407],[-77.03382000742201,38.842992554607406],[-77.03382318482767,38.84298868005389],[-77.03383296794132,38.842971741335504],[-77.03383747893436,38.84296235322452],[-77.03384128765266,38.8429537760774],[-77.03384928481131,38.8429357748784],[-77.03385629133389,38.84291777396616],[-77.033857257894,38.84291559364127],[-77.03386380455113,38.84289948463607],[-77.03387208983472,38.84288182567284],[-77.03388026048032,38.84286533784052],[-77.03388900766912,38.84285011102304],[-77.03389056128827,38.842847074724745],[-77.03390354152991,38.842819378983975],[-77.03390431244893,38.84281758607877],[-77.03390454256292,38.842817027488096],[-77.03391528595064,38.84278477412059],[-77.03392228578961,38.84275277407647],[-77.03392331917333,38.84274578321987],[-77.0339244316311,38.84273551326494],[-77.03392684256141,38.84271857668041],[-77.03393063584922,38.84270181986294],[-77.03393615697624,38.84268506254294],[-77.0339363640559,38.84268451296735],[-77.03394528813736,38.84265377354468],[-77.03394803874616,38.84262446826032],[-77.03394810664307,38.84262190984106],[-77.03394821609191,38.84260983848759],[-77.03394829577336,38.842607838588734],[-77.03394829193928,38.842599776028],[-77.03394629013091,38.84258077779121],[-77.03394624390957,38.842580471517365],[-77.03394585876046,38.84256990471869],[-77.03394528761255,38.8425557706282],[-77.03394531048755,38.842555428300514],[-77.03394728963377,38.84252677184832],[-77.03394802352857,38.842519799095264],[-77.03394908923958,38.842508132843705],[-77.03395218906302,38.842486511664085],[-77.03395505910629,38.84246615173405],[-77.03395712243923,38.84244498127813],[-77.03395729002929,38.84243406298893],[-77.03395728466013,38.842422775403556],[-77.03395729128982,38.842412496761014],[-77.03395710195689,38.84240192089665],[-77.03395664585986,38.84238749850197],[-77.03395628510202,38.84237977836586],[-77.03395629141478,38.842368833098114],[-77.0339561588067,38.842356428501915],[-77.03395777535931,38.84234042902553],[-77.03395829101802,38.84233477156929],[-77.03396028483871,38.84231277235574],[-77.03396035324486,38.8423112859417],[-77.03396108021508,38.842289764544454],[-77.033963027881,38.84226760319208],[-77.03396612781825,38.8422462522647],[-77.03396911089327,38.842221388075835],[-77.03397022484526,38.8422142890934],[-77.03397229038275,38.84219777600416],[-77.03397528585997,38.84217477656041],[-77.0339770717485,38.84215155225736],[-77.03397725464377,38.842148597432654],[-77.03398012325131,38.842125264712934],[-77.03398075400511,38.84211941804542],[-77.03398228913454,38.84210177905394],[-77.0339837544597,38.842082689722304],[-77.0339841314767,38.84207616749493],[-77.0339846799425,38.84206684358971],[-77.03398529526112,38.84205277221196],[-77.03398728763744,38.842027773183574],[-77.03398753953351,38.84202458411902],[-77.03398893422015,38.842002296807905],[-77.0339913340891,38.84198640520344],[-77.03399228651854,38.841978774769025],[-77.03399529207044,38.8419527755072],[-77.03399928919082,38.84192877583224],[-77.03400150915186,38.841922117941024],[-77.03400593685862,38.8419073427931],[-77.03401110835077,38.841882207710704],[-77.03401307277514,38.84187109971939],[-77.03401528955679,38.84185777557569],[-77.03401615047966,38.84185150544355],[-77.0340179975724,38.84183590226962],[-77.03401787006445,38.841810048054874],[-77.03401590079446,38.84178680682738],[-77.03401381702452,38.84176500698513],[-77.03401237719626,38.841740873766526],[-77.03401228452243,38.8417397747626],[-77.03401428982856,38.84171777554266],[-77.03401732500956,38.84170564928402],[-77.03401896867089,38.84169825286726],[-77.03402506396391,38.84167798207733],[-77.03403072511715,38.84166521545275],[-77.03403228955337,38.84166077383057],[-77.0340370093731,38.8416547367926],[-77.03404163686993,38.84164833944326],[-77.03404655262743,38.84164255458433],[-77.03405029394652,38.841637770005775],[-77.03405160670823,38.84163697687917],[-77.0340628220403,38.841628694840786],[-77.03407801159827,38.84162094313961],[-77.03407828796705,38.84162077189835],[-77.03407846071845,38.84162070878878],[-77.03407871407114,38.8416205825965],[-77.03409495234965,38.841613911600945],[-77.03410900309272,38.84160940327053],[-77.03411233149524,38.84160831227534],[-77.03413828880066,38.84159577393167],[-77.03413228948197,38.841575776926064],[-77.0341322894346,38.84157567783313],[-77.0341321396605,38.84157561481778],[-77.0341310989667,38.841567237263114],[-77.03413132460851,38.841557336910036],[-77.0341312897852,38.84155677839629],[-77.03413304936113,38.841526842800555],[-77.03413315188423,38.84152444652271],[-77.03413349223511,38.84151354619797],[-77.0341340622716,38.84150120445399],[-77.03413520807297,38.84148850220353],[-77.03413692976807,38.841475709700056],[-77.03413853623202,38.84146282714579],[-77.03414025783972,38.84144985447323],[-77.03414197957612,38.84143715205416],[-77.03414347033389,38.84142318851949],[-77.03414461677862,38.84141183753618],[-77.03414496057412,38.84140814397081],[-77.0341476019973,38.84139165773319],[-77.03415082000213,38.841376522594395],[-77.03415132578758,38.84137435140975],[-77.03416028667418,38.84132477528259],[-77.03416345836993,38.841309162708924],[-77.03416368812776,38.841307874433205],[-77.0341666756218,38.841292469107664],[-77.03416954788426,38.84127697373129],[-77.0341732952224,38.84126075742246],[-77.034173341211,38.841260577239986],[-77.03417943961443,38.84124697269335],[-77.03418703687075,38.8412363404962],[-77.0341955568294,38.84122823039452],[-77.03420488447651,38.841223002759804],[-77.03421467373373,38.84121957667925],[-77.0342152035207,38.841219423380274],[-77.03423528847514,38.84121177832439],[-77.03425071695722,38.84119806293552],[-77.03425313457446,38.84119533266535],[-77.03425762444625,38.84119028661506],[-77.03426828427445,38.841176770809255],[-77.03427729285525,38.841154778534914],[-77.0342812888758,38.84112877897134],[-77.03427728948219,38.841099772933156],[-77.03427031100048,38.84107961406848],[-77.03426782004675,38.84107353409522],[-77.03426530591338,38.841067156849874],[-77.03425642710334,38.84104751202391],[-77.03425432866857,38.84104326965921],[-77.03425265729814,38.8410408468763],[-77.03422820080736,38.84101193692214],[-77.034221366907,38.84100499341],[-77.03421352923476,38.84099460896331],[-77.03421029065042,38.84099077231232],[-77.03420768510966,38.84098592652913],[-77.03420200199263,38.84097671254884],[-77.03419612182141,38.84096491320043],[-77.0341940433708,38.84095428383671],[-77.03419484514633,38.84094482472782],[-77.03419818098305,38.84093527479201],[-77.0342012862731,38.840925364585495],[-77.03420393142046,38.840916715697006],[-77.03420703809017,38.84090968819443],[-77.0342119881753,38.84090356099661],[-77.03421232208237,38.84090328163671],[-77.03421429058885,38.84087677819539],[-77.03423217372425,38.84088969107131],[-77.03423236949375,38.84088959192094],[-77.0342360545976,38.8408877891498],[-77.03424607422362,38.84088445308336],[-77.03425579548345,38.84088345029251],[-77.03425829470599,38.840882773925166],[-77.03426368560208,38.84088312367235],[-77.0342733727294,38.84088300371835],[-77.03428915392695,38.840884350351004],[-77.03430505100425,38.84088713829975],[-77.03431675505173,38.84088942300589],[-77.03434066971839,38.84089346977543],[-77.03435470032738,38.84089532138754],[-77.03436412222801,38.84089457992091],[-77.03438289653485,38.84089230426214],[-77.03438764188888,38.84089161822187],[-77.03439007203333,38.84089101393961],[-77.034427295379,38.84088077837374],[-77.03449849036745,38.84085324554143],[-77.0345025556302,38.84085155075086],[-77.03451829543943,38.84083877211277],[-77.03452721778143,38.84082924754042],[-77.0345329740467,38.840822930912886],[-77.03454483026766,38.84080644193797],[-77.03454957018222,38.84079453136198],[-77.03455228482598,38.8407867742815],[-77.03455726181078,38.84076490929582],[-77.03455762813506,38.84076021578406],[-77.03455921869292,38.84073845990225],[-77.03455999483356,38.84072373986223],[-77.03455979524476,38.84071594761057],[-77.0345542937079,38.84062977438925],[-77.03455320960191,38.84060317275169],[-77.03455186282315,38.840581228561426],[-77.03454989180003,38.84055465421156],[-77.03454977573345,38.84055283453861],[-77.03454330206367,38.84048096702421],[-77.03454329045353,38.84048077785018],[-77.03454316494162,38.84045943686422],[-77.03454384437454,38.840435294011364],[-77.03454477094527,38.84042199726174],[-77.03454529440049,38.840408772698986],[-77.03455228840062,38.84036577328619],[-77.03455528496869,38.84032177511803],[-77.03455128928435,38.84027677007289],[-77.03455129112405,38.84025677130796],[-77.0345519519841,38.84024186212353],[-77.03455204139442,38.84023620478893],[-77.03455295123656,38.84021215195147],[-77.03455605099543,38.8401909811704],[-77.03456341356926,38.84017179098643],[-77.03457192616007,38.84014881691124],[-77.03458216730981,38.84012746384471],[-77.03459242329814,38.840112975213714],[-77.03459528937638,38.84010877642528],[-77.03460197735536,38.840099937150725],[-77.03461025377922,38.84008880925777],[-77.03462613911331,38.8400677247669],[-77.03463915007222,38.84005748730398],[-77.03464628877997,38.84005177382612],[-77.034668848987,38.84004237131102],[-77.03467047276051,38.84004167717784],[-77.0346953491582,38.840034282854525],[-77.03472149376992,38.84002932043084],[-77.0347284158252,38.84002814727258],[-77.03478029015008,38.840017772105554],[-77.03480313953429,38.840010918870405],[-77.03481006105936,38.84000866469312],[-77.03481821488859,38.84000604980969],[-77.03484229605081,38.83999777286384],[-77.03487328795808,38.83998877317219],[-77.03488080870507,38.83998705931882],[-77.03490680273556,38.83998043934328],[-77.03494181519272,38.83997268159738],[-77.03497394837017,38.839965645380005],[-77.03500803827257,38.839955725861955],[-77.03501720533185,38.8399523269253],[-77.03503929361585,38.83994377127456],[-77.03512529260968,38.839900775104965],[-77.03513006036022,38.83989893594564],[-77.03515106591621,38.83989046167567],[-77.03517676140893,38.83988587764013],[-77.03520328597185,38.839880770858656],[-77.035227287049,38.839873773057676],[-77.03526587877516,38.839860158639596],[-77.03527786733528,38.83985574087469],[-77.03530135996209,38.83984546413521],[-77.03532588835375,38.83983338538687],[-77.03535145295398,38.83982040547421],[-77.03536490355881,38.83981439276129],[-77.03537629255068,38.839808777043636],[-77.03542820941013,38.83979178036229],[-77.03543103096642,38.83979083361822],[-77.03545521434492,38.83977992604625],[-77.03547882210592,38.83976964923592],[-77.03550358273725,38.83976144401434],[-77.03552776856039,38.8397554910758],[-77.03554999749632,38.83975206109517],[-77.03556707908082,38.83975145232478],[-77.03557328719728,38.83975077479885],[-77.03557932324158,38.83975151165221],[-77.03559468918958,38.83975213755883],[-77.03561392669069,38.8397554648182],[-77.03561753237963,38.839756283487176],[-77.03564696438774,38.83976093187228],[-77.03565240133827,38.83976139865121],[-77.0356757829271,38.83975958981611],[-77.03567615148651,38.83975952664427],[-77.03572029539822,38.83974677518996],[-77.03574159825826,38.83973418385932],[-77.03574234672391,38.83973371519054],[-77.03576802784161,38.83972361785579],[-77.03579405653844,38.83971757421268],[-77.03580360400484,38.839714904782184],[-77.03582029168163,38.83970977385205],[-77.03583085271616,38.83970699600681],[-77.03584922182168,38.839701342066036],[-77.03587709300376,38.839694396993146],[-77.03590450294395,38.83968646112568],[-77.03591231094778,38.83968345890857],[-77.03593329320628,38.839674777310194],[-77.03595366402904,38.83966420412117],[-77.0359598937827,38.83966076998125],[-77.03598534197704,38.83964571802094],[-77.03601286389,38.839631476175995],[-77.03602413718082,38.83962499561912],[-77.03603728709851,38.839616775850196],[-77.03606128547975,38.83960477818658],[-77.03606157335888,38.83960461594544],[-77.03606882866218,38.83960201026056],[-77.03609128546124,38.83959376959219],[-77.03610904433584,38.83958870134856],[-77.03611927118344,38.83958568035233],[-77.03614587426259,38.83957675374776],[-77.03616480786359,38.83957139686135],[-77.0361762899101,38.83956777190479],[-77.03620529080173,38.839562772229144],[-77.03622746248263,38.83956018893178],[-77.03623409667142,38.839559340077784],[-77.03623792060438,38.83955896954403],[-77.03626528678572,38.83955577205172],[-77.0362811243537,38.839555217614084],[-77.03629375964555,38.839554366891136],[-77.03631514920819,38.83955402692522],[-77.03632229050903,38.83955377246635],[-77.03633038823398,38.83955429243635],[-77.0363535408692,38.83955542930099],[-77.03636846893897,38.839555775980116],[-77.03641031541558,38.839555771941924],[-77.03643382431024,38.83955531418323],[-77.03645905050935,38.839556927827644],[-77.03647965837432,38.83955963293302],[-77.03648129406571,38.83955977655704],[-77.03650596899945,38.8395645523308],[-77.03651180927024,38.83956537928171],[-77.0365301249662,38.83956807608675],[-77.03654574542306,38.839570917868116],[-77.03655128622931,38.839571771936164],[-77.03658529327618,38.8395807787435],[-77.03661829258097,38.83957877752691],[-77.03663529556454,38.83955977336277],[-77.0366342931776,38.83953677509554],[-77.03663437376501,38.83953669399416],[-77.03663435058944,38.839536423747866],[-77.03664148628364,38.83952525102549],[-77.03665713401953,38.8395139314944],[-77.03665829678867,38.839512778047144],[-77.03669827284357,38.83948178541274],[-77.03673528707772,38.839447775864706],[-77.03673578212394,38.83944729826085],[-77.03674540798269,38.83944042178064],[-77.0367572905397,38.83943177893196],[-77.03677664842323,38.839422899507134],[-77.03678172682267,38.839420528683526],[-77.03680628008401,38.83941277367311],[-77.03697038442431,38.83939344371703],[-77.0370056870565,38.83939094619628],[-77.03704528570154,38.83938777166731],[-77.03717966615434,38.83937850428175],[-77.03721928805173,38.8393757711006],[-77.03722064721407,38.839375752650284],[-77.0372522299528,38.83937434626401],[-77.03728563346853,38.83937460585155],[-77.03731777028956,38.83937549642629],[-77.0373421902981,38.83937738039126],[-77.03735033420672,38.83937813449558],[-77.03739667449388,38.83938144377659],[-77.03740174253122,38.83938132504275],[-77.03740194982477,38.83938125290869],[-77.03742023349413,38.839366824513704],[-77.03742039446375,38.83936627494639],[-77.03742085246128,38.83936104989636],[-77.03742465126749,38.83935672462049],[-77.03743571864746,38.83935327984194],[-77.03743629430306,38.83935277518383],[-77.03745210776873,38.8393502927859],[-77.03745966314509,38.83934896611858],[-77.03746750660882,38.83934788258654],[-77.03748729359407,38.839344777324875],[-77.03750296951691,38.83934359218158],[-77.03751345071663,38.839342552841124],[-77.03753322715569,38.83934130331655],[-77.0375402876552,38.83934076954709],[-77.03757029256938,38.83933977797116],[-77.03759741747976,38.83933802159664],[-77.03760905063578,38.83933720708788],[-77.03763266240402,38.839335397786435],[-77.03765925732702,38.83933338032328],[-77.03772229457041,38.83932777472559],[-77.03773981299103,38.839325760177225],[-77.03775348440428,38.83932400811577],[-77.03778308487261,38.83932057532494],[-77.03781464408571,38.839318312991],[-77.03782881118765,38.83931731747027],[-77.03784078984178,38.83931641274187],[-77.03784922096355,38.83931576139941],[-77.03790695959056,38.83930992320034],[-77.0379180740662,38.839308460220565],[-77.03794329729119,38.839304578388315],[-77.03795256884628,38.83930316104659],[-77.03797328863932,38.83929977613713],[-77.037988549513,38.83929789741265],[-77.0380036490228,38.83929582055277],[-77.0380299092778,38.83929265904045],[-77.03803866254997,38.839291331945304],[-77.03805929009717,38.83928777589001],[-77.0380844678103,38.83928497505657],[-77.03808864870248,38.83928444219351],[-77.0380934401078,38.839283981198676],[-77.03811329663942,38.839281776653515],[-77.03811602662766,38.839282018990296],[-77.03813713958651,38.83928154365395],[-77.03815718379997,38.839285680991665],[-77.03817112471319,38.83929252285825],[-77.0381782340227,38.83929712385299],[-77.03818128727839,38.839298771401296],[-77.03820828907166,38.839303771265556],[-77.03821367923146,38.83930293171472],[-77.0382238835779,38.83930115370789],[-77.03824611209807,38.83929745296],[-77.03826424075402,38.83929503275249],[-77.0382722914388,38.8392937779378],[-77.03828792131216,38.839292682788674],[-77.03829794186849,38.839291850723335],[-77.03832800371003,38.83928967882642],[-77.03835795041427,38.83928759704416],[-77.03836651970495,38.839286864542856],[-77.03838529356325,38.83928477741726],[-77.03840094638241,38.83928352009329],[-77.03840908940458,38.839282625576935],[-77.03841726702535,38.83928181212469],[-77.03844502503553,38.839279370702315],[-77.03845827069834,38.83927846549323],[-77.0384599986024,38.83927873517747],[-77.03853060239216,38.83927141504339],[-77.03855144975086,38.83926969655312],[-77.03857782510714,38.83926644479498],[-77.03859287885082,38.839264980448824],[-77.03860329082022,38.83926376987278],[-77.03860489195884,38.83926392248692],[-77.03862332142215,38.83926399746589],[-77.0386339082093,38.83926656137149],[-77.03863629263249,38.83926677678512],[-77.03866528766837,38.83927277582226],[-77.03866983725614,38.839272450010675],[-77.03868897993914,38.83927082214518],[-77.03871535602235,38.8392689216238],[-77.03874495715493,38.83926683985684],[-77.0387789351262,38.839264486374624],[-77.03880553019114,38.839262837996834],[-77.03890528711145,38.83925577819339],[-77.03893729671053,38.83925577652767],[-77.03893753860653,38.83925579446389],[-77.03896863907919,38.83925730651316],[-77.03899801263681,38.839260359576805],[-77.03902215619419,38.83926221625741],[-77.03903129058037,38.83926277172728],[-77.03903980311168,38.839263579641155],[-77.03906297909715,38.839265382586184],[-77.03909408051894,38.839268615216426],[-77.03911398471271,38.83926937426646],[-77.03912728867304,38.839269775187766],[-77.03914598404425,38.839271642677424],[-77.03915478454758,38.839272468503246],[-77.03916480603972,38.83927336598632],[-77.03917759204433,38.839274442709744],[-77.03918124346754,38.83927461264467],[-77.03920129652741,38.839273777133485],[-77.03920711350668,38.83927412650934],[-77.03922032516789,38.83927424818892],[-77.03924117429338,38.839275772618315],[-77.03925455934001,38.83927700227563],[-77.03926728758618,38.839277772721175],[-77.03928780327035,38.83928036926048],[-77.03929853904428,38.839281518728384],[-77.03932313263775,38.839284834564715],[-77.03932814348998,38.83928547247664],[-77.03935463737737,38.83928834625172],[-77.03937501446943,38.83929025817992],[-77.03941029669956,38.83929277764758],[-77.03945806440622,38.839294455098106],[-77.03946740591186,38.83929461409185],[-77.03947156414097,38.83929477483787],[-77.0395162900674,38.83929477772074],[-77.03958658530571,38.83929203334699],[-77.03959364574003,38.83929141837724],[-77.03960694851773,38.83928967523218],[-77.03961929517834,38.83928777025803],[-77.03963145807404,38.83928682024107],[-77.03964662693926,38.839285274643835],[-77.03967058424047,38.83928355489728],[-77.03969292906619,38.839282015863255],[-77.03970295036606,38.83928255296206],[-77.03970579558377,38.83928286729011],[-77.03970929712426,38.8392827760143],[-77.039731517267,38.8392848674223],[-77.03973877416382,38.83928542347592],[-77.03974211474782,38.839285872761174],[-77.03976229603191,38.83928777568],[-77.03978737204092,38.83928861392929],[-77.03979187570164,38.83928855834324],[-77.03980972850458,38.83928729107184],[-77.03982746647469,38.83928665442868],[-77.03984313203914,38.83928764001202],[-77.0398473825919,38.83928811600901],[-77.03988078717374,38.8392903386965],[-77.03988724903657,38.83929041756447],[-77.03990061000809,38.83928976438899],[-77.0399532929064,38.839285773638856],[-77.0399772966775,38.83928477448976],[-77.0399815702526,38.839285223448634],[-77.03999045089635,38.839285157347014],[-77.04000461816328,38.8392845219003],[-77.04001855496121,38.839283706361776],[-77.04002961312098,38.839284603415216],[-77.04004090124465,38.83928477971234],[-77.04005276508575,38.839284595472655],[-77.0400623259564,38.83928567320586],[-77.04006981321362,38.839286211142905],[-77.0400730386664,38.839286750542776],[-77.04010195230666,38.839291154754655],[-77.04010817340205,38.83929322456149],[-77.04011796585748,38.83929646423948],[-77.04012891050755,38.83930033411233],[-77.04013421030011,38.839302701513496],[-77.04015228664157,38.83930977594123],[-77.04017729533192,38.83931377609731],[-77.04020028886889,38.83931877688048],[-77.04029628883963,38.83932877018561],[-77.04032129415626,38.83932677068162],[-77.04032214655328,38.83932683344632],[-77.04033314596609,38.83932566755528],[-77.04034397275016,38.83932476296804],[-77.0403544545423,38.83932484942903],[-77.04036436092386,38.83932583693349],[-77.04037357655848,38.83932745526779],[-77.04038187148602,38.83933042518805],[-77.04038867004178,38.839335197316295],[-77.04039362708171,38.83934249244863],[-77.04039640659941,38.83934882442979],[-77.04042881551284,38.8393623258894],[-77.04042899984303,38.839362388884716],[-77.04043959866178,38.83936571834096],[-77.04044800944402,38.839369859315354],[-77.04045607441994,38.83937354998633],[-77.04045868963894,38.839374503975925],[-77.04047928810704,38.839380775726305],[-77.04047957610801,38.83938084769406],[-77.04048821480517,38.83938065552015],[-77.04049835258654,38.83938344462373],[-77.04050860626823,38.83938749486978],[-77.04051828428649,38.83939199573744],[-77.04052750126273,38.83939595625712],[-77.0405364876161,38.839399466433505],[-77.0405448977941,38.83940252638663],[-77.04055042898429,38.83940666835391],[-77.04055826365258,38.83941044918231],[-77.04056121306184,38.839411673307126],[-77.04057964574505,38.839417342226],[-77.04058453018669,38.83941845757598],[-77.04059282451894,38.83942034646693],[-77.04060158061274,38.83942403688746],[-77.04060767597969,38.83942777327531],[-77.04061029122833,38.83942877230378],[-77.04062827678311,38.839438098802766],[-77.04062865698307,38.83943826082261],[-77.0406303622315,38.839439179091286],[-77.0406372868451,38.839442771053676],[-77.04066765696354,38.83945605695373],[-77.04067266846583,38.839457793839046],[-77.04067877476743,38.839460494247184],[-77.04068425914674,38.83946332099012],[-77.04068529606114,38.8394637710514],[-77.04068645977064,38.839464383220616],[-77.04069237030122,38.839467155763856],[-77.04070020508637,38.83947111675177],[-77.04070804019088,38.839475636263174],[-77.0407082936732,38.839475771301586],[-77.04073881216021,38.839486606831876],[-77.04073914624074,38.83948668779134],[-77.04074985950531,38.83948866591131],[-77.0407605729248,38.839490914283886],[-77.04077033054206,38.83949355936131],[-77.04077128669478,38.8394937752302],[-77.04077189731527,38.83949402725362],[-77.04078038795822,38.83949676285732],[-77.0407882224427,38.83950018333217],[-77.04079525063814,38.839503604088314],[-77.0408021612817,38.83950288099643],[-77.04080883980579,38.83949909511095],[-77.04081586357289,38.83949476859712],[-77.04082473105967,38.83949179270614],[-77.04083521246459,38.839491158447785],[-77.04084661719874,38.839493766908745],[-77.04085675604128,38.83949835767154],[-77.04086459114836,38.8395028591555],[-77.0408689712442,38.83950826269415],[-77.0408701265421,38.839514297953656],[-77.04087013035834,38.83952096420808],[-77.04087024884316,38.839526729577],[-77.04087284271782,38.83953062032069],[-77.04087329202433,38.83953077330708],[-77.04088103507107,38.83953541895743],[-77.04088972210916,38.839539154422724],[-77.0408979037563,38.83954536738923],[-77.04090585529423,38.839552030858464],[-77.04091254016723,38.83955932536297],[-77.04091305879106,38.83955983866305],[-77.0409192936669,38.839565773048335],[-77.0409425023407,38.83958415116345],[-77.04105451775834,38.83962174012763],[-77.04109428752051,38.83961577154431],[-77.04109973206228,38.83960937362521],[-77.04109985864586,38.83960916638622],[-77.04110561387338,38.83960222785018],[-77.04111113878288,38.83959537947951],[-77.04111781600216,38.839589341463494],[-77.0411257603523,38.839583483169655],[-77.04113236951743,38.83957928290133],[-77.0411342922298,38.839577777811975],[-77.04113818433528,38.83957582160579],[-77.04114372288656,38.83957266669472],[-77.04114889340299,38.839570475817716],[-77.04115429399175,38.83956777137753],[-77.04116255092886,38.839564678566234],[-77.0411656025663,38.83956338027265],[-77.04116705366579,38.83956299239736],[-77.04117829322693,38.83955877247621],[-77.04120329629093,38.83955277303068],[-77.04122728688354,38.83954877381415],[-77.04125229225117,38.83954677411077],[-77.0412762949356,38.83954377481827],[-77.04130128878165,38.839541775108444],[-77.04132629356585,38.83953877545107],[-77.04135128740874,38.839536775730544],[-77.04138028850494,38.839532774707294],[-77.0414042917592,38.839530775326594],[-77.04143028828075,38.83952977517186],[-77.04145729784281,38.8395277747131],[-77.04149128873367,38.83952777164333],[-77.04151629408645,38.839525771883366],[-77.0415452963328,38.83952377069544],[-77.0415722949531,38.83952277015237],[-77.04159628668016,38.83952077073629],[-77.04162529067652,38.839521778351454],[-77.04165529560477,38.839520776716995],[-77.04168129211918,38.83951977650633],[-77.04170929342354,38.83951977551183],[-77.04173629262459,38.83951977486895],[-77.04176028668579,38.839521775171825],[-77.04178629647332,38.839523774748145],[-77.04181229708641,38.83952977407543],[-77.04183828852939,38.83953977315368],[-77.04186229646386,38.83954577318409],[-77.04188629171064,38.83954977333735],[-77.04191429713613,38.83955677186075],[-77.04193929508074,38.83956177158146],[-77.04196529454497,38.83956577099831],[-77.0419932867016,38.839569769692446],[-77.04202229307768,38.839574776961555],[-77.0420492952444,38.839579775937],[-77.04207728800053,38.839584774549195],[-77.0421042901748,38.839589773511925],[-77.0421272954541,38.83959477391114],[-77.04215429763562,38.83959977286233],[-77.0421842957976,38.83960677060119],[-77.04221329009248,38.839610777888836],[-77.04223828748525,38.83961477760729],[-77.04226929691673,38.839617775204914],[-77.04229829299277,38.8396247732774],[-77.04232129770415,38.83962877370017],[-77.04235029201034,38.83963277194529],[-77.04238229204606,38.839635778161906],[-77.04241129787687,38.83963977638769],[-77.04244129489196,38.83964477418423],[-77.04247329433666,38.83964677142926],[-77.04249929326649,38.83964977078902],[-77.04252928970163,38.83965377763321],[-77.04255829554798,38.839657775822474],[-77.04258329297662,38.83966177546701],[-77.04261029342499,38.83966377449827],[-77.04263629296393,38.83966777376559],[-77.04266329520883,38.839672772598966],[-77.0426862896334,38.83967877283025],[-77.04271429458971,38.83968477122345],[-77.0427482879556,38.839688776548606],[-77.0427782971325,38.83969477419239],[-77.04280629178345,38.83970277244397],[-77.04283329705305,38.839712770928635],[-77.04285829691749,38.83972077026673],[-77.04288229408067,38.83972777002951],[-77.04291028876163,38.83973577726457],[-77.0429342968521,38.839741777074295],[-77.04296229334419,38.83975277510278],[-77.04298928713612,38.83976277355552],[-77.04301129223373,38.83977077396374],[-77.04306729131055,38.83980277836649],[-77.04308129591075,38.83981877221149],[-77.04309529202226,38.83983977475799],[-77.04310829694865,38.839859777730474],[-77.0431172940476,38.83988077311194],[-77.04312029122659,38.83990377058604],[-77.04312428810576,38.839922776945826],[-77.04313729123743,38.83993977109213],[-77.04315629551846,38.83995677202664],[-77.04317729371886,38.83997577209703],[-77.04319529772413,38.83999577321002],[-77.04321129570336,38.840012775248],[-77.04322329615627,38.84002876981737],[-77.04322929789677,38.84004877536903],[-77.0432352911444,38.84007377160643],[-77.04324629193006,38.8400937753052],[-77.04326029723882,38.84011077807449],[-77.04327329073686,38.840130772023535],[-77.04328729605932,38.84014777478949],[-77.04329528992204,38.84016677065179],[-77.0432892881635,38.840203770593966],[-77.0432832979173,38.84022177170431],[-77.04328328821745,38.84024377034971],[-77.04328728879695,38.84026877633109],[-77.0432942926841,38.840288772498496],[-77.0433102895394,38.840303774646046],[-77.0433262979199,38.84031877678707],[-77.04333429302599,38.84033977252223],[-77.04333829180766,38.84036177868742],[-77.04334728782322,38.84038077417341],[-77.04336029109679,38.84039777730207],[-77.0433702886311,38.840415772475886],[-77.04338828979088,38.84044977269409],[-77.04340029461754,38.840472775818604],[-77.04340328948078,38.840491773531234],[-77.04340129862075,38.84051377291243],[-77.04338829233912,38.84052977675947],[-77.0433860359708,38.84055083035145],[-77.04338776308664,38.8405497216698],[-77.04339674337373,38.84054278182293],[-77.04340583840678,38.84053512125649],[-77.0434151634262,38.840526830012095],[-77.04342610115563,38.840518718336],[-77.04343888251438,38.840511686987064],[-77.04345212461405,38.84050465546516],[-77.04346398415178,38.84049708394947],[-77.04347469133481,38.84048870210107],[-77.04348390120921,38.840480500978515],[-77.04349242002152,38.84047239019728],[-77.04350162939785,38.840463378312805],[-77.04351106886887,38.8404539159192],[-77.04352131436312,38.84044400280161],[-77.0435313297578,38.84043454019155],[-77.04354042421322,38.84042597876946],[-77.0435487114322,38.84041588621086],[-77.04355665265197,38.8404050731046],[-77.04356494025112,38.84039561113633],[-77.04357449489042,38.840386148694506],[-77.04358450999486,38.84037623565726],[-77.04359383387269,38.84036614270828],[-77.04360269755549,38.840356950775714],[-77.04361086995723,38.840347488847165],[-77.04362042480427,38.84033838673951],[-77.04362940416124,38.84033000552239],[-77.04363930555141,38.84032252480509],[-77.04365105007382,38.840315313651274],[-77.04366498300914,38.8403079215085],[-77.04367926089195,38.840299538305196],[-77.04369250155028,38.840290254643165],[-77.04370447566093,38.840281782214596],[-77.04371575904186,38.840273940635136],[-77.04372796384907,38.840266008624894],[-77.04374016848799,38.84025780635984],[-77.0437530648993,38.840250684848506],[-77.04376596230212,38.8402451848569],[-77.04377874473856,38.840240045245096],[-77.04379175737813,38.84023463529189],[-77.04380661259566,38.84022859405405],[-77.04382181297986,38.84022192209297],[-77.04383609143551,38.84021452979996],[-77.0438488732527,38.84020839925085],[-77.04386200206287,38.84020461076771],[-77.04387789664959,38.84020298327207],[-77.04389655690325,38.840203336593824],[-77.04391412403746,38.84020554606513],[-77.04394129579914,38.840204770120444],[-77.04397629344219,38.84021177452449],[-77.04400328878233,38.84022377261804],[-77.0440250289147,38.8402312954866],[-77.0440290370398,38.84023076247599],[-77.0440436640887,38.84022832467516],[-77.04405863613682,38.840224985896974],[-77.04407475992646,38.84022146651293],[-77.04409157427064,38.840217046020506],[-77.04410596916279,38.840211725594635],[-77.04412151601805,38.840206584900585],[-77.04413844542978,38.8402019841888],[-77.04415606572876,38.84019702287509],[-77.04417380137781,38.84019233176863],[-77.04419050113702,38.84018890223516],[-77.04420766185908,38.84018583286275],[-77.04422574462059,38.84018366398375],[-77.0442468223117,38.84018167413575],[-77.04426766968685,38.840179774455784],[-77.04428736543099,38.8401782355472],[-77.04430533434459,38.8401782287278],[-77.04432435160138,38.8401784737442],[-77.04433828797616,38.84017677486186],[-77.04437628824722,38.84017776936722],[-77.04442029154794,38.84018177039902],[-77.04445729407468,38.840189773834126],[-77.04449629834244,38.840193776741245],[-77.04452529424704,38.84019977432185],[-77.04455229682527,38.840204772717804],[-77.04458329634613,38.84020977858934],[-77.04461529797875,38.84021477506115],[-77.04464629562675,38.84021677209334],[-77.0446812895899,38.84021777665778],[-77.04471029390731,38.84021877449775],[-77.04474129218636,38.8402217714428],[-77.04476929816096,38.8402287782889],[-77.04479129521987,38.84024177805558],[-77.04481429691107,38.84025877718542],[-77.04483728772274,38.84027677625312],[-77.04485328866888,38.840297777817334],[-77.04486629416556,38.84031777158405],[-77.04487928752809,38.840336774424095],[-77.04489129155863,38.84035777751969],[-77.0449102969976,38.840375778105475],[-77.04493129641727,38.84039577779706],[-77.04494929076048,38.84041777851862],[-77.04496829811391,38.84043876990034],[-77.0449852897328,38.840459771064225],[-77.04500129139386,38.840481772545516],[-77.04502229150079,38.84050277215844],[-77.04504629860308,38.84052477054519],[-77.04507029420718,38.84054677793983],[-77.04509129498517,38.84056877747803],[-77.04511129428963,38.840591777337686],[-77.04513729606442,38.840616774749144],[-77.0451642980787,38.84063877195308],[-77.04518929587678,38.84066077893508],[-77.04521329093176,38.84068177735347],[-77.04524229343163,38.840697774134995],[-77.04526728936659,38.84071677227781],[-77.04529429209316,38.84073976938925],[-77.04532129166878,38.840757775813096],[-77.04534829125242,38.84077577322217],[-77.04537629487744,38.840796770049224],[-77.04540129216028,38.84081777704732],[-77.04542929390846,38.84083577404771],[-77.04545729630742,38.840854770979256],[-77.04548729272712,38.84087577601176],[-77.04551429112223,38.84089177350625],[-77.04554129016732,38.840908770932394],[-77.04557029475345,38.84092777645407],[-77.0455962904249,38.84094277438283],[-77.04562029274018,38.84095677314669],[-77.04565129777777,38.84096977823725],[-77.04564332934049,38.84099167189157],[-77.04564983954664,38.84099504751505],[-77.04566329765278,38.84100177156426],[-77.04568729424186,38.840988771986375],[-77.04571129274893,38.84099677110402],[-77.0457372884809,38.841011778009616],[-77.04577028885227,38.841028773030736],[-77.04580029374834,38.84104477828823],[-77.04583128797437,38.84105877426473],[-77.0458652981849,38.84106977824194],[-77.04589629050598,38.84108077438748],[-77.04592829583738,38.84109077018805],[-77.04596229520317,38.84110277407933],[-77.04599029269541,38.84111377137913],[-77.04602228783106,38.84112577604261],[-77.04605329171935,38.84113677214184],[-77.046083292206,38.84114577776112],[-77.04611429482058,38.84115477396834],[-77.04614329254399,38.84116277102179],[-77.04614532719401,38.841174156900266],[-77.04615793106925,38.84117789943256],[-77.0461677698877,38.84118076022895],[-77.04618329192665,38.84117277260024],[-77.04621029628346,38.84117977048759],[-77.04624029616032,38.84118777612861],[-77.04626829178453,38.841195773548],[-77.04629529810367,38.841205771229255],[-77.0463292962882,38.841215775137705],[-77.04636128892322,38.84122377094819],[-77.04639029822691,38.84123177694403],[-77.04642529855865,38.84124177141775],[-77.04646029695381,38.8412487750758],[-77.04649029557942,38.841254771768305],[-77.04652629676664,38.84126277494527],[-77.04655829965935,38.84126877082138],[-77.04659429694554,38.841270774350264],[-77.0466292947183,38.841276778019754],[-77.04665829385608,38.84128677482082],[-77.04669329164206,38.841292778471086],[-77.04673029303004,38.841297772362225],[-77.04675821745094,38.841302427557],[-77.04677599118324,38.84130296094266],[-77.04679822259968,38.84130340245386],[-77.04681768993812,38.84130447566121],[-77.04683473893783,38.84130645068082],[-77.04685489757803,38.84130779385813],[-77.04687908723734,38.84130832465238],[-77.04690085844008,38.84130957708955],[-77.04691882876304,38.84131128147314],[-77.04693725971707,38.84131280549969],[-77.04695857029202,38.84131423828034],[-77.04697930475405,38.84131540103545],[-77.04699692940018,38.84131692537714],[-77.04701397781449,38.84131799952568],[-77.04703540268942,38.841318080978525],[-77.04705878574646,38.84131816163802],[-77.04707882807833,38.841317793217726],[-77.04709633593535,38.841316885309624],[-77.04711660780866,38.84131525560706],[-77.04713964423266,38.84131371486898],[-77.04715945612895,38.84131325644342],[-77.04717535201834,38.84131334010437],[-77.04719193879257,38.84131306314578],[-77.04721255664109,38.841312063878256],[-77.04723363493969,38.84131061399821],[-77.0472510276655,38.841309796197955],[-77.04726600181833,38.841309519881676],[-77.04728454677317,38.84130924211694],[-77.0473068926655,38.84130860247072],[-77.04732681962709,38.84130796380112],[-77.04734236929687,38.841307056650024],[-77.04735999269364,38.841306689162565],[-77.04738372112946,38.841306499363306],[-77.04740721907115,38.84130612948375],[-77.04742576420408,38.84130612195006],[-77.04744338831864,38.841306835463904],[-77.04746423767418,38.84130754766361],[-77.04748589334018,38.841308259531544],[-77.04750409333182,38.841308882717414],[-77.04751918237075,38.84130815589931],[-77.04753715036873,38.84130634689256],[-77.04755857380044,38.84130426622167],[-77.04757872975198,38.84130155547188],[-77.0475943929227,38.841298125874545],[-77.04760256994882,38.84129623076515],[-77.04760809809068,38.84129496732729],[-77.04762491349052,38.84129207776297],[-77.0476381589896,38.84129054092101],[-77.04764001550947,38.84131080917914],[-77.04765683247525,38.841310261807],[-77.04765509029589,38.841288732319214],[-77.04766568679027,38.84128764697824],[-77.0476807753418,38.8412861994633],[-77.04769448146664,38.841284482257734],[-77.04771256421984,38.8412820425855],[-77.04773444826725,38.841279781524975],[-77.04775425912591,38.84127779156214],[-77.04776957798748,38.84127625385693],[-77.04778524240974,38.841274716008286],[-77.047805859515,38.84127263562211],[-77.04782843473947,38.84127046434534],[-77.04784686340814,38.84126856501762],[-77.04786252800822,38.841267297412124],[-77.04788153357731,38.84126683919462],[-77.04790088482832,38.841266561001184],[-77.04759045783139,38.840820769615775],[-77.04748866636568,38.840663064066476],[-77.04745529940081,38.840666771102796],[-77.04702128946948,38.84066677559158],[-77.0467382939522,38.84063977381264],[-77.04643329865777,38.8405427754172],[-77.04629667374537,38.840467338856286],[-77.04627864285091,38.8404606887603],[-77.04624638249442,38.84044783747645],[-77.04620729473021,38.84043977237505],[-77.04619329771883,38.840436778100624],[-77.04612129690611,38.840421771466026],[-77.04598128888436,38.84033277815008],[-77.04587229018681,38.840155777913104],[-77.04584629710696,38.840054776340736],[-77.04585177558553,38.84003009102685],[-77.04584987311057,38.84002710096773],[-77.04584825241982,38.84001448976979],[-77.04586161070604,38.84000952987248],[-77.04588740920877,38.840004925421646],[-77.04591424298319,38.839998158529106],[-77.04594349789932,38.839994903974144],[-77.04597309819388,38.83999137902218],[-77.04597658776112,38.839990539861546],[-77.04599229327697,38.83996376955909],[-77.04607029603083,38.83998077378194],[-77.04613528872086,38.840006773532224],[-77.04618996958024,38.84004623595654],[-77.04621307289304,38.84005965841523],[-77.0462393454347,38.84007559297229],[-77.04626619362216,38.840091076872596],[-77.04627118282296,38.840093669329335],[-77.04630929070528,38.840100770893976],[-77.04633628866453,38.84008077042161],[-77.04637529865063,38.84007577325396],[-77.04641323293606,38.840081613670236],[-77.04641485584071,38.84007975728351],[-77.04642129126826,38.840056774160004],[-77.04644029457307,38.84005331636298],[-77.04644414988786,38.84004810794296],[-77.04645629331317,38.839981773868665],[-77.04647928990951,38.83997277427691],[-77.0464762909947,38.83994877695126],[-77.04650328884969,38.839928776439756],[-77.04650365690749,38.839927956523844],[-77.04649989835873,38.839904869355095],[-77.04649506844648,38.83988155740161],[-77.04648529439994,38.839871778114144],[-77.0464242992683,38.83984677690665],[-77.04641028870762,38.83982277494967],[-77.04642029399368,38.839780773560214],[-77.04639628801786,38.83976077532957],[-77.04636229926787,38.83972877279089],[-77.04634729297055,38.839696771714515],[-77.04630528872804,38.83966677221824],[-77.04630929864703,38.839544778144756],[-77.04626029504358,38.83950277313924],[-77.04625329155598,38.839466778132376],[-77.04621529538213,38.83945377596716],[-77.04620428946339,38.839444771870404],[-77.04617829020535,38.839405775553175],[-77.04619829237765,38.839379769239045],[-77.04621328921489,38.83936177341908],[-77.04621029222514,38.83932277700715],[-77.04618428924627,38.8392957709447],[-77.04606429529794,38.83921377836948],[-77.04606029057932,38.8391837727881],[-77.04601628867692,38.83909177778944],[-77.04595829294209,38.83905477589143],[-77.04592029563776,38.83900377596795],[-77.0457652982817,38.83893977772378],[-77.04568129184736,38.83886277032665],[-77.04563528892848,38.83888277808385],[-77.04559029130888,38.838871769319965],[-77.0455452956585,38.83884577046894],[-77.04551628814878,38.83880277542052],[-77.04546729443658,38.83877476921277],[-77.04541129057401,38.83875377429004],[-77.04538129712968,38.83869977125891],[-77.04537529244202,38.83865777617543],[-77.04533829214074,38.83859777622502],[-77.04533029491026,38.8385377740102],[-77.04531729096496,38.83850177226366],[-77.04527529546773,38.8384837716507],[-77.0452922929195,38.838423777750826],[-77.04532329715353,38.83836476933975],[-77.0453472904636,38.83832977117844],[-77.04535929835464,38.838302777179145],[-77.04540529143803,38.83826777045371],[-77.04542229318238,38.83821477610132],[-77.04541829451477,38.83819376993832],[-77.04542629211042,38.8381637776762],[-77.04544229675508,38.83813677310356],[-77.0454362986272,38.838050771709014],[-77.04543828764457,38.837990774616834],[-77.04543029599483,38.83797576963974],[-77.045431298842,38.837940771396994],[-77.04544729580219,38.837901776570305],[-77.04544606862034,38.837891948822296],[-77.04544582636044,38.83789135435854],[-77.04544167859856,38.837871339183486],[-77.04543329180693,38.837850776142574],[-77.04542929697413,38.837835769609235],[-77.04539629576354,38.83777877693728],[-77.04535929573444,38.83775477477749],[-77.04532929494977,38.83772477025571],[-77.04532629279807,38.83767677436491],[-77.04533129418367,38.83742676972921],[-77.04527229131774,38.83734277075174],[-77.04526829084683,38.83731877377363],[-77.04527729691856,38.837280772607926],[-77.04530029279357,38.837271773244545],[-77.0453192977001,38.837253775977565],[-77.04533229487751,38.83718877491087],[-77.04531029558287,38.83715277664935],[-77.04528328953621,38.837049775419366],[-77.04528628950054,38.83702177596933],[-77.0452632933857,38.83697576968838],[-77.04526928941175,38.83693177005566],[-77.04525129491118,38.836853772797994],[-77.0452202878899,38.83674377352792],[-77.0452432934403,38.836695776556475],[-77.04523229653458,38.83666377376735],[-77.04521429798424,38.83663377356735],[-77.04522629803357,38.836594771302636],[-77.04520829202612,38.836534772938336],[-77.04519728870707,38.836510769658595],[-77.04514929193907,38.83645377370262],[-77.04515429568713,38.83638877573929],[-77.04515374306189,38.83635272410222],[-77.04515332808076,38.836352192763705],[-77.0451458353966,38.83634264669613],[-77.04514502093991,38.83632967483089],[-77.04514777413085,38.83631210727166],[-77.04515087829817,38.836303142654586],[-77.0451442908583,38.83624977008535],[-77.04512629273249,38.83618377206858],[-77.04508229895427,38.83617277172509],[-77.04505729850771,38.83612577524118],[-77.04505609700415,38.83610175014523],[-77.04505445558195,38.83609242702392],[-77.04505542055934,38.83608842689565],[-77.04505529218568,38.83608576944985],[-77.0450562936324,38.83608480515813],[-77.04505721265188,38.83608098521678],[-77.04506492160951,38.83606828031339],[-77.04507481839097,38.83605467371862],[-77.04508333342267,38.83604169824886],[-77.04509277084779,38.83603025386014],[-77.04510405226623,38.836020610449815],[-77.045116140615,38.83601204774155],[-77.04512845897646,38.83600294443555],[-77.04514020092927,38.835993030589805],[-77.04514192769679,38.83599158856852],[-77.04515102179195,38.83598365760681],[-77.0451618433356,38.83597536563755],[-77.0451726654468,38.83596797451301],[-77.04518268216103,38.83596193496812],[-77.04519200854372,38.835957066789334],[-77.04521296111041,38.83594138395559],[-77.04521651965848,38.83594064388336],[-77.04522029442666,38.83593576884451],[-77.04513229199004,38.835889769681586],[-77.04510529241334,38.835868772392246],[-77.04508929506245,38.835833771700955],[-77.04504829394062,38.835782772628654],[-77.04505029126875,38.83568076907174],[-77.04504729002146,38.83563377309687],[-77.04503129195552,38.83561577135986],[-77.04502629579004,38.83554677749516],[-77.04502029581606,38.83552977183785],[-77.04502029758204,38.835477775007554],[-77.04501029750728,38.83541877345273],[-77.04499529398213,38.83538877205808],[-77.04499330456126,38.83530239070243],[-77.04499296991644,38.83530139089238],[-77.04496629792867,38.835269772468315],[-77.04495560143229,38.83522043725293],[-77.04494828279918,38.83521270180449],[-77.04494058373669,38.83520441698595],[-77.0449152956109,38.83519376971225],[-77.04491191633475,38.835131558586355],[-77.04491056427926,38.835124433414556],[-77.04490916787367,38.83510173263196],[-77.04490915495076,38.83509949853879],[-77.04490329657487,38.83508777177752],[-77.0449072909023,38.835065771580496],[-77.0448982970278,38.83504977601516],[-77.04489629208267,38.83501177009195],[-77.04488529036621,38.834989775663125],[-77.04486729510405,38.83494577625293],[-77.04486129186543,38.834886773143815],[-77.04481829283516,38.83480777645532],[-77.0448197773968,38.834787488831644],[-77.04481532307953,38.8347739508256],[-77.04480932411401,38.8347583684918],[-77.04480471090505,38.83474857806599],[-77.04478028816662,38.83472176925133],[-77.04478600461262,38.83465420360113],[-77.04478551809149,38.83464977162507],[-77.04473429232154,38.83458376826011],[-77.04473018194417,38.83451249489135],[-77.04472393119478,38.83449940799277],[-77.04471989100048,38.834484996003034],[-77.04471746198168,38.83446852045819],[-77.04470229493796,38.83445277046982],[-77.04466929236875,38.83437177001344],[-77.04465129650885,38.83434476953259],[-77.04464728506592,38.83432104277988],[-77.04464676538306,38.83431881788871],[-77.0446460018367,38.83431340409548],[-77.0446408690123,38.834282993493034],[-77.04463579055833,38.83426585233321],[-77.04463036349922,38.83424378367797],[-77.04462540114405,38.83422811085241],[-77.0446195185113,38.83421424007074],[-77.04461415453166,38.83420094563203],[-77.04457929219173,38.83414777299613],[-77.04453629458531,38.83410677388584],[-77.04454628803141,38.83406377268396],[-77.04448828775996,38.83393777543435],[-77.04445829112292,38.83389277158033],[-77.04444429080121,38.83382677191109],[-77.04440029520121,38.83375477501035],[-77.04434829096695,38.83369477139907],[-77.04430729381221,38.83362877295834],[-77.04425829137288,38.833598775354616],[-77.04424029673747,38.83359177359339],[-77.04421729299581,38.83356777475864],[-77.04419528757522,38.83353777590515],[-77.04416928708252,38.83352876827717],[-77.04405829636744,38.833533773892654],[-77.04397429333287,38.83352377014696],[-77.043930291355,38.83347777149128],[-77.04391528869151,38.83344776994858],[-77.04383629511197,38.83341777443974],[-77.04379429684482,38.83338977388802],[-77.04377629372438,38.83336877290714],[-77.04379929009417,38.83332477595544],[-77.0437972916426,38.83325877169808],[-77.04384328961656,38.83323577383833],[-77.0438442944032,38.833202775461054],[-77.04377029674257,38.833186777181076],[-77.04375729455838,38.833150775229996],[-77.04378828946018,38.833115774734345],[-77.04379329141805,38.83308377479649],[-77.04374829381878,38.833028776988016],[-77.04373829697582,38.832972775118805],[-77.04371629745003,38.832951775625055],[-77.04369029456693,38.83290077043428],[-77.04367329228332,38.83285877033293],[-77.04366628860555,38.83276276975776],[-77.04364429019596,38.83270577242853],[-77.0436132883259,38.83265376914851],[-77.0436162971348,38.832601771171085],[-77.04360129722984,38.83257576934085],[-77.04360328685561,38.83247677458731],[-77.04357429522472,38.832434769939155],[-77.04354529448577,38.83237777520258],[-77.04355028910531,38.83231476814036],[-77.04352528784129,38.83222477390036],[-77.04350829495556,38.83219777286036],[-77.04350429341473,38.832132769272654],[-77.04347729568575,38.8320927727425],[-77.04346628836794,38.83190876994304],[-77.0434142911675,38.83187577327389],[-77.04337229761731,38.83185377219976],[-77.04335929518834,38.831740774846715],[-77.04334029122472,38.83172077410478],[-77.0433422976088,38.83168677541237],[-77.04331629121599,38.83164776940524],[-77.04332029614376,38.831623769367425],[-77.04328029220957,38.831539771262705],[-77.04327629333923,38.83151677413357],[-77.04320929639367,38.83143776769098],[-77.04318629246251,38.831430776628075],[-77.0431502924474,38.831377775124714],[-77.0431312898471,38.831359774226485],[-77.04310129686786,38.83135577654013],[-77.04304929728109,38.83129877214563],[-77.04300028974284,38.83125677472899],[-77.0429132975932,38.831231772222964],[-77.04288729270178,38.83121377385922],[-77.04280729690976,38.831197768160116],[-77.04255128812933,38.8312247700709],[-77.04251328747556,38.83125377316271],[-77.04246329294571,38.83125577322655],[-77.04242529707813,38.83123477029479],[-77.04239129683697,38.83123177382231],[-77.04227629311913,38.83128077655024],[-77.04211128843592,38.83134076952834],[-77.0421062917432,38.831382768797475],[-77.04211728879376,38.83141877166583],[-77.04209028939114,38.83143277155326],[-77.04204429352144,38.83143876975396],[-77.04201428812671,38.83145277070669],[-77.04198628988378,38.83149176942094],[-77.04197428657095,38.83152677162642],[-77.04198129418322,38.83157477521717],[-77.04196128913023,38.831594772196],[-77.0419912909671,38.83161376926648],[-77.0420022942184,38.8316407726854],[-77.0419972968524,38.831681772008565],[-77.04202329715848,38.83175077649974],[-77.04203729398414,38.83179576874126],[-77.04206229093215,38.831842774912865],[-77.04208929312493,38.83185277358216],[-77.04214928792257,38.8319727717057],[-77.0421532873191,38.8320947718969],[-77.0422012911822,38.83217277685881],[-77.0421962900583,38.83222677540236],[-77.04222228717512,38.832250773557234],[-77.0422193529422,38.83229424045867],[-77.0422201944055,38.83229542927154],[-77.04222434589427,38.832304346149186],[-77.04223115024487,38.83231983824553],[-77.04223253428839,38.83232317087645],[-77.0422392240561,38.8323396539448],[-77.04224579828102,38.832355506462115],[-77.04224983988102,38.83237334175796],[-77.04225180831972,38.832391087719564],[-77.04225631088111,38.832409373271425],[-77.04226311546195,38.83242522570414],[-77.04226738640274,38.832441349308006],[-77.0422715413726,38.83245612168408],[-77.04227777009665,38.832471974324385],[-77.04228480306007,38.83248449354133],[-77.04229149008022,38.832496292206045],[-77.04229737259959,38.83251097387041],[-77.0423019890189,38.832527007262904],[-77.04230568405605,38.832543040989215],[-77.04230960789286,38.83255646217789],[-77.04231053280063,38.8325624074287],[-77.04231284587125,38.83257862182496],[-77.04231367918028,38.8325854769638],[-77.04233529591393,38.832602774383275],[-77.04234929395015,38.83262977667895],[-77.0423472918113,38.832671774863236],[-77.04239928612932,38.83269977230734],[-77.04243728736711,38.83284477674134],[-77.04246429290586,38.83291777150557],[-77.04249729212471,38.83295977496685],[-77.04250429745468,38.83298377096184],[-77.0425372917632,38.83303677374667],[-77.04252629246163,38.833055776603935],[-77.04253019811452,38.83307722433142],[-77.04253174323163,38.83308022358654],[-77.04253531786199,38.83308733896962],[-77.0425416611759,38.833102020452365],[-77.0425425151377,38.83310483078157],[-77.04256029162092,38.833132777561104],[-77.04255515174113,38.83316619182462],[-77.04255632907207,38.83317047942369],[-77.04255667663458,38.83317390251288],[-77.0425611767458,38.83318786398946],[-77.04256510104209,38.83320191576039],[-77.04256752539095,38.83321146384691],[-77.04257929420909,38.83324677272827],[-77.04258129611844,38.833339775367754],[-77.0425642944326,38.833413777082036],[-77.04252828711293,38.83348476788517],[-77.04249688618282,38.83351617381523],[-77.0424967595873,38.83351633601363],[-77.04247420010351,38.833541117497745],[-77.04244933630721,38.83356454854616],[-77.04242228321156,38.83358635886179],[-77.04238620304113,38.833612622630305],[-77.04237729275533,38.83361976957659],[-77.04236178341267,38.83362769364545],[-77.04234054122016,38.83364043931952],[-77.04229529075909,38.83366279671355],[-77.04228511168324,38.833666818176184],[-77.04228128903623,38.83366877439742],[-77.04225791374678,38.83367757512264],[-77.04224738922207,38.833681731833956],[-77.04224452189031,38.83368261570119],[-77.042196297379,38.83370077618975],[-77.04212029196057,38.83371777558775],[-77.04203829210435,38.83372576863343],[-77.04200929281532,38.83372876988476],[-77.04189128961407,38.83371777693432],[-77.04178929381207,38.833683770521546],[-77.0417142904203,38.83364177287736],[-77.04100328869208,38.83321277160104],[-77.04091328658114,38.83316377012377],[-77.04083129319136,38.833121774359235],[-77.04083029060601,38.83312077477063],[-77.04077029038906,38.833069771812],[-77.04070828611874,38.833038768309244],[-77.04064629526485,38.83299077480733],[-77.04060429551247,38.832977772198035],[-77.04054429257698,38.83294176821437],[-77.04046929314597,38.83288377073352],[-77.04041229033604,38.83287777283248],[-77.03996128660096,38.83259777392557],[-77.03993028847708,38.83258877607181],[-77.03985828817339,38.83257877426397],[-77.0397832883755,38.83255977397894],[-77.0397752936942,38.83255677688551],[-77.03974128625087,38.8325417713618],[-77.03971529319922,38.83252377229112],[-77.03968529031971,38.83248177603064],[-77.03955929008113,38.832396769900875],[-77.03933928885527,38.83227477057052],[-77.03923128593502,38.832201775307425],[-77.03917429637518,38.83215577020711],[-77.03911829628001,38.832107773876444],[-77.03904128996543,38.832040776687684],[-77.03900629312379,38.831963775027084],[-77.03895428915487,38.831935776072015],[-77.03890128711535,38.831893769263836],[-77.03889828781809,38.831863772076304],[-77.03886129141067,38.83183677702438],[-77.03885729666295,38.83181877043351],[-77.03882029540125,38.83178277591372],[-77.03882429196182,38.83176177585281],[-77.0387982862779,38.831740776761244],[-77.03876029056978,38.83173977143018],[-77.03871129013085,38.831706771670326],[-77.03868629503906,38.8316377751172],[-77.03864828856203,38.83161677096091],[-77.0386212853178,38.83160377167676],[-77.03863029096026,38.83155977135279],[-77.03862328637284,38.831555773912704],[-77.03856629214437,38.8315207678486],[-77.03854829445686,38.83148477596795],[-77.03853729271913,38.83143677349016],[-77.03850028784335,38.83141476901465],[-77.03848129307711,38.83138777690889],[-77.03841528772523,38.83130076787025],[-77.03841929019448,38.831247769750206],[-77.0383512897399,38.83121977578853],[-77.03828729084492,38.831179772189714],[-77.03826228858114,38.83111777512045],[-77.03826028540006,38.83105477056769],[-77.03824529527385,38.83104277620468],[-77.03820429348443,38.83099777433048],[-77.03815229486207,38.83093476811373],[-77.0381412883729,38.83089877388133],[-77.03808129492776,38.830831770485645],[-77.03800728785487,38.83074777264746],[-77.03802629019557,38.83072476784298],[-77.03802429522617,38.83067677138464],[-77.03796829493702,38.830624774732534],[-77.03787029000253,38.83054677524011],[-77.0378652913293,38.830502770503045],[-77.03788328546734,38.83048977445449],[-77.03786028486164,38.83046577435503],[-77.0378282961288,38.83041077002251],[-77.03784628783855,38.830349767860895],[-77.03784728981799,38.830349776544395],[-77.03784029623365,38.83032277142877],[-77.03781729569619,38.83029877132024],[-77.0378242950744,38.83024977200045],[-77.03782728775013,38.83022477253471],[-77.0378282901149,38.83020377347327],[-77.03780129390685,38.83020277327253],[-77.03778629092734,38.8301877700252],[-77.03775729213568,38.830145772929136],[-77.03775129283255,38.830038772297186],[-77.03774129340555,38.83001176814663],[-77.03775028553007,38.82991977076988],[-77.03773928456991,38.82987176820503],[-77.03774329603453,38.82985677681786],[-77.03777828721415,38.8298187677799],[-77.03777228933176,38.82977977206526],[-77.03774528947226,38.82974977359547],[-77.03774829479967,38.829639770224176],[-77.03771828594127,38.82960377308116],[-77.03771528607298,38.82954976828579],[-77.0377012939948,38.82950777532935],[-77.03773229186889,38.8294757762412],[-77.03776729345053,38.82945777500838],[-77.03777129230643,38.829440774734934],[-77.03776329170789,38.829425769216314],[-77.03775729545299,38.829389773317914],[-77.03779429231197,38.82933377371227],[-77.03780628697834,38.829322770487416],[-77.03780729039543,38.8293037713028],[-77.03779029096717,38.82928076918082],[-77.03777128657342,38.829255767825295],[-77.03776529309162,38.829246770305126],[-77.03776428584393,38.8292367712312],[-77.03776629281634,38.82922077154188],[-77.03777529046408,38.82920476958987],[-77.03778829594559,38.829188775347895],[-77.03780829156008,38.829171769891495],[-77.03782829550798,38.82914877379742],[-77.03785128622756,38.8290897698823],[-77.03785228591885,38.82906377111768],[-77.03783828975236,38.829035768327586],[-77.03783929421677,38.82901876902155],[-77.03784528595553,38.82900276803822],[-77.03785628800387,38.828987774377865],[-77.03786729534582,38.828982771106524],[-77.0378822874789,38.828977775549205],[-77.03788828647657,38.82895377504092],[-77.03791528861737,38.8289017693892],[-77.03793428714316,38.82885077528127],[-77.03794129497335,38.82883977366253],[-77.03795029519108,38.82882877139546],[-77.03795629468493,38.828805770823024],[-77.03794929076165,38.82878077459936],[-77.03794929111794,38.82875977585795],[-77.03795628883739,38.82872977538015],[-77.03796728762534,38.828708773060775],[-77.03797729278118,38.828681771423284],[-77.03798628765388,38.8286607697541],[-77.03798528817643,38.82864377109804],[-77.03798328568524,38.82862477288824],[-77.0379712950487,38.82859976927967],[-77.037976295226,38.828581768730984],[-77.03800829394406,38.82848377319223],[-77.0380162942879,38.828476771005505],[-77.03801929267883,38.828462770867176],[-77.03801028753311,38.82844277499836],[-77.038009288053,38.82842577634191],[-77.03803328639697,38.828399770080004],[-77.03805129202402,38.828387773937415],[-77.03805228597771,38.82837277451145],[-77.03804528632082,38.82835576880301],[-77.03803629536137,38.82834077263191],[-77.0380212887991,38.82829677114772],[-77.03802328876533,38.82826777223206],[-77.03803029439419,38.828252770847094],[-77.03804328705833,38.828234767689665],[-77.03805829512659,38.82821677288191],[-77.03806629223713,38.82820377105163],[-77.03807428667878,38.82818576952084],[-77.03807328985303,38.828173770564206],[-77.03806729535783,38.82816277317803],[-77.03806028580043,38.828148767293655],[-77.03805828543504,38.828133768843614],[-77.03805829215483,38.82812476937993],[-77.03806528784499,38.82811276781629],[-77.03807229238828,38.82809577555689],[-77.03808028948272,38.82808277372541],[-77.03808929118391,38.828074771266316],[-77.03809628793087,38.828064769580706],[-77.03811728617195,38.82804977262977],[-77.03812729545021,38.82803077049658],[-77.03813329588803,38.82800976979219],[-77.03813329115216,38.827957772904014],[-77.03814929169594,38.82794376851179],[-77.03815429047539,38.827901769389285],[-77.03815828701461,38.827880769338286],[-77.03816429224082,38.82786876809208],[-77.03816228651718,38.827843770242836],[-77.03815828950209,38.827820772925],[-77.0381532958938,38.827807775334946],[-77.03814429239088,38.827790770286036],[-77.0381432955588,38.82777877132927],[-77.03814428734809,38.82775977214088],[-77.03814728782066,38.82774977175789],[-77.03814328464068,38.82773677384348],[-77.03813828836579,38.82771876754386],[-77.03813728833127,38.827700768946514],[-77.03814329301169,38.82768776776101],[-77.03815329178926,38.8276707745169],[-77.03817228602408,38.82765576920178],[-77.0381812855271,38.82764377598329],[-77.03819129312703,38.827621774023214],[-77.0381982943778,38.82759877310606],[-77.03820728904897,38.82757777141627],[-77.03823829067792,38.82755477164474],[-77.03826529552731,38.827530773235246],[-77.03828029347855,38.82751576921255],[-77.03827928886346,38.827510769840785],[-77.03827429096692,38.82748977273455],[-77.03828829471354,38.8274247720232],[-77.03830429078354,38.827359770655576],[-77.03831429079398,38.8273237695224],[-77.03833560888165,38.82730439430833],[-77.03833653937868,38.82730004291112],[-77.0383398702512,38.82728346622992],[-77.03834377796072,38.82726878113803],[-77.03834814550405,38.82725256445474],[-77.0383537789353,38.82723463574566],[-77.03836125610783,38.82721877837864],[-77.03836873293828,38.827202290418164],[-77.03837482706625,38.82718445164117],[-77.03837803448296,38.82717390166654],[-77.03833628941685,38.827134773579736],[-77.03830529465239,38.8271057674714],[-77.03833928932107,38.82693077575692],[-77.03840429436531,38.826835769056366],[-77.03845129133522,38.82653377158188],[-77.03846628641867,38.82644977164452],[-77.0385082938738,38.82635677233795],[-77.03852229413629,38.826264773195675],[-77.03856077295598,38.82620614235562],[-77.03856132370395,38.82620237663203],[-77.03856534433073,38.82618372776488],[-77.03856948026413,38.8261653491136],[-77.03857045664145,38.826160709427434],[-77.038580291545,38.826096773044966],[-77.03854129189514,38.82604377106912],[-77.03860778494257,38.825933908778126],[-77.0386106904159,38.82591886366681],[-77.03861258693622,38.82591209767597],[-77.03863029425418,38.825775775599126],[-77.03866829183345,38.82567976872216],[-77.03865729514288,38.825575769538936],[-77.03861828977179,38.82551176824016],[-77.03862828589182,38.82542676998207],[-77.03866729573738,38.82507376901584],[-77.03871327841351,38.825029233889985],[-77.03871350839836,38.82502861222895],[-77.03872029351312,38.82501131370697],[-77.03872730743176,38.8249912224816],[-77.03873443572547,38.8249696898618],[-77.03874029705072,38.8249477973232],[-77.03874638888944,38.82492626504667],[-77.03875040773391,38.82490455328862],[-77.03875140642994,38.82489865240615],[-77.03875129079015,38.82489776961403],[-77.03876628498229,38.82474977341246],[-77.03878735484687,38.8247202816731],[-77.0387917558204,38.82470247946393],[-77.03879796420252,38.824683559602846],[-77.03879837825603,38.82468259555837],[-77.03879329390988,38.82465077030702],[-77.03881329192609,38.82461977450348],[-77.03882928615117,38.82459577060531],[-77.03884029066656,38.824565768721364],[-77.03881229196492,38.8245597693843],[-77.03880429061253,38.82454277305293],[-77.03879128479234,38.8245137700874],[-77.03878629195339,38.82448077370275],[-77.0388032853314,38.824451769771734],[-77.03883829352114,38.824429768437454],[-77.03887329453303,38.82441577562943],[-77.03888329329985,38.82437877449035],[-77.03890228759519,38.82436576892985],[-77.03894229425742,38.82432376708231],[-77.03897929411251,38.82427976634368],[-77.03901429014938,38.82423577527137],[-77.03903229189943,38.82417677274522],[-77.03905229240853,38.82415076759301],[-77.03907029296317,38.82413177170098],[-77.03908729106894,38.824111767192555],[-77.03912929411622,38.8240987719022],[-77.03918429261438,38.824095771641666],[-77.03921928846434,38.824093769011945],[-77.03925829128087,38.82406976632612],[-77.03933728896658,38.82406676692548],[-77.03937629559356,38.82404977279288],[-77.0394132847757,38.82404976931397],[-77.03946128531689,38.824032772114876],[-77.0394894996651,38.82403333911277],[-77.03951666846712,38.8240174389642],[-77.03967069694637,38.82391904117103],[-77.0396712943625,38.82389577207451],[-77.03968829391104,38.82387876729978],[-77.03968328822832,38.823864769830436],[-77.03967428708555,38.82385177366019],[-77.03967529215113,38.82383677420581],[-77.039678285577,38.823814774489435],[-77.03969829075251,38.823797768690994],[-77.03972029262212,38.82378877074475],[-77.03975128505608,38.82377377008692],[-77.0397712913216,38.8237587731657],[-77.03979729419763,38.823758773308846],[-77.03981729060104,38.82374676719714],[-77.03993447836508,38.82375052872869],[-77.04011959889495,38.82363225600362],[-77.04085520057887,38.823415364934355],[-77.04089229050739,38.82339076780978],[-77.04090229604769,38.82338777348882],[-77.04095528730267,38.823379773392006],[-77.04098428710003,38.823344774286454],[-77.04102128688568,38.8233237715345],[-77.04104069274011,38.82330669364734],[-77.04092419022824,38.822869850446224],[-77.04072007588705,38.82210638127352],[-77.04039566548546,38.821997851777695],[-77.04039028821892,38.82199877250389],[-77.04023829343633,38.82197777220118],[-77.0401062943154,38.82192376677199],[-77.04006129111885,38.82190277445856],[-77.03993828528071,38.82188877240538],[-77.03989128548629,38.821859772171955],[-77.03981928560465,38.821851770209065],[-77.03976629128046,38.821831771441005],[-77.03971329269959,38.82182477188534],[-77.0396602938353,38.821775774776874],[-77.03963628691972,38.82173976703498],[-77.03958629441013,38.82171276757699],[-77.03955629305764,38.82170676909555],[-77.0394982884441,38.82166377325658],[-77.039490290925,38.82161177001337],[-77.03949428727238,38.82159176983699],[-77.03946129185086,38.82156477357927],[-77.03944628889178,38.82146376657347],[-77.03946129186816,38.82143977192013],[-77.03948829178245,38.821411773440595],[-77.0395002896356,38.821367771965974],[-77.03951029484308,38.82134376998915],[-77.03951828593934,38.82132176857603],[-77.03951829624303,38.82129876992408],[-77.03954428991733,38.8212837710079],[-77.03954629349877,38.82126277156281],[-77.03954928452708,38.82121577331049],[-77.03955529315805,38.8211697739761],[-77.03957028562382,38.82114777018525],[-77.0396232922935,38.82112877133084],[-77.039675290979,38.82109877344116],[-77.03974229425526,38.82106877041866],[-77.0397928451383,38.82102391798581],[-77.03996750029904,38.82065423133966],[-77.03974403733713,38.820021182615456],[-77.03956021165435,38.819883505401144],[-77.03955728636879,38.81988276769739],[-77.03949828925127,38.81987477013438],[-77.03943129282256,38.819852767056084],[-77.0393762920254,38.819824769251575],[-77.03934229508734,38.81979677334959],[-77.03927929504984,38.81973377123581],[-77.03921829055258,38.819676768065655],[-77.03913428697292,38.81961377293],[-77.03902728988713,38.81953376840357],[-77.0389852895111,38.819546772674904],[-77.03896229200103,38.819543771523335],[-77.03894429209232,38.81954076869933],[-77.0389252877063,38.81951176772836],[-77.03892128920644,38.819506769354604],[-77.03892228837398,38.819480770541944],[-77.03889429290491,38.81943477355863],[-77.03890728926937,38.8194057709216],[-77.0389012850274,38.819375765669136],[-77.03886928614294,38.81933676960448],[-77.03886696506353,38.81928245823748],[-77.03884997551891,38.81925269986948],[-77.038848555768,38.819246475480796],[-77.0388467073151,38.81923539566279],[-77.03884693070866,38.81922269362811],[-77.03884749926267,38.81920945096958],[-77.03884921987058,38.81919719886051],[-77.03885128627543,38.81918557723006],[-77.0388527764812,38.81917314502791],[-77.0388529989913,38.819158821466566],[-77.03885425830518,38.81914530832334],[-77.03885620906611,38.81913278588297],[-77.03885839042334,38.81912080387467],[-77.0388620682573,38.81910792051964],[-77.03886781915729,38.81909566706773],[-77.03887483755354,38.81908494463528],[-77.03888220203923,38.81907539318986],[-77.03888864516537,38.819065571796514],[-77.03889531810178,38.8190548494779],[-77.0389025668414,38.81904421705177],[-77.03891039197326,38.81903475553572],[-77.03891890810863,38.819025473958284],[-77.0389280006853,38.81901745337555],[-77.03893755376652,38.81900925246874],[-77.03894745200441,38.819000510936945],[-77.0389575804438,38.81899158915778],[-77.03896759387712,38.81898293767062],[-77.03897772290155,38.81897509690744],[-77.03898739190947,38.81896833731502],[-77.03899625510356,38.818962028415235],[-77.039003621184,38.818955449760715],[-77.03900995095239,38.81894896153705],[-77.03901455340389,38.81894238380576],[-77.0390173138309,38.8189365273689],[-77.03901823188959,38.81893076163284],[-77.03901938020095,38.818924905734946],[-77.03902006840009,38.81891995083923],[-77.03901902746303,38.81891157329822],[-77.03909849312734,38.81893244637812],[-77.0391189561551,38.81889164010039],[-77.03906329333672,38.81887276795969],[-77.03906800924388,38.81886310928703],[-77.0390512405437,38.818858142217714],[-77.03906781371437,38.81882142710155],[-77.03897228862495,38.81878676737778],[-77.03897548601788,38.818779802752395],[-77.03897416158178,38.81877943384697],[-77.03896206887656,38.81877601466195],[-77.03897379975767,38.81874943571903],[-77.03897437492158,38.81874835450895],[-77.03897632958403,38.81874303885096],[-77.03897954987205,38.818735830988686],[-77.03898219381551,38.818727542300884],[-77.03898311000565,38.81871835334196],[-77.03898241310189,38.818707363225286],[-77.03897975789887,38.81869502249031],[-77.03897629718296,38.81868367295751],[-77.03897249081949,38.8186719632007],[-77.03896891461102,38.818659983112354],[-77.0389659136654,38.81864710198345],[-77.03896222063763,38.81863205904957],[-77.03895599257893,38.81861386399275],[-77.0389493041178,38.818596029428555],[-77.038943307742,38.81858035666894],[-77.03893788717045,38.8185647738017],[-77.03893235095963,38.81854829012438],[-77.03892658341934,38.81852991474241],[-77.03892231327917,38.818512349624164],[-77.03891896458953,38.81849523462254],[-77.0389187685001,38.818494622111054],[-77.03891128551214,38.8184767697924],[-77.03890442011426,38.81845116096295],[-77.03890224020584,38.818444612522214],[-77.03889589619442,38.81842488605811],[-77.0388898988145,38.818407321514144],[-77.03888390084903,38.81838867595199],[-77.03887859359148,38.81836966981995],[-77.03887374610366,38.81834913209224],[-77.03886855419806,38.81833048626054],[-77.0388646296323,38.8183131011942],[-77.03886174127192,38.81829544552804],[-77.03886011941613,38.818277519185486],[-77.03885999402094,38.81825869149608],[-77.03886159612036,38.81824031365544],[-77.03886481100442,38.818223196465354],[-77.03886743996571,38.81820854779489],[-77.03885828910778,38.81817276914457],[-77.03882228955256,38.81814477375123],[-77.03882329081227,38.81814377347633],[-77.03884628577755,38.81812176710511],[-77.03885196587171,38.818085334904474],[-77.0388519543274,38.81808528085745],[-77.03885090651195,38.81806420135359],[-77.03885239272458,38.81804447227852],[-77.03885245955004,38.81804031033659],[-77.03881128791804,38.818008767318574],[-77.03880229375376,38.81798577164979],[-77.03881428646089,38.81795376952508],[-77.03883929540063,38.81792977160956],[-77.03882828458416,38.81788276900302],[-77.03879128773288,38.81786277346489],[-77.03878028847328,38.81781577084949],[-77.0387532929482,38.81774376599364],[-77.03875428943905,38.81771276746731],[-77.03877568637056,38.81769565324641],[-77.0387706719273,38.817685601443856],[-77.03876306358059,38.81766992920846],[-77.03876096563835,38.81766582203641],[-77.03874529285724,38.817642765521036],[-77.03871328576679,38.81765076667086],[-77.03870429018751,38.81760377239048],[-77.03870229431752,38.81759677345986],[-77.03871328683502,38.81756777150079],[-77.03870659534587,38.817522812373085],[-77.0387003336513,38.817505995608876],[-77.03869329722701,38.81748320647576],[-77.0386862597335,38.81745843547579],[-77.03868025999796,38.81743627659191],[-77.03867368496196,38.81741492866199],[-77.0386669938546,38.81739186915793],[-77.03865926597562,38.817367999233284],[-77.03865130965752,38.81734755260804],[-77.03864300794714,38.81732719618143],[-77.03863412981704,38.81730557875712],[-77.03862398423134,38.81728243030912],[-77.03861614303253,38.817261893558275],[-77.03860910802281,38.81724162679463],[-77.03860322488987,38.81722208032821],[-77.03859953060017,38.81720442491925],[-77.03859872168943,38.817199110180525],[-77.03859410485283,38.81717893270064],[-77.03859318059973,38.81717325766062],[-77.03858994992605,38.81716118735882],[-77.03858418419203,38.81714578475565],[-77.03857565432037,38.81712930204777],[-77.03856585826087,38.81711363052147],[-77.0385554874378,38.81709976088132],[-77.03854523264202,38.817087512729245],[-77.03853969892135,38.81707526301695],[-77.03853865622011,38.81706346224541],[-77.03854176030757,38.81705436264977],[-77.03854751357702,38.81704670353656],[-77.03855211444098,38.81703733319157],[-77.03855510293978,38.81702742287003],[-77.03855567332991,38.81701751334748],[-77.03855416984057,38.81700535238881],[-77.03855243561809,38.81699238074261],[-77.03855035502848,38.81697769759855],[-77.03854907930805,38.81696085215197],[-77.03854768722464,38.81694175462234],[-77.03854525954078,38.816924008707645],[-77.03854375624964,38.81691220808803],[-77.03854260029847,38.81690392066303],[-77.03854144123608,38.8168898678082],[-77.03854027954887,38.8168709503719],[-77.03853808012302,38.816849420817405],[-77.03853519078453,38.81682969318785],[-77.03853276364227,38.81681293820585],[-77.03852953061349,38.816796453744395],[-77.03852433866763,38.816777357468744],[-77.03851995149418,38.8167559187208],[-77.03851660162292,38.81673628132737],[-77.03851256125706,38.81671736484061],[-77.03850921100104,38.81669700676811],[-77.03850493811026,38.81667394645414],[-77.03850158814976,38.816654128890335],[-77.03849927699436,38.81663890531152],[-77.03849754361633,38.81662746510618],[-77.0384965032595,38.81661998840596],[-77.03849488507821,38.81660863824738],[-77.03849142148155,38.81659161335129],[-77.03848680655936,38.8165748590894],[-77.03848472652942,38.81656116687652],[-77.03848437409715,38.816548194772686],[-77.03848379093363,38.81653441198116],[-77.03848251591641,38.816518827720515],[-77.0384807790976,38.816500991490585],[-77.03847858135134,38.81648252481859],[-77.03847626894444,38.81646495903288],[-77.03847407163724,38.81644730312429],[-77.03847175801934,38.81642748521722],[-77.03846863754883,38.816406136133416],[-77.03846551766232,38.81638586806761],[-77.03846274418882,38.81636740158476],[-77.03846008566964,38.81634857472443],[-77.0384576566209,38.81632821634564],[-77.03845453644986,38.81630740777022],[-77.03845164812648,38.816289481833934],[-77.0384481850891,38.816273447869065],[-77.03844460729438,38.816258134620796],[-77.03844033886324,38.816243272024245],[-77.038433997599,38.81622804977086],[-77.03842742691654,38.81621444912024],[-77.0384206269125,38.81620265024209],[-77.03841417259297,38.816191301674],[-77.0384078333253,38.81617977289795],[-77.03840137804106,38.81616662263214],[-77.03839757001703,38.81615139954282],[-77.03839445248664,38.8161354555472],[-77.0383892634335,38.816121584185005],[-77.03838407554443,38.81610987485899],[-77.03837865765455,38.816098706117536],[-77.03837324015362,38.81608825805468],[-77.03836863051875,38.8160812329509],[-77.0383640201105,38.81607276648926],[-77.0383573348414,38.81606015680564],[-77.0383501876345,38.81604502489708],[-77.03834269518488,38.81603025344099],[-77.03833428200248,38.816016293050716],[-77.03832667436448,38.81600143154652],[-77.03831929658726,38.81598575920245],[-77.03831237833526,38.815968104839875],[-77.03830557561956,38.81595117111787],[-77.03829681633866,38.81593594965019],[-77.03828874769745,38.81592027753078],[-77.03828021944067,38.81590640725902],[-77.03827399522122,38.81589460818285],[-77.03827122804387,38.81588776264036],[-77.03826627299348,38.8158807376456],[-77.03825866567365,38.81586641664578],[-77.0382512880218,38.81585092446685],[-77.03824391013194,38.81583498186309],[-77.03823630147087,38.81581813848573],[-77.03822846179806,38.81579994391048],[-77.03822039207836,38.815782199834345],[-77.0382125536186,38.81576625737929],[-77.03820506045562,38.815750044556054],[-77.0381972212319,38.815732660742235],[-77.03818926599891,38.815713655438],[-77.03818108091197,38.81569546097232],[-77.03817232120754,38.815679338646106],[-77.03816425185231,38.81566222515978],[-77.03815583778562,38.815646463058684],[-77.03814742343395,38.81563016044776],[-77.03813820248861,38.815612777081384],[-77.0381290972226,38.81559638461005],[-77.03613999575857,38.81481249548385],[-77.03613145923823,38.8142805018186],[-77.03649457130403,38.81298676061681],[-77.03705484555161,38.81098106839881],[-77.03748327734118,38.809405778193835],[-77.03762221018961,38.808703584236255],[-77.03764428636858,38.80858176421864],[-77.03772229310165,38.8081517724508],[-77.03800228413505,38.80658877010968],[-77.03818528728695,38.80570976898542],[-77.03831828911292,38.805051762446055],[-77.03838028322639,38.804746768236384],[-77.03841528686408,38.804562767061185],[-77.03862229277075,38.80348776806318],[-77.03896828799424,38.80168476282546],[-77.03896928956671,38.80168476249089],[-77.03913229350984,38.80082476484927],[-77.03918472982842,38.80054882566128],[-77.03917718434178,38.80001490291329],[-77.03916628670339,38.79974976813875],[-77.03916028674207,38.799514765172695],[-77.03911629203486,38.79817676391806],[-77.03910029384645,38.7976567619625],[-77.03909628948098,38.79759676661537],[-77.03909428811187,38.79757876827922],[-77.03908629381901,38.797295768548665],[-77.03908228681443,38.79716776793807],[-77.03907628682417,38.796910766089624],[-77.03907628356708,38.796883767577604],[-77.03901729107548,38.794741760807206],[-77.03901229341433,38.79454876403489],[-77.03901128947022,38.794417762529825],[-77.03899128747796,38.79370876292441],[-77.03899029375808,38.79368076478534],[-77.03897928687756,38.7932967623931],[-77.03897629156225,38.793186760384145],[-77.0390204407341,38.79157252714546],[-77.02373948878733,38.80351442046185],[-77.0142527355468,38.81092742802307],[-77.0010987247258,38.82120428263898],[-76.98797557716786,38.83144494967126],[-76.9748416940991,38.8416903023925],[-76.96168834379972,38.85194641529443],[-76.96229427412534,38.85192177630126],[-76.96232827091801,38.851921778267496],[-76.96239627444365,38.85192478198236],[-76.96246426435629,38.85193177639018],[-76.96249726777015,38.851936777669465],[-76.9625632730385,38.85194978000848],[-76.96261127241274,38.85196177660897],[-76.96272426806445,38.85199978329548],[-76.96277027081213,38.852018778747166],[-76.9628162725379,38.85203978306145],[-76.96285926641688,38.85206277726484],[-76.96290227080017,38.85208778033671],[-76.96294226785423,38.85211378237444],[-76.96298127314043,38.85214178395641],[-76.96301827338212,38.85217077581801],[-76.9630532685691,38.852200775977984],[-76.96321826664297,38.85235378229227],[-76.96352227223576,38.852641778231245],[-76.96399326972056,38.853092778542795],[-76.96434527374966,38.85343278377081],[-76.96465026675567,38.85372277689206],[-76.96468726453313,38.85375977671256],[-76.96483826491243,38.853903777037324],[-76.96487527440192,38.85394077680063],[-76.96508326547125,38.854138781468805],[-76.96519527455736,38.85424878084165],[-76.96530327377005,38.85436077878517],[-76.96535626494327,38.8544177818596],[-76.96543927361203,38.85451078248263],[-76.965509270203,38.854590780035544],[-76.96557527017222,38.85466877649532],[-76.96562626482668,38.854733778342315],[-76.9657102659658,38.85484877764828],[-76.96582226554955,38.85491077948373],[-76.96585227035533,38.854925778292056],[-76.96588726564212,38.854936778807506],[-76.96593526853361,38.854946783172494],[-76.96597526440361,38.85495677617611],[-76.9660712726322,38.85497177612702],[-76.96623826527981,38.85500277750275],[-76.96640627332621,38.85503077912416],[-76.96662726442842,38.85506277738623],[-76.96680626607156,38.85508578189447],[-76.96704626893434,38.85511377601491],[-76.9672012648545,38.8551287826615],[-76.96733426917658,38.85513978320854],[-76.96745026998387,38.85514777905766],[-76.96762327603749,38.855156781540295],[-76.96782426698564,38.85516478253769],[-76.96787526980421,38.85516577850073],[-76.96792526984784,38.85516778311025],[-76.9681262741677,38.855171783848284],[-76.96844626916064,38.85517078074563],[-76.96913227294912,38.855170774946124],[-76.96985526840686,38.85517578335951],[-76.96989527212284,38.85516877611367],[-76.96992727044987,38.85515777605782],[-76.96997898945561,38.85512694450172],[-76.96997926602648,38.85512678242109],[-76.9699789799121,38.85509484746162],[-76.96997727200154,38.85490977782421],[-76.96997872766735,38.85465364148184],[-76.96997927447794,38.85455878284197],[-76.96997864506645,38.85449392197472],[-76.96997826939852,38.854455780179656],[-76.96997859821802,38.85435876846549],[-76.96997926988305,38.854158781454274],[-76.96997927101876,38.85358078242214],[-76.96998127294886,38.85314878353052],[-76.96997830171435,38.85309140805424],[-76.9699782674177,38.85309077745509],[-76.96997828718222,38.853043780462706],[-76.97011527521687,38.853024780786875],[-76.9701562663801,38.85302278239121],[-76.97123427279914,38.853022782712294],[-76.97220827154949,38.85302177545735],[-76.97304327147904,38.85302778167013],[-76.9732112761567,38.85302877523264],[-76.97329627409314,38.85303177649539],[-76.97362426771407,38.85302677930393],[-76.97405327253364,38.85302577640167],[-76.97421027286875,38.853032774705575],[-76.97431426797799,38.85303677935794],[-76.97435327533023,38.853040778668884],[-76.97438227127554,38.85304477577056],[-76.97441027608978,38.85304978159238],[-76.97446727543631,38.8530627752237],[-76.97452226949935,38.85307777727016],[-76.97454927061669,38.853086782583965],[-76.97460126793426,38.853105774675896],[-76.97492727365398,38.85325078182037],[-76.9750372678659,38.853297775359],[-76.97509126831343,38.85332177634891],[-76.97549127697108,38.85348977818899],[-76.97559427212543,38.85352277963552],[-76.97567026866177,38.85353877645586],[-76.97575927515143,38.85354577650434],[-76.97586626951757,38.85354078097222],[-76.97595226986996,38.85357977820462],[-76.97598627392755,38.85359477523502],[-76.97617227298444,38.8536717813887],[-76.9764212720284,38.85377078055928],[-76.97680856853398,38.853899876895014],[-76.97681427068763,38.853901778806666],[-76.9768236131851,38.853904339056214],[-76.97719826985046,38.85400677563651],[-76.97723926875256,38.85401778293126],[-76.97725627213558,38.85402177697997],[-76.97742927841026,38.854061780964216],[-76.97773024022314,38.85412098811838],[-76.97773427225074,38.85412178162933],[-76.97773864991878,38.854122521155475],[-76.97809227347788,38.85418278238239],[-76.97827827003417,38.85420477968933],[-76.97854527858577,38.85423478209278],[-76.9787072693358,38.8542457750076],[-76.97894927302615,38.85425378234303],[-76.97923327157572,38.854256778957115],[-76.97946227067096,38.85425678342829],[-76.97974827898054,38.85424178029706],[-76.97997626896743,38.85422477566638],[-76.98019627687106,38.854200778694],[-76.98052427394727,38.85415878250648],[-76.98074127912595,38.85411777608706],[-76.98107527266646,38.85405178087794],[-76.9813117180159,38.853990615676544],[-76.98134219249988,38.85398272916391],[-76.9815352703738,38.853932781077276],[-76.98164527928805,38.85389878258356],[-76.98175127811179,38.85386778316716],[-76.98195827649505,38.853801783529015],[-76.98215627881022,38.85372778266095],[-76.98241728039206,38.853635783104004],[-76.98282027651575,38.853484780691396],[-76.9832389631011,38.85332939203084],[-76.98330527024322,38.85330478148367],[-76.98344026934566,38.85325477688058],[-76.98364727751357,38.85318177469053],[-76.98381899344795,38.8531270543662],[-76.98383922512546,38.853120607130116],[-76.98401127488759,38.853065778467474],[-76.98422927014927,38.85300377604434],[-76.98440528048684,38.85295777559954],[-76.98459944722082,38.85291097553471],[-76.98460027674611,38.85291077745858],[-76.98460179752229,38.85291050740614],[-76.98478727448123,38.85287777705529],[-76.98501727815677,38.852845781814786],[-76.98512142671788,38.85283369680642],[-76.98533627909435,38.85280877963433],[-76.9853460833411,38.85280761877726],[-76.98551427622354,38.85278777616882],[-76.98590727322882,38.852750781584454],[-76.98645766081216,38.85272900126496],[-76.98646327136792,38.85272877670467],[-76.9864706560679,38.85272866945939],[-76.98708827495109,38.85271977599757],[-76.98766628135382,38.85273778328203],[-76.98766640807845,38.852737792303884],[-76.98804827564466,38.85276477623972],[-76.98861623169437,38.85281428028346],[-76.9886792714072,38.85281978155667],[-76.98869107972175,38.85282152132854],[-76.98922827222074,38.85290077426597],[-76.9899052751596,38.85301378249131],[-76.99012527755227,38.85306178021779],[-76.99032128237778,38.85311277535089],[-76.99059327545777,38.853179775277276],[-76.99096227971187,38.85328377975105],[-76.99110927785813,38.853326779276244],[-76.99134300010057,38.85339981919166],[-76.99134927862843,38.85340177448682],[-76.99135119097772,38.85340245026093],[-76.99157727476202,38.85348177702618],[-76.9917322784813,38.85354277519047],[-76.99186527860714,38.853597781010166],[-76.99200927931449,38.853669777334105],[-76.99205327435664,38.85369277886345],[-76.99213428329782,38.85373578159429],[-76.99217327842545,38.85375878274126],[-76.99248027941614,38.85357177885396],[-76.99607728371485,38.85607477628584],[-76.99609527427708,38.85596277509572],[-76.99610527992107,38.85586478174167],[-76.99610928307041,38.85576677917696],[-76.99610728374927,38.85566877641065],[-76.99610028431063,38.855570782484335],[-76.99607527615339,38.855288781770156],[-76.9960602759643,38.85507777681277],[-76.99603327996599,38.85470678171465],[-76.99598827759446,38.8541237815489],[-76.99596828151361,38.8538487804679],[-76.9959102736789,38.85305977489721],[-76.9958892770006,38.852765774933246],[-76.99587828270819,38.85262977422451],[-76.99587127455801,38.85249378266108],[-76.99586927785312,38.852357782263084],[-76.99587228110144,38.85222078210262],[-76.99588527424764,38.8518547788746],[-76.99589828010173,38.851465777088094],[-76.99591127927417,38.85098978080849],[-76.99596027747435,38.84952077666498],[-76.99598828363249,38.84868377654991],[-76.99599427356927,38.84848578026091],[-76.99732427689432,38.84851078068485],[-76.99907227994173,38.84855177801609],[-76.99933228339509,38.84859377713377],[-76.99959588206993,38.848510306137264],[-76.99994287222339,38.84871138419652],[-77.0040568729007,38.851512451214525],[-77.00594794438828,38.852800008732046],[-77.0062033936392,38.852973930263225],[-77.00620528274355,38.85297077721121],[-77.00621307151773,38.85298052392148],[-77.00642302430678,38.853123476387886],[-77.00641542186005,38.853136439941004],[-77.00638027719722,38.85318978079863],[-77.00626528205937,38.85336477583383],[-77.00616628713044,38.85352278000304],[-77.0060263686226,38.853798697571115],[-77.00602328157929,38.85380477842201],[-77.00602101250456,38.85381082319693],[-77.00589328714496,38.85415078090179],[-77.00584128387413,38.854310782264164],[-77.00577027866272,38.85456577844354],[-77.00569128366212,38.85489877895721],[-77.0055772797765,38.85528377773388],[-77.00557441190506,38.8552946690624],[-77.00549828053816,38.8555837802012],[-77.00547706425623,38.85565465051145],[-77.00539828029711,38.85591778138374],[-77.0050737843286,38.857145365396626],[-77.00499728029922,38.85743478242253],[-77.00497327662833,38.85753177717518],[-77.00489428299294,38.85781877996295],[-77.0048382789838,38.85800977894147],[-77.00477827666685,38.85819977811565],[-77.00471428760024,38.858389777414075],[-77.00466128637709,38.85852877954015],[-77.00457728483693,38.85873477851266],[-77.0045182802986,38.85887278086604],[-77.00450227907064,38.85890777921288],[-77.0044882824534,38.8589407776101],[-77.00445903321413,38.85900494573684],[-77.00445501273548,38.8590137651376],[-77.00442628183625,38.859076780157274],[-77.00436628488569,38.85919878350287],[-77.00427028618317,38.8593797752959],[-77.00420228104399,38.85949977897381],[-77.00409628047068,38.85967678024293],[-77.00380927613533,38.86012277896006],[-77.0037411535102,38.8602278103604],[-77.00373728250791,38.86023378306841],[-77.00361828360735,38.860420783645885],[-77.00353528693537,38.8605497777832],[-77.00344828123221,38.86069677981207],[-77.00344459418896,38.86069569891041],[-77.00331227549255,38.86065677735157],[-77.00300627364608,38.8605427750513],[-77.00296827796451,38.86062177988298],[-77.00291128393728,38.8607317831554],[-77.00286328731126,38.86081677879973],[-77.00281228336065,38.86090178350409],[-77.00275928592313,38.860984779354176],[-77.00270328114465,38.86106777524877],[-77.00264428046286,38.861148780322324],[-77.00258228390797,38.86122877648812],[-77.0025182823606,38.86130778173696],[-77.00245228730367,38.861384778113816],[-77.00240228389202,38.86144077549612],[-77.00235127795729,38.8614957819504],[-77.00224527921006,38.86160477691597],[-77.00219127725505,38.8616577834872],[-77.00215628593241,38.86169078198219],[-77.00204528578087,38.86179077744344],[-77.0019142832723,38.86189878161269],[-77.00186628344396,38.86193677990513],[-77.001798903787,38.86198730918981],[-77.0017775307742,38.86200334450449],[-77.00171427581695,38.862050783788945],[-77.00155528527762,38.86216277868856],[-77.00143327956283,38.86224378395862],[-77.00135628983955,38.86229250241078],[-77.00134352350004,38.862300583110596],[-77.00130528207367,38.8623247801589],[-77.00117228367631,38.86240477633364],[-77.00103527521956,38.86248078166192],[-77.00088528103582,38.86255877778848],[-77.00077526815939,38.86261283809356],[-77.00076927666998,38.862615783886184],[-77.00060528245899,38.862691779873956],[-77.00057767545404,38.86270558091154],[-77.00056127946898,38.862713778652676],[-77.00051827888846,38.862736777344736],[-77.00047628072325,38.86276177588566],[-77.00038628127719,38.86281778155705],[-77.00028328458997,38.8628587791661],[-77.00024727776584,38.862869778527326],[-77.00019388394243,38.8628847686372],[-77.00019027749649,38.86288577758603],[-77.0001631312113,38.862893948262936],[-76.99996428102612,38.862953782288805],[-76.99973828411783,38.863023777413815],[-76.9995482823448,38.86307478249963],[-76.99947027670125,38.86309378092671],[-76.99929228080592,38.863136777165444],[-76.9990992827293,38.86317978202649],[-76.9987508028242,38.8632393695082],[-76.99856128408102,38.8632717796171],[-76.99804228403467,38.86337278346469],[-76.99740727546947,38.863489781436705],[-76.99689414856502,38.863591239736806],[-76.99688127802906,38.86359377976762],[-76.99688115128714,38.8635936986885],[-76.99687607009012,38.86359041048048],[-76.9968809093165,38.86359374372409],[-76.99687505592584,38.863594995737714],[-76.99596927677402,38.863771776201254],[-76.99549828297012,38.863874779256214],[-76.99529228239301,38.863932776331474],[-76.99526581504345,38.86393981984366],[-76.99507096827095,38.86399032197672],[-76.99499828395331,38.8640067772643],[-76.99467528341278,38.86407577646639],[-76.99459628445138,38.864094780597334],[-76.99451927859262,38.86411678457096],[-76.99444327498041,38.86414077940144],[-76.99440527307681,38.864153776732294],[-76.99431935952892,38.86418513989142],[-76.99431791919824,38.86418550916646],[-76.99431468129407,38.864186851262915],[-76.99426827918782,38.86420378481786],[-76.99416927551097,38.86424177741764],[-76.99402428388612,38.86430178415866],[-76.99392827543647,38.86434377644342],[-76.9938807550437,38.864365565322075],[-76.99388028260523,38.864365781499316],[-76.99357028037015,38.864521781601646],[-76.99348627768042,38.864564783124294],[-76.9934168972916,38.86460369559051],[-76.99340369190543,38.8646104781825],[-76.99339595986214,38.86461545039105],[-76.99336328040582,38.864633780664676],[-76.99325527403563,38.8646987792048],[-76.99316628026955,38.864756779219455],[-76.99308827970628,38.86480578040975],[-76.99298028375789,38.86487677829888],[-76.99289027506566,38.86493977771091],[-76.99280228245783,38.86500477704526],[-76.99268428219435,38.86509678166509],[-76.99258928213467,38.86517477954072],[-76.99256132581573,38.86519938875293],[-76.99255811075373,38.86520191991266],[-76.99255627846433,38.86520383858826],[-76.99249727742361,38.86525577733268],[-76.99243727350701,38.86531077884289],[-76.99240827968754,38.865338784122976],[-76.9923172768114,38.86542178170395],[-76.99225927733535,38.86547878312102],[-76.99220328259477,38.86553678457652],[-76.9921242735256,38.8656267823422],[-76.99190827606542,38.86587877795851],[-76.99190793033485,38.865879219346844],[-76.99172000110458,38.86582972295816],[-76.99171027456568,38.865841784534375],[-76.99162428037792,38.86594378066823],[-76.99150027832918,38.86609377981272],[-76.99125427762948,38.8663937778455],[-76.99110127744302,38.86658578060863],[-76.99108027940719,38.86661377715355],[-76.99094628234981,38.86678278267943],[-76.99091627232107,38.86681877796518],[-76.99055428064722,38.867267782556034],[-76.99050228143649,38.86732678343527],[-76.99043927814645,38.86738278358952],[-76.99038728144998,38.867421785743204],[-76.99035228292487,38.8674467811992],[-76.99033327997739,38.867458778831896],[-76.99029727959753,38.867478783528384],[-76.9902632839185,38.86750077923975],[-76.99023227238732,38.86752478406646],[-76.99020427943854,38.8675517799306],[-76.99003327560109,38.86773978001141],[-76.9898792830851,38.867897783303526],[-76.9898382788081,38.86793577721951],[-76.98977328126139,38.86798978597642],[-76.98972727659928,38.868022779746994],[-76.9896532805572,38.86806877916766],[-76.9896052830292,38.868096782053804],[-76.9895062809333,38.86814877875378],[-76.98948127414525,38.868160784715286],[-76.98930727679631,38.86823278214682],[-76.9890472774749,38.86833677816587],[-76.9886772829273,38.868481778282515]]]},"properties":{"NAME":"Ballou","GIS_ID":"dcps_452","DCPS_ID":"dcps_452","SHAPE.AREA":0,"SHAPE.LEN":0,"GLOBALID":"{D7E397D6-1FF8-487D-9829-2BF16678ED50}","CREATED":1725410751000,"EDITED":1725410751000,"OBJECTID":332}},{"type":"Feature","id":333,"geometry":{"type":"Polygon","coordinates":[[[-77.03915630292003,38.96311079915823],[-77.0393412981597,38.963110800116425],[-77.03955430143058,38.96309780140826],[-77.03984629503722,38.963102800935445],[-77.04077629939285,38.962896794833185],[-77.0414912982641,38.96248180324813],[-77.04191530335443,38.962238798461065],[-77.04307430559817,38.96158180146769],[-77.04325114737735,38.96148087974077],[-77.04325129732389,38.961480798611014],[-77.04311429491202,38.96136879550182],[-77.04306329531903,38.96132879961853],[-77.04295930201606,38.9612517992585],[-77.04285729769816,38.96118179749186],[-77.04281784485532,38.961155760066234],[-77.04279991910519,38.96114393878744],[-77.04276030471172,38.961117802310476],[-77.04266130546709,38.96105579860488],[-77.04255929675254,38.960996795660094],[-77.04250730108306,38.960968798893546],[-77.04241242895472,38.96091957619295],[-77.04240130283623,38.96091379692688],[-77.04239648989531,38.96091115024441],[-77.04236129888103,38.96089179524531],[-77.04227929556298,38.96084880148731],[-77.04223729678749,38.96082880031769],[-77.04219429481904,38.96080979941158],[-77.04210830367036,38.96077379738045],[-77.04201930236498,38.960739796201054],[-77.04192629863049,38.96070779622229],[-77.04188613854089,38.96069453244386],[-77.04181430047977,38.960670794372426],[-77.04141680570399,38.96053386619508],[-77.04088829603904,38.96035179712873],[-77.04078839773321,38.96030681775267],[-77.04071729412735,38.96027480015946],[-77.04054030284988,38.96017479792227],[-77.04040729859567,38.960020802731535],[-77.04037608966534,38.95996164726532],[-77.0403458510093,38.95990432914024],[-77.04030229497509,38.95982180147913],[-77.04029611026249,38.95978025751681],[-77.04028086859213,38.95967791992817],[-77.04027430169991,38.95963379973282],[-77.04027717682825,38.95961728660166],[-77.04028671070475,38.959562459045635],[-77.04030229376076,38.95947279446048],[-77.04033028382214,38.9594308153235],[-77.0403357019926,38.95942268800345],[-77.04039029864283,38.95934080208344],[-77.04070030161847,38.95898679603926],[-77.04072338419661,38.95895884437509],[-77.04083329717449,38.95882579905946],[-77.04097130305189,38.958610795637526],[-77.04106736390948,38.95846744949395],[-77.041164300486,38.958322796760896],[-77.04146329999092,38.95810779899916],[-77.04169703026743,38.9579726279626],[-77.04171230084401,38.95796379441758],[-77.0418392974036,38.95786980186244],[-77.0419003039578,38.95776479771323],[-77.04192729912184,38.95768179490347],[-77.04188573891554,38.95716788833555],[-77.04187230405596,38.957001798764125],[-77.04191144449851,38.9567953783636],[-77.04191629823232,38.956769802158604],[-77.0420272981994,38.95645479731415],[-77.04203389623348,38.95641343799374],[-77.04203709177042,38.956393366428415],[-77.04204929923009,38.95631680078599],[-77.04204352148788,38.95628183277507],[-77.04203913324199,38.95625536806723],[-77.04202729992694,38.956183801646716],[-77.04177229828076,38.95499480175253],[-77.04177229658418,38.954873793682914],[-77.04180630300189,38.95466879837191],[-77.04184301688666,38.95459534982849],[-77.04188172428027,38.95451795493641],[-77.041911293471,38.9544587960438],[-77.0419905277551,38.95437730583177],[-77.04211425600657,38.95425003753511],[-77.04212130081383,38.95424279234829],[-77.04226412229298,38.95413505594621],[-77.04281729921145,38.953717798765936],[-77.04294254493585,38.953605077377034],[-77.04340729512484,38.95318679583898],[-77.043662326032,38.952977087391375],[-77.04373929509407,38.9529137935249],[-77.04373484192459,38.95291382221574],[-77.04392403526629,38.952748755770294],[-77.04411530069109,38.95257779682078],[-77.04418361788456,38.95249828202167],[-77.04434966613209,38.95229546994555],[-77.04453125538353,38.95198525506747],[-77.04454729655296,38.95195680082731],[-77.04455708069287,38.95192165582225],[-77.04473393069873,38.95125037274328],[-77.04473530004054,38.95124479609701],[-77.04474629454491,38.9512267933556],[-77.04478230184208,38.951174792811834],[-77.04482429714464,38.95112379888738],[-77.04483929601714,38.95110779443846],[-77.04485529918949,38.95109279852901],[-77.044939295832,38.951000800785664],[-77.04513830431821,38.9507897953385],[-77.04526198170902,38.95065558726411],[-77.04527889356464,38.95063665432679],[-77.04528409352034,38.95063200404208],[-77.0453942996406,38.95052179908927],[-77.04545629624894,38.95046779740653],[-77.04550029728587,38.950433792061595],[-77.04552330209225,38.95041779341461],[-77.04552338281799,38.95041774834176],[-77.04552367105406,38.95041747798126],[-77.04552431686517,38.95041712640696],[-77.04559530500114,38.95037079619924],[-77.04562029529585,38.95035679659594],[-77.04576930562575,38.95027779882141],[-77.04596530167018,38.95017879302381],[-77.04596542852892,38.95017872991601],[-77.04599754595264,38.95016136734157],[-77.0463678348157,38.949960786888454],[-77.04649395838692,38.94983308950205],[-77.04658492900643,38.94963234885584],[-77.0465859638162,38.949627069592545],[-77.04660903130915,38.94919606832628],[-77.04655975590353,38.94869466011698],[-77.04655930412572,38.94869179566399],[-77.0465568278409,38.9486802120026],[-77.04652782525045,38.948555098543565],[-77.04652598779126,38.94855015372923],[-77.04644188428533,38.94839973087929],[-77.04643797043465,38.948394913004236],[-77.04629534073028,38.948273168619295],[-77.04627134790096,38.948258566687926],[-77.0459854970557,38.94815084135955],[-77.04598530091491,38.94815079639532],[-77.04598485094778,38.94815069748123],[-77.04575728060222,38.94813272517744],[-77.04575630009037,38.948132797627466],[-77.04575402776301,38.94813320388953],[-77.04558741162539,38.94818423783553],[-77.04558630452792,38.94818479678062],[-77.04558622380482,38.948184841853525],[-77.04543807142025,38.9483183031576],[-77.04543030219665,38.948327791896276],[-77.04541130359368,38.9483477976602],[-77.04538930497357,38.948366795658465],[-77.04537919077833,38.94837133975837],[-77.04537332230618,38.94837662088845],[-77.04535655204397,38.948381509884335],[-77.04532030468332,38.948397792896515],[-77.04528130520335,38.94840379851589],[-77.04524129763467,38.94840279607052],[-77.04520230206671,38.94839679362466],[-77.04508830197122,38.94837679422723],[-77.04496329469029,38.94835379919557],[-77.04486529706492,38.94833679318163],[-77.04468430002599,38.94830479302999],[-77.04464020294226,38.94829447738028],[-77.04463704173871,38.94829393809059],[-77.04463518400215,38.94829323615407],[-77.04454329597466,38.94826879570591],[-77.04449730160901,38.948249796742914],[-77.04445647208395,38.94822548992057],[-77.04445565283743,38.94822518395061],[-77.04445539883774,38.94822485074084],[-77.04445529498004,38.948224796730656],[-77.04441929613827,38.94819579474397],[-77.04438830145737,38.94816280017778],[-77.04436429573478,38.94812679418524],[-77.04434768328247,38.94808867744538],[-77.04434702521652,38.94808784893321],[-77.04434705919113,38.9480868309846],[-77.04433729854848,38.948047792798796],[-77.04433429614994,38.948005797332875],[-77.04433930032643,38.94796479874912],[-77.04435129590138,38.94792479743163],[-77.04435141111507,38.94792456317261],[-77.0443514917826,38.9479244280178],[-77.04436929388469,38.947890793349636],[-77.04439030335763,38.94785779704858],[-77.04441430186255,38.947826799446304],[-77.04444130030436,38.94779679160934],[-77.0444718763531,38.94776917860783],[-77.04447230294046,38.9477687910894],[-77.04447365196287,38.947767700574154],[-77.04508929768936,38.94725179465708],[-77.04508938991908,38.947251704538644],[-77.04508966660813,38.9472514341835],[-77.04534882225931,38.94696610469027],[-77.04535570353107,38.94695730993672],[-77.04568183616344,38.94642400068292],[-77.04577829994332,38.94626579550063],[-77.04591429786709,38.94605679501431],[-77.0459373011052,38.94602279772035],[-77.04597649402538,38.945978993041734],[-77.04598399670022,38.94596810808306],[-77.04598960058571,38.94596434041564],[-77.04600530079004,38.94594679510799],[-77.04605230570093,38.94590679783285],[-77.04610630501968,38.94587279729747],[-77.0461662951521,38.94584479388856],[-77.0462303048209,38.94582479722412],[-77.04628430479242,38.94580979507801],[-77.04633930005284,38.94579979211038],[-77.04639429725597,38.94579279788312],[-77.04645130424281,38.945789793501504],[-77.04647713275895,38.94579026067408],[-77.04647909358165,38.94578990857137],[-77.04648296983646,38.94579035744426],[-77.04650729870754,38.94579079818163],[-77.04655729530964,38.94579279613525],[-77.04665629907855,38.945800792051664],[-77.04670530560149,38.94580579910425],[-77.04675430190152,38.94581279697128],[-77.04698530304826,38.945848791538054],[-77.04699161366118,38.94584975288781],[-77.04754442934909,38.94591083072606],[-77.04754629809516,38.945910793932846],[-77.04754792455724,38.94591070318844],[-77.04777772508348,38.94587541412157],[-77.0481463551573,38.945650344016855],[-77.04814743860099,38.94564901034443],[-77.04832487209151,38.945349726930814],[-77.04832630051209,38.94534679864749],[-77.04838529997191,38.945237792001095],[-77.04843029655578,38.945164797243784],[-77.04845430053462,38.945128799193945],[-77.04848130234915,38.94509079104783],[-77.04851030045941,38.94505379099486],[-77.04854030280659,38.945017790437134],[-77.04856830068326,38.94498579939169],[-77.04861138939515,38.944940514842315],[-77.04861236895093,38.944939109142304],[-77.04861397148926,38.94493780227433],[-77.0486272969322,38.94492379785483],[-77.04867929925534,38.94487379823774],[-77.04874029573189,38.94481879524807],[-77.0488102999237,38.9447617976337],[-77.04884329720818,38.944736794863466],[-77.04891029666734,38.9446887977222],[-77.04894530241847,38.94466579392206],[-77.0490812967685,38.94458679728185],[-77.0491623019658,38.944541793872595],[-77.04937830272142,38.94442579319798],[-77.04937927134993,38.944425297333],[-77.04968832234516,38.944219633285606],[-77.04968847162024,38.94421865131879],[-77.04964577816837,38.94390231640566],[-77.04962112695274,38.94371961176116],[-77.049574364178,38.943372992651426],[-77.04957430636419,38.94337279449359],[-77.04958327422028,38.943363395044386],[-77.04958335491033,38.94336331393559],[-77.04961629851466,38.943328798209464],[-77.04962924217129,38.94331389300436],[-77.04962943811294,38.94331366771396],[-77.04969206185912,38.94324624108844],[-77.04979275753715,38.943137801491645],[-77.04990887525524,38.94301266286118],[-77.04991592944263,38.94300505685251],[-77.04991583729391,38.943005246065944],[-77.04991086939167,38.94301059911141],[-77.04992230399493,38.94299879336886],[-77.04995029764974,38.942962793292175],[-77.04998630500647,38.942905791458244],[-77.05003529936629,38.94281379585568],[-77.0500773033217,38.94272179421762],[-77.05015530324526,38.94254079323],[-77.05019230066996,38.942448793693764],[-77.05024130412436,38.942337790498904],[-77.05024678492357,38.942323771242386],[-77.05025029678558,38.94231479747492],[-77.05025684986319,38.9423001021351],[-77.05031529749662,38.942168790156714],[-77.05033929622232,38.94211179337356],[-77.05034830388317,38.94209379092797],[-77.05039330116512,38.941994797439726],[-77.05044130023751,38.941899793310064],[-77.05045130056035,38.94188279034782],[-77.05052288472307,38.941749959191036],[-77.05052326488466,38.94174926538827],[-77.05054829737257,38.94170278979573],[-77.05056630591692,38.941673793322806],[-77.05058329866351,38.94164379736612],[-77.05062229895634,38.941579794583035],[-77.05065830010348,38.94151579308594],[-77.05072330408534,38.94139279269561],[-77.05073729762965,38.9413627980163],[-77.05074830646983,38.94133679530469],[-77.05075726279998,38.9413117843954],[-77.05075835645788,38.94130875713414],[-77.05076730127823,38.941283791270386],[-77.05077230612781,38.94126579052763],[-77.0507802965065,38.94122878999804],[-77.0507922991412,38.94115679050624],[-77.05080229754033,38.941088791565406],[-77.05081730650647,38.94091378993692],[-77.05082029797569,38.94087079205184],[-77.05082605982825,38.94081446969558],[-77.05082930159207,38.9407827951257],[-77.05083829566483,38.94071379669302],[-77.05084382320511,38.94068478758286],[-77.05084796023198,38.94066306678694],[-77.05085030457334,38.94065079647088],[-77.05086229823843,38.94059879538026],[-77.05087330120662,38.9405647932905],[-77.0508852975801,38.9405327906083],[-77.05091230158149,38.94046979285695],[-77.05093829619486,38.94041479490377],[-77.05095930051667,38.94036578963566],[-77.05097429952058,38.94032279551481],[-77.05099529797783,38.94028178960746],[-77.0510126770354,38.9402443075188],[-77.05101430091426,38.94024079357521],[-77.05103229958826,38.94019878904901],[-77.05105853624407,38.9401276931378],[-77.05106330236265,38.94011479117765],[-77.05106601835902,38.940106151036424],[-77.0510903011017,38.94002879520541],[-77.05111130175001,38.93994279284017],[-77.05111169237173,38.93994062167025],[-77.05111929832026,38.939898792829894],[-77.05114330160083,38.939785791282446],[-77.05115230666773,38.93974879027285],[-77.05117230001501,38.93967379646997],[-77.0511943010514,38.93959979269575],[-77.05121829753185,38.93952579705027],[-77.05123329615915,38.939498792614415],[-77.05112430044389,38.939410793254744],[-77.05110830349335,38.93939679235029],[-77.05086430126212,38.93920279702926],[-77.0505823025127,38.9389717935424],[-77.05036830478855,38.9387947918477],[-77.0501353031667,38.93860678976937],[-77.05006730503315,38.93855379607817],[-77.0500323035589,38.93852879502401],[-77.04999530665467,38.93850379481278],[-77.04992030069647,38.938457794471304],[-77.0498812989802,38.938435794843],[-77.04984130602827,38.93841479554538],[-77.04980029877106,38.93839479658716],[-77.04946330585632,38.93823978977152],[-77.04915029590596,38.938103797423366],[-77.04878630322388,38.93794779106962],[-77.04847429595577,38.93782379553992],[-77.04815329437186,38.93770179371476],[-77.04811629511956,38.93768879196026],[-77.04803230392402,38.937656792996],[-77.04799230176559,38.93763779290911],[-77.04795330243803,38.937617792475905],[-77.04793429808393,38.937606792130076],[-77.0478752984766,38.937569792202915],[-77.04785630366798,38.93755579207686],[-77.04782029662475,38.93752579116182],[-77.04778729871218,38.937493789162886],[-77.04775729907074,38.93746079501648],[-77.04774429944504,38.93744279273734],[-77.04752329556781,38.93717179605137],[-77.04744829859287,38.937082797494796],[-77.04712829686864,38.9367207933],[-77.04706229649899,38.93664778960227],[-77.04704029794728,38.936625791179864],[-77.04701830072793,38.93660579259538],[-77.04697030399153,38.93656579702233],[-77.04694630052902,38.93654679014341],[-77.04689929975169,38.93651279366902],[-77.04684930146354,38.93648078921153],[-77.0468232937631,38.93646579180433],[-77.04674229755045,38.93642479141402],[-77.0467142964625,38.936412794543756],[-77.04665829561773,38.93639079161701],[-77.04657529984239,38.93636079104416],[-77.04646230011032,38.93632479380663],[-77.046382297671,38.93630379119924],[-77.04633930175518,38.936290791258784],[-77.04631730109703,38.9362827915997],[-77.04627730146464,38.93626579076331],[-77.04625729491545,38.936255790460486],[-77.04622030246497,38.93623379781541],[-77.04620230156152,38.936221796867066],[-77.04617529827205,38.93620079117163],[-77.04615930171882,38.936184789738974],[-77.04613829357474,38.93615979098954],[-77.04596430147089,38.93588979066421],[-77.04593330111716,38.93584079768973],[-77.04584729952808,38.935708796775145],[-77.04579296623955,38.935731807262485],[-77.04559229483391,38.93581678895938],[-77.04558878952777,38.93581839380447],[-77.04553529893951,38.93584279112121],[-77.04550529451448,38.93585379293518],[-77.04547629417533,38.93586579427229],[-77.04541629617539,38.935886797936355],[-77.04526030369837,38.93593079193493],[-77.04519430472165,38.935946789192734],[-77.04512830445515,38.9359607955791],[-77.04509429444816,38.93596679021817],[-77.0449932999413,38.93598079200796],[-77.04485830122346,38.93599178898529],[-77.0447832974024,38.935994790487456],[-77.04427795814881,38.935995775752396],[-77.04427029957468,38.93599579667009],[-77.04366130349283,38.935995791539],[-77.04349465030519,38.935998772365316],[-77.04349316242832,38.93599879093559],[-77.04343730379439,38.935999793613455],[-77.04338229928442,38.93600179586906],[-77.04332630223297,38.93600278953695],[-77.04323429901604,38.93600879610989],[-77.04309829711876,38.93602079134677],[-77.04300729973173,38.936030797055906],[-77.04296441987293,38.93603683037175],[-77.04295603534545,38.936038004532776],[-77.0428722938892,38.936049791113405],[-77.04279466725522,38.93606460218448],[-77.04272030434633,38.93607879043827],[-77.04266929411959,38.936086790426906],[-77.0426192994738,38.93609578994438],[-77.04242695238301,38.93612520897029],[-77.04241349338601,38.93612726774783],[-77.04236429365018,38.936134789506276],[-77.04224629423348,38.93614379547709],[-77.04208929759855,38.93615179744059],[-77.04197129399297,38.936153794676954],[-77.0417283028153,38.936147792071715],[-77.04163629635676,38.936148797780525],[-77.04154912534598,38.936154413948245],[-77.04154330087643,38.93615479436729],[-77.04153886049147,38.936155174294136],[-77.04145129847053,38.936162790370695],[-77.04140629612125,38.93616879684252],[-77.04131530062052,38.93618279191064],[-77.04127529364649,38.93619079640889],[-77.0412363022328,38.93619979144823],[-77.0412032390135,38.9362082709117],[-77.04119100319919,38.936211410113266],[-77.04111929507106,38.93622979428056],[-77.04104229600541,38.93625379243324],[-77.04096729285483,38.93627878975692],[-77.0409302996222,38.936292792608874],[-77.04084529226918,38.93633079233507],[-77.0407622928978,38.93637079114163],[-77.04072130182149,38.93639279469234],[-77.04071184691223,38.93639811288351],[-77.04064129248647,38.93643779197747],[-77.04056529862675,38.93648579658618],[-77.04052829992628,38.93651079844703],[-77.0404212997642,38.936574794433696],[-77.04035429486267,38.9366097968175],[-77.04024729802714,38.93665979374399],[-77.04021529816708,38.93667279472764],[-77.04018430232783,38.936686795278604],[-77.04012129392125,38.9367117969408],[-77.04002429998083,38.936746791408446],[-77.0399602972873,38.93676779363883],[-77.03979929537657,38.936814790824606],[-77.03966829790046,38.93684879664858],[-77.03952729141731,38.936887796308895],[-77.03952217101501,38.93688917631031],[-77.03930529190211,38.93694779438561],[-77.03924629299551,38.93696579477754],[-77.0391202936661,38.93700779767774],[-77.03904030848686,38.93703682213805],[-77.0390359724974,38.9370384000387],[-77.03899630277222,38.93705279052706],[-77.03891430063645,38.937084797320914],[-77.0388742977889,38.9371017912771],[-77.03883330244169,38.937117794636414],[-77.03862329634666,38.9372187932072],[-77.03832800635128,38.93738563402834],[-77.03800030190874,38.93757078950358],[-77.03774829242789,38.93770679738029],[-77.0376232934099,38.93776879675901],[-77.03743229852736,38.937859796852635],[-77.03730427464909,38.93791735576605],[-77.0373032944624,38.937917797485476],[-77.03730290238485,38.93791796876825],[-77.03717329719197,38.937973798449015],[-77.03702630016772,38.938033795329765],[-77.0368612988039,38.93809579754648],[-77.0366943006741,38.93815579130597],[-77.03644730006243,38.938238789967436],[-77.03644729988284,38.938238438643886],[-77.03644729162811,38.93815460743101],[-77.03644729827202,38.938054795492256],[-77.03644767119606,38.93799459292257],[-77.03644929312225,38.93773779286718],[-77.03644929968756,38.93743478973919],[-77.03644930109304,38.9373698579214],[-77.03644929424993,38.937288792242015],[-77.03645005612748,38.93719976298526],[-77.03645229873955,38.93693879185468],[-77.03645230198724,38.93680979300268],[-77.03645184749082,38.93677811095406],[-77.03645129732715,38.93673978981809],[-77.03645129985608,38.93638379080228],[-77.0364512974394,38.93608579621432],[-77.03645329269062,38.93540879470333],[-77.03645329951725,38.93539958821639],[-77.03645330095073,38.93497379277983],[-77.03645392406973,38.93490668973669],[-77.03645429581994,38.93486679184651],[-77.03645529904497,38.9344377890982],[-77.03645629822482,38.93436179473497],[-77.03645729887616,38.934130794479614],[-77.0364583020678,38.93329579635438],[-77.03645818670901,38.9332957513488],[-77.03644851952625,38.933291754676304],[-77.03630329277242,38.933231795552224],[-77.03576829909966,38.93302979610558],[-77.03513429323375,38.93278079164209],[-77.03443529063595,38.93251079552603],[-77.03351329823421,38.93214979439293],[-77.03287529769749,38.93190779625602],[-77.03273729794617,38.93187579244217],[-77.03273529799357,38.93148879607452],[-77.032711292952,38.93135379527166],[-77.03220629301151,38.931522796277136],[-77.03162529985039,38.931722795255695],[-77.03097129573699,38.93194579090242],[-77.0308714434995,38.93198074253093],[-77.03087129358913,38.93198079662039],[-77.03086071913098,38.93198458290244],[-77.03075129592051,38.93202378887624],[-77.03032029817827,38.9321697910296],[-77.0300172908438,38.93227478900422],[-77.02972028820302,38.93237179429571],[-77.02929529599632,38.93251979097532],[-77.02913850916019,38.932573618771194],[-77.02866029400944,38.93273779630331],[-77.02850017448175,38.932795245396804],[-77.0284902916931,38.93279879707911],[-77.02805729287883,38.932953790649286],[-77.02803229056052,38.93295979618082],[-77.02800729898249,38.93296379285218],[-77.02799576563862,38.93296425503912],[-77.0279937011696,38.93296433660838],[-77.02798229469077,38.932964789755296],[-77.02795629773456,38.93296379605489],[-77.02793129148336,38.932959793337766],[-77.02767186814708,38.93290096775377],[-77.02766229448453,38.93289879001007],[-77.02756229040862,38.93287679733737],[-77.02710029027662,38.93277979584006],[-77.02705129294968,38.93277178979891],[-77.0269182949432,38.93275779457476],[-77.02682228902526,38.93275478985729],[-77.02682228912354,38.93275505109817],[-77.02645203419064,38.93345173876357],[-77.02637729016561,38.933434793018336],[-77.0263492970051,38.933431790559034],[-77.02629229721285,38.93342979454411],[-77.02626129489343,38.93342979250632],[-77.0262292898866,38.933431790529056],[-77.02584411451325,38.933465720542145],[-77.02584333023455,38.93346573873216],[-77.0258378980924,38.93346625340665],[-77.0254902972865,38.93349579590405],[-77.02469729487099,38.93356978923344],[-77.02427429013123,38.93361079357938],[-77.02392169614008,38.93364698057662],[-77.02389431615421,38.93364956255285],[-77.0238942931654,38.933649796773494],[-77.02382129486494,38.9331607958292],[-77.02380329170879,38.93302479209786],[-77.0237752884582,38.93281779593469],[-77.02375929543327,38.93272579735545],[-77.02371529653018,38.93241779427327],[-77.02366428786303,38.93204678847417],[-77.02366314332306,38.932038546104586],[-77.02363428714858,38.93183079334399],[-77.02358618915142,38.9315050536311],[-77.02356429609891,38.93135679029757],[-77.02355865377737,38.93131415511006],[-77.02355528921841,38.93128878839085],[-77.02354231991794,38.93120099602625],[-77.02354229678299,38.93120078883982],[-77.02352329159689,38.9310657941477],[-77.02346729697692,38.93067779049127],[-77.02346527431958,38.93066455769032],[-77.02345629372506,38.93060578927957],[-77.02340488932826,38.93025088117134],[-77.02337229223926,38.93002579703533],[-77.02336364664076,38.92996819061553],[-77.0233122933879,38.92962579495873],[-77.02323524718844,38.92907697889146],[-77.02323129375392,38.92904879266758],[-77.0231822956015,38.92870979256054],[-77.02316320217915,38.92858304937938],[-77.02315729615957,38.92854379232016],[-77.02311903718281,38.92828049589618],[-77.02309729555036,38.92813079102537],[-77.02306429710922,38.92790679679951],[-77.0230232892935,38.92762879027704],[-77.02296629450542,38.92723379587514],[-77.02291028639443,38.926856790830435],[-77.02289828768056,38.9267697908631],[-77.02260229191396,38.92679979213227],[-77.02207529299159,38.92684679016938],[-77.02181828624369,38.926870791550215],[-77.02116228706619,38.926930790467196],[-77.02082829072116,38.92696279396389],[-77.02056729344731,38.926988793150265],[-77.02041429499907,38.927002791876546],[-77.02042428985737,38.927069793983655],[-77.02044629633767,38.92723879514603],[-77.02046828703317,38.92743279437654],[-77.02046029136729,38.92750079053965],[-77.02045228794178,38.92754178878257],[-77.02040629491502,38.92765978773225],[-77.0203752874721,38.92771378898166],[-77.02034129044974,38.927758791436425],[-77.020294296612,38.92780579598455],[-77.02022928977054,38.92785679431625],[-77.02017929247724,38.927886791639516],[-77.02011829293826,38.92791679083582],[-77.02005729081634,38.927937790694514],[-77.01993529520155,38.92796979108579],[-77.01973428658246,38.92799379632808],[-77.01953429106159,38.928011792509615],[-77.01949329140655,38.92800879057905],[-77.01944928915565,38.927990790290714],[-77.01941329036049,38.92797178873349],[-77.01937329000685,38.9279537967598],[-77.01933128569034,38.927945795324526],[-77.01926628812838,38.92794879681908],[-77.01917829513388,38.927954792814035],[-77.01902729030078,38.927971789163024],[-77.01874228622776,38.92803079463782],[-77.01865729499883,38.92804978875626],[-77.01860129597618,38.928064796526606],[-77.01854628900284,38.92808079502713],[-77.01843528497633,38.92811979156663],[-77.01838429286516,38.92814178889443],[-77.01833528487182,38.928165794742604],[-77.01828829584426,38.92819279101439],[-77.01824329067361,38.9282207958886],[-77.01816029290997,38.92827979525513],[-77.01810628536198,38.92832679099999],[-77.01807428951706,38.92835679363757],[-77.01804428906988,38.92838779588093],[-77.01801529219983,38.92841978887616],[-77.01798628503435,38.9284567904879],[-77.01795628596646,38.92844779579623],[-77.01788928593925,38.92842378990847],[-77.01782228545953,38.928397793144995],[-77.01773429188144,38.928357791603155],[-77.01757328460859,38.92827179553947],[-77.01755128842224,38.928258790840225],[-77.01750929099757,38.92823179021569],[-77.01747029187601,38.9282037892049],[-77.01745129400254,38.928189793123785],[-77.01739629485772,38.92814479578805],[-77.01736329187915,38.92811279415692],[-77.01734729183065,38.928095788836316],[-77.01726628957307,38.92801578898708],[-77.01716729117078,38.927913793422135],[-77.01706628707915,38.92781478882478],[-77.01701329396067,38.92776479139809],[-77.0169142904292,38.92768679376535],[-77.01675128865023,38.927543792230686],[-77.016669290895,38.92749178994555],[-77.01609028739715,38.92715278910856],[-77.01516829374793,38.92661979127442],[-77.01507628864249,38.926570788930924],[-77.01498029405653,38.92652479580381],[-77.0148822939855,38.92648379346035],[-77.01447628960283,38.92635279147094],[-77.01442428733198,38.92634078981529],[-77.01426628691354,38.92631179342335],[-77.01416728938915,38.92629678860358],[-77.0140302925038,38.92628178826868],[-77.01389129020184,38.92627279655909],[-77.01384528709285,38.926271793087416],[-77.01267329161638,38.92627479072266],[-77.01251928789846,38.92627778907726],[-77.01246829178378,38.926279794376285],[-77.01241629216801,38.92628079082824],[-77.01214467004579,38.92628978265064],[-77.01214428947662,38.92628979169849],[-77.01199128986771,38.92629778886887],[-77.01140629256054,38.926354789010595],[-77.01115829194731,38.92638579255839],[-77.01014329313483,38.926520793629805],[-77.00957728935724,38.92659879035717],[-77.0092362912202,38.926646796103554],[-77.00906070061588,38.92667267272827],[-77.00904628525046,38.926674790799574],[-77.00904603153873,38.92667481784418],[-77.00891697091193,38.927778580616426],[-77.00891695939049,38.92777867070042],[-77.00849519309232,38.92870927894526],[-77.00849428217859,38.92871079240809],[-77.00776928300519,38.92988479706101],[-77.00767711568022,38.93003483656883],[-77.00764028554165,38.930094798298136],[-77.00759436874327,38.930168480262886],[-77.00733428322405,38.93058578882441],[-77.00699828860681,38.931176790548],[-77.00695428655986,38.93126679518654],[-77.00690478400219,38.93136679034617],[-77.00690441501011,38.931367538057586],[-77.00690428816861,38.93136779029773],[-77.00690418439098,38.93136801551154],[-77.0063077184046,38.93306196225858],[-77.00624628693019,38.933149796536455],[-77.00619928367357,38.9333687909376],[-77.00613528369665,38.933769789986926],[-77.00611928562891,38.9338937901326],[-77.00611428550431,38.93395779439427],[-77.00610528309187,38.93402078993411],[-77.00610028311695,38.934086794037036],[-77.00609128477834,38.93419779482378],[-77.00608628622956,38.93428079759238],[-77.0060946397392,38.93431685739528],[-77.00612514327496,38.93548734956323],[-77.00612528180604,38.935488790884186],[-77.00612538566482,38.93548941245157],[-77.00636168816901,38.93659951069669],[-77.00636600190309,38.936599240212765],[-77.00636178046202,38.936599735899165],[-77.00636128450083,38.93659979898425],[-77.0063902895087,38.93669179015452],[-77.00645628301895,38.93689379763394],[-77.0065602898008,38.93717979631556],[-77.00662329232253,38.937332798708034],[-77.00670228366245,38.93750779840956],[-77.0067852891321,38.937680797976796],[-77.00684501370456,38.937801208405766],[-77.00684829008055,38.93780779327918],[-77.00687244740256,38.93785425665841],[-77.00688728329048,38.93788279407063],[-77.00699614106962,38.93808583461939],[-77.00759928854295,38.9392107979875],[-77.00805429310303,38.94004279158503],[-77.0082002869882,38.94033979386883],[-77.00831528782334,38.94063379840155],[-77.0083522839334,38.940865795323255],[-77.00836729065212,38.941061796665686],[-77.00836233119864,38.94136122362206],[-77.00836228536139,38.94136379999663],[-77.00836205485285,38.94136541249728],[-77.00832528840331,38.941620800172686],[-77.00822429137773,38.94194479950084],[-77.00803636742009,38.942388605974536],[-77.00803628669608,38.942388795154166],[-77.00802677285397,38.94241164983834],[-77.00774329217458,38.94309279469275],[-77.0076822867888,38.94323779612463],[-77.0076121606184,38.943418515975786],[-77.00760428422929,38.94343879414412],[-77.00760346554496,38.94344175792402],[-77.0075522918467,38.94362680047549],[-77.00753328374898,38.94375480045529],[-77.00750496584057,38.9440946489053],[-77.0075042861138,38.944102792439956],[-77.00752629176151,38.945268796473066],[-77.00754128929324,38.946153796322115],[-77.0075116862093,38.946348178954096],[-77.00751128273639,38.946350800390256],[-77.00722228910848,38.94644979260682],[-77.0070053334208,38.94653000655083],[-77.00623229215658,38.94681579303898],[-77.00606328632936,38.94687079748982],[-77.00601411055895,38.94688546551347],[-77.00600628949871,38.946887799060654],[-77.00600743189001,38.9468919428115],[-77.00601728647192,38.94692779526529],[-77.00602528373011,38.946962801035305],[-77.00603728611881,38.947023795489606],[-77.00609929007089,38.94741679654794],[-77.00611128269351,38.947496798461906],[-77.00611615350914,38.94752797586609],[-77.00622328945055,38.94821379758595],[-77.00623243075505,38.9482686665279],[-77.00623529318251,38.948285800122314],[-77.00623606655516,38.9482910609161],[-77.00630829033537,38.9487768014479],[-77.00637828488424,38.94922079765298],[-77.00640428950251,38.94937280190438],[-77.0064242891838,38.949455794064875],[-77.00643129345868,38.94947580106317],[-77.00644428701365,38.94951779693523],[-77.00645729139518,38.94955179345493],[-77.00647221077381,38.94958549259376],[-77.00647360694293,38.94958865442164],[-77.00648828402545,38.94962179505842],[-77.00652228748982,38.949689796647384],[-77.00656028246678,38.94975679808286],[-77.0066022920385,38.94982279935967],[-77.00662428311021,38.94985479551335],[-77.00681529072341,38.95011479941628],[-77.00686228423574,38.95017880046712],[-77.00690928946572,38.95024380141622],[-77.00695728680736,38.95030779335962],[-77.00726928449674,38.950736793481745],[-77.0072755496184,38.950745179795874],[-77.00748228791008,38.95102179284208],[-77.00765229104239,38.95125579878286],[-77.00769828346357,38.95132979873313],[-77.0077382888581,38.9514067988159],[-77.00774758974637,38.95142944499991],[-77.007750763126,38.951437155871794],[-77.00775078620683,38.951437227936474],[-77.00776128721972,38.95146280172859],[-77.00778329391197,38.95152279536737],[-77.00780028246746,38.95158479818131],[-77.00781429462307,38.95164680119106],[-77.00781929313003,38.951675798488566],[-77.00782728356397,38.95174080165334],[-77.0078322860391,38.95180579600871],[-77.00783728556613,38.95194880200635],[-77.0078372921642,38.952008797102444],[-77.0078362917781,38.95203879471751],[-77.00783328381544,38.952381793897004],[-77.00783328383328,38.9523819560459],[-77.00783319251528,38.95239082919998],[-77.00782844612507,38.95308208823374],[-77.0078296753305,38.952614477800445],[-77.00782728957105,38.95274080095178],[-77.00782803111568,38.95308495289165],[-77.00782828622397,38.95320179915389],[-77.00782529412254,38.953269793780315],[-77.00782029087868,38.95330380033614],[-77.00780528892867,38.95337179576363],[-77.00779529010933,38.95340479372492],[-77.00777362984428,38.95345893487142],[-77.00777328383336,38.953459799688375],[-77.00777346842973,38.953459862733986],[-77.0078052883449,38.95347179657132],[-77.00783828470605,38.95348079362505],[-77.00787228445061,38.95348679985618],[-77.00790628386711,38.953489797315235],[-77.00811928854276,38.95348880081143],[-77.00839528344738,38.95347980006831],[-77.00891129001424,38.953464799130266],[-77.00904929308368,38.953459797945854],[-77.00904728391234,38.95353680079413],[-77.00905128586626,38.953798797003],[-77.00905028793076,38.954116797994224],[-77.00905028864474,38.95448579469573],[-77.00904929343345,38.95455279827234],[-77.00904929180152,38.95463080086653],[-77.00904828938447,38.95482280316672],[-77.00907828599966,38.954824800676285],[-77.00915628923373,38.95483380285978],[-77.00923228581415,38.95484879564777],[-77.00941428963638,38.9548987950329],[-77.0095942868014,38.95495280297804],[-77.0096542937426,38.954971796473444],[-77.0097132855895,38.95499179894834],[-77.00977329259649,38.95501080139083],[-77.00983129231766,38.95503079488075],[-77.010187286126,38.955147799806014],[-77.01030328591273,38.95518679543572],[-77.01042328935704,38.95522679951904],[-77.01103328746507,38.95542179953728],[-77.01126528961669,38.95550379767694],[-77.01151029470977,38.955585794075326],[-77.01161528863905,38.9556197989037],[-77.01179828962636,38.955677802820055],[-77.01205829464647,38.95576179638763],[-77.01355429183579,38.95625379909666],[-77.01364728816571,38.95628379480847],[-77.01379329043097,38.95633180073422],[-77.01413329358282,38.95644179607977],[-77.01438429328087,38.956524794641965],[-77.0144842940918,38.95655779758485],[-77.01494729667212,38.95671079872548],[-77.01518928629226,38.95678779720296],[-77.01555828944034,38.956907801813436],[-77.01604328873024,38.95706879501273],[-77.01616129059985,38.9571068026409],[-77.0171162959152,38.95741979395776],[-77.01787629747209,38.957667794804294],[-77.01827629108043,38.957799803096584],[-77.01857429624641,38.95789580222427],[-77.0199572918997,38.958348797995626],[-77.02012829515216,38.958403800149284],[-77.02073329438322,38.958601795098],[-77.02084029346834,38.95863680019299],[-77.02115429891181,38.95873979830399],[-77.02123457459352,38.958766412170455],[-77.02133829727752,38.95880079583366],[-77.02140751858256,38.95882279036038],[-77.02170029320816,38.95891580072607],[-77.02207429234664,38.95903980148184],[-77.02233429867204,38.95912379917015],[-77.02244048037002,38.95915951460616],[-77.02244403437845,38.959160712022566],[-77.02244428823761,38.95916080205648],[-77.02296328857486,38.959330795236944],[-77.02307454750667,38.95936644604059],[-77.02316929423206,38.95939680315486],[-77.02352829697102,38.95951380280212],[-77.02366888926697,38.95956041018411],[-77.02389329036826,38.95963479978769],[-77.02409529378996,38.95969979796329],[-77.02419829219897,38.959733800886],[-77.02426048797862,38.95975357013383],[-77.02432729943597,38.95977479772617],[-77.02529228887181,38.960091800773526],[-77.02542099786922,38.96013411167463],[-77.02595229048626,38.96030880020358],[-77.02678029681454,38.960576798327274],[-77.0270632898875,38.96066979747493],[-77.0274982968533,38.960821800401646],[-77.0277382979544,38.96090679967443],[-77.02792329220483,38.96097779475532],[-77.02803087845157,38.96102082848024],[-77.02803329028973,38.96102180079377],[-77.0280552997175,38.96074480060774],[-77.0281092925599,38.96002980217922],[-77.02816829361844,38.959348799591965],[-77.02821629564706,38.958719795222414],[-77.02822929661036,38.95851080041871],[-77.02823728967465,38.95835880208786],[-77.02969829952607,38.958356800584816],[-77.03000029794713,38.958358795381045],[-77.0313292954647,38.958359798040895],[-77.03147729980311,38.95835879440233],[-77.03342830232629,38.95835880234717],[-77.03434629376609,38.958357797590864],[-77.03537929381666,38.9583597956735],[-77.03639729551647,38.958362798225096],[-77.03639729492862,38.95851979421591],[-77.03639830017892,38.959290801971264],[-77.03639530129739,38.960173801532406],[-77.03639529730798,38.96084379975704],[-77.03639529791425,38.961522797139835],[-77.03639130119754,38.96241779561749],[-77.03639029390905,38.962591799380675],[-77.03840729366908,38.96303680156738],[-77.03868530158724,38.96308279614224],[-77.03894930066318,38.96310479673512],[-77.03905430177947,38.96310779749145],[-77.03915630292003,38.96311079915823]]]},"properties":{"NAME":"Roosevelt","GIS_ID":"dcps_459","DCPS_ID":"dcps_459","SHAPE.AREA":0,"SHAPE.LEN":0,"GLOBALID":"{78F44169-3A9D-4895-BE9D-6840480C15C6}","CREATED":1725410751000,"EDITED":1725410751000,"OBJECTID":333}},{"type":"Feature","id":334,"geometry":{"type":"MultiPolygon","coordinates":[[[[-77.00465959074494,38.95164254648326],[-77.00466359405112,38.95164444706923],[-77.00470728476282,38.951671794435164],[-77.00480529141241,38.95172579504414],[-77.00485628471422,38.951750799902456],[-77.00496328941587,38.95179480082083],[-77.00504063260055,38.95182318257864],[-77.00504492435108,38.95182521826316],[-77.00504853536086,38.9518260829014],[-77.00507228979316,38.95183480188105],[-77.0051272860283,38.951853797928756],[-77.00518028631828,38.95187079420242],[-77.00531229074575,38.95190879417976],[-77.00539329065941,38.95192879784364],[-77.00556428885808,38.95196479589346],[-77.0056792874329,38.95198679757186],[-77.00592428288708,38.952036799339304],[-77.00594547597048,38.95204074388649],[-77.0059672920422,38.95204479649728],[-77.0060112931027,38.95204979383364],[-77.0060562862339,38.95205380019204],[-77.00610028704939,38.952055797740115],[-77.00619028391476,38.95205280226141],[-77.00623528798128,38.95204980011428],[-77.00632328811133,38.9520367964488],[-77.00636728794102,38.95202779479554],[-77.00647028461134,38.952003800108706],[-77.00662629124514,38.95197279390136],[-77.00682047144007,38.951932407652144],[-77.0069661065585,38.951903311349575],[-77.0073177119038,38.95183686285946],[-77.00734505317786,38.95183281642982],[-77.0076694939253,38.95181021184992],[-77.00768028054831,38.95180952651284],[-77.00783043954986,38.95179999480459],[-77.00783170921237,38.95180581406393],[-77.00783180155149,38.95180623744657],[-77.0078362917781,38.95203879471751],[-77.0078372921642,38.952008797102444],[-77.00783728556613,38.95194880200635],[-77.0078322860391,38.95180579600871],[-77.00782728356397,38.95174080165334],[-77.00781929313003,38.951675798488566],[-77.00781429462307,38.95164680119106],[-77.00780028246746,38.95158479818131],[-77.00778329391197,38.95152279536737],[-77.00776128721972,38.95146280172859],[-77.00775078620683,38.951437227936474],[-77.007750763126,38.951437155871794],[-77.00774758974637,38.95142944499991],[-77.0077382888581,38.9514067988159],[-77.00769828346357,38.95132979873313],[-77.00765229104239,38.95125579878286],[-77.00748228791008,38.95102179284208],[-77.0072755496184,38.950745179795874],[-77.00726928449674,38.950736793481745],[-77.00695728680736,38.95030779335962],[-77.00690928946572,38.95024380141622],[-77.00686228423574,38.95017880046712],[-77.00681529072341,38.95011479941628],[-77.00662428311021,38.94985479551335],[-77.0066022920385,38.94982279935967],[-77.00656028246678,38.94975679808286],[-77.00652228748982,38.949689796647384],[-77.00648828402545,38.94962179505842],[-77.00647360694293,38.94958865442164],[-77.00647221077381,38.94958549259376],[-77.00645729139518,38.94955179345493],[-77.00644428701365,38.94951779693523],[-77.00643129345868,38.94947580106317],[-77.0064242891838,38.949455794064875],[-77.00640428950251,38.94937280190438],[-77.00637828488424,38.94922079765298],[-77.00630829033537,38.9487768014479],[-77.00623606655516,38.9482910609161],[-77.00623529318251,38.948285800122314],[-77.00623243075505,38.9482686665279],[-77.00622328945055,38.94821379758595],[-77.00611615350914,38.94752797586609],[-77.00611128269351,38.947496798461906],[-77.00609929007089,38.94741679654794],[-77.00603728611881,38.947023795489606],[-77.00602528373011,38.946962801035305],[-77.00601728647192,38.94692779526529],[-77.00600743189001,38.9468919428115],[-77.00600628949871,38.946887799060654],[-77.00601411055895,38.94688546551347],[-77.00606328632936,38.94687079748982],[-77.00623229215658,38.94681579303898],[-77.0070053334208,38.94653000655083],[-77.00722228910848,38.94644979260682],[-77.00751128273639,38.946350800390256],[-77.0075116862093,38.946348178954096],[-77.00754128929324,38.946153796322115],[-77.00752629176151,38.945268796473066],[-77.0075042861138,38.944102792439956],[-77.00750496584057,38.9440946489053],[-77.00753328374898,38.94375480045529],[-77.0075522918467,38.94362680047549],[-77.00760346554496,38.94344175792402],[-77.00760428422929,38.94343879414412],[-77.0076121606184,38.943418515975786],[-77.0076822867888,38.94323779612463],[-77.00774329217458,38.94309279469275],[-77.00802677285397,38.94241164983834],[-77.00803628669608,38.942388795154166],[-77.00803636742009,38.942388605974536],[-77.00822429137773,38.94194479950084],[-77.00832528840331,38.941620800172686],[-77.00836205485285,38.94136541249728],[-77.00836228536139,38.94136379999663],[-77.00836233119864,38.94136122362206],[-77.00836729065212,38.941061796665686],[-77.0083522839334,38.940865795323255],[-77.00831528782334,38.94063379840155],[-77.0082002869882,38.94033979386883],[-77.00805429310303,38.94004279158503],[-77.00759928854295,38.9392107979875],[-77.00699614106962,38.93808583461939],[-77.00688728329048,38.93788279407063],[-77.00687244740256,38.93785425665841],[-77.00684829008055,38.93780779327918],[-77.00684501370456,38.937801208405766],[-77.0067852891321,38.937680797976796],[-77.00670228366245,38.93750779840956],[-77.00662329232253,38.937332798708034],[-77.0065602898008,38.93717979631556],[-77.00645628301895,38.93689379763394],[-77.0063902895087,38.93669179015452],[-77.00636128450083,38.93659979898425],[-77.00636178046202,38.936599735899165],[-77.00636600190309,38.936599240212765],[-77.00636168816901,38.93659951069669],[-77.00612538566482,38.93548941245157],[-77.00612528180604,38.935488790884186],[-77.00612514327496,38.93548734956323],[-77.0060946397392,38.93431685739528],[-77.00608628622956,38.93428079759238],[-77.00609128477834,38.93419779482378],[-77.00610028311695,38.934086794037036],[-77.00610528309187,38.93402078993411],[-77.00611428550431,38.93395779439427],[-77.00611928562891,38.9338937901326],[-77.00613528369665,38.933769789986926],[-77.00619928367357,38.9333687909376],[-77.00624628693019,38.933149796536455],[-77.0063077184046,38.93306196225858],[-77.00690418439098,38.93136801551154],[-77.00690428816861,38.93136779029773],[-77.00690441501011,38.931367538057586],[-77.00690478400219,38.93136679034617],[-77.00695428655986,38.93126679518654],[-77.00699828860681,38.931176790548],[-77.00733428322405,38.93058578882441],[-77.00759436874327,38.930168480262886],[-77.00767711568022,38.93003483656883],[-77.00776928300519,38.92988479706101],[-77.00849428217859,38.92871079240809],[-77.00849519309232,38.92870927894526],[-77.00891695939049,38.92777867070042],[-77.00891697091193,38.927778580616426],[-77.00904603153873,38.92667481784418],[-77.00904628525046,38.926674790799574],[-77.00906070061588,38.92667267272827],[-77.0092362912202,38.926646796103554],[-77.00957728935724,38.92659879035717],[-77.01014329313483,38.926520793629805],[-77.01115829194731,38.92638579255839],[-77.01140629256054,38.926354789010595],[-77.01199128986771,38.92629778886887],[-77.01214428947662,38.92628979169849],[-77.01214328393422,38.9258027931551],[-77.01214629065989,38.924700796200966],[-77.01214629245499,38.92416979176247],[-77.01214756017961,38.92382662865573],[-77.01214828809641,38.92363178759835],[-77.01214829133455,38.923447747587076],[-77.01214829213922,38.92338478842564],[-77.012148097476,38.92332520740456],[-77.01214728285252,38.92307879384383],[-77.01214848539084,38.92275927752192],[-77.01214929083966,38.922545789188526],[-77.01214869796983,38.92245025598077],[-77.01214828286132,38.92238279268912],[-77.01214828278306,38.9223823332646],[-77.01214828832921,38.92200879410581],[-77.01215028696215,38.921488788358516],[-77.01215029173638,38.92131379263242],[-77.01225928897644,38.921314790179245],[-77.01264428416412,38.92131379426728],[-77.01267628411112,38.92131179095164],[-77.01270828334343,38.921305787930905],[-77.01273828706262,38.92129679435492],[-77.01288428747193,38.92122379289342],[-77.01297629031043,38.921179795058094],[-77.0130702883692,38.92113778776679],[-77.01321428402541,38.92107779413744],[-77.01328328429072,38.92105178828514],[-77.01342428326367,38.92100179397841],[-77.0135672892936,38.92095578995649],[-77.01363928828941,38.92093379225019],[-77.01378529321937,38.920892787231715],[-77.01393128723325,38.920855790736915],[-77.01407029395648,38.92082379452215],[-77.01428028661155,38.92078079032119],[-77.01442028595861,38.92075479311361],[-77.01456128885646,38.92073079546156],[-77.01463228632953,38.9207197874255],[-77.01493728647134,38.92067578819881],[-77.01492829293645,38.92062579313609],[-77.01487529359471,38.92023679331606],[-77.01480429215479,38.91967079108965],[-77.01475128504265,38.91918178968691],[-77.01474328987801,38.91910678734867],[-77.01469228942324,38.9186707906279],[-77.01463829399222,38.91819078853027],[-77.0146272892292,38.91811478662266],[-77.01462128361361,38.91806879083747],[-77.01461728605837,38.91803079419818],[-77.01458029036645,38.91772979444475],[-77.0145772861563,38.917699788067736],[-77.01457328517107,38.917644792703264],[-77.01456829211237,38.91758778860384],[-77.0145032879742,38.91700278659677],[-77.01442228818168,38.91628678727822],[-77.0144162919572,38.916228792365146],[-77.01438428821582,38.9159717885387],[-77.01437629319231,38.91589378635562],[-77.01434228286347,38.915576787238344],[-77.01433428632217,38.91549078564539],[-77.01431228561869,38.915317792272944],[-77.01429329000227,38.91517978689885],[-77.01427329362059,38.914995794085854],[-77.01490428446601,38.91477879456127],[-77.01574328885928,38.91448578746352],[-77.0168198291781,38.91410859349039],[-77.01636128595301,38.91391079047015],[-77.0162555420341,38.91386802463477],[-77.01622528338305,38.91385578650981],[-77.01609828673877,38.91380279000948],[-77.01585928443569,38.91370078525287],[-77.0157082907115,38.913634792550276],[-77.01518028889377,38.91340978901508],[-77.0148589436369,38.913272363079386],[-77.01455128730092,38.91314078997278],[-77.01448717322576,38.91311371887369],[-77.01421028400159,38.9129967886059],[-77.01411005396155,38.912952786008766],[-77.01408729119636,38.912942789499105],[-77.01393428272105,38.912875785804225],[-77.0136062893971,38.912738789603715],[-77.01354428647122,38.91271378965756],[-77.0133102842496,38.91261278802202],[-77.01298728573319,38.91247478958269],[-77.01248628327589,38.91225878817223],[-77.01215928767544,38.912124787565816],[-77.01145328252781,38.91182379115582],[-77.01124428500042,38.9117327911799],[-77.010258286441,38.91131278692251],[-77.01005728322029,38.91122879260301],[-77.00987528315233,38.91115378665712],[-77.00985028459739,38.91114278958188],[-77.00981929031545,38.911130793079415],[-77.00932828200988,38.91092778528298],[-77.00905328808814,38.910802789139645],[-77.00905328101163,38.910383793086304],[-77.00905329108352,38.90964579350828],[-77.00922228294998,38.909647789149695],[-77.00965928343781,38.90964579001272],[-77.01052728960633,38.90964678700712],[-77.01156128935385,38.9096457884155],[-77.01204729172717,38.90964679328258],[-77.01216528740447,38.90964778998908],[-77.0125072828112,38.90964678998132],[-77.01293529053825,38.90964778834112],[-77.01347628968648,38.9096477902437],[-77.01384528834336,38.909649791988514],[-77.01466829357891,38.909648790716446],[-77.01485928375838,38.909647784670135],[-77.0150922889954,38.90964979068681],[-77.01518684451557,38.9096497874414],[-77.01518729417596,38.90964978738296],[-77.01518667799238,38.90962580724938],[-77.01518528292091,38.909571793395244],[-77.01518528861882,38.90943610970275],[-77.01518528962873,38.90868278679447],[-77.01518328734433,38.90864678970276],[-77.01518428704361,38.90857678571277],[-77.01521723858876,38.908576790433536],[-77.01528029387048,38.90857679121128],[-77.0153495637924,38.90857770098162],[-77.01535628555771,38.908577790181695],[-77.01536241929507,38.90857778937523],[-77.01560929069983,38.90857779268366],[-77.01576428330864,38.90857978974109],[-77.01578976389368,38.908580732176276],[-77.01579128581047,38.90858078602067],[-77.01591028285215,38.90858178781804],[-77.01591021362437,38.908581562618814],[-77.0157482830992,38.90812278945468],[-77.01548828664052,38.90740478682692],[-77.01544467153008,38.907247750061494],[-77.01544328693133,38.9072427866444],[-77.01548929018794,38.90724778919572],[-77.01559028787686,38.907249784622486],[-77.01563228936185,38.90724978801794],[-77.01573628381254,38.90724779221899],[-77.01597128689403,38.90724778735164],[-77.01605629313973,38.90724878463404],[-77.01616987961148,38.90724503050241],[-77.0161772929386,38.907244786250644],[-77.01620627783215,38.90724507950874],[-77.01627829041642,38.9072457901643],[-77.0164532945414,38.907245234154914],[-77.01722229115855,38.90724279015515],[-77.01755228467078,38.907242786082065],[-77.01815328796998,38.90724478417368],[-77.0186462834138,38.90724378767451],[-77.01883029262541,38.90724578503808],[-77.01893929099089,38.907244785508176],[-77.01903128407265,38.9072457885015],[-77.01913529048822,38.907245789528574],[-77.01924096904587,38.90724721350674],[-77.01935728925457,38.9072487887685],[-77.01957128556136,38.90724778922066],[-77.01979728448737,38.907248787100876],[-77.0198749230378,38.90724804424198],[-77.0199012214521,38.90724778753122],[-77.01990129062828,38.90724778751942],[-77.01990229438664,38.90691978435266],[-77.01990229229999,38.9064578361828],[-77.01990228956855,38.90628278592269],[-77.01990328917809,38.905650786883136],[-77.01990334050117,38.90562813087069],[-77.01990428777823,38.905221790988556],[-77.01990165868365,38.90476560847018],[-77.01990028927524,38.90452678825757],[-77.01990099795637,38.90442224619727],[-77.01990229341436,38.90423079143958],[-77.01990051468375,38.904177705514286],[-77.01990029370486,38.904170787136266],[-77.0199045416149,38.90385924149758],[-77.01990456426272,38.90385777313195],[-77.01990829257412,38.90358478332236],[-77.01990828956404,38.90340878709421],[-77.01990808499332,38.90358455814884],[-77.01990825406249,38.903405508059045],[-77.0199062909696,38.903228791490776],[-77.01990528728572,38.90301978880697],[-77.01990891739591,38.90284947621436],[-77.01990892866813,38.9028485573601],[-77.01990929290292,38.90283178373934],[-77.019909289026,38.90252878768008],[-77.0199093004264,38.90252832825198],[-77.01991628625154,38.90227878657443],[-77.0199151566479,38.90199046529106],[-77.01991428775845,38.90176878777856],[-77.01991728623943,38.90164878693379],[-77.01992029324532,38.9014767898421],[-77.01991428789465,38.90127378751207],[-77.01990929299984,38.90113878910212],[-77.01991113869202,38.900895130696945],[-77.01991129441046,38.90087478979562],[-77.0199132926454,38.89993878483308],[-77.01991229077763,38.899818784630966],[-77.01991198478346,38.8997963538647],[-77.01990728776204,38.89944778514022],[-77.01990827698613,38.899068199634556],[-77.01990828672402,38.89906178567913],[-77.01990828657209,38.89831778501049],[-77.01990829212846,38.89821378345523],[-77.01990719685477,38.898172038885804],[-77.01990028708619,38.8979077887235],[-77.01990229379953,38.89737379056228],[-77.01990294615194,38.89735683670869],[-77.0199032894588,38.8973477832436],[-77.01990728583517,38.897127789282074],[-77.01990628845995,38.896899787725985],[-77.01990513634188,38.89677819300353],[-77.01990328377883,38.89658378377586],[-77.01990728620461,38.89613778788365],[-77.01990428801962,38.89555578481599],[-77.01990428474076,38.89537878840614],[-77.01990528370224,38.89524078904588],[-77.01990528415051,38.89515977679041],[-77.01990528673134,38.895003787882565],[-77.01990729375886,38.8948017838809],[-77.01990628426856,38.89473678867124],[-77.01990829399354,38.89458579004621],[-77.01990351172498,38.894426162556705],[-77.01990329064782,38.894418784739756],[-77.019926291039,38.893605784423386],[-77.01992632228384,38.8935938393184],[-77.01992728994928,38.89330278769404],[-77.01992528391575,38.89301278153313],[-77.01990429096614,38.89283978833947],[-77.01990287506388,38.89280536759129],[-77.0199012850964,38.892766785004596],[-77.01990938678034,38.89230596933844],[-77.01991308249934,38.8920836240456],[-77.01917643168129,38.892082945569726],[-77.01892382632172,38.89215281067048],[-77.01858705104536,38.892400721120715],[-77.01756729405447,38.89211678189649],[-77.01686888977088,38.89192334896413],[-77.01639028588225,38.89179078682565],[-77.01518357043717,38.89145586545322],[-77.0151832822496,38.8914557844153],[-77.01518828544633,38.89199978143397],[-77.01522036727766,38.89206534019762],[-77.01523428633703,38.89209378682518],[-77.01523403274292,38.89209377784987],[-77.015051283513,38.892086784021],[-77.01499928559157,38.89208678170203],[-77.01467728199943,38.892090786295476],[-77.01424028483919,38.89208978641483],[-77.01402428193946,38.89208978552652],[-77.01364128878325,38.89209078577508],[-77.01319545193218,38.89209756625213],[-77.01318128538976,38.89209778405279],[-77.01257264072589,38.89209596840925],[-77.01217528460425,38.89209478537011],[-77.01201328260579,38.89207878525899],[-77.01152928041519,38.89208778836436],[-77.01054882393137,38.89208778194637],[-77.0103982823997,38.892087786438616],[-77.01038423107795,38.89208771562185],[-77.00998928406075,38.89208578624576],[-77.00912828924118,38.892059786485845],[-77.00900329102703,38.89205678739267],[-77.00817328204694,38.8920377867148],[-77.0079782798795,38.89202478310072],[-77.00736328442441,38.89202078774626],[-77.0063142898844,38.892020786120575],[-77.005999801247,38.89202000996588],[-77.00599978973372,38.89202017211718],[-77.00590728628347,38.89201978947346],[-77.00589428149766,38.892129782365075],[-77.00589429005959,38.89237284627769],[-77.00589428166175,38.892550176088776],[-77.00589125137215,38.89326372936294],[-77.00589128185888,38.89363278429734],[-77.00589128459401,38.894642676593314],[-77.0058922883466,38.8947927829919],[-77.00589327986702,38.89535278815278],[-77.00590327987054,38.895978788098255],[-77.00576354556671,38.89601097296453],[-77.00568793787023,38.89602987622513],[-77.00564083730674,38.89604277849092],[-77.00563911964534,38.89604207592125],[-77.00558828412144,38.89605478917046],[-77.00553528173096,38.89607179048272],[-77.00546627997683,38.896100782656895],[-77.0054192839939,38.89612578306457],[-77.00537327972597,38.896155783051036],[-77.00532027914961,38.89619879141927],[-77.00531925325537,38.89619960221898],[-77.00504311568699,38.89660528822163],[-77.0050422858022,38.89660678364616],[-77.00504059150812,38.8966106032664],[-77.00503542813225,38.896624908773994],[-77.00477805203361,38.897338994678805],[-77.00477528595877,38.89734778695578],[-77.00477488248697,38.8973477869723],[-77.00461028910013,38.89734878450694],[-77.00397928220448,38.8973487896999],[-77.00352137606073,38.89734487676152],[-77.00351153134721,38.89734485003296],[-77.00356838005565,38.90021450715079],[-77.00356838006964,38.90021478640996],[-77.00356828784376,38.90021478641277],[-77.00356828657614,38.900419789656524],[-77.00356879613034,38.90046594847544],[-77.00357128597146,38.90069078804072],[-77.00357027999377,38.90086078481508],[-77.00357028047445,38.90133078691303],[-77.00357128714654,38.901634791936445],[-77.00357228129963,38.901688788001564],[-77.00357228751302,38.901812788041966],[-77.00357128683875,38.9018587847451],[-77.00357128551609,38.90252279072183],[-77.00357228068016,38.90282678667211],[-77.00357628727058,38.90363879066704],[-77.00357528923155,38.90373779251172],[-77.00357527772894,38.90373831499659],[-77.00357128838031,38.90396078543077],[-77.00356328178782,38.90407978602895],[-77.00354429014058,38.90423878404743],[-77.00352531804772,38.904328651954934],[-77.00352528346774,38.90432878708127],[-77.00352511056683,38.90432944469628],[-77.00349028835286,38.90446378731335],[-77.00344628890791,38.904596787943426],[-77.003430288859,38.90464078520976],[-77.00341228270518,38.904683791613394],[-77.00326591809981,38.9050875951947],[-77.00310128043381,38.905541791767455],[-77.00306775790695,38.905636344307666],[-77.00306342349033,38.905648613795734],[-77.00306242058568,38.905651586577946],[-77.00306235141096,38.905651586579765],[-77.00306228224485,38.905651784765304],[-77.00281928330186,38.905653790740025],[-77.00279527973628,38.90565479124421],[-77.00204227897596,38.905652779967745],[-77.00204132391562,38.906120007104484],[-77.00204042579453,38.90656297471516],[-77.00204028941383,38.90663178950006],[-77.00203878172877,38.90672436833381],[-77.00203328038874,38.90706278508069],[-77.00203328543967,38.907239790123946],[-77.00203328572088,38.90724964525727],[-77.0020332846681,38.90761678949759],[-77.00203028795752,38.907649787128115],[-77.00201995016026,38.90779451542248],[-77.00201928171484,38.90780379403211],[-77.00201548848005,38.90780225367022],[-77.00182628814373,38.90772579392902],[-77.00145927971136,38.907570792453996],[-77.00085528494769,38.90731279034624],[-77.00079528578989,38.9072877926042],[-77.00066163677023,38.90723113092775],[-77.00048628616574,38.90715678589113],[-77.00036428230231,38.90710579007531],[-77.00036314089515,38.90710536668651],[-77.00021728300186,38.907050785465984],[-76.99957828276521,38.90677678697286],[-76.99943512405638,38.90671459272709],[-76.9994332793779,38.906713790975054],[-76.99930631947872,38.90665859613545],[-76.99833828553048,38.90623778835739],[-76.9982908433519,38.906217185576956],[-76.9978132871816,38.90600978738083],[-76.99737428653205,38.90582079215784],[-76.99710027831152,38.905703785221185],[-76.99667628045013,38.90552178722506],[-76.99648969755741,38.905443282997176],[-76.99616527672335,38.90530678727018],[-76.99599228710389,38.905238786428185],[-76.99518998153447,38.90488996178117],[-76.99518728383089,38.904888790584316],[-76.99518315657149,38.9048870518023],[-76.99505928124594,38.90483478917915],[-76.99496841263306,38.90479535574376],[-76.99490027853224,38.90476578737765],[-76.9945122838899,38.90460079083249],[-76.9943514490384,38.90453291423918],[-76.99390327812999,38.90434378837058],[-76.99376027911082,38.90428178533575],[-76.9937311121533,38.90426895587964],[-76.99313728439948,38.90400778836286],[-76.99290828540245,38.90390779097082],[-76.99263928320964,38.90379679141487],[-76.99263250455752,38.90379400740626],[-76.99224427771378,38.9036347866485],[-76.99154455078103,38.90333448965237],[-76.99152428430034,38.90332578611332],[-76.99150616204855,38.9033180916624],[-76.99065327937022,38.902955791583715],[-76.99019016642877,38.902748975825894],[-76.99018527858688,38.902746786384945],[-76.99008128498848,38.90270178987446],[-76.98997715282349,38.90265931559888],[-76.9897012775416,38.902546786250525],[-76.98960227569506,38.902506789389555],[-76.98925428397618,38.902359786571104],[-76.98900727765076,38.902252789359956],[-76.98869728391533,38.90212178728587],[-76.9882922801732,38.90194878695222],[-76.98741327419414,38.901574785676154],[-76.98691453508324,38.90136068329218],[-76.98682032081818,38.90132023418303],[-76.98681928334294,38.90131979265644],[-76.98668819274138,38.90126372778978],[-76.98666728189515,38.901254789114084],[-76.98593127825946,38.90094278839519],[-76.98592783157319,38.90094131961763],[-76.98573628132422,38.90085978875913],[-76.98566627557616,38.90083079129268],[-76.98558850927893,38.900811909214475],[-76.98518027746516,38.900656211718484],[-76.98517927459096,38.90065578819843],[-76.9849260813107,38.90053340426962],[-76.984590908461,38.90037139024011],[-76.98447576482776,38.900315739367464],[-76.98413883029609,38.90015331842405],[-76.98413687080914,38.9001519218622],[-76.98413498038349,38.90015101176114],[-76.98344596463295,38.90013856570953],[-76.98344453509011,38.900138754682516],[-76.98291825624082,38.90083028673124],[-76.98291327636083,38.900828790615485],[-76.98286928065748,38.900891788636514],[-76.98280634989493,38.900977322769315],[-76.98280527740418,38.90097879097396],[-76.98280169073129,38.900984411662044],[-76.98238627883076,38.90163478928252],[-76.98235628217797,38.90167979051214],[-76.9823252441641,38.901739970658866],[-76.98232328337672,38.901743789905865],[-76.98231511832996,38.901755427468345],[-76.98227627665919,38.901810786948595],[-76.98217188058557,38.90197165132086],[-76.981945279983,38.90232078945099],[-76.9817642797934,38.90259778632095],[-76.98169928194311,38.90268578779859],[-76.9816442777224,38.90277979037421],[-76.98153927695073,38.90294978853132],[-76.98110927711035,38.903615788574434],[-76.9810562811226,38.9036957921995],[-76.98103328260862,38.903733785707644],[-76.98086432751218,38.90399371223775],[-76.98086428137508,38.903993793305396],[-76.9808222764011,38.90405679084625],[-76.98064427648707,38.90433378638823],[-76.98058727918534,38.90441278920026],[-76.98052627576251,38.90451178985985],[-76.9802472810492,38.904950792128865],[-76.9802042724982,38.90501178941296],[-76.98014827329612,38.90510479114981],[-76.98000727216764,38.905314787828914],[-76.97997728118882,38.90536978768987],[-76.97994028048817,38.90542478633936],[-76.97989728066113,38.90549379193143],[-76.97983428223542,38.905587792232396],[-76.97977627915394,38.90566978523019],[-76.97971327813586,38.90577179388676],[-76.9792542777455,38.90649478656924],[-76.97923128115113,38.90651978966352],[-76.97908927743565,38.90674879262138],[-76.97900627884916,38.906863787336455],[-76.9789732775912,38.90691778645686],[-76.97893427748996,38.90698379261557],[-76.9788502726592,38.907107786374276],[-76.97878927314284,38.90717778820521],[-76.97875727343893,38.90723578715021],[-76.97874728185684,38.9072597925828],[-76.97871827475372,38.90729579367313],[-76.97870027698754,38.907335787461825],[-76.97867528115944,38.907374789052135],[-76.97867506199604,38.90737514033774],[-76.97867240892545,38.90737952691927],[-76.97850527667585,38.90765479141908],[-76.97838927275984,38.90782779336156],[-76.97826654607648,38.90800247849425],[-76.97825227790632,38.90802278966328],[-76.97820982898683,38.90808953360969],[-76.97820205436399,38.90810176549537],[-76.97810728221425,38.908250790882825],[-76.97783528137735,38.90868378885157],[-76.9776402778997,38.90898879231832],[-76.97743127127299,38.90930779170808],[-76.97741027486775,38.9093467937865],[-76.97738027151506,38.9093927936019],[-76.97735527329199,38.909434794674056],[-76.97733327308902,38.909475787387485],[-76.97731427376856,38.909506790424366],[-76.97730128015144,38.909541794329996],[-76.97728327943177,38.909586787515245],[-76.97725528244051,38.90966779411484],[-76.97723574354686,38.9097273715025],[-76.97723528190197,38.90972879473103],[-76.97722311848742,38.909763366387764],[-76.97706828192685,38.9102037900918],[-76.97692939814341,38.91061695745963],[-76.97690727398847,38.910682795070244],[-76.97676027141121,38.91113078684859],[-76.97660654113956,38.91155526528718],[-76.9766012786645,38.91156979468876],[-76.97658405915546,38.911620517211574],[-76.97643127525639,38.912070795460124],[-76.97629528127825,38.91247479202726],[-76.9762722269851,38.91252568447052],[-76.97627128080593,38.91252779222998],[-76.97625527573913,38.91256579516592],[-76.976234279267,38.91263479478236],[-76.97614727911748,38.912613787623876],[-76.97611428126014,38.912608790263214],[-76.97608027927122,38.91260679246494],[-76.97579927629647,38.91260578873119],[-76.97541428112272,38.91260778929071],[-76.97487827586262,38.91260579254499],[-76.974266275589,38.912601794794675],[-76.97418074432433,38.912601793944305],[-76.97417827685474,38.91260179339908],[-76.97417260399712,38.91260174710367],[-76.97404227812709,38.91260079036703],[-76.97391236663708,38.912601779378974],[-76.97378027591981,38.91260279478258],[-76.97305051630231,38.91260189007624],[-76.97296727959129,38.912601789774996],[-76.97290048490854,38.91260190942887],[-76.97241827871103,38.912602787523],[-76.97221822947874,38.91260200144892],[-76.97216527120254,38.91260179066268],[-76.97215749982645,38.912601788811266],[-76.97158427430931,38.91260179495706],[-76.97153527122082,38.91260079211307],[-76.97141727402801,38.912592790929054],[-76.97139027142885,38.91258979355205],[-76.97136227683437,38.91258778684313],[-76.97130728004714,38.912581791814006],[-76.97128360989929,38.91257828175519],[-76.97128027785938,38.912577794485884],[-76.97128016239752,38.91257819082449],[-76.9712572766012,38.912659791750976],[-76.97124227156144,38.91269879417167],[-76.97120927671367,38.91277278955979],[-76.97119927190028,38.91279279461722],[-76.97119026981407,38.91281379083837],[-76.97116126999524,38.912873788236375],[-76.97114026911157,38.91291278916254],[-76.97112226972327,38.912942791495205],[-76.9710856506024,38.91299703066088],[-76.971077886049,38.91300853238894],[-76.97104327434441,38.913059790277195],[-76.97098027275464,38.91314479535523],[-76.97093527015781,38.913200789015704],[-76.97087227403148,38.913271795075815],[-76.97082967426854,38.91331633068606],[-76.97082649053317,38.91331965396837],[-76.97080626918023,38.91334079148986],[-76.97076027921756,38.91338579466084],[-76.97071227179711,38.913429788373826],[-76.97065427366303,38.91348678759937],[-76.97056327627118,38.91356979456936],[-76.9704382766836,38.9136777910096],[-76.970406269018,38.913703789981035],[-76.97023825674552,38.913848322131884],[-76.97022027433883,38.91386379387555],[-76.97011805282985,38.91395635547899],[-76.9700932644791,38.913978797915796],[-76.96994427038712,38.91410979497115],[-76.96989627561665,38.914148788719096],[-76.96984627490771,38.91418679101233],[-76.96982027756889,38.91420479196792],[-76.96973827413272,38.914255793984374],[-76.96968127722334,38.91428679491612],[-76.96960127093296,38.914331788792815],[-76.96957427203094,38.91434578973083],[-76.96948927545401,38.9143847916867],[-76.96943127817757,38.91440879275659],[-76.96932426880562,38.914449788682376],[-76.96924527345215,38.914475793004776],[-76.96920526884375,38.9144877905827],[-76.96912327762854,38.91450879440586],[-76.96904027298326,38.91452678911833],[-76.9689592763478,38.91454079361187],[-76.96887826902643,38.91455278918722],[-76.96883827890184,38.91455778716538],[-76.96875627013115,38.91456579169578],[-76.96867527690884,38.914571796590025],[-76.9682842790013,38.91459078879825],[-76.96787227400608,38.91460579223945],[-76.96759527226254,38.91461278729813],[-76.96724027591958,38.91462379559588],[-76.96689926882898,38.91462878920947],[-76.96687327848035,38.91462979077828],[-76.96684327596118,38.91462979127748],[-76.96651827182323,38.91463778809504],[-76.96580927583126,38.91464778924643],[-76.96577227328935,38.91464979628147],[-76.96573127060525,38.91464979327267],[-76.96570526870205,38.91465079457826],[-76.96565526880815,38.914657788379735],[-76.9656312712917,38.91466278995955],[-76.96552027557323,38.91469179113152],[-76.96544526998485,38.91473779256927],[-76.96539027520468,38.914772791699335],[-76.96534926988835,38.914801795400166],[-76.96532027275082,38.91482079438869],[-76.96527627803789,38.91485578772031],[-76.96524027885725,38.914880793168464],[-76.96521126817709,38.9149037918271],[-76.96523027093068,38.91492679576606],[-76.96521727381321,38.91495478980807],[-76.96520627147771,38.9149827934508],[-76.9651982781421,38.915011788905545],[-76.96519226806325,38.91504079395864],[-76.96518827535611,38.91507079052931],[-76.96517727712877,38.91518478774732],[-76.96516827679085,38.91526878779873],[-76.9651542728971,38.91537479372065],[-76.96514427207256,38.91547679212354],[-76.96511927752755,38.91568079643925],[-76.96509027062824,38.91588379060986],[-76.96501127760776,38.91655678865801],[-76.96497127833419,38.916882788267785],[-76.96496127411551,38.916943789701534],[-76.96494342532681,38.917129229893014],[-76.96494327465821,38.91713078828943],[-76.9648338616279,38.91712207138235],[-76.96452927176446,38.9170977919519],[-76.96443326798584,38.91709179024728],[-76.96433627356112,38.91708378831146],[-76.96423827345374,38.91708079462055],[-76.96403327162685,38.91706679581394],[-76.96309627643555,38.917024795087414],[-76.96229827631036,38.91698279573969],[-76.96155527375421,38.916951790206426],[-76.95954027173985,38.916859792449266],[-76.95926027093846,38.91685179486045],[-76.95917527709851,38.91685079229842],[-76.95864327503222,38.91685079440537],[-76.95847227090182,38.916851796744126],[-76.95839127305128,38.91685979435709],[-76.95834326631959,38.91686579482066],[-76.95815426960375,38.916893788254605],[-76.95808527125027,38.916908789426955],[-76.95800927535971,38.91692078826921],[-76.9578442701027,38.91695578929514],[-76.95779426604165,38.91696578851266],[-76.95771626925541,38.91698779470003],[-76.95764227603937,38.91700579357819],[-76.95744126619427,38.91706779697019],[-76.95735827389754,38.9170937917905],[-76.95709327058755,38.91720679441319],[-76.95678027386168,38.917358793782334],[-76.95637327040608,38.91755578990638],[-76.95624874136203,38.91762099070217],[-76.95618226656916,38.917655792008674],[-76.95596210762852,38.91776232286297],[-76.95590327004834,38.91779079403028],[-76.95554199584203,38.917966436728726],[-76.95546927017531,38.918001793765995],[-76.9554523374116,38.918009957869316],[-76.95507927352202,38.91818979251858],[-76.95493926498422,38.91825879648496],[-76.95492730353158,38.91826457522086],[-76.95472827247579,38.91836079734778],[-76.95456527271688,38.91844379090173],[-76.95440227385147,38.918524793386446],[-76.95435421862777,38.91853221550724],[-76.95355039992856,38.91890761822907],[-76.95354727419115,38.9189087970779],[-76.95354531335047,38.918909607048185],[-76.95268520076273,38.91916489135721],[-76.95268126799454,38.91916579059783],[-76.95263900882276,38.919178601340846],[-76.9526148690604,38.919185762185776],[-76.95139306409564,38.91922879763602],[-76.95138927029727,38.91922879605797],[-76.95138847466201,38.91922875969366],[-76.951345962636,38.91922304873728],[-76.95132527360073,38.91922579667072],[-76.95114026809205,38.91922179183404],[-76.95099426558976,38.919211794510815],[-76.95064127190508,38.91917479287058],[-76.95027226682447,38.91911379416788],[-76.94988526626696,38.9190467960434],[-76.9495172664229,38.91898479546095],[-76.94917526378568,38.91893179534221],[-76.94912961708462,38.91892401930794],[-76.94885827365097,38.918877796237716],[-76.94868862113145,38.91885239945122],[-76.94802327172548,38.91875279757218],[-76.94751126408279,38.91867179101515],[-76.94715167967051,38.9186027872831],[-76.94714126847215,38.91860079173306],[-76.94710763578972,38.91859561474138],[-76.94694626353416,38.91857079570414],[-76.94688147869212,38.91855875816832],[-76.9467362634027,38.918531793192614],[-76.94597127103022,38.91839679447689],[-76.94540027098084,38.918305797166525],[-76.94507326822698,38.918248792340876],[-76.94463836805167,38.91819318587417],[-76.94463526647732,38.918192797046515],[-76.94463260307914,38.918192417434646],[-76.94410926241679,38.91811879543849],[-76.94346870291096,38.91806747313109],[-76.94346026267145,38.91806679342281],[-76.94308626123804,38.918053793013264],[-76.94269526388236,38.918039792156804],[-76.94249826553028,38.918040794403446],[-76.94175227103642,38.91806979210865],[-76.9416875624148,38.91807898436936],[-76.94168690504543,38.91807910114963],[-76.94141067081135,38.918128824100386],[-76.94865175958137,38.92379599079567],[-76.96133223617024,38.93372272087303],[-76.97501113059688,38.944421643516414],[-76.98561155548971,38.95270974802391],[-76.98575282217989,38.95265424734408],[-76.98577627799851,38.952645800440926],[-76.98580228333614,38.952637795247924],[-76.9858562775101,38.95262580277369],[-76.9859102822163,38.95261880085823],[-76.9859382821954,38.952616795384245],[-76.98599327786268,38.952615802066916],[-76.98601961581797,38.95261754381537],[-76.98603749747923,38.95261872603561],[-76.98612928232404,38.952624799526454],[-76.98617261308192,38.952630524911086],[-76.98618559154548,38.952632238016776],[-76.98623527887683,38.95263880189822],[-76.98628827678503,38.952647798380156],[-76.98639228756196,38.95266979972176],[-76.98649528203548,38.95269780036225],[-76.98686508087248,38.95281826505982],[-76.98702328630951,38.95286980102773],[-76.9874062866628,38.95298079778069],[-76.98820228629408,38.95320479938979],[-76.9883969747025,38.95324552724522],[-76.98839827831763,38.95324579762269],[-76.9884030197825,38.95324679801107],[-76.98853528476944,38.95327479975032],[-76.9890762865295,38.953385797399285],[-76.9894221398943,38.95344807634378],[-76.98943728736113,38.95345079821065],[-76.98944304410013,38.953451771623676],[-76.98953827836237,38.95346779688701],[-76.98982128293571,38.95350780056641],[-76.98999028314894,38.953529795333836],[-76.99016028744775,38.953549799113624],[-76.99033128428302,38.9535678028923],[-76.9904222855473,38.95357880047041],[-76.99060328497995,38.95359679566172],[-76.99078628089764,38.953610800066464],[-76.99096927739502,38.95362079550469],[-76.99115228597574,38.95362679999381],[-76.99124328867002,38.953627797753335],[-76.99131928165647,38.953630803172985],[-76.99139428272092,38.95363179962605],[-76.99155473760766,38.953630856447255],[-76.99156427860454,38.95363080308626],[-76.99156990860939,38.95363069539304],[-76.99162027868437,38.95362979818625],[-76.99177028174412,38.95362380032281],[-76.99184528349369,38.953618796978915],[-76.99199528718493,38.953606799319076],[-76.99217927897337,38.95358979514657],[-76.99243068171232,38.95356178696125],[-76.99248378649199,38.95355587195305],[-76.99254728609132,38.953548795516795],[-76.9928212784998,38.953512797593255],[-76.99296628733492,38.95349079920085],[-76.9930172580008,38.95348182101004],[-76.99302093831783,38.95348117263428],[-76.9931252793123,38.953462801943424],[-76.99338828951498,38.953410794348166],[-76.99344028712619,38.953398798260345],[-76.99351227868283,38.95337979482594],[-76.99354327886456,38.95337179719752],[-76.9935892427484,38.953358836825146],[-76.99362128132002,38.953349794273585],[-76.99362177741386,38.95334967719313],[-76.99364527844725,38.95334379607191],[-76.9938482855514,38.95328379382906],[-76.99387955116352,38.953273895380235],[-76.9939492815247,38.953251801721144],[-76.99426728980596,38.95315579858514],[-76.99447428788763,38.95309179577647],[-76.99452128981143,38.95307779913487],[-76.99458428214612,38.95305779469921],[-76.99476327897293,38.95300679802097],[-76.99488328680036,38.95297379702784],[-76.9949442827271,38.95295880090916],[-76.99500428653765,38.95294279578987],[-76.99518728555474,38.952898798058854],[-76.99540428338607,38.95285080170944],[-76.99554929057658,38.9528208007656],[-76.99569528968321,38.95279279951449],[-76.99591628957823,38.952753801624105],[-76.99603728782611,38.95273479833315],[-76.9962202847708,38.95270779759164],[-76.99634228639952,38.952691802779974],[-76.99652628652007,38.95267080109948],[-76.99681992024344,38.95264182984052],[-76.99682028941979,38.95264179381747],[-76.99671329022405,38.952559797571894],[-76.99665329007586,38.952512799717105],[-76.99617528709331,38.95214579706751],[-76.99598878238554,38.95200417176764],[-76.99650125368092,38.95192796922265],[-76.99653828639622,38.95192279957576],[-76.99654540451212,38.9519220070582],[-76.99840140264212,38.95180155247739],[-77.00193997286354,38.95150265274028],[-77.00427716856896,38.95130522828444],[-77.0042774800526,38.95130520124822],[-77.00465721407903,38.95164044765033],[-77.00465959074494,38.95164254648326]]],[[[-77.00465721407903,38.95164044765033],[-77.00427909529138,38.95130736317483],[-77.00427893378158,38.95130738119729],[-77.00427929143778,38.95130779556478],[-77.00434528481225,38.95138379593578],[-77.00447728207465,38.95151279843997],[-77.00451328953599,38.95154379452401],[-77.00455228486422,38.95157279965194],[-77.0045922837738,38.95159979588232],[-77.00465721407903,38.95164044765033]]]]},"properties":{"NAME":"Dunbar","GIS_ID":"dcps_467","DCPS_ID":"dcps_467","SHAPE.AREA":0,"SHAPE.LEN":0,"GLOBALID":"{6C29A507-E5AA-47E3-A6B4-DF18CE0DBE01}","CREATED":1725410751000,"EDITED":1725410751000,"OBJECTID":334}},{"type":"Feature","id":335,"geometry":{"type":"MultiPolygon","coordinates":[[[[-77.00204227897596,38.905652779967745],[-77.00306342349033,38.905648613795734],[-77.00306775790695,38.905636344307666],[-77.00310128043381,38.905541791767455],[-77.00326591809981,38.9050875951947],[-77.00341228270518,38.904683791613394],[-77.003430288859,38.90464078520976],[-77.00344628890791,38.904596787943426],[-77.00349028835286,38.90446378731335],[-77.00352511056683,38.90432944469628],[-77.00352528346774,38.90432878708127],[-77.00352531804772,38.904328651954934],[-77.00354429014058,38.90423878404743],[-77.00356328178782,38.90407978602895],[-77.00357128838031,38.90396078543077],[-77.00357527772894,38.90373831499659],[-77.00357528923155,38.90373779251172],[-77.00357628727058,38.90363879066704],[-77.00357228068016,38.90282678667211],[-77.00357128551609,38.90252279072183],[-77.00357128683875,38.9018587847451],[-77.00357228751302,38.901812788041966],[-77.00357228129963,38.901688788001564],[-77.00357128714654,38.901634791936445],[-77.00357028047445,38.90133078691303],[-77.00357027999377,38.90086078481508],[-77.00357128597146,38.90069078804072],[-77.00356879613034,38.90046594847544],[-77.00356828657614,38.900419789656524],[-77.00356828784376,38.90021478641277],[-77.00356838006964,38.90021478640996],[-77.00356838005565,38.90021450715079],[-77.00351153134721,38.89734485003296],[-77.00352137606073,38.89734487676152],[-77.00397928220448,38.8973487896999],[-77.00461028910013,38.89734878450694],[-77.00477488248697,38.8973477869723],[-77.00477528595877,38.89734778695578],[-77.00477805203361,38.897338994678805],[-77.00503542813225,38.896624908773994],[-77.00504059150812,38.8966106032664],[-77.0050422858022,38.89660678364616],[-77.00504311568699,38.89660528822163],[-77.00531925325537,38.89619960221898],[-77.00532027914961,38.89619879141927],[-77.00537327972597,38.896155783051036],[-77.0054192839939,38.89612578306457],[-77.00546627997683,38.896100782656895],[-77.00553528173096,38.89607179048272],[-77.00558828412144,38.89605478917046],[-77.00554828256229,38.89604278292514],[-77.00543328008548,38.895995782675186],[-77.00529127981535,38.89594278396578],[-77.0052908993945,38.895942621832376],[-77.00528520460301,38.89594009974759],[-77.00537775921495,38.89594010453015],[-77.005383454009,38.89594261760205],[-77.00538383443005,38.89594277973517],[-77.00552583476897,38.89599577833207],[-77.00568083888146,38.89605478470456],[-77.0058557544501,38.89601104945242],[-77.00599583453196,38.895978783382745],[-77.00598576073779,38.89530734524169],[-77.00598484146931,38.8947927782851],[-77.00598384160145,38.8944165257893],[-77.00598383347669,38.89363277959134],[-77.00598341781566,38.89334985371234],[-77.00598683587172,38.89259778062736],[-77.00598683319242,38.89242854934518],[-77.00598683622928,38.89232741234665],[-77.00598683116566,38.89212977765671],[-77.00599403037313,38.89206886266937],[-77.005999801247,38.89202000996588],[-77.0063142898844,38.892020786120575],[-77.00736328442441,38.89202078774626],[-77.0079782798795,38.89202478310072],[-77.00817328204694,38.8920377867148],[-77.00900329102703,38.89205678739267],[-77.00912828924118,38.892059786485845],[-77.00998928406075,38.89208578624576],[-77.01038423107795,38.89208771562185],[-77.0103982823997,38.892087786438616],[-77.01054882393137,38.89208778194637],[-77.01152928041519,38.89208778836436],[-77.01201328260579,38.89207878525899],[-77.01217528460425,38.89209478537011],[-77.01257264072589,38.89209596840925],[-77.01318128538976,38.89209778405279],[-77.01319545193218,38.89209756625213],[-77.01364128878325,38.89209078577508],[-77.01402428193946,38.89208978552652],[-77.01424028483919,38.89208978641483],[-77.01467728199943,38.892090786295476],[-77.01499928559157,38.89208678170203],[-77.015051283513,38.892086784021],[-77.01523403274292,38.89209377784987],[-77.01523428633703,38.89209378682518],[-77.01522036727766,38.89206534019762],[-77.01518828544633,38.89199978143397],[-77.0151832822496,38.8914557844153],[-77.01518357043717,38.89145586545322],[-77.01639028588225,38.89179078682565],[-77.01686888977088,38.89192334896413],[-77.01756729405447,38.89211678189649],[-77.01858705104536,38.892400721120715],[-77.01892382632172,38.89215281067048],[-77.01917643168129,38.892082945569726],[-77.01991308249934,38.8920836240456],[-77.01990938678034,38.89230596933844],[-77.01991329002907,38.89208378616096],[-77.02000031823007,38.89208372624902],[-77.02130929150736,38.892082783108066],[-77.02190229462953,38.89208578130209],[-77.02290628907272,38.89208578690252],[-77.02315834845378,38.89208669208549],[-77.02318329273238,38.89208678622916],[-77.02329570322408,38.89208678187984],[-77.02396428745608,38.89208678174376],[-77.02398032155384,38.89208724688828],[-77.02399929503966,38.89208778349371],[-77.02405775941295,38.89208733906436],[-77.02413028658668,38.89208678360085],[-77.02439028772399,38.89208678364715],[-77.02459613582579,38.89208800165296],[-77.02472829220171,38.892088784502114],[-77.0250362914292,38.892088781947216],[-77.02508439319418,38.892088609476],[-77.02530429190222,38.89208778732312],[-77.02595692358302,38.89208968000359],[-77.02599228820542,38.89208978924796],[-77.02617487466183,38.892090018724794],[-77.02754829603671,38.89209178380537],[-77.02813929303618,38.89209278698438],[-77.02876829389801,38.892092786898054],[-77.0290782877102,38.892093782132015],[-77.02971729394855,38.89209378345262],[-77.02997229285269,38.892094781284754],[-77.03003229088505,38.89209578381967],[-77.03036428962098,38.892096787997666],[-77.03136628920659,38.892094784602286],[-77.03171229360557,38.892096781116486],[-77.0319662910547,38.89210078366433],[-77.03216329628263,38.89209778384439],[-77.03235629194083,38.89209878452083],[-77.03268829766839,38.89208978279696],[-77.03327229836317,38.89209178891818],[-77.03344029260302,38.89209378584384],[-77.03363206762558,38.89209735214832],[-77.03363432692265,38.89209739653967],[-77.03365529457241,38.892097786868455],[-77.03392729670895,38.892100789042004],[-77.03510674264274,38.892100782818794],[-77.03550429457589,38.89210078877077],[-77.03581572974247,38.892102486356656],[-77.03587029833146,38.892102784904566],[-77.03605311541745,38.89210305292023],[-77.03654329806542,38.892103783411024],[-77.03665376083816,38.892104361368915],[-77.03673629380579,38.89210478585915],[-77.0370362588511,38.89210478121524],[-77.0376252960084,38.89210478213425],[-77.03817555729202,38.89210606294331],[-77.03848929740872,38.89210678875174],[-77.03859833041075,38.89210652756309],[-77.03891929711084,38.89210578146339],[-77.03912529525905,38.892106784639616],[-77.03932561039878,38.89210734795578],[-77.03948329891615,38.892107781211216],[-77.0406782948169,38.892107785541405],[-77.041733296264,38.89210778270722],[-77.04347929114518,38.89210878535544],[-77.04494030537471,38.89210878188521],[-77.04667830001739,38.89210878490731],[-77.04797429486307,38.89210878229338],[-77.04806381310578,38.89210903376023],[-77.04869830217535,38.89211077982185],[-77.04884008268341,38.89210985582122],[-77.04885129833197,38.89210978807244],[-77.04886755128707,38.89210978127389],[-77.0493932941962,38.89210978534739],[-77.05010742854284,38.89210327441114],[-77.05016129349849,38.89210278285626],[-77.05029729896526,38.8920527819433],[-77.05037229306213,38.89205278565984],[-77.05058630314058,38.89205478311532],[-77.05077029345227,38.89206778344756],[-77.0508217528202,38.89207230128984],[-77.05082744726245,38.89207250600468],[-77.05083347642179,38.892073323143045],[-77.05088430177892,38.892077787183446],[-77.05099729790697,38.8920907820303],[-77.05110929338989,38.89210678600272],[-77.05116529763085,38.892115787875376],[-77.05149129709798,38.892172784739174],[-77.051780297061,38.89223178795128],[-77.052098295084,38.89230078582142],[-77.05244330066164,38.892368779781584],[-77.0525802969547,38.89239778821616],[-77.05294830424381,38.892471787921366],[-77.05317430118173,38.89251678117829],[-77.0532262961062,38.892527783746466],[-77.05354329952816,38.89258878770621],[-77.05395929405923,38.89267578832624],[-77.05431230222179,38.8927427821452],[-77.0543623016903,38.89276678421823],[-77.05436456152256,38.89276748581963],[-77.05543336717534,38.892911342670395],[-77.05543529486637,38.892914782954165],[-77.05545895990313,38.892914780729065],[-77.05546029704077,38.892914780094195],[-77.05546217596356,38.89291479721882],[-77.05557530322797,38.89291578842071],[-77.05566530332811,38.89291178188117],[-77.05575029912391,38.89290578681032],[-77.05579330342103,38.89290178457619],[-77.05583530407762,38.892896782876534],[-77.05589030489132,38.89288878416219],[-77.05589976730265,38.89288713110191],[-77.05638929967712,38.8928017846918],[-77.05701830444706,38.89269778395473],[-77.05761230069604,38.89259478802126],[-77.05767129932828,38.89258478663678],[-77.05842157743837,38.89246882734428],[-77.05931200586085,38.892320830435445],[-77.05931229565996,38.892322785105556],[-77.0595103020889,38.8922907857398],[-77.05975529532147,38.8922487807313],[-77.05975437192882,38.89224730383024],[-77.0599096643042,38.89222148735843],[-77.05991929939243,38.89221977983341],[-77.05994118608346,38.892216246329475],[-77.06061072605668,38.8921049626903],[-77.06067927849628,38.89209356753771],[-77.0624164962837,38.89175921615792],[-77.06431365069334,38.89139408644864],[-77.06430430018834,38.89137878636531],[-77.06429130009084,38.89134278704109],[-77.06427730690083,38.89130478840217],[-77.06424830728173,38.89124278168466],[-77.06422530721699,38.891199779335274],[-77.06420430671753,38.89116278446923],[-77.0641853030679,38.89112878829139],[-77.06416130221302,38.89110078542588],[-77.06414229965192,38.89108077924922],[-77.0641053063898,38.89105078364624],[-77.0640683017791,38.89103378712546],[-77.06403929943684,38.89101978599537],[-77.06401230710762,38.89099778431785],[-77.06399230152331,38.8909517804902],[-77.06400029888403,38.8909107879931],[-77.06401929734011,38.89088777919514],[-77.06406030076229,38.89082677900962],[-77.06406538013321,38.89080958824006],[-77.06404318451769,38.890802132467144],[-77.06402161672368,38.89078782097079],[-77.06400627214478,38.89077215480379],[-77.06400187712819,38.89075558179785],[-77.0640025544256,38.89073963659888],[-77.06400392413244,38.89072459185819],[-77.06401635590551,38.89070557736922],[-77.06404143912951,38.890655477040845],[-77.06404425964371,38.89063871090388],[-77.06402530686817,38.89060978638563],[-77.06399730815589,38.89057078644627],[-77.06397629911513,38.890536782321355],[-77.06395430405377,38.890495779222874],[-77.0639423062162,38.89045877937568],[-77.06392930557297,38.89042178007594],[-77.06391030493899,38.89039078363727],[-77.06387929982755,38.89036678426236],[-77.06384729907909,38.89035078486298],[-77.06381829695631,38.89032378458702],[-77.06380130650042,38.890297786681586],[-77.06378873743837,38.89026637232386],[-77.06378663621891,38.890262598960945],[-77.06378646306186,38.89026231078741],[-77.0637748805562,38.89019979896784],[-77.06377970006814,38.89017556379898],[-77.06377979209576,38.89017535655599],[-77.06378029696306,38.890172779884175],[-77.06378388622446,38.890164904601626],[-77.06378418521544,38.89016412070947],[-77.06378474902021,38.89016300336268],[-77.06379030544714,38.89015078496738],[-77.06380729725437,38.890126786375006],[-77.06382530607416,38.89010578701437],[-77.06384730397836,38.890085785400395],[-77.06390630300929,38.890053782400514],[-77.06394830219946,38.89003678762914],[-77.06400529821136,38.89000778546558],[-77.06402830692359,38.88999678263337],[-77.06406130019788,38.88997578402917],[-77.06408740223148,38.88995664492281],[-77.06413305850458,38.889917631600674],[-77.06413822996309,38.88991321465556],[-77.06418344555372,38.88987129184909],[-77.06420565459601,38.889842741099194],[-77.0642182065357,38.88982940179827],[-77.06422281301948,38.889824804992365],[-77.06422530003712,38.88982178581798],[-77.06424230152429,38.88980878638606],[-77.0642713073578,38.88978878083648],[-77.06429830756531,38.88976878539209],[-77.06432030523307,38.88974878368782],[-77.0643413034905,38.889719783159336],[-77.06436530474136,38.889684781391686],[-77.06438030757009,38.88966678339032],[-77.06439130095922,38.88965077844916],[-77.06441130496066,38.8896057795743],[-77.06441729743119,38.88957878716556],[-77.0644203079167,38.88954277901344],[-77.0644163014794,38.88950978352975],[-77.06441130737039,38.88948077930242],[-77.0644043058594,38.88944978532974],[-77.06439530755722,38.88941578365867],[-77.0643863081561,38.889367782965515],[-77.0643793030496,38.88933278026387],[-77.064367304285,38.889294780523116],[-77.06435630222045,38.88926277981264],[-77.06432730710164,38.8891537853812],[-77.06431329918976,38.88911178701958],[-77.06425329757391,38.88896378533282],[-77.06418330226761,38.88884078735911],[-77.06413529926182,38.8887687827175],[-77.06410930410482,38.88872678190185],[-77.0640963074362,38.88870678142143],[-77.06408730429439,38.88869278733831],[-77.0640743076381,38.888672786855395],[-77.06405930270913,38.8886497876816],[-77.06404129733933,38.88862278142159],[-77.0640273076477,38.88860078161714],[-77.06401129816267,38.88857578312708],[-77.0639853040458,38.88853478221218],[-77.06396630568318,38.88850578563187],[-77.06395230540771,38.8884847857541],[-77.06393129789865,38.8884517815384],[-77.06391330326582,38.888423784329994],[-77.06389930391761,38.88840378437535],[-77.06388629763114,38.888385783736396],[-77.0638583069189,38.8883417840931],[-77.06383930686174,38.88831077862313],[-77.06382029798625,38.88828278195406],[-77.06380330712145,38.88825578410979],[-77.06378729958024,38.88823278544718],[-77.06377329851719,38.8882107856171],[-77.06376229787132,38.88819278386866],[-77.06374430426354,38.88816578656278],[-77.06373630403709,38.8881517828956],[-77.06371530030607,38.888122787366925],[-77.06370630704514,38.88810678437858],[-77.06369829887763,38.888096780434346],[-77.0636882983754,38.88807577834212],[-77.06366029816508,38.88803377851497],[-77.0636432994619,38.888010780372014],[-77.06363330256337,38.887993787002635],[-77.06362729909468,38.887982782030825],[-77.06361029952265,38.88795878395298],[-77.06359930163087,38.88794378197803],[-77.06359230424894,38.88792978676276],[-77.06357730319587,38.88791078724366],[-77.06357230163441,38.88789878179312],[-77.06356030097743,38.88788378036019],[-77.0635493004356,38.88786577859065],[-77.06353330459002,38.88784277988535],[-77.06352230406938,38.88782478712153],[-77.06351130354625,38.887806785348275],[-77.06349930024764,38.887788784119046],[-77.06348829884612,38.88776978241356],[-77.06347130733953,38.8877417845886],[-77.06346930088911,38.88774078574854],[-77.06346730507546,38.887738786972264],[-77.0634673068545,38.88774078683208],[-77.06346130610103,38.887732781641],[-77.06345929609336,38.887727783081054],[-77.06345830394991,38.88772678368971],[-77.0634493054953,38.88771778019623],[-77.0634353055266,38.887696780253556],[-77.0634252971954,38.887679786871715],[-77.06341530216483,38.887664784334206],[-77.06339729640675,38.88763678704864],[-77.0633812997652,38.887612779383346],[-77.06336730072526,38.887592779362095],[-77.06335630383688,38.88757878630168],[-77.06333330284114,38.88754578305479],[-77.06331029654285,38.88750678022342],[-77.06330430292458,38.88749378437623],[-77.06329529653469,38.88747578150083],[-77.06327629784765,38.88744578487293],[-77.0632572991685,38.887415779233386],[-77.06323930506144,38.8873877819161],[-77.06322830556336,38.887370780044755],[-77.06321030083878,38.887343782658974],[-77.06319030033379,38.88731478648906],[-77.0631743047195,38.88729177872402],[-77.06316630294039,38.88727578416401],[-77.06315730015352,38.88726178099727],[-77.06314529703592,38.88724377972999],[-77.06312930411438,38.88722378075693],[-77.06311630710962,38.88720278023226],[-77.06309929725363,38.88717978201296],[-77.06307830647783,38.8871517862886],[-77.0630673052866,38.887132784541336],[-77.06304430368475,38.88709878130494],[-77.06302430508251,38.88707178496548],[-77.06301230026416,38.88705178382379],[-77.0630002981014,38.88703478247099],[-77.0629853062721,38.88701278307649],[-77.06297230223493,38.88699678219148],[-77.0629592973213,38.886979781374954],[-77.0629482970705,38.88696177954596],[-77.06293429651558,38.88693977961042],[-77.06291930560835,38.88691878013713],[-77.06290429701254,38.88689078115755],[-77.06288930524299,38.8868687817502],[-77.06286330350996,38.8868307803698],[-77.06285230418725,38.88681377846139],[-77.06283130208999,38.88678578269705],[-77.06280930171847,38.88674977901265],[-77.06279930519526,38.886732785568185],[-77.06278629685109,38.88671178501116],[-77.06277629769127,38.88669178276582],[-77.0627572994312,38.88666178604944],[-77.06275227911574,38.886654410880524],[-77.06274023291851,38.88663961657755],[-77.06273100044824,38.8866263792125],[-77.06272200024422,38.88661512356638],[-77.0627126555291,38.88660530944592],[-77.06270307910852,38.886594144191506],[-77.06269234795118,38.88658054729253],[-77.06267999769409,38.88656073547657],[-77.06267284159037,38.886549388753],[-77.06265229624401,38.8865163390068],[-77.06263382504464,38.88648265755768],[-77.06262783332784,38.88647158946673],[-77.06261529957699,38.88645278668097],[-77.06259430481063,38.88641978220685],[-77.06256830076764,38.8863787809673],[-77.06255830609953,38.88636377835302],[-77.06254230652742,38.886335779855145],[-77.06252429969474,38.88630578256816],[-77.06250330414572,38.88627178715503],[-77.06248030673515,38.88622878442457],[-77.06246730207866,38.88621178355092],[-77.06245329656745,38.88618378397357],[-77.06243630671986,38.88615678592051],[-77.06241030461278,38.88611778450433],[-77.06239529900866,38.88609278524611],[-77.06237730556563,38.88606477878108],[-77.06235630125342,38.886033783137],[-77.06234430570161,38.88601078212616],[-77.06232930189014,38.885987782719475],[-77.06231030400544,38.88595778592666],[-77.06229529847,38.88593278665484],[-77.06227430575025,38.88590178198075],[-77.06225730625667,38.88587678376695],[-77.06223230361446,38.88583378205363],[-77.06221329951717,38.885809784832006],[-77.0621973002047,38.885781786284156],[-77.06217729879856,38.88575078106395],[-77.06215630619157,38.88571978537604],[-77.06214029713752,38.885693786686616],[-77.06211930455555,38.885662781983385],[-77.06209730489742,38.885626787166196],[-77.06206630724277,38.88558177973288],[-77.06204729892045,38.88555278283157],[-77.06202630468177,38.885519778250185],[-77.0620093053661,38.88549477999866],[-77.06199329641612,38.88546878128811],[-77.06195929871241,38.885419784702684],[-77.06194130300591,38.8853887783762],[-77.06191929633522,38.88535778318164],[-77.06190630002652,38.88533678251547],[-77.06189530202974,38.885320780442854],[-77.06187630363783,38.88528978364557],[-77.06186530565492,38.88527378157003],[-77.06184530627688,38.885244785159315],[-77.06181630551761,38.885202785400324],[-77.06180730065869,38.8851857823333],[-77.0617343010298,38.88508478288363],[-77.06164830082923,38.88497078213974],[-77.06162230592919,38.88492578095141],[-77.06160176186366,38.88489310936308],[-77.06160098872826,38.88489205578964],[-77.06159592347163,38.884885743582224],[-77.06158030209399,38.88486778008874],[-77.06156364525722,38.88485196113488],[-77.06156130399972,38.88485018771682],[-77.0615369698382,38.884832994522405],[-77.06152266906271,38.884822732495735],[-77.06151125019204,38.88481300945271],[-77.06149671557081,38.88479887393977],[-77.06148517981988,38.88478725919453],[-77.06146822286502,38.88477087285652],[-77.0614676343775,38.88477008943659],[-77.06146729986742,38.88476978332752],[-77.06146630742826,38.884768360524745],[-77.0614547225504,38.88475322352312],[-77.0614492860182,38.88474403782922],[-77.06144629718516,38.884739778434835],[-77.0614272965604,38.884705781769966],[-77.06140930041231,38.88467378443554],[-77.06139229549146,38.88464178657716],[-77.06137630311993,38.884607779313775],[-77.06136330487342,38.88457077969048],[-77.06134530620882,38.88453578255395],[-77.06132613731535,38.884507037849446],[-77.06131388167418,38.88448917164417],[-77.06128341285246,38.88444144318415],[-77.06128033100084,38.88443621092831],[-77.06127430649687,38.88442678230779],[-77.06124629933065,38.8843867817423],[-77.0612248063369,38.88436270458377],[-77.06122237221065,38.88436012946102],[-77.06119007122045,38.88432618476853],[-77.06116884222655,38.884300792236644],[-77.06115385376003,38.88428138701095],[-77.06114629621977,38.88427177901861],[-77.06111929792098,38.88423878641883],[-77.06109630160543,38.88420878250385],[-77.06106730598738,38.88417178220412],[-77.06105029665882,38.884147783743735],[-77.06102930500535,38.884116778836216],[-77.0610012220091,38.88408214724857],[-77.06100003372259,38.88408080561944],[-77.06099357205913,38.88407225102586],[-77.06098814562375,38.88406126362665],[-77.060988053234,38.88406104747358],[-77.0609873029832,38.884059777682694],[-77.0609782167935,38.88404161250901],[-77.0609779859887,38.88404127031079],[-77.06097383453505,38.88403866004578],[-77.06094749122035,38.88403014285256],[-77.06094455193524,38.88402984710957],[-77.06091896207626,38.884026347188716],[-77.06091238893983,38.884022206758694],[-77.06090892710377,38.88401734403475],[-77.0609087031108,38.884011479691175],[-77.0609072963943,38.884010786778916],[-77.06089969468927,38.88398987326652],[-77.06089437953979,38.88398771402484],[-77.06087604498795,38.8839773639368],[-77.06087596409351,38.88397711174412],[-77.06087530684968,38.88397677877635],[-77.0608751552414,38.88397469791777],[-77.06087130750097,38.88396331332106],[-77.06087245391251,38.88395610601329],[-77.06087358053921,38.88395272728066],[-77.06087330055837,38.8839487817527],[-77.06087729610972,38.8839307809112],[-77.06088162904973,38.883929976906124],[-77.06088407132312,38.883928624374775],[-77.060895941303,38.883926996676564],[-77.06089784301089,38.88392697766823],[-77.06090429632937,38.883925785196],[-77.06098888104978,38.88392384028707],[-77.06097774469183,38.88392076523324],[-77.06096749649068,38.883918491461216],[-77.06096531815332,38.88391849259835],[-77.06094894803869,38.883914087032196],[-77.06093776536615,38.883910759763864],[-77.06092243171221,38.883905362730566],[-77.06091263119038,38.88390095373226],[-77.06090006114478,38.88389258248661],[-77.06089313971692,38.88388546946906],[-77.06089309356075,38.883885406434395],[-77.06089229776467,38.883884785270546],[-77.06088640206953,38.883877617667416],[-77.06087906450892,38.883869081540595],[-77.06087006509857,38.88385800591402],[-77.06086230051133,38.8838487853712],[-77.06085924241286,38.88384430979597],[-77.06085529621495,38.88383909599555],[-77.06085064512871,38.883831738565874],[-77.06084930649419,38.883829784443115],[-77.06083530464325,38.88380478445207],[-77.06081030573506,38.883750783175785],[-77.06080330589513,38.88373277905224],[-77.06080282093087,38.88373173433168],[-77.0607903042472,38.88370477874135],[-77.06077583577157,38.88367314881177],[-77.0607749351362,38.88367122148533],[-77.06076685274738,38.88365419983699],[-77.06076339987159,38.88364629226855],[-77.06074930033688,38.883614779252426],[-77.06072830217002,38.88357578385097],[-77.06070930133873,38.88354077812335],[-77.06069284698583,38.88350496932255],[-77.06069230427454,38.88350378049733],[-77.06067530552721,38.883464783007156],[-77.06065729680363,38.883430785694586],[-77.06064082989451,38.8834072643345],[-77.0606370911806,38.88340203240184],[-77.06062926807336,38.883391667807835],[-77.06060929541623,38.88336577905677],[-77.06059031470865,38.88334076360128],[-77.0605880535227,38.88333818837516],[-77.06057472742827,38.88332153877669],[-77.06055430627957,38.883296785305504],[-77.06054674689868,38.88328479005071],[-77.06054513134227,38.883282448707135],[-77.06054270751865,38.88327836015506],[-77.06053730630478,38.883269777960216],[-77.06052530028619,38.88324678576588],[-77.060515303942,38.88322878317639],[-77.0605013036767,38.88319178396784],[-77.06048830309358,38.88316478355146],[-77.0604712972505,38.88313078568906],[-77.06045629938806,38.8830997775698],[-77.06042829795929,38.8830517863552],[-77.0604172972592,38.883031784413994],[-77.06040130181388,38.88300678539886],[-77.06036829924874,38.88295977866991],[-77.0603563048622,38.88293678645098],[-77.06034230335922,38.882911786396924],[-77.06033406026073,38.882895305302895],[-77.06033123224974,38.882890244048944],[-77.06032887657597,38.88288493932437],[-77.06032430476088,38.88287578015376],[-77.06030729906483,38.88284178226579],[-77.06028730576016,38.88280477711524],[-77.06027630430054,38.88278378423746],[-77.06025830100589,38.88275578644423],[-77.06024029602938,38.88272577977801],[-77.06020630561171,38.882668783206356],[-77.06018829731251,38.88263478581675],[-77.06016930121305,38.882604779649746],[-77.0601492982145,38.8825697833501],[-77.06013229604565,38.88253978515826],[-77.06011529641086,38.882512777747976],[-77.06009730393092,38.88248377999179],[-77.06008130619455,38.88245578113783],[-77.06006629712577,38.88242478197917],[-77.06005029689005,38.88239378332805],[-77.06003430146285,38.88235478522151],[-77.06002629504498,38.88233178190803],[-77.06001930033834,38.88230577827993],[-77.06001129646145,38.882285783766264],[-77.06000030583996,38.88226378191537],[-77.05999029655923,38.882243779421984],[-77.0599762953205,38.882218779321015],[-77.05996229745291,38.88219777894198],[-77.05994929977533,38.88217377825372],[-77.05993529940464,38.88214977807845],[-77.05991329796291,38.882122782212164],[-77.05990852032996,38.88211545183303],[-77.05990505874558,38.88211069717835],[-77.05990326955559,38.88210740102508],[-77.0598982957526,38.88209978247763],[-77.05989030009324,38.88207577921688],[-77.05987762321982,38.88204945419081],[-77.05987560328494,38.88204586988691],[-77.05985930600067,38.8820177810702],[-77.0598462977039,38.881994780306556],[-77.05983330094094,38.88197177953549],[-77.0598203033479,38.88194777883193],[-77.05979929968228,38.88191478284383],[-77.05978371107727,38.881893350854035],[-77.05978193456326,38.881891414959355],[-77.05976922307141,38.88187871062568],[-77.05976402132875,38.881874119008195],[-77.05975282756413,38.881857098876736],[-77.05974867296321,38.881850524876796],[-77.05974832673013,38.881849957525304],[-77.0597423028582,38.88184078105642],[-77.05973229454622,38.88182177847041],[-77.05972329795833,38.88179978458029],[-77.05971430053165,38.88177678175002],[-77.05970130134092,38.88175078117037],[-77.0596852957448,38.88172678198853],[-77.05967249782921,38.881707150235286],[-77.05967110154265,38.88170507901867],[-77.05966098224964,38.88169113919877],[-77.05964255553862,38.88166613230778],[-77.05963360418971,38.881656840218874],[-77.059613383092,38.88163605917493],[-77.05960684283288,38.881629531429354],[-77.05957523551858,38.881595775097416],[-77.05957430114844,38.88159478465093],[-77.05955430038655,38.88156177909691],[-77.05953129892507,38.881523784419954],[-77.05951429809933,38.88149478606376],[-77.05948530591851,38.88144577716694],[-77.05944829544875,38.88138678203788],[-77.05943249928107,38.88136495373578],[-77.05942705346784,38.88135783987744],[-77.0593625749438,38.881294453590364],[-77.05935277083046,38.881285179929655],[-77.05932658817333,38.88126051023899],[-77.05930686269454,38.88123953070428],[-77.05928586646601,38.88121494845441],[-77.05927479011615,38.881200270397606],[-77.05926867190634,38.88118838242518],[-77.05925838998004,38.88115884011661],[-77.05925156485732,38.88112839521409],[-77.05924496740089,38.881094527006475],[-77.05923875974865,38.88107206322519],[-77.05919864268402,38.88099106208662],[-77.05919535251624,38.88098442456915],[-77.05914329922403,38.88092177955523],[-77.05911030018851,38.88089078036646],[-77.05908029770762,38.88085977965235],[-77.05904729790053,38.880827780514295],[-77.05901530246004,38.880797780722354],[-77.05898729637927,38.88076977876984],[-77.05896330436157,38.8807457835187],[-77.05893630182938,38.880718780978626],[-77.0589133026535,38.8806967850792],[-77.05889330165346,38.880676778518115],[-77.05886330183156,38.88064877754069],[-77.05884330004179,38.88062778004805],[-77.05880130347936,38.880586776979015],[-77.05878329885455,38.88056977819681],[-77.0587602989504,38.88054678233545],[-77.0587332982165,38.88052177960997],[-77.05871130266821,38.880500783097],[-77.05868914176321,38.88048891216506],[-77.05868319253818,38.88048611354431],[-77.05864132180605,38.88047179321409],[-77.05863732167032,38.88047064214827],[-77.05859930315918,38.88045977909172],[-77.05858957383205,38.88045710848036],[-77.05851869135444,38.88043881193888],[-77.05840756821418,38.88041220272271],[-77.05834912482926,38.88039817884333],[-77.05831454224196,38.8803890075552],[-77.05826013073968,38.88037263943573],[-77.05819845526729,38.88035231121786],[-77.05814162114392,38.880332971480556],[-77.0580596578333,38.880307878839204],[-77.05799141278021,38.88028701327408],[-77.05792743545592,38.88027037949717],[-77.05790219196611,38.88026579773481],[-77.0578371877275,38.8802618662523],[-77.05778232797933,38.880260992568594],[-77.05772504907485,38.880261471313936],[-77.05765889635346,38.880262494916195],[-77.057627319443,38.880264492348296],[-77.05758076070808,38.880267343948475],[-77.05757558633708,38.88026778791082],[-77.05750746789235,38.88027509124658],[-77.05746333248767,38.880281779182155],[-77.05740049308785,38.88028984557133],[-77.05731037680481,38.880301447597105],[-77.05719631398665,38.88031614215406],[-77.05715429829294,38.88032178396106],[-77.05710713106245,38.880327617448316],[-77.05704886656673,38.88033512289064],[-77.05700958250952,38.88034105157971],[-77.05695430395015,38.880349780658726],[-77.05687629744988,38.880357782094194],[-77.05685743255066,38.88035974610138],[-77.05682848441295,38.88036316536371],[-77.05681667216375,38.88036429716009],[-77.05680529814462,38.880365780069454],[-77.0567713025014,38.88036977830981],[-77.05673870071575,38.880372938082495],[-77.05670909536869,38.8803760153156],[-77.05665838770206,38.88037910278071],[-77.05660249598577,38.88038498533835],[-77.05655386445474,38.88039014368224],[-77.05651364518644,38.88039403676043],[-77.05646097974109,38.88039901684975],[-77.05645556321399,38.880399316745226],[-77.05640629711164,38.88043277970549],[-77.05633430194482,38.88040578026815],[-77.0562823017891,38.88040677824623],[-77.05623129125799,38.88040583892015],[-77.05622806421484,38.88040579543188],[-77.05622005404403,38.88040544796084],[-77.05617930022137,38.88040378300267],[-77.05612930305989,38.88040178015421],[-77.05610199904638,38.88040023482164],[-77.05607662011695,38.880399202036756],[-77.05603247756864,38.88039706120963],[-77.0560079514721,38.88039600097546],[-77.05600130135548,38.88039577895466],[-77.05599480074609,38.880395151484116],[-77.0559562931206,38.88039196295272],[-77.05593911927946,38.88038998933347],[-77.05590995800208,38.88038621977253],[-77.05587286699672,38.880381796385564],[-77.05586330043022,38.880380783013585],[-77.05581830202472,38.880374777914206],[-77.05579870656327,38.88037104879508],[-77.0557760222925,38.88036718602193],[-77.0557368312394,38.8803595475984],[-77.05571354781529,38.88035586526694],[-77.05565222494626,38.88034337283859],[-77.0556412746204,38.88034137819293],[-77.05558329878646,38.880349783605844],[-77.05554238222295,38.88031666119398],[-77.05551147806342,38.880309478181346],[-77.05548577308402,38.88030408536077],[-77.055460756108,38.88029418801119],[-77.05544530650545,38.88028635804491],[-77.05542616603493,38.880274836387045],[-77.05541148841981,38.88026675381491],[-77.05541130404069,38.88026678092755],[-77.05538430160598,38.88025278568463],[-77.05535929377577,38.88023978041323],[-77.05533229446318,38.88022978488334],[-77.05528618912771,38.880222915297566],[-77.05530351266832,38.880239671715366],[-77.05531064099846,38.880247253406736],[-77.05531429716159,38.88025078296526],[-77.05532300727621,38.88026204833949],[-77.05533177476708,38.88027298938372],[-77.05534111966392,38.88028541653856],[-77.05534103275997,38.8802922449418],[-77.05534129825442,38.8802927853196],[-77.05534102171703,38.880292866526155],[-77.05534101049244,38.88029325389237],[-77.05533502133014,38.88029821134652],[-77.055332026574,38.880300464863744],[-77.05531589143375,38.880300310356176],[-77.0553143013455,38.88030077954574],[-77.05530079228787,38.88029853384504],[-77.05529041870376,38.88029715146408],[-77.05526702006608,38.880293460089774],[-77.05525529782712,38.88029178106698],[-77.0552142956186,38.880281783125874],[-77.05515851597555,38.880268702271806],[-77.05515036650866,38.88026703956777],[-77.0551228169448,38.88026083678294],[-77.05508709432253,38.88025225963122],[-77.05507229352835,38.8802487803635],[-77.05506641442166,38.880247026499035],[-77.05502529554245,38.88023511876713],[-77.05500663238013,38.88022969549786],[-77.05498129509441,38.88022277997453],[-77.05495885092078,38.88021629548719],[-77.0549358422623,38.880210117546355],[-77.05488788878611,38.880197798594736],[-77.0548777438192,38.880193938761536],[-77.05484430045935,38.8801817841323],[-77.05480230030354,38.88016277812169],[-77.05478338070156,38.88015354438661],[-77.05475911174157,38.880142007008025],[-77.05471518448687,38.88011977686473],[-77.05467390538136,38.88009412227555],[-77.05460929387232,38.88006078541622],[-77.05460922468805,38.88006074040659],[-77.05457329607147,38.880038785729404],[-77.0545337450373,38.880012121342794],[-77.05452747229022,38.880007980410625],[-77.05452140706893,38.88000393847361],[-77.05450429549866,38.87999278506116],[-77.0544553007364,38.879959783145665],[-77.05444362016206,38.879952194515646],[-77.0544351106705,38.87994685650485],[-77.05439529511145,38.87992077773984],[-77.05439522592057,38.8799207237217],[-77.05439498377993,38.87992057069181],[-77.05435727551021,38.87989212172468],[-77.05434550205806,38.87988361427183],[-77.0543183003707,38.879864781366905],[-77.05429059922541,38.87984082291167],[-77.0542812811696,38.87983306200751],[-77.05424229385429,38.87980478475685],[-77.05424195943272,38.87980452366876],[-77.05420551984848,38.87977715507012],[-77.05417484247927,38.879749423451386],[-77.05414289575258,38.879719530398425],[-77.0541140601639,38.87968882513953],[-77.05410259520777,38.87967670515299],[-77.05408229549845,38.87965577904742],[-77.05405915718724,38.87963025096282],[-77.05405362069602,38.879624262943366],[-77.05404342403163,38.8796128450186],[-77.05402530321803,38.87959278270041],[-77.05399592707016,38.87956341090419],[-77.05399318208737,38.879560691638204],[-77.05396411667468,38.879530707119336],[-77.05395079241464,38.879513498233905],[-77.05393930250342,38.879498783824864],[-77.05391529805668,38.87947077880272],[-77.05390871202304,38.87946372827022],[-77.05390101892908,38.87945578641727],[-77.05386998586863,38.87941454228951],[-77.05386387054848,38.879405086295954],[-77.05382626177003,38.87935510704616],[-77.05381406972953,38.87934150098061],[-77.05379130102261,38.879316783426844],[-77.05377107844716,38.879290902613405],[-77.0537663950148,38.87928513939708],[-77.05375093699458,38.879265598296236],[-77.05373098239585,38.87924353691162],[-77.05371887120876,38.87923011997501],[-77.05371806318155,38.87922840875166],[-77.05371787800428,38.87922737287145],[-77.05371029844628,38.879201783507966],[-77.05370435363783,38.879189138455544],[-77.05370201070716,38.87918463533553],[-77.05369677230577,38.87917649415528],[-77.05368029625343,38.87915178269414],[-77.05367956957271,38.87915096326423],[-77.05367270680642,38.87914366061019],[-77.05366763351262,38.87914051000346],[-77.05366417111983,38.87913393546628],[-77.05366197605144,38.87912681984291],[-77.05366070459506,38.87912186580995],[-77.05366060818261,38.87911626263259],[-77.0536602959015,38.87911478539929],[-77.05366065220883,38.87911350604349],[-77.05366092350667,38.879106461354006],[-77.05366488189199,38.87909827991248],[-77.05366529566065,38.87909678432876],[-77.05368229975893,38.87907277814947],[-77.05368328951688,38.87907094899033],[-77.05368900888233,38.879059694875735],[-77.05369625968287,38.87904662936933],[-77.05370408821265,38.87903554544366],[-77.05371400760546,38.87903093759184],[-77.05371529751558,38.87902978392399],[-77.05373930293861,38.87902878195672],[-77.05376029383034,38.87900378300773],[-77.05377630071293,38.87897177781848],[-77.05378029702226,38.878952777272744],[-77.05377956541311,38.87894541775077],[-77.05377811511192,38.87893254542187],[-77.05377440878395,38.878923430632504],[-77.05376830112654,38.87890877678562],[-77.05375349623851,38.87888410960625],[-77.05375016296405,38.87888064290823],[-77.05373229761908,38.878862778473064],[-77.05371029478702,38.87884478081216],[-77.05369647055466,38.87883677870574],[-77.05369137446924,38.878833943404246],[-77.05368852784338,38.8788339357045],[-77.05365430064087,38.87883578013885],[-77.05363755842272,38.878855480181805],[-77.05363745518727,38.87885612883371],[-77.05363755066303,38.87886048885316],[-77.0536382989958,38.878874784832874],[-77.05363830325621,38.87889578340035],[-77.05363829724561,38.878933780814286],[-77.05363786044124,38.878935294425325],[-77.05363786973216,38.87894765393928],[-77.05363053842672,38.87896094468918],[-77.05363029703575,38.878961782580745],[-77.05362327506909,38.87897264092141],[-77.05361933830717,38.87897892158037],[-77.05361372122546,38.87898826586499],[-77.05360930134748,38.87899578089554],[-77.05360912856345,38.878995898083986],[-77.05360897891708,38.87899613237097],[-77.05359458313451,38.879009741654954],[-77.05357868425156,38.879016865582315],[-77.0535634723905,38.87901804365159],[-77.05354998837053,38.879018049835295],[-77.05354180271837,38.87901399981064],[-77.05354156458384,38.879003820433326],[-77.05354165353089,38.878999487354506],[-77.05354130200735,38.87899178533783],[-77.05353829531957,38.87896277968385],[-77.05353129554041,38.87894178432341],[-77.0535243042831,38.87891678022267],[-77.05351829264393,38.878891784680874],[-77.05350730304761,38.87886778234302],[-77.05350157971213,38.87885838920886],[-77.05349304094926,38.87884448415794],[-77.05347781062416,38.878820979221274],[-77.05346327213265,38.87879792438554],[-77.05345486080478,38.87878488407934],[-77.05344629961085,38.87877178078227],[-77.05344154595666,38.878764504174136],[-77.05342888913371,38.87874560134322],[-77.053418828355,38.87873066101743],[-77.05341129454288,38.87871978232144],[-77.05340254798443,38.87870536388008],[-77.05339404398171,38.87869165699037],[-77.05338692364636,38.87867887733223],[-77.05337830336454,38.87866378320157],[-77.05337201465586,38.87865346245439],[-77.05336404156468,38.87864077326844],[-77.05335042909967,38.87862303294832],[-77.05333693242758,38.87860601324535],[-77.05333581353149,38.87860468051378],[-77.0533022925086,38.87857977859559],[-77.05325695028424,38.87855909798833],[-77.05325135892828,38.878556605212374],[-77.05324561779163,38.87855416655484],[-77.0531822926981,38.87852768370082],[-77.05317530654011,38.87852476816182],[-77.05317483387203,38.8785245611839],[-77.05317699814347,38.87852137122633],[-77.05321626194674,38.878442845170795],[-77.05319607677237,38.87842014420081],[-77.05317742569875,38.87839919015753],[-77.05317429995984,38.87839577739868],[-77.05314730200391,38.878370782380934],[-77.0531212951839,38.87834577789762],[-77.05310237141407,38.878330003793934],[-77.05309112800903,38.878320829350166],[-77.05305642093916,38.878296972873436],[-77.05305149677667,38.878292777197814],[-77.05302629972549,38.87827178106148],[-77.05299930260438,38.87824777693221],[-77.05298499026308,38.87823402760557],[-77.05297281178456,38.87822269155943],[-77.05294686228191,38.87819711948171],[-77.05292863971704,38.87817881367223],[-77.05292030142263,38.878170781961444],[-77.052892299506,38.878143778466395],[-77.0528642968765,38.878115784041235],[-77.05284410326405,38.87809697464032],[-77.05283510797669,38.8780887990863],[-77.05280431888609,38.878064130005455],[-77.0527803109927,38.878045790754555],[-77.05277229691961,38.87803978577577],[-77.05275046628765,38.878020211384445],[-77.05274285501636,38.87801344050792],[-77.0527189803731,38.877988227777514],[-77.05269821899445,38.87796517565248],[-77.05267745696405,38.87794122268428],[-77.05265634967425,38.877917900455735],[-77.05265389298124,38.8779152621032],[-77.0526342975254,38.87789477683393],[-77.05262268249825,38.87788158476697],[-77.05261217508743,38.87787008577844],[-77.05259187376626,38.877845682167255],[-77.05257803063489,38.87782723920376],[-77.05257229740755,38.87781978283224],[-77.05255429986117,38.87779378369094],[-77.05253630306404,38.8777687844785],[-77.05251630246484,38.877745777020024],[-77.05250342080555,38.877733981812035],[-77.05249244212682,38.8777241135442],[-77.05247267363605,38.87770326798907],[-77.05247029774198,38.87770078273899],[-77.0524702285215,38.877700683677745],[-77.05247006705801,38.877700521599095],[-77.05245022522791,38.87767395574088],[-77.0524454721126,38.87766717455253],[-77.05243129414578,38.87764778583977],[-77.05241130146659,38.87761977869889],[-77.05238830163022,38.87759278184399],[-77.05236329506211,38.87756377701163],[-77.05233629697156,38.877537781871055],[-77.05231459240547,38.87751687409739],[-77.05230950653434,38.87751204787457],[-77.05230929889414,38.877511777715696],[-77.05228629913125,38.8774847808402],[-77.05228620685557,38.877484672780724],[-77.0522652938655,38.87745878299954],[-77.05224229412967,38.877431777106764],[-77.0522202977849,38.877405779701135],[-77.05221002158642,38.87739508231953],[-77.05219612429357,38.87738111650723],[-77.05217190286994,38.87735392196993],[-77.05214825551877,38.87732375439987],[-77.05212529854032,38.87729205508914],[-77.05210533716802,38.87725927342948],[-77.05208215138285,38.87722982631146],[-77.05206856506584,38.87721552703423],[-77.05205629368533,38.87720278562204],[-77.05202929510759,38.87717578146858],[-77.0520053029942,38.87714678511408],[-77.05199302672035,38.87712729640721],[-77.05198791563137,38.877119425342855],[-77.0519828402457,38.8771131037068],[-77.05197030195174,38.877097776993956],[-77.05194930128297,38.877077778685894],[-77.05194916289078,38.87707764362149],[-77.05194821719395,38.87707669816037],[-77.051927019874,38.8770556729783],[-77.05190614482609,38.877034062103256],[-77.05189080739773,38.877020502271776],[-77.05188529526349,38.877015784320335],[-77.05186429608972,38.87699777685204],[-77.05184130319914,38.8769797792734],[-77.05181529236077,38.87696378289361],[-77.05179129759046,38.87694678568174],[-77.05177771318323,38.87693496367868],[-77.05176823430035,38.87692701346534],[-77.05175035465308,38.87690395989038],[-77.05174522028352,38.876895710472695],[-77.05173330178705,38.876876780099934],[-77.05173041729621,38.87687212403575],[-77.05172001051558,38.876855958570154],[-77.05171134811008,38.87684555770618],[-77.05170629620906,38.876839776551336],[-77.05169329366396,38.87681978366322],[-77.05168030047143,38.87679678196442],[-77.0516682991133,38.876774779757504],[-77.05165629848644,38.876753777481156],[-77.05164029671691,38.87672977717617],[-77.05162130005313,38.87670777805728],[-77.05161242768612,38.87669384598625],[-77.05160740896325,38.87668610998983],[-77.05159420805096,38.876662648944375],[-77.05157829933857,38.87663978364767],[-77.05156129571924,38.87661678370616],[-77.05154529545702,38.8765947832515],[-77.05154122169155,38.87658696575939],[-77.05153287847607,38.87657164615508],[-77.05152630906642,38.87655500153293],[-77.05152329597979,38.87654777812648],[-77.05151630669465,38.87652420623021],[-77.05151520925567,38.87652057632957],[-77.05151461989837,38.87651834250664],[-77.05150729425274,38.876491779969655],[-77.05149929916405,38.87646378539186],[-77.05149638917936,38.87645569713284],[-77.0514899117955,38.87643879122411],[-77.0514842883175,38.87642340735796],[-77.05148129799706,38.87641577856231],[-77.05147774040894,38.876404582690604],[-77.05147409089331,38.876393756203655],[-77.05146485482153,38.87637078885676],[-77.05146016818092,38.876360052910314],[-77.05145429342048,38.876347777050974],[-77.05144829496817,38.87632378131851],[-77.05144566709001,38.87630735115611],[-77.0514441741665,38.876298640691765],[-77.0514400066274,38.87627260825386],[-77.05143631035617,38.876244864012264],[-77.05143629877334,38.87624478294178],[-77.05143109176956,38.876215589013],[-77.05142680698398,38.876186764022066],[-77.05142364371144,38.876163001257495],[-77.05142329638414,38.87616078534417],[-77.05142229951434,38.87613677839869],[-77.05142229658125,38.87611671669441],[-77.051422260619,38.87611478891274],[-77.05142275384776,38.87611157269693],[-77.0514252994278,38.876093779986995],[-77.05142654521804,38.87607940203274],[-77.05142718439964,38.87607082575491],[-77.05143223776713,38.87604677110257],[-77.05143521853454,38.87604117557359],[-77.05144529986455,38.87602178505693],[-77.0514563944455,38.87600116895047],[-77.05145905293101,38.87599613208362],[-77.05146894408917,38.87596874218961],[-77.05147292071373,38.87595378649337],[-77.05147629875505,38.8759397769428],[-77.0514800018672,38.8759290823399],[-77.05147974659076,38.875926668201274],[-77.05148495851441,38.87591476580747],[-77.05148529201071,38.875913783744906],[-77.05149037477304,38.87589856631662],[-77.0514913636461,38.87589549401627],[-77.05149139812805,38.87589536788348],[-77.05149584304019,38.8758745925535],[-77.05149951980768,38.87585933971113],[-77.05150129989644,38.8758507809462],[-77.05150830014527,38.875825779549025],[-77.05150981659776,38.87581919373979],[-77.05151388227148,38.87579990496213],[-77.05151696987512,38.87578268854769],[-77.05151929853994,38.875767778618396],[-77.05152315675174,38.87574846290651],[-77.05152604942054,38.875732606846114],[-77.05152910517124,38.87571916496488],[-77.0515332968073,38.87569877710578],[-77.05154058688699,38.87567619883772],[-77.05154328865345,38.875667288337524],[-77.05155432864495,38.87563503339152],[-77.05155887707164,38.8756140237941],[-77.05153129711813,38.87557877708891],[-77.05153529882932,38.87553477829571],[-77.05153829651401,38.875504778999414],[-77.05154129491845,38.875475779635046],[-77.0515432936018,38.87545078044155],[-77.05154529517306,38.87542978097643],[-77.05154830148388,38.87539578194569],[-77.05155029369506,38.87537778228187],[-77.05155229598455,38.87535778274854],[-77.05155429899536,38.87533878314726],[-77.05155530012172,38.87532078392072],[-77.05155729232895,38.87530278425653],[-77.05160405828897,38.875287854696865],[-77.05160420775834,38.87528737718557],[-77.05160567839333,38.87528120578118],[-77.0516082969264,38.87526878203931],[-77.05160946483016,38.87525832276982],[-77.05161005825704,38.87525025998881],[-77.0516121199716,38.875232782780024],[-77.0516153334525,38.87521440422193],[-77.05162026630586,38.87518323297446],[-77.05162141540066,38.875178638182],[-77.05162682303329,38.875166564534176],[-77.05163260997122,38.87515312144144],[-77.05163430088365,38.875148778644515],[-77.05163739481857,38.87514039045514],[-77.0516409714382,38.87513016433844],[-77.05164487414066,38.87510872261806],[-77.05164727850324,38.87508701130821],[-77.05164730138199,38.875086777079645],[-77.05164738164692,38.87508621852328],[-77.05164979908403,38.875066651206915],[-77.05165416281196,38.87504529936612],[-77.05165769929572,38.87502739810868],[-77.05165929491906,38.875018785371296],[-77.05166029377725,38.875013614107154],[-77.05166391999869,38.87499232565088],[-77.05166793655843,38.87496899211462],[-77.05167003481264,38.87495426245014],[-77.05167129488235,38.8749437851219],[-77.05167304579311,38.87492682152749],[-77.05167412045796,38.874914938970605],[-77.05167686746302,38.87488899355909],[-77.05168088329499,38.874864669098095],[-77.05168489670999,38.874837011529436],[-77.05168649059674,38.874826011565794],[-77.0516882996501,38.87480977762558],[-77.05169054898798,38.874796813540144],[-77.05169188994923,38.874786651469634],[-77.05169479121368,38.874766858727156],[-77.05169529531847,38.87476277769807],[-77.05169598342393,38.874758165091855],[-77.05169888252587,38.87473539056915],[-77.05170186188994,38.874712057489866],[-77.05170324890517,38.8747018413483],[-77.0517043011074,38.87469077856514],[-77.0517072922335,38.8746677787912],[-77.05170930163557,38.874641779654],[-77.05170955087684,38.87463586102365],[-77.05171020718439,38.8746191771729],[-77.05171029770149,38.87460096214432],[-77.05171029539707,38.87459778217951],[-77.05170829658816,38.87457478461465],[-77.05170629487569,38.87454777831211],[-77.05170429679399,38.874525780679306],[-77.05170229871352,38.87450378304636],[-77.05170188821737,38.87449391001953],[-77.05170100224501,38.87447991135507],[-77.05170083752057,38.87447523606734],[-77.05169646174397,38.87443216883432],[-77.05169430277543,38.874410783843466],[-77.05169329359045,38.87438577696582],[-77.05169530226529,38.87435877789528],[-77.05169629972016,38.87433577900289],[-77.05169729717443,38.87431278011035],[-77.05169629734704,38.87428478243861],[-77.05169429710261,38.87425978500761],[-77.05169330089248,38.87423677798893],[-77.0516942976219,38.87421277916367],[-77.05169430111145,38.87418578098001],[-77.05169529783986,38.874161782154545],[-77.05169629601639,38.87413978319367],[-77.05169630240293,38.8741167847391],[-77.05169329884357,38.874090778810455],[-77.05169130150301,38.87406978110807],[-77.05169029522777,38.87404878296683],[-77.05169129340428,38.87402678400561],[-77.05169129906145,38.87400277660983],[-77.05168830196916,38.87396978015709],[-77.05168830045575,38.87395178136892],[-77.05168729563151,38.873932783092066],[-77.051684297153,38.87391377668915],[-77.05167729986286,38.87389478106417],[-77.05166929926018,38.87387477694153],[-77.05166129649683,38.87385178202941],[-77.05164529387378,38.87380978292458],[-77.05163829587403,38.8737897783561],[-77.05162829653419,38.87374677666094],[-77.05160429696711,38.8736737831695],[-77.051568292355,38.873588777764226],[-77.05153129250544,38.8735297800467],[-77.05152129257186,38.87350177733264],[-77.05150630135051,38.873471776953636],[-77.05149229400276,38.87344777573549],[-77.05145129332305,38.873369781032],[-77.05144828494443,38.87336889052548],[-77.05144079638934,38.87337163237923],[-77.0514368738506,38.87336550839259],[-77.05142429859833,38.8733617844519],[-77.05141129603632,38.87332478365447],[-77.05122229707817,38.873025778688856],[-77.05103729337723,38.87273578006131],[-77.05080530143226,38.87238677850936],[-77.0507862955073,38.87234978024817],[-77.05070629434447,38.87218278116194],[-77.05061930099936,38.8720677815653],[-77.05060429662925,38.87205078019858],[-77.0505862932752,38.87202978039696],[-77.0505702950507,38.87200877972412],[-77.05055429825237,38.87198977891451],[-77.05053829206335,38.87197377790588],[-77.0505013007778,38.871940778102164],[-77.05048129378024,38.871921779016596],[-77.05046329261639,38.87190377899377],[-77.05045129599097,38.87188677630711],[-77.0504362931188,38.8718717837922],[-77.05042130177023,38.871856782261915],[-77.05040629890428,38.87184178073468],[-77.05037529275225,38.8718147779051],[-77.0503592995776,38.87180077673197],[-77.05033130184125,38.871774781534555],[-77.05031529645548,38.87175978042754],[-77.05027729130492,38.871726780988595],[-77.05025629832487,38.871714781819975],[-77.05023429127314,38.87170278308383],[-77.0501572912394,38.87165478336099],[-77.05013230170832,38.871645776677425],[-77.0501102968052,38.871636777716134],[-77.05008929375991,38.87162677838786],[-77.05006729969017,38.871616779480696],[-77.05004629665672,38.87160678014464],[-77.05002430119723,38.87159478136373],[-77.0499862924502,38.87157278109503],[-77.04996530096464,38.8715627817394],[-77.04994329610827,38.87155378274654],[-77.04992030022802,38.87154478417317],[-77.04989729212457,38.87153477665896],[-77.04987729169176,38.871524776863964],[-77.049856299537,38.87151377755584],[-77.04983529656349,38.87150377818166],[-77.04981329104365,38.87149377923136],[-77.0497872990666,38.87148478190979],[-77.04976329997902,38.87147478380003],[-77.04974029192014,38.87146477625474],[-77.0496932963299,38.87144477958425],[-77.04966630183442,38.87143578266228],[-77.0496432951992,38.87142778397194],[-77.04962229227452,38.87141777555091],[-77.04960130088567,38.871407776129566],[-77.04957929612291,38.87139877706787],[-77.04955429454272,38.87138877934064],[-77.04953129876469,38.87137978069042],[-77.04950929471322,38.87137178154834],[-77.04948629894635,38.87136278288922],[-77.0494613001578,38.87135677586504],[-77.04943529813687,38.87134977833552],[-77.04938929996268,38.871338780518386],[-77.04934529814471,38.87133178157211],[-77.04928329445471,38.871321781400454],[-77.0492492971777,38.87131777799464],[-77.04921529183514,38.87131878325644],[-77.04918529668453,38.87131977781089],[-77.0491562932543,38.8713217808817],[-77.04912229478563,38.87133277643661],[-77.04908429694804,38.87134278273803],[-77.04905529556152,38.87134777657391],[-77.04903129609178,38.87135377724399],[-77.04897729404762,38.87136678102047],[-77.04893530064857,38.87134778187968],[-77.04891729890659,38.87136177947783],[-77.04883729440233,38.8714007833326],[-77.04881629513001,38.87141278230239],[-77.04879029393433,38.871423783425286],[-77.04875929080796,38.87143377768956],[-77.04873430093943,38.871440778645166],[-77.04870530154217,38.87144878120099],[-77.04867229192554,38.871456776412764],[-77.04863629906251,38.871466781732394],[-77.04856729654803,38.871484782223035],[-77.04853729183537,38.87148877641425],[-77.04850129893725,38.87149878169227],[-77.04846429534246,38.87151377803582],[-77.04842429424657,38.871526784752795],[-77.0483942922208,38.871534778638605],[-77.04836430171798,38.87154278152034],[-77.04832429855007,38.87155277939614],[-77.04828529657101,38.87156077697804],[-77.04821729372792,38.87157477711569],[-77.04816629632906,38.871583779543464],[-77.04814429978843,38.87158677940544],[-77.04811929625954,38.87159078043554],[-77.04807629621924,38.87159977952812],[-77.04798629395918,38.871629778507504],[-77.04796329753101,38.87163677847862],[-77.0479213006692,38.87164677703509],[-77.04788529406845,38.87165378232925],[-77.04785930014125,38.87165878364285],[-77.04783429657124,38.871662784611864],[-77.04780529496719,38.87166777813704],[-77.0477722940005,38.87167178236657],[-77.04771629388233,38.87167877776958],[-77.04768329290552,38.87168278197396],[-77.04765129580933,38.87168877661708],[-77.04762429996542,38.87169477822026],[-77.04759729192628,38.87169977988909],[-77.04756629804302,38.87170678304146],[-77.04753729773465,38.87171377636563],[-77.04751029101371,38.871720777879915],[-77.04748229259029,38.87172677985812],[-77.04744929357281,38.871733783794724],[-77.04741829766094,38.87173777810102],[-77.0473912997866,38.87174077985186],[-77.0473622967986,38.87174378240976],[-77.04727229630673,38.87175978177435],[-77.04724429718597,38.871764783762664],[-77.04721329104864,38.871770777884784],[-77.04718329899187,38.87177678059726],[-77.04715729344711,38.87178178175917],[-77.04713329367185,38.8717877820387],[-77.04710629708677,38.8717927835892],[-77.04707829727582,38.87179677659652],[-77.0470523012621,38.871798777931986],[-77.04702829883627,38.8718007784588],[-77.04700129071533,38.87180577998967],[-77.0469752979873,38.871812780971936],[-77.04695029628745,38.87181978154996],[-77.04692829072962,38.87182678091856],[-77.0469062953766,38.871831780412776],[-77.0468802904493,38.87183778144574],[-77.04685429769782,38.871844782401055],[-77.04683029918831,38.871852782483806],[-77.04680929747772,38.87186178129343],[-77.04675429301078,38.871893783170044],[-77.04671829729382,38.87191777795281],[-77.0466572974141,38.871962781311225],[-77.04661829787176,38.871992776861106],[-77.04659429167977,38.872006776496335],[-77.04657529762964,38.87201978320296],[-77.04655429975186,38.87203478156297],[-77.04653729992957,38.87204877839291],[-77.04651929885006,38.872064784493595],[-77.04650429391424,38.87208078038991],[-77.04649229600813,38.87209578416246],[-77.04647829296937,38.872110779723464],[-77.046459290596,38.87212877707085],[-77.04643829331839,38.872144784350844],[-77.04641930049813,38.87215978188888],[-77.04640329230791,38.87217477823776],[-77.04638829950264,38.872191783055406],[-77.04637329516052,38.87220877886725],[-77.04636029529254,38.87222478295679],[-77.04634430119668,38.8722437790237],[-77.04633130131583,38.8722597831099],[-77.04631629824387,38.87227877877964],[-77.04630229708454,38.87229678312559],[-77.04629029974254,38.87231277780113],[-77.04627829087717,38.87232878148839],[-77.04626429098917,38.87234877668658],[-77.04625129301554,38.87236778056168],[-77.04624399087699,38.87244494044185],[-77.04624464867014,38.87244639053453],[-77.04624684121707,38.87245107403673],[-77.04624914900178,38.872455757493256],[-77.04625145678679,38.87246044094976],[-77.04625341821733,38.872464133618834],[-77.04625537958981,38.872467736203866],[-77.04625745625832,38.87247142882721],[-77.04625953292698,38.872475121450535],[-77.04626172477505,38.87247872394413],[-77.04626380138579,38.87248232648335],[-77.04626576264236,38.87248574890014],[-77.04626783907828,38.87248908118721],[-77.04626980027693,38.8724924135199],[-77.04627187671322,38.872495745806894],[-77.04627383791222,38.87249907813954],[-77.0462757991114,38.87250241047212],[-77.04627822166982,38.87250637321015],[-77.04628064428682,38.872510426032164],[-77.04628295160825,38.872514388815766],[-77.04628537422589,38.872518441637695],[-77.04628768154785,38.872522404421204],[-77.04628998892841,38.872526457288686],[-77.04629391150529,38.872533392205334],[-77.04629771890377,38.87254041725153],[-77.04630152630298,38.87254744229762],[-77.04630533370295,38.87255446734356],[-77.0463091410453,38.87256140230534],[-77.04631306362589,38.872568337221274],[-77.04631514030028,38.87257202984354],[-77.04631733215412,38.872575632336066],[-77.04631952400811,38.87257923482852],[-77.0463217158623,38.87258283732096],[-77.04632390771671,38.872586439813304],[-77.04632598433382,38.87259004235135],[-77.04632909908423,38.87259517590628],[-77.04633221383517,38.87260030946111],[-77.04633532864494,38.87260553309992],[-77.04633844339679,38.87261066665459],[-77.046341558149,38.87261580020916],[-77.04634467290174,38.87262093376366],[-77.04634686469997,38.87262444617153],[-77.04634905655702,38.87262804866344],[-77.04635124835569,38.872631561071245],[-77.0463534402131,38.872635163563004],[-77.04635563201221,38.87263867597076],[-77.04635793910786,38.87264227841668],[-77.04636082291917,38.872646691390045],[-77.04636382191006,38.87265101423357],[-77.04636682095992,38.87265542716101],[-77.04636982001007,38.87265984008833],[-77.04637270382285,38.872664253061416],[-77.0463754723982,38.87266866608012],[-77.04637789502634,38.87267271890005],[-77.04638031759609,38.872676681635866],[-77.04638262498698,38.87268073450138],[-77.0463849324367,38.87268487745093],[-77.04638712459023,38.87268893036215],[-77.04638920156479,38.87269307340313],[-77.04639231726138,38.87269964830066],[-77.04639520248281,38.87270622328962],[-77.046397972584,38.87271297849236],[-77.04640051215146,38.87271964370256],[-77.04640316701591,38.87272639895093],[-77.046406052298,38.87273306402366],[-77.04640801438859,38.87273774761419],[-77.04641009165871,38.872742341074854],[-77.0464121689877,38.87274702461956],[-77.04641424625838,38.872751618080166],[-77.04641632352931,38.87275621154073],[-77.04641840085908,38.87276089508528],[-77.04642070901662,38.872766119042275],[-77.04642313247108,38.87277143303745],[-77.04642544068798,38.87277674707835],[-77.04642786408455,38.872781970989415],[-77.04643040271942,38.87278719485457],[-77.0464331718307,38.87279241862802],[-77.04643536399027,38.87279647153827],[-77.04643778662613,38.87280052435685],[-77.04644020926227,38.87280457717534],[-77.0464426318987,38.8728086299938],[-77.04644505447668,38.87281259272815],[-77.04644759235173,38.87281664550066],[-77.04645162996324,38.872823220029744],[-77.04645566751697,38.87282970447466],[-77.04645982030942,38.87283618887358],[-77.04646397310265,38.87284267327232],[-77.04646801071726,38.87284924780079],[-77.04647193309454,38.87285582237502],[-77.0464743557345,38.872859875192745],[-77.04647677843332,38.87286401809448],[-77.04647908583574,38.872868070957985],[-77.0464813932971,38.8728722139055],[-77.04648370075866,38.87287635685293],[-77.04648589298246,38.87288049984617],[-77.04648831597608,38.87288509316775],[-77.046490623732,38.87288968653517],[-77.04649304672633,38.87289427985658],[-77.0464952393033,38.872898963353784],[-77.0464975471188,38.87290364680501],[-77.04649962439953,38.872908240263996],[-77.04650158626625,38.87291256351676],[-77.04650354819184,38.87291697685351],[-77.04650539482087,38.872921300152065],[-77.04650724145003,38.87292562345063],[-77.04650897290003,38.872930036879055],[-77.04651070435017,38.87293445030747],[-77.04651347523459,38.872942376599426],[-77.04651613094005,38.87295039302123],[-77.04651855622836,38.87295849961877],[-77.04652086622018,38.872966516178174],[-77.04652306103308,38.87297462286746],[-77.04652514060815,38.87298272960257],[-77.04652652734414,38.87298867459674],[-77.04652802931875,38.872994619544954],[-77.04652941611397,38.873000654623056],[-77.04652975131542,38.87300220393502],[-77.04653429033856,38.873017777656834],[-77.04653830085347,38.87303578385816],[-77.04654229984067,38.87305378105546],[-77.04654429563773,38.87307477884955],[-77.04654629143596,38.87309577664349],[-77.04654929742591,38.87316377988574],[-77.0465492996001,38.873184778474034],[-77.04654829724116,38.87320277766425],[-77.04654629230515,38.87322077725401],[-77.04654229439082,38.873239777570895],[-77.04653729324515,38.873257778354535],[-77.04653329532634,38.873276778670956],[-77.04653029998292,38.87329577858764],[-77.04652530013422,38.87331577923571],[-77.04651929966023,38.87333878008045],[-77.04651329657527,38.8733577811947],[-77.04650529985365,38.87337678310252],[-77.0464942966881,38.873397777064014],[-77.04648629995692,38.873416778970444],[-77.04645929372319,38.87347877654138],[-77.04645029569498,38.87349977870896],[-77.0464422976391,38.87351678074706],[-77.04643429130894,38.87353878245159],[-77.04642729712717,38.873557783954844],[-77.04641929013134,38.873578776717295],[-77.0464102927292,38.87360077881394],[-77.04640229790361,38.8736227805114],[-77.04639729734595,38.873641781220336],[-77.04639229678571,38.87366078192904],[-77.04638930138863,38.873679781840906],[-77.04638729899922,38.87370178115633],[-77.04638529400867,38.8737197807418],[-77.04638229860726,38.87373878065331],[-77.04638329734867,38.87380378489145],[-77.04638529441999,38.87382678255045],[-77.04638829230433,38.87386477880223],[-77.04638929701694,38.87388577698972],[-77.04639129539841,38.87391078352155],[-77.046393291175,38.873931781315136],[-77.04639429589005,38.87395277950237],[-77.04639629166869,38.873973777295724],[-77.04639855526159,38.873981298412424],[-77.0464006424336,38.87398334249049],[-77.0464036400771,38.87398550331593],[-77.0464070984461,38.87398730362212],[-77.04641090247654,38.87398901370679],[-77.04641470638988,38.87399054362336],[-77.04641862548468,38.87399198340999],[-77.04642254452114,38.87399333311244],[-77.04642738565295,38.873994952700244],[-77.04643234190765,38.873996392074055],[-77.04643741334381,38.87399774131782],[-77.04644248460431,38.87399882030935],[-77.04644767110496,38.87399989925482],[-77.04645285748845,38.87400079803207],[-77.04645735231506,38.87400151691613],[-77.04646196232316,38.87400214567022],[-77.04646657227262,38.874002684340084],[-77.0464712974034,38.87400313287993],[-77.0464759072944,38.874003581465445],[-77.04648051718539,38.87400403005077],[-77.046485933756,38.87400447831481],[-77.04649146544925,38.874004746364676],[-77.0464969971426,38.874005014414315],[-77.04650252895333,38.87400546263169],[-77.04650794564164,38.8740060910627],[-77.04651313214377,38.874007170005235],[-77.04651658998809,38.87400815955219],[-77.04652004789129,38.87400923918297],[-77.04652350585326,38.874010408897725],[-77.04652673345295,38.87401175887216],[-77.0465299611115,38.87401319893052],[-77.04653295840771,38.874014819248636],[-77.04653676303006,38.8740174301692],[-77.04654010698665,38.874020491693365],[-77.04654322058099,38.87402373347731],[-77.04654621905318,38.87402715547513],[-77.04654910228571,38.874030577518774],[-77.04655221593974,38.87403390938649],[-77.04655509882018,38.87403679092597],[-77.04655786651966,38.87403976259532],[-77.04656063421929,38.87404273426465],[-77.0465635171592,38.87404570588789],[-77.04656628485937,38.874048677557084],[-77.046569052501,38.87405155914214],[-77.04657320396377,38.87405588151966],[-77.04657735536829,38.87406011381305],[-77.04658150683208,38.87406443619029],[-77.04658565823757,38.87406866848332],[-77.04658980970237,38.87407299086024],[-77.04659384592765,38.87407731328297],[-77.04659788221221,38.87408172578955],[-77.04660191855612,38.87408622838003],[-77.04660583960157,38.874090640932316],[-77.04660976070643,38.87409514356849],[-77.04661368181168,38.87409964620451],[-77.04661760291754,38.87410414884043],[-77.04662313891565,38.87411099301606],[-77.04662855973358,38.87411792732143],[-77.04663386537133,38.874124951756585],[-77.04663917095127,38.87413188610747],[-77.04664470695359,38.87413873028207],[-77.04665047337846,38.874145484280284],[-77.04665416365538,38.874149446503],[-77.04665796917294,38.87415340867953],[-77.04666177469083,38.87415737085596],[-77.04666569539042,38.87416124290223],[-77.0466696160905,38.87416511494834],[-77.04667353679095,38.87416898699431],[-77.04667814916888,38.874173219099774],[-77.04668276148837,38.87417736112106],[-77.04668760428889,38.87418150305003],[-77.04669233184967,38.874185645024816],[-77.04669694422975,38.87418987712954],[-77.04670144137015,38.87419410928014],[-77.04670513135758,38.87419762108123],[-77.04670870616413,38.874201223012264],[-77.04671216578966,38.874204915073314],[-77.04671562535667,38.87420851705027],[-77.0467192001642,38.874212118981],[-77.04672265973191,38.8742157209577],[-77.04672877159632,38.87422202439369],[-77.04673476816245,38.874228237791414],[-77.04674076478872,38.87423454127286],[-77.04674676135696,38.87424075466999],[-77.04675287316661,38.874246968020685],[-77.04675910015862,38.8742530912409],[-77.04676325152658,38.87425723344348],[-77.04676751807641,38.8742612855158],[-77.04677178456758,38.87426524750395],[-77.04677605111829,38.87426929957599],[-77.04678031766956,38.87427335164781],[-77.04678446898086,38.874277403765674],[-77.04679069597825,38.874283526984144],[-77.04679680767724,38.87428956016449],[-77.04680291943636,38.874295683428514],[-77.04680891601514,38.87430189682236],[-77.04681491253594,38.874308020131906],[-77.04682067869506,38.87431432370159],[-77.04682436899016,38.874318285918804],[-77.04682794410425,38.87432233826609],[-77.0468314039784,38.87432639065956],[-77.0468349790933,38.87433044300665],[-77.04683843896825,38.874334495399864],[-77.04684201408405,38.8743385477467],[-77.04684547384143,38.87434241997171],[-77.0468489335992,38.8743462921966],[-77.04685239341654,38.87435025450539],[-77.04685585317506,38.874354126730054],[-77.04685931293403,38.874357998954636],[-77.04686277269327,38.874361871179104],[-77.04686634781183,38.87436592352521],[-77.04687003817129,38.874369975824976],[-77.04687361329057,38.87437402817085],[-77.04687730365087,38.87437808047035],[-77.04688087877106,38.874382132816],[-77.04688445395084,38.87438627524555],[-77.04688814443077,38.87439050771268],[-77.0468917197297,38.874394830309996],[-77.04689529502916,38.87439915290715],[-77.0468989855696,38.87440347545797],[-77.04690279129187,38.874407707878355],[-77.046906712196,38.87441185016832],[-77.04690994106465,38.87441509189599],[-77.04691316993366,38.874418333623545],[-77.04691662922504,38.87442148517444],[-77.04692008851663,38.874424636725216],[-77.04692354780857,38.87442778827586],[-77.0469271222229,38.87443075961218],[-77.04693081187818,38.87443373090198],[-77.04693461665592,38.8744365219774],[-77.0469385367339,38.87443940309035],[-77.04694234145296,38.87444210408153],[-77.0469462614723,38.874444895110265],[-77.04695006631052,38.87444777626914],[-77.04695364048989,38.87445038726864],[-77.04695698424747,38.874453088444646],[-77.04696044318665,38.87445569949026],[-77.04696390218545,38.87445840061976],[-77.04696747636582,38.87446101161878],[-77.04697093530585,38.87446362266407],[-77.04697439406816,38.87446596345727],[-77.04697796807143,38.87446830420398],[-77.04698142683417,38.874470644997004],[-77.04698500083792,38.87447298574349],[-77.0469885747825,38.87447523640589],[-77.04699214878671,38.87447757715222],[-77.04699895089568,38.87448198853163],[-77.0470059833682,38.87448621964991],[-77.0470130159009,38.87449054085171],[-77.0470198180123,38.874494952229924],[-77.04702627458052,38.874499633998944],[-77.04703215518326,38.8745046763356],[-77.04703503810211,38.874507557863005],[-77.04703769065847,38.87451061965118],[-77.04704022803364,38.8745137715697],[-77.04704265016828,38.8745169235346],[-77.04704518754387,38.874520075452985],[-77.04704784010106,38.87452313724093],[-77.04705141511938,38.87452700941327],[-77.0470551054383,38.87453097162307],[-77.04705891087956,38.874534753618285],[-77.04706260113987,38.87453862574382],[-77.04706640664135,38.87454249782286],[-77.04707009690246,38.87454636994816],[-77.04707182670329,38.87454817093123],[-77.0470736717449,38.874549971867815],[-77.04707540154581,38.87455177285086],[-77.0470771313468,38.87455357383382],[-77.0470788612074,38.874555464900794],[-77.04708059100855,38.874557265883745],[-77.04708831874295,38.874567262093755],[-77.04709489436812,38.874577709187946],[-77.04710066354683,38.87458851694308],[-77.04710608712354,38.87459950500533],[-77.04711119948597,38.87461039410047],[-77.04712229582913,38.87462578498164],[-77.04713529933576,38.87464977811534],[-77.04714529176324,38.87466878180879],[-77.04715329250223,38.87469077709483],[-77.04715929627717,38.87470778253231],[-77.0471653013708,38.87472677882564],[-77.04717430142112,38.87474378305205],[-77.04718329325156,38.87476577793536],[-77.04719129269658,38.87478578236227],[-77.04720029540019,38.874806777307214],[-77.04721530124733,38.87484377775332],[-77.04722129617264,38.874864782920916],[-77.04722529609636,38.87488378002143],[-77.04722629086895,38.87490677806724],[-77.04722629456596,38.87492977651378],[-77.04722129386117,38.87496577610665],[-77.0472162954125,38.87498777664302],[-77.0472102923744,38.87500677778774],[-77.04719930003357,38.87502678088125],[-77.04717330095177,38.875060780083345],[-77.0471612944655,38.87508078358275],[-77.04715030209367,38.87510077766302],[-77.0471372903489,38.87511678183578],[-77.04710729789765,38.87514178324213],[-77.04707529889234,38.8751647765762],[-77.04705929280958,38.87518378174454],[-77.04700229583409,38.87523878296849],[-77.0469192988494,38.875291785739975],[-77.0468313015406,38.87534678131384],[-77.0468032947042,38.87535978265543],[-77.04677329416847,38.8753727847888],[-77.04674529817459,38.87538477717123],[-77.04669929571257,38.87540578514937],[-77.04666429623565,38.875422779974954],[-77.04662829414033,38.875439784198704],[-77.04659630114756,38.87545477793841],[-77.04656729227051,38.87546877955537],[-77.04653829490631,38.87548278116051],[-77.04650529927281,38.87549778428313],[-77.04648329514264,38.87550878329212],[-77.04646030122333,38.87552178255554],[-77.0464362931624,38.87553478221769],[-77.04640530075099,38.87554678471809],[-77.04638329464034,38.87555478391165],[-77.04635829287064,38.875563784222734],[-77.04633230130773,38.87557478478595],[-77.04630129798015,38.87558777818702],[-77.04627830011115,38.875594777821554],[-77.0462413002713,38.875601782996874],[-77.04620329716089,38.875607779616566],[-77.04616529340306,38.87561278530018],[-77.04612529593794,38.87561778275047],[-77.04608429521114,38.87562178065057],[-77.04604429644495,38.87562477820883],[-77.04600729205356,38.87562478378499],[-77.0459713011467,38.87562378000964],[-77.04592929522315,38.87562377852148],[-77.04590329649646,38.87562377973558],[-77.04587129170423,38.87562078350611],[-77.04583929650605,38.875614778458456],[-77.04580929180514,38.87560378196772],[-77.04578429184622,38.87559778316914],[-77.04576129839359,38.87559378344375],[-77.04573629972404,38.87558978449917],[-77.04569329505122,38.8755777841285],[-77.04566530136651,38.87555777841373],[-77.04564630108942,38.87554477771248],[-77.04562529560135,38.8755317777915],[-77.04560129637491,38.87552277876551],[-77.04557729651583,38.87551277980236],[-77.04555429991046,38.87550378037534],[-77.04551329415891,38.87548177983428],[-77.04547630013901,38.875461777581386],[-77.04544129792643,38.87543878375282],[-77.04542229581226,38.87542278321831],[-77.04540629064034,38.87540778144781],[-77.0453762983261,38.87537977698093],[-77.04534129555057,38.87535578318987],[-77.04530729539898,38.875331779990816],[-77.0452722932989,38.87530877710268],[-77.04523729059316,38.875284783280144],[-77.04520329051039,38.87526078005053],[-77.04515430014072,38.87522278355379],[-77.04510630026529,38.875183777712834],[-77.0450582998166,38.87514378092799],[-77.04500929808026,38.875105784374135],[-77.04496129836288,38.87506677847274],[-77.0449122961017,38.87502778194537],[-77.04487429611098,38.87500178029233],[-77.04483729749256,38.87497377837732],[-77.04480030015874,38.87494777631498],[-77.04476329133337,38.87492178325366],[-77.04472430037758,38.874895781931194],[-77.044687290975,38.87486877990481],[-77.04463129322305,38.8748287769942],[-77.04457329159165,38.87479078369483],[-77.0445172945887,38.87475178066133],[-77.0444623002443,38.87471277721894],[-77.04440530014962,38.87467278358905],[-77.04435029440322,38.87463378009775],[-77.04428929370795,38.87459077912396],[-77.04422929506143,38.874546777805875],[-77.04417029908902,38.874502785085845],[-77.04411028906584,38.87445878371036],[-77.0440614497027,38.874420885785696],[-77.04405093497596,38.87441314252715],[-77.04399190507394,38.874369834367386],[-77.04393691121122,38.87433066852385],[-77.04390521799307,38.87430855580915],[-77.0438692944473,38.87428477812071],[-77.04350429212164,38.87424478224053],[-77.0433962990429,38.87416678263634],[-77.0433362982671,38.874117781194265],[-77.0432762927224,38.874060780261516],[-77.04317029993123,38.8739547815902],[-77.04311929911186,38.873904776774715],[-77.04306729397352,38.87385178151735],[-77.04301629329991,38.87380177665604],[-77.0429672954627,38.873747780312726],[-77.04291729391382,38.87369178445186],[-77.04286629105697,38.873637779793675],[-77.0428362950865,38.87360078428182],[-77.04280229914085,38.873561781354425],[-77.04276529668866,38.87352477938342],[-77.04273030003418,38.87348877659926],[-77.04269229508276,38.873451783979945],[-77.04265729850088,38.87341578117344],[-77.04257729853205,38.87333677964808],[-77.04248929143421,38.87326078077898],[-77.04239329670534,38.873181784944336],[-77.04233729207088,38.87312578200084],[-77.0422842887297,38.87305877868222],[-77.04221429491363,38.87296478329593],[-77.04220728870818,38.872945778096316],[-77.04218829270415,38.87289877910903],[-77.04216929022307,38.87287977824038],[-77.0421492955231,38.872858777861026],[-77.04209829412265,38.87282478052514],[-77.04204130039018,38.87279077631592],[-77.04198329262363,38.87275678145173],[-77.0419312888056,38.87272278440276],[-77.0418792947951,38.8726857785199],[-77.04182129871477,38.87265178357046],[-77.04176429314353,38.87261677929652],[-77.0417122993021,38.87257978234704],[-77.0416742941893,38.872540780516886],[-77.04167328987052,38.87253778107659],[-77.04163929842197,38.87248477874164],[-77.04160229363349,38.872441776799064],[-77.04156528889476,38.872398783852866],[-77.04152729199109,38.87235378237324],[-77.04147629976009,38.87229477742786],[-77.04144428842517,38.8722577822663],[-77.04143129248757,38.87224277887539],[-77.04140829911837,38.87221677976618],[-77.04133229422695,38.87212677669327],[-77.04129229191537,38.87208077591203],[-77.04125629126678,38.8720397823763],[-77.04118329558568,38.871951778006654],[-77.04110529652228,38.87185978462782],[-77.04106529565746,38.87181578363234],[-77.04104228930508,38.87178677564637],[-77.04101329933825,38.87175277910067],[-77.04098029688038,38.8717147842237],[-77.04096129675806,38.87169878295316],[-77.04093628997036,38.87167778412019],[-77.04091629425005,38.871653783726835],[-77.040895295989,38.871629783681115],[-77.0408782442445,38.871615259093026],[-77.0408678796914,38.871606830852976],[-77.04083732970783,38.87158513128273],[-77.04080735638645,38.8715642422594],[-77.0407801480767,38.87154218116992],[-77.04075799974744,38.8715220551153],[-77.04075429880122,38.87151877734723],[-77.04075255770975,38.87151697627369],[-77.04073091542621,38.87149508438968],[-77.04071599499929,38.87147948703381],[-77.0407082928444,38.87147177852356],[-77.0406862927254,38.87144877872188],[-77.04067936197387,38.87143987182287],[-77.04066495870883,38.871421778951685],[-77.04064973561462,38.87140076764043],[-77.0406452956265,38.87139477859587],[-77.0406272913837,38.87136677772637],[-77.04060929867852,38.871338776849946],[-77.0405892916396,38.87131477640324],[-77.04057135266748,38.87130016199395],[-77.0405620950722,38.87129281435049],[-77.0405508661779,38.87128410712155],[-77.04053329670683,38.87127078078013],[-77.04051920725742,38.87125728206878],[-77.04050906114274,38.87124779072866],[-77.0404892265817,38.8712230244901],[-77.04047334775142,38.87120379704702],[-77.04046829702732,38.871197781182],[-77.04044729678405,38.871169781322116],[-77.04043261224413,38.87114317557469],[-77.04043121649823,38.87114070775456],[-77.04042396187897,38.87112955785884],[-77.04041429678848,38.871114778409066],[-77.04041352402848,38.87111357155005],[-77.04039788477886,38.87109000196147],[-77.04038381341633,38.87106762994651],[-77.04038129911218,38.87106378422637],[-77.0403788535468,38.871059226818296],[-77.04036604943127,38.871036232782835],[-77.04034991665931,38.8710161225863],[-77.04034629582158,38.87101178178538],[-77.0403453043311,38.87101095335455],[-77.04032223497882,38.8709918364753],[-77.04031439580241,38.87098619091097],[-77.0402982910175,38.87097478281853],[-77.04027629344132,38.87095578266954],[-77.04025329333247,38.87093678286192],[-77.04022928956422,38.87091578352922],[-77.04021534665156,38.87089625810571],[-77.04020901550304,38.870887828417075],[-77.04018987057685,38.87085954861001],[-77.04017337652311,38.87083207864431],[-77.04015492384566,38.870805239938214],[-77.04013704720371,38.87077813077889],[-77.04012385105403,38.87075448824527],[-77.04012229386103,38.87075177724974],[-77.04010728890152,38.87072878394095],[-77.04010536206785,38.870724487592504],[-77.04009979074698,38.87071472439245],[-77.04009955875904,38.87071202194997],[-77.0400984048436,38.870709229739965],[-77.04009717053225,38.870706915003176],[-77.0400832948082,38.870683777168864],[-77.04007029551806,38.87066178309973],[-77.04005329478719,38.870634781727254],[-77.04003755475956,38.8706160406295],[-77.04003255033392,38.87061024993933],[-77.04001191144445,38.87058899717179],[-77.03999300184046,38.87056909506934],[-77.03997403427154,38.870548553386705],[-77.03997329633759,38.870547778916254],[-77.03997212020032,38.87054644607456],[-77.03995218364629,38.87052406700487],[-77.03993499795256,38.87049587656804],[-77.03992451223993,38.87047636794288],[-77.0399202904233,38.870468784307086],[-77.03990329147254,38.87044478271105],[-77.0398986303547,38.87043466786201],[-77.03989105063636,38.87041886970462],[-77.03988166883849,38.87039514476342],[-77.03988029566969,38.870391776087914],[-77.03986729314353,38.870363782396716],[-77.03985529650936,38.870341778951804],[-77.03984716634821,38.870330746426895],[-77.03984444493426,38.87032736019424],[-77.03984110068362,38.870322947215485],[-77.03983177946347,38.87030447415101],[-77.03977629244187,38.87019777946505],[-77.03977615404581,38.87019757231885],[-77.03976128826245,38.87017577703434],[-77.03975184325064,38.870162555907115],[-77.03974593900823,38.87015488275326],[-77.03973029059172,38.87013477230342],[-77.03973002536861,38.870134439082555],[-77.03971710821455,38.870114715063075],[-77.03971059195318,38.87010472695468],[-77.03970529830784,38.87009678333884],[-77.03969229049373,38.87007977988659],[-77.0396792936532,38.87006177649577],[-77.0396748880593,38.870055174829545],[-77.03966694201186,38.870043565690935],[-77.0396613825628,38.870034225860024],[-77.03965428933799,38.870022778582204],[-77.03963829422511,38.87000077647156],[-77.03963778684754,38.870000146055204],[-77.03962208144887,38.86998106256823],[-77.03960536204963,38.86996206049866],[-77.0395996660445,38.8699558015867],[-77.03958928892074,38.86994477881356],[-77.03957629269023,38.86992778435247],[-77.03956429732786,38.86990778074232],[-77.0395598678735,38.86989967467547],[-77.03955219740341,38.86988622772005],[-77.0395463375215,38.86987534754735],[-77.03954029344274,38.86986478273098],[-77.03952928855293,38.869843778848285],[-77.039527327173,38.86983941944251],[-77.0395200129407,38.86982417068255],[-77.03951499450541,38.86981371361858],[-77.039510288044,38.86980477886981],[-77.03950047218768,38.86978759414715],[-77.0394983268619,38.86978400051779],[-77.03948310367802,38.86976157472872],[-77.0394825386072,38.86976080019668],[-77.0394662906362,38.86973978006357],[-77.03946469846717,38.86973624930549],[-77.03945392644617,38.869719515322274],[-77.03944527490665,38.86970312294127],[-77.03944192413769,38.869686818853275],[-77.03943799581148,38.86966799260574],[-77.03943076354325,38.86965503194793],[-77.03942529639147,38.86964578215811],[-77.03940929046249,38.86962477995177],[-77.03939329551434,38.8696027778061],[-77.03938961633976,38.86959689655622],[-77.03937779490384,38.869578649506934],[-77.03936337853037,38.869556403597564],[-77.03935092166869,38.86953514795102],[-77.03934088514798,38.869514702244466],[-77.03933211718525,38.869496057791444],[-77.03932561193204,38.86948493459732],[-77.03932036414099,38.86947639639276],[-77.03931585483765,38.86946966862955],[-77.03925791134597,38.86935672267367],[-77.03925329712789,38.8693477788745],[-77.03924229240714,38.86932678397131],[-77.03923029613999,38.86930478045828],[-77.03922453971735,38.86929326964496],[-77.03921907213484,38.86928313702098],[-77.03920788257254,38.86926125034389],[-77.03920010666283,38.86924440722897],[-77.0391972919031,38.869238777917985],[-77.03919377201066,38.86922911307618],[-77.03918896003923,38.869216755153445],[-77.03918838283921,38.86921486358118],[-77.03918769040716,38.86921297204755],[-77.03918711320723,38.869211080475274],[-77.03918653600743,38.86920918890299],[-77.0391858435754,38.869207297369414],[-77.03918528962485,38.8692057751341],[-77.0391742937247,38.86917978055375],[-77.03916129278888,38.869153777636306],[-77.03915257269571,38.86913820502036],[-77.0391470824644,38.86912875703944],[-77.03913185819691,38.869103898931925],[-77.03912294268603,38.86908917316962],[-77.03911628810084,38.869078779694284],[-77.03910229675768,38.86905377703513],[-77.03908328735983,38.86901877671904],[-77.0390642889564,38.86898277646249],[-77.03905479526946,38.86896431239804],[-77.03904580943544,38.86894736157578],[-77.03903601583524,38.868928312063325],[-77.03902729527474,38.86891178454612],[-77.03902175773355,38.868900048438654],[-77.03900981797122,38.868875756746455],[-77.03899320487318,38.86883963857124],[-77.03899205098202,38.86883675626535],[-77.03899078185937,38.86883387399792],[-77.03898951278606,38.86883108181459],[-77.0389882436636,38.8688281995471],[-77.03898708977283,38.86882531724116],[-77.0389858206998,38.868822525057745],[-77.03897720310955,38.8688046011986],[-77.0389662902865,38.868782777463124],[-77.03894529686357,38.86874377805096],[-77.03892229843754,38.86870477930314],[-77.03889928905843,38.86866678048773],[-77.03887528817029,38.86862778206411],[-77.03885229036426,38.8685897832351],[-77.03883229240111,38.868558782938656],[-77.038824312485,38.86854790343237],[-77.0388101633904,38.868529089566536],[-77.0387875618871,38.86849927923763],[-77.03876738000916,38.86846901768039],[-77.0387522793004,38.86843777251652],[-77.03874464477533,38.86840506551086],[-77.03874452895757,38.86840398453998],[-77.03874452832174,38.868402813446814],[-77.03874441250396,38.86840173247595],[-77.03874429668609,38.868400651505084],[-77.0387442960992,38.86839957049603],[-77.03874419175564,38.86839839943723],[-77.03873690611427,38.86837155679046],[-77.0387223731939,38.86834606780836],[-77.03870426842323,38.868321120513016],[-77.03868581802186,38.86829626341334],[-77.03867603750697,38.86827975423621],[-77.0386702941561,38.868270783761176],[-77.03866918526651,38.86826584751922],[-77.0386623978771,38.8682440223871],[-77.03866216619568,38.8682417703611],[-77.03866193451425,38.86823951833506],[-77.03866170283293,38.86823726630904],[-77.03866147115151,38.86823501428301],[-77.03866123947023,38.868232762256966],[-77.03866100778885,38.86823051023094],[-77.0386587789188,38.86822143049065],[-77.03865428742604,38.86820477542569],[-77.03864488389888,38.86818218544341],[-77.03864415704396,38.868180519127925],[-77.0386313532871,38.86815620065483],[-77.03862709685417,38.8681480224257],[-77.0386182959783,38.86813178317158],[-77.0386130459002,38.86811867766966],[-77.03860816544346,38.86810720256768],[-77.03860215976862,38.868081890917864],[-77.03860192813842,38.86807972897575],[-77.03860169645942,38.86807747694956],[-77.03860158005958,38.86807531496935],[-77.03860134838062,38.86807306294315],[-77.03860111675047,38.868070901001005],[-77.03860088507152,38.868068648974806],[-77.03859357332938,38.868035995900975],[-77.038593296119,38.868034779857105],[-77.03859162298988,38.868030546456765],[-77.03857987686378,38.86800154325399],[-77.03856315090385,38.86796902841426],[-77.03855281607733,38.86795015019674],[-77.03854529584963,38.867936784196964],[-77.03853723228691,38.86792016633949],[-77.03852912278182,38.8679038187489],[-77.03851654466327,38.86787040169205],[-77.03851585192163,38.867867879565324],[-77.03851515918005,38.867865357438575],[-77.03851446648724,38.86786292539597],[-77.03851377374575,38.86786040326924],[-77.03851325417997,38.867858493657366],[-77.03851229630749,38.867855782441424],[-77.03849828795889,38.86781978043994],[-77.0384918517231,38.86780790947535],[-77.03847927940932,38.86778519440508],[-77.03846780452123,38.86776755070756],[-77.03845728705625,38.8677517804432],[-77.03843429190914,38.86771778126038],[-77.03843153551078,38.86771331399538],[-77.03841285257944,38.86768414189743],[-77.03839451229416,38.86764928537582],[-77.03839324326522,38.86764649318539],[-77.03839208946611,38.86764370095712],[-77.03839082043733,38.86764090876669],[-77.03838955136021,38.86763802649215],[-77.03838828233168,38.867635234301666],[-77.03838714005586,38.86763244206954],[-77.03837570752358,38.867607762778945],[-77.0383638257007,38.86758326380296],[-77.03835305184695,38.867562034515316],[-77.03835129861021,38.86755878305447],[-77.03834879543771,38.86755377519954],[-77.03833879474847,38.867534626599706],[-77.0383257608494,38.86751048833435],[-77.03831261172967,38.867486350105224],[-77.03831111239306,38.867483828241774],[-77.03830972828601,38.867481306340515],[-77.03830822894962,38.86747878447707],[-77.03830684479443,38.86747617249163],[-77.0383054606876,38.86747365059036],[-77.03830407658097,38.867471128689],[-77.03829639392538,38.86745551963083],[-77.03829329117612,38.86744978228987],[-77.03828920644519,38.86743932486291],[-77.03828411826342,38.867427084099184],[-77.03827823246928,38.8674101231887],[-77.0382762937519,38.867404781835795],[-77.03826929851907,38.86738177664388],[-77.03826582154949,38.86736579686003],[-77.03826403160335,38.8673585366663],[-77.03825941002279,38.867335386561116],[-77.03825935215221,38.867334909134236],[-77.03825906332105,38.86733349490811],[-77.03825828929584,38.867329783695865],[-77.03825129246825,38.86730377870175],[-77.03824128924312,38.86727978356777],[-77.03823478239268,38.86726498487704],[-77.03822986821035,38.86725486103054],[-77.03821694957986,38.86723063263004],[-77.03820798716073,38.86721359164667],[-77.03820429618744,38.86720678249455],[-77.03820066223625,38.86719886528891],[-77.03819261008037,38.86718172491393],[-77.03819180241724,38.86717974332734],[-77.03819130627724,38.86717851834551],[-77.03818729163487,38.86716978149839],[-77.03817728898018,38.86714677728359],[-77.03816729732476,38.86712278213883],[-77.03815729414843,38.86709877798845],[-77.0381524583177,38.86708429404107],[-77.03814922708197,38.867075259658925],[-77.03814241572987,38.86705120942213],[-77.03814228874717,38.8670507770598],[-77.03814202276779,38.867048993480964],[-77.03813802399198,38.86702679805811],[-77.0381377927643,38.86702535678759],[-77.03813767676537,38.867023915479436],[-77.03813756076646,38.86702247417125],[-77.03813732953881,38.867021032900745],[-77.03813721358806,38.86701968167668],[-77.03813698236041,38.86701824040616],[-77.03813321612951,38.86699994554978],[-77.03812928918212,38.86698277679736],[-77.03811729877069,38.86694878296204],[-77.03810228937927,38.8669147811021],[-77.03808529807291,38.86688077988648],[-77.03807649616445,38.866862081291714],[-77.03806890580694,38.866846472186865],[-77.03805627226302,38.866816406222334],[-77.03805428786656,38.866811776544765],[-77.03805203785434,38.86680603891886],[-77.0380432919212,38.86678423240062],[-77.03803885005738,38.86677377508007],[-77.03803129354664,38.866756778665916],[-77.03801929488856,38.86672877541675],[-77.03800928969174,38.86670078052577],[-77.03800913963121,38.86670028511189],[-77.0380002979729,38.86667177636162],[-77.03799966163767,38.866666930042335],[-77.03799516656912,38.86664308623503],[-77.03799470345068,38.86663894251558],[-77.0379942403323,38.86663479879611],[-77.03799389239403,38.86663056495504],[-77.03799354450375,38.866626421198085],[-77.0379931966136,38.86662227744115],[-77.03799284867546,38.86661804360007],[-77.03798683931625,38.86658516484626],[-77.03798186353615,38.8665674018736],[-77.03797729272934,38.86655278270527],[-77.03796629448132,38.86652077938868],[-77.03795644983407,38.86649124400126],[-77.03795533043305,38.86648806439514],[-77.03794494268686,38.86645563748235],[-77.03793708981588,38.86642293949243],[-77.0379366275642,38.86642041728683],[-77.03793616531259,38.86641789508118],[-77.037935703061,38.866415372875515],[-77.03793535603708,38.86641285063243],[-77.03793498622152,38.86641080584267],[-77.03793429324645,38.86640777924079],[-77.03793212086111,38.86639629421906],[-77.03792692201023,38.866370693995975],[-77.03791814508678,38.86633376234998],[-77.03790902248981,38.86629683081535],[-77.03790013040513,38.86625998928909],[-77.03789227528038,38.86622296725712],[-77.03788626370522,38.866185764457995],[-77.03788580112213,38.86618261166314],[-77.03788545381418,38.86617954891506],[-77.03788510650628,38.866176486166964],[-77.03788475919848,38.86617342341884],[-77.03788429666338,38.86617036070814],[-77.03788394935555,38.866167297960054],[-77.03788306835831,38.86615737097359],[-77.03788129710381,38.86614177798341],[-77.03788038584159,38.866118248301305],[-77.03788023458786,38.866115500784055],[-77.03787918377225,38.86608955689213],[-77.03787898589701,38.86608580945599],[-77.03787729188555,38.86606377542438],[-77.037875296181,38.866037777788215],[-77.03786829060434,38.86599478289896],[-77.03786429366473,38.86597577644088],[-77.03786269818902,38.86596570555099],[-77.0378609072437,38.86595641845647],[-77.03785709452795,38.865937141685876],[-77.03785418279149,38.86592202651046],[-77.03785329328909,38.865917774827224],[-77.03784929636254,38.8658987773768],[-77.03784607214581,38.86588107688745],[-77.03784577176303,38.86587958158797],[-77.03784530966142,38.86587732963411],[-77.0378447322853,38.865874987633504],[-77.03784427013598,38.8658726455955],[-77.03784380803447,38.86587039364164],[-77.03784334588515,38.86586805160366],[-77.0378428837837,38.865865799649804],[-77.03784112369054,38.865849494989895],[-77.03783929583294,38.86583577576688],[-77.03783929091983,38.865804777813814],[-77.0378402890089,38.86577477946952],[-77.03783987907151,38.86576224889756],[-77.03783890168665,38.86574436751112],[-77.03783356584819,38.86572103744601],[-77.037832295567,38.86571577694341],[-77.03781328927053,38.86568377620241],[-77.0378003486075,38.86566065579172],[-77.03779921835736,38.86565871033999],[-77.03779136874167,38.86563186780459],[-77.03778812751948,38.86560376259908],[-77.0377877388106,38.865587781796755],[-77.0377872940675,38.8655747827979],[-77.03778729023124,38.865545775702806],[-77.03778529033855,38.86551177859164],[-77.03778229168579,38.865484781341976],[-77.03778028872048,38.86546673813458],[-77.03777906255914,38.86545773912457],[-77.03777784856443,38.865449956246685],[-77.03777428944802,38.86543077848224],[-77.03777028833608,38.86540378155621],[-77.03776992980039,38.865401259315924],[-77.0377658836358,38.86537621723028],[-77.03776183633006,38.8653490131251],[-77.03776160497242,38.865347301601005],[-77.03776137366255,38.865345680161056],[-77.03776121170273,38.86534446407738],[-77.03776108451565,38.8653436353443],[-77.03776079572141,38.86534225715015],[-77.03776057588652,38.86534054562233],[-77.03776028688735,38.86533878006639],[-77.03775528954826,38.8653017751121],[-77.03775029221904,38.86526477916577],[-77.03774989855,38.865261184935285],[-77.03774587134792,38.865228395604916],[-77.03774204941209,38.86519155242087],[-77.0377391492378,38.8651546188544],[-77.03773792464415,38.86512677423748],[-77.03773729555205,38.865113775297004],[-77.03773729442787,38.86511164931124],[-77.03773729337989,38.86510966746014],[-77.03773716558376,38.865107685649996],[-77.0377371645358,38.86510570379886],[-77.03773692851145,38.865095164028816],[-77.03773657726154,38.86508462429591],[-77.03773622601175,38.86507408456306],[-77.03773622048622,38.865063634802574],[-77.03773628852592,38.86506156284494],[-77.0377362954042,38.86505277963733],[-77.03773686984069,38.865049581464135],[-77.0377374768678,38.865042644787756],[-77.03773770660426,38.86504129345114],[-77.03773782111517,38.865039942151775],[-77.03773793562608,38.865038590852386],[-77.03773805013707,38.86503723955302],[-77.03773827987342,38.865035888216376],[-77.03773862488292,38.86503462692668],[-77.03773896998766,38.86503354580523],[-77.03773943031784,38.86503246464653],[-77.03773989064803,38.865031383487846],[-77.03774030505473,38.865030617638574],[-77.03774420434162,38.86497407956026],[-77.03774400755798,38.864972377033276],[-77.03774331401421,38.864968233386165],[-77.03774300171473,38.864965981383136],[-77.0377402979288,38.864951775985226],[-77.03773728885155,38.86492677860354],[-77.0377352942873,38.86490278082803],[-77.0377356698769,38.86489397948419],[-77.0377356683193,38.864891033732675],[-77.03773578059123,38.86488544847845],[-77.03773600804084,38.86487977310284],[-77.03773612031274,38.86487418784862],[-77.03773629098322,38.86487008896417],[-77.037736295999,38.864857783466206],[-77.03773728682079,38.86483577558547],[-77.0377384663657,38.86482201935285],[-77.03773851203177,38.86482121758906],[-77.0377390841558,38.86481365033457],[-77.0377401153699,38.86480265973358],[-77.037741294847,38.864788777383005],[-77.03774305353127,38.86478072329045],[-77.03774436297569,38.864772930587165],[-77.03774792666117,38.86475725479087],[-77.03775218174263,38.864741668855096],[-77.03775689776982,38.86472617285414],[-77.03775910616655,38.86471875821339],[-77.03776529257917,38.86469477580842],[-77.03777128530815,38.86467495535401],[-77.03777529890807,38.864660315378984],[-77.03777782918174,38.86465148631229],[-77.0377832368801,38.86463662067545],[-77.03778999311656,38.8646225293256],[-77.03779029230512,38.86462178153025],[-77.03779829142526,38.864604780059125],[-77.03780521852677,38.86458697718551],[-77.03780528755668,38.86458677897797],[-77.037805805524,38.86458575185079],[-77.03781408095136,38.86456832689345],[-77.03782305950305,38.8645513881622],[-77.03782590174258,38.86454419852505],[-77.03783428867887,38.86451978299876],[-77.03783823573023,38.8645100616382],[-77.0378404334491,38.864504268514075],[-77.03784224033544,38.86450023215786],[-77.03784729209312,38.86448778088865],[-77.03786228834959,38.864454778196446],[-77.03787428822513,38.86442077653987],[-77.0378771303969,38.86441347880032],[-77.0378808231585,38.86440228014028],[-77.03788458427418,38.864389613086004],[-77.03788629748836,38.864382775141785],[-77.03789229112843,38.86436478338841],[-77.03789928721261,38.86434678230088],[-77.03790828872758,38.86432978049606],[-77.03791728917572,38.86431077882231],[-77.03792570264085,38.86429302950841],[-77.03792627807277,38.864291732109436],[-77.03793686955873,38.86427452259219],[-77.0379472443457,38.864261511066644],[-77.03794929388523,38.864258780850164],[-77.03795106733207,38.864256888506205],[-77.0379638149702,38.86424244386958],[-77.03797797944331,38.864227215038376],[-77.03799038300471,38.86421578833041],[-77.03799329657366,38.86421277857107],[-77.03800176204119,38.86420619066321],[-77.03801091839124,38.864198737721786],[-77.03802830969607,38.86418458884388],[-77.03803133885114,38.86418226368563],[-77.03804529789228,38.86417078241454],[-77.03807133765085,38.86414752320205],[-77.03807345658596,38.86414529743207],[-77.03808312857811,38.864132502325354],[-77.03809579667903,38.8641202467453],[-77.03809606158362,38.864120039465305],[-77.03809629189209,38.86411977814605],[-77.03811228956666,38.86410678278758],[-77.03813229755801,38.864094777043086],[-77.03813255098329,38.86409465084247],[-77.03817229262484,38.864074783304645],[-77.03819229014503,38.86406477742187],[-77.03821228766435,38.86405478054405],[-77.03821748300237,38.8640524276467],[-77.03823390974782,38.864044620979314],[-77.03825406899887,38.86403542579048],[-77.03827595771347,38.86402830196723],[-77.0382996912619,38.864023519723204],[-77.03832342572619,38.86402044907337],[-77.03834796786859,38.86401945008944],[-77.03836577018184,38.864019876645116],[-77.03837029842487,38.864019776064495],[-77.03841307842222,38.86401491546929],[-77.03841421899737,38.86401465384991],[-77.03843530189923,38.86400897160864],[-77.03845707686867,38.86400464039819],[-77.03847666360336,38.86400220167252],[-77.038494465641,38.864002123737315],[-77.03849929333337,38.864001779825664],[-77.03851056309065,38.8640033886158],[-77.03852091080516,38.86400452927134],[-77.03854107667281,38.86400767556253],[-77.03854248246162,38.8640077831995],[-77.03857840924887,38.86400778034273],[-77.03858324839057,38.86400730129761],[-77.03859206123843,38.86400401932108],[-77.03861052733431,38.86399610382558],[-77.03861815320886,38.86399251595339],[-77.03863808233828,38.863984041447715],[-77.03865662970509,38.86397727899538],[-77.0386786343178,38.863971506320766],[-77.03869983187222,38.86396483306775],[-77.03870394479289,38.86396378672799],[-77.03872229722099,38.86395878097125],[-77.03874828952675,38.86395478161915],[-77.03875778331545,38.863953589356996],[-77.03877183956162,38.86395165688886],[-77.03878632225717,38.863949949487754],[-77.03879529754767,38.86394877541161],[-77.03881829457333,38.86394577697347],[-77.03883081850292,38.86394414228544],[-77.03884166013152,38.86394244509677],[-77.03884878014216,38.86394094733066],[-77.03888629199079,38.86393178229114],[-77.03889008260454,38.86393133060776],[-77.03890721465683,38.863928189970814],[-77.03892853005419,38.86392638118242],[-77.03895145858186,38.863924571852024],[-77.038962957791,38.86392436082162],[-77.03897128814756,38.86392378150273],[-77.03898551783271,38.863922975003106],[-77.03899685532967,38.86392203434154],[-77.03901966863049,38.86392022503623],[-77.03904213685063,38.863919496851935],[-77.03905362455609,38.86391932185013],[-77.03906728978646,38.86391877677346],[-77.03908046015674,38.86391933088777],[-77.03909099168337,38.86391948050537],[-77.0391159941318,38.86391749027992],[-77.03914168792073,38.86391549981738],[-77.03916435155854,38.86391393376123],[-77.03916628723186,38.86391377996881],[-77.03916793486583,38.86391366230668],[-77.0391783275596,38.863912785003365],[-77.03919480379962,38.86391142821092],[-77.03922176499483,38.863909347221075],[-77.03924320706508,38.86390743023169],[-77.03924929051675,38.86390677958078],[-77.03927228806005,38.86390478098737],[-77.03929628804764,38.86390278205207],[-77.03932229292512,38.86390078243666],[-77.03932822654996,38.863900068773155],[-77.03934758280872,38.86389768402942],[-77.03937223942239,38.8638954236131],[-77.03938403825185,38.86389529351597],[-77.03939629776181,38.86389477590021],[-77.03940809714824,38.86389565474324],[-77.03942282309052,38.863896307386476],[-77.03943004796024,38.863896935536054],[-77.03946314060381,38.863897681062795],[-77.03946695443612,38.86389755365585],[-77.03947185106163,38.863896867360836],[-77.0395036492668,38.86389050567223],[-77.0395068174724,38.86388970285109],[-77.03952974392783,38.86388419995658],[-77.03955151969143,38.86388149005682],[-77.03956661343874,38.863880503025335],[-77.03957528937606,38.86387977941155],[-77.03958103896365,38.86387965134471],[-77.0395988750917,38.86387877148037],[-77.03961375055796,38.86387894660271],[-77.03962129761351,38.86387878189037],[-77.03964629017199,38.863879782349365],[-77.03968828751007,38.86387677728658],[-77.03974486332629,38.86385792144033],[-77.0397452895732,38.863857777160554],[-77.03977528877817,38.86384877654391],[-77.0397948503861,38.86384276126371],[-77.03981429678733,38.8638367820532],[-77.03982114010994,38.86383506812009],[-77.03983367448365,38.863831577586815],[-77.03985418150323,38.863826615959034],[-77.03987365160923,38.86382183485005],[-77.03988218864387,38.86381999421708],[-77.03989129006176,38.863817775037106],[-77.03993129119435,38.863809779905424],[-77.0399433996952,38.86380711828042],[-77.03995164864237,38.86380523269883],[-77.03995754740355,38.863804014543874],[-77.03997229419704,38.863800775474246],[-77.04002455397028,38.86379078525282],[-77.04004024548921,38.86378736568238],[-77.04006455490592,38.863782492797725],[-77.0400887496019,38.86377852078914],[-77.04009451024727,38.86377758193566],[-77.04011429197891,38.86377378259707],[-77.04012763365124,38.86377164301753],[-77.04013898185119,38.86376931494499],[-77.04015141272477,38.86376622979195],[-77.04016964958957,38.86376089053577],[-77.04018010991709,38.86375740968719],[-77.04019469335367,38.863750576286925],[-77.04021629165763,38.86373977676497],[-77.04022206346515,38.86373820731209],[-77.04023793850266,38.86373333729653],[-77.0402634003243,38.86372882430996],[-77.04028771001096,38.863724491883794],[-77.04030971538054,38.863720430500585],[-77.04033321880365,38.86371663884834],[-77.04034242443505,38.86371537448946],[-77.04035929166368,38.863712774235886],[-77.04038829112197,38.863708782487414],[-77.04041829244834,38.863703781442126],[-77.04043852492714,38.86370247722427],[-77.04044900972764,38.8637015547338],[-77.04047885149184,38.86369965262399],[-77.0404874470585,38.86369948749211],[-77.04050728811293,38.86369877795369],[-77.04053529833558,38.86369777730664],[-77.04056329646674,38.86369577672268],[-77.04058553366716,38.86369419252189],[-77.04059153650374,38.863693667946904],[-77.04059635259163,38.863693233868396],[-77.04061929215521,38.86369077560047],[-77.04064829215444,38.863687774713156],[-77.04067702715808,38.863684809944694],[-77.04067709628696,38.863684800912154],[-77.04070629100983,38.86367978205702],[-77.04070641774516,38.86367976399598],[-77.04073544011752,38.86367560099337],[-77.04076366755409,38.86367162743778],[-77.04078970564267,38.86366747447192],[-77.04081194342164,38.8636669261959],[-77.04083038073989,38.86366971235937],[-77.0408311873697,38.863669829186705],[-77.0408643151499,38.8636717273816],[-77.04086540974507,38.86367168195638],[-77.04086737979463,38.863671212829104],[-77.04089828936851,38.863662779135225],[-77.04089880783185,38.863662706886316],[-77.0409169072088,38.863658871967246],[-77.04093113690698,38.863658218373565],[-77.0409342937706,38.86365777585437],[-77.04093490466556,38.86365814498536],[-77.04094640627068,38.86366219474048],[-77.04095332256026,38.86366723702881],[-77.04095493635788,38.8636684075571],[-77.0409765309597,38.86367147185097],[-77.04097605343033,38.86368263344846],[-77.04097629548204,38.86368277749817],[-77.04099629871972,38.863743775482604],[-77.04103329695657,38.86374378050266],[-77.0410544404515,38.86374378207855],[-77.04106882006455,38.86374331759216],[-77.0410842139077,38.86374331217647],[-77.04110128970602,38.86374277466998],[-77.0411372970213,38.86374278000593],[-77.04115736932296,38.863743448563525],[-77.04116699053726,38.86374355327264],[-77.04118243031898,38.863743286583684],[-77.04119829628675,38.86374277651498],[-77.0412185644895,38.86374348102657],[-77.04122748281013,38.86374353192835],[-77.04122787455921,38.86374351377318],[-77.04128895005088,38.86371593544069],[-77.04128911116035,38.8637155840554],[-77.04129267787141,38.86370657437609],[-77.04129709923578,38.863701023626916],[-77.04129829626021,38.863698780107434],[-77.04129949431145,38.86369831124592],[-77.0413064964315,38.8636923361878],[-77.04131991877696,38.86369031355288],[-77.04132128962642,38.86368978157108],[-77.04132972504071,38.86369162531109],[-77.04133726136412,38.863692865804815],[-77.04135293382012,38.863696463622276],[-77.04135740452594,38.8636965341061],[-77.04138412390569,38.86369496618231],[-77.04138680842571,38.863694649936136],[-77.04139479260608,38.86369327782623],[-77.0414222932225,38.86368778194648],[-77.04142409058032,38.86368756510681],[-77.04144291620821,38.86368436043783],[-77.04146446186273,38.863682461020495],[-77.041486699327,38.86368137211097],[-77.04150916859936,38.86368262530351],[-77.04151101233428,38.863682903908966],[-77.04155029363358,38.863685781638836],[-77.0415525172803,38.86368550158652],[-77.0415700067002,38.863682963995494],[-77.04158993891006,38.863680524624364],[-77.04160523982041,38.86367924898614],[-77.04162929700534,38.86367678111305],[-77.0416451167238,38.863676027772854],[-77.04165008262059,38.863675638639535],[-77.04166077513463,38.863675283496505],[-77.04167129472432,38.86367477527111],[-77.04167699855476,38.86367525068141],[-77.04169502016835,38.86367643335832],[-77.04172106231215,38.863679306749376],[-77.04173978714769,38.863681101740546],[-77.04174929346848,38.86368178298154],[-77.04177202844987,38.86368421613121],[-77.04177694876346,38.86368469181692],[-77.04180414420176,38.86368936646041],[-77.04182984211047,38.86369467222328],[-77.04182999192709,38.863694717211686],[-77.04183029154466,38.86369478016328],[-77.04185739706242,38.86370329241259],[-77.04186545245074,38.86370546956164],[-77.04188480933321,38.863704381609175],[-77.04190158782573,38.8637077447373],[-77.04190229070917,38.863707780518695],[-77.04190434212322,38.86370852748117],[-77.04191915106604,38.863713197534246],[-77.04193551637792,38.86371931738178],[-77.04195119029963,38.86372534739124],[-77.04196456108114,38.863733630330856],[-77.04196672783125,38.86373456642755],[-77.04199529713077,38.863743780775245],[-77.04202667695473,38.86375140862282],[-77.04203209316495,38.863752613801154],[-77.04205248998767,38.86375648007636],[-77.04207150418479,38.8637604369304],[-77.04209201596962,38.86376385273637],[-77.04211448682018,38.86376771825305],[-77.04213845366289,38.86376834019504],[-77.04215003286608,38.86376706582857],[-77.04217827169717,38.863762947792274],[-77.04218592171678,38.86376156674056],[-77.0421891128725,38.86376066474575],[-77.04221861472249,38.863749051239544],[-77.04221898332005,38.86374885292107],[-77.04222877192416,38.86373975087905],[-77.04224271085933,38.86373452095441],[-77.0422597631167,38.86373316352102],[-77.04227021337391,38.86373231294686],[-77.04227629685234,38.86373177924762],[-77.04230572272435,38.86372810216313],[-77.04230815372348,38.86372774094555],[-77.0423089601908,38.863727578501816],[-77.0423382908399,38.863718775653794],[-77.04236629392157,38.86370577535731],[-77.04236869015479,38.863705080839615],[-77.04238107341382,38.863699608235656],[-77.0423975484734,38.86369644930802],[-77.0424159831842,38.86369473101306],[-77.04243614645775,38.86369337242369],[-77.04245734647226,38.86369156303295],[-77.04246958305723,38.86369134238062],[-77.04247729116301,38.863690781054686],[-77.04250729590882,38.86369177907776],[-77.04250900193259,38.86369298558468],[-77.04251645859706,38.8636958655634],[-77.0425177266437,38.86369685602762],[-77.04253144530301,38.86370874214294],[-77.04262031610378,38.86362994913689],[-77.0426521383462,38.863568076708724],[-77.04265200002472,38.86356798667507],[-77.04264208658658,38.86356087364567],[-77.04263586088068,38.863554750194844],[-77.04263424399062,38.86354844489245],[-77.04263320230125,38.86354060794895],[-77.04263531750804,38.863532409515926],[-77.04263529408676,38.86353177893522],[-77.04263611152444,38.86353069762652],[-77.04264033509656,38.86352213808674],[-77.04264848813288,38.86351418067558],[-77.04265029569666,38.863511774767595],[-77.04266146763216,38.863503915345326],[-77.04266394380635,38.863502040689525],[-77.04267764957758,38.86349239667293],[-77.04267885892322,38.8634915674564],[-77.04270068364528,38.86347479481013],[-77.04270298688058,38.86347274905677],[-77.0427046218712,38.863470784623594],[-77.04272081920026,38.86344649200219],[-77.04272117571183,38.863445356811035],[-77.04272255552843,38.863440581844394],[-77.04272796771427,38.86343508472866],[-77.04273338151737,38.86343229013763],[-77.04273361185517,38.863432109884904],[-77.04273812906659,38.86343290097236],[-77.04273829030308,38.863432774795484],[-77.04276526683138,38.86337984045919],[-77.04266014488319,38.86331502731004],[-77.04264505622892,38.86332426645115],[-77.0426072887319,38.863347774195084],[-77.04259798873579,38.863364533246994],[-77.04259726383785,38.86336621808575],[-77.04259462016601,38.86337702915246],[-77.04259070769848,38.86338558857729],[-77.04258827913151,38.863390003588194],[-77.04258029267648,38.86340678017627],[-77.04257950979006,38.86340783444677],[-77.04257424916337,38.86341631328687],[-77.04256792774899,38.863423558360196],[-77.04256629290614,38.863425775027146],[-77.04256488778357,38.86342677547385],[-77.04255732198718,38.86343406604228],[-77.04254557317405,38.863440646469485],[-77.04254241721077,38.86344256641259],[-77.04253200489467,38.86344900221676],[-77.0425243801606,38.86345407673358],[-77.04251366813283,38.86346029644323],[-77.0425024944604,38.863465255141335],[-77.04248866856723,38.863466701520395],[-77.04247069443356,38.8634677890701],[-77.04247029114798,38.86346778020835],[-77.04247010678054,38.8634677622586],[-77.04245225828232,38.86346698501715],[-77.04243811934681,38.863465170456585],[-77.04243329127053,38.86346477584094],[-77.04239329441765,38.86345978168957],[-77.04234829629739,38.86345378039568],[-77.04230829826584,38.86344677733828],[-77.04229532194137,38.86344302552919],[-77.04228954839905,38.863441550239884],[-77.04227076392016,38.86343624207524],[-77.04225646205121,38.863431670975636],[-77.04223329817036,38.863424778908204],[-77.04219729722199,38.8634157835064],[-77.04219386271842,38.863414325383815],[-77.04217903058877,38.863409340079116],[-77.042163932033,38.8634019586294],[-77.0421547806962,38.86339748474982],[-77.04213942892119,38.86339055380928],[-77.04213327446506,38.86338791656372],[-77.04212865312145,38.86338637779174],[-77.04210747137587,38.86337995342187],[-77.0421000844526,38.86337801927567],[-77.04208279779444,38.86337253037231],[-77.04206939371075,38.86336630137713],[-77.0420652908829,38.86336478043264],[-77.04203129014537,38.86334777577486],[-77.04201307958617,38.86333866580944],[-77.0419970475571,38.86333094235407],[-77.04199412021653,38.86332978132097],[-77.04196673823685,38.86332117911809],[-77.0419623591653,38.86332014472389],[-77.04194288377725,38.863315467344016],[-77.04192202540206,38.86331024995235],[-77.04190093669038,38.86330521280797],[-77.04188111537812,38.86330008512099],[-77.04186175511781,38.86329522751792],[-77.04185010408442,38.86329178147032],[-77.04184229081113,38.86328977539328],[-77.04183085797395,38.863285086103794],[-77.04182280210092,38.86328199910213],[-77.04181562187316,38.863278830710534],[-77.04180329009195,38.86327378140353],[-77.04176829913109,38.86325777695795],[-77.04172729474256,38.863243783528475],[-77.04171795931327,38.863239679025526],[-77.0417067454835,38.86323510675504],[-77.04169812441525,38.86323096596166],[-77.0416862995509,38.86322578133496],[-77.04166943679172,38.86321602222844],[-77.04166698176302,38.86321467184175],[-77.04164923223729,38.86320566975593],[-77.04163748614447,38.86319724206546],[-77.04163329060576,38.86319477525484],[-77.04160029016138,38.86317377938491],[-77.0415924863723,38.86316824198758],[-77.04158502847223,38.863163082820066],[-77.04158137433062,38.86316035457062],[-77.04156929402424,38.86315178285753],[-77.04156022144001,38.86314392173767],[-77.04155413480146,38.86313895125688],[-77.04153903306435,38.86312589442334],[-77.04153235833864,38.86312014041819],[-77.04152329757304,38.86311277475428],[-77.04150629471515,38.86309978165148],[-77.04150043881168,38.863095297540454],[-77.04148900408524,38.8630872660946],[-77.04147900970821,38.8630793512454],[-77.04147129809577,38.86307377777347],[-77.04146251337338,38.86306554719849],[-77.04145499707127,38.86305899173845],[-77.04145010905185,38.863054525298075],[-77.0414272956787,38.863035777866585],[-77.04134229486944,38.862973776021946],[-77.04132629393104,38.862959782603326],[-77.04130528772518,38.86293778246877],[-77.0413051493596,38.86293761135772],[-77.04129499157597,38.862926003098565],[-77.04128429189763,38.86291378245763],[-77.04126730986756,38.86289679858255],[-77.04126719458827,38.86289669953068],[-77.04124729748656,38.86287977974184],[-77.04122238015641,38.86286881628726],[-77.04120969229355,38.862865487651085],[-77.04119667023612,38.86286206904721],[-77.04118145859908,38.86285802062489],[-77.04116647636843,38.86285217043586],[-77.04115880003131,38.86284774099987],[-77.04114028964074,38.86283777520355],[-77.04113614013568,38.862835146207175],[-77.04112728808724,38.86282993345085],[-77.04111608420038,38.86282244239201],[-77.0411102979496,38.86281877800285],[-77.04108361230143,38.862798320267245],[-77.04108048849815,38.862796078269994],[-77.04106884575222,38.86278680369396],[-77.04106237821033,38.86278055412569],[-77.04106029167433,38.86277878020087],[-77.04103829699636,38.86276078010346],[-77.04100829268822,38.86273977400329],[-77.0409964998932,38.86273001301801],[-77.04099288031095,38.86272719465363],[-77.04097881663837,38.862715668813614],[-77.04096590601468,38.86270558391444],[-77.04095380148108,38.86269468797333],[-77.04094042940962,38.86268361230702],[-77.04092728680399,38.86267082495906],[-77.04091241525907,38.86265695720509],[-77.0409113777945,38.86265613780242],[-77.04087829580465,38.862632781549344],[-77.04087735069868,38.86263227740876],[-77.04085916373538,38.86262355461619],[-77.04084570128819,38.86261557786688],[-77.04084228969913,38.86261377737644],[-77.04080829827929,38.86259178169286],[-77.04079090489053,38.862580482204216],[-77.04078862270171,38.862579077688046],[-77.04077879117334,38.86257359499472],[-77.04076629726875,38.862566779984014],[-77.04075922036004,38.862562737674374],[-77.04074540095984,38.862555130383214],[-77.04073435942264,38.86254931479688],[-77.0407252889038,38.862544777717545],[-77.04069562175611,38.86252874406641],[-77.0406881186387,38.862524882069316],[-77.0406829552098,38.86252223539323],[-77.0406672923705,38.86251478187829],[-77.04064985390411,38.862505184975504],[-77.04064720303252,38.86250381661861],[-77.0406402993536,38.86250044987287],[-77.0406262961573,38.86249377950722],[-77.04061792892298,38.862489980865206],[-77.04060444467794,38.86248410305737],[-77.04058323877685,38.86247501192626],[-77.04057608171924,38.862471825433175],[-77.04056129538287,38.862465776912785],[-77.0405402963742,38.86245577585159],[-77.04050029341008,38.8624387818381],[-77.04049598290769,38.862436621312455],[-77.04047997445834,38.86242919491743],[-77.04046270868604,38.862419273623594],[-77.04044328795489,38.862408776534856],[-77.04040428803056,38.862392782075425],[-77.04037680290804,38.86238418854265],[-77.04037279265036,38.862383199003254],[-77.04036816051935,38.862382777209135],[-77.04033729276001,38.86238277886915],[-77.04031753377788,38.86238535309358],[-77.04031460763302,38.86238619188705],[-77.04030543787341,38.862389465109345],[-77.04029028984667,38.86239577623159],[-77.04028647669612,38.86239696665879],[-77.04028120086149,38.86239926562616],[-77.04027463462523,38.862401700164746],[-77.04026474977366,38.862403703443306],[-77.04026129374193,38.862404776637064],[-77.04023328853248,38.8624137766939],[-77.04020229037995,38.86242777744761],[-77.04017873445993,38.86243991088931],[-77.04016957737034,38.86244524702468],[-77.04016200994798,38.86244989797261],[-77.04014422681912,38.86246241678349],[-77.04014274109768,38.86246354334678],[-77.04013636100333,38.86246917580257],[-77.04012029583308,38.862483774964105],[-77.04009892035825,38.862500880287996],[-77.04009494702761,38.86250409765839],[-77.04007939699845,38.862512751080274],[-77.0400624641568,38.86252113472205],[-77.04005395221726,38.86252634450901],[-77.04002929252385,38.862542775315184],[-77.04000235354961,38.86256298142486],[-77.03999738971042,38.86256691980481],[-77.03998561930923,38.8625762655676],[-77.03998128894922,38.86257978033419],[-77.03997912371365,38.86258143862483],[-77.0399644510975,38.86259323566932],[-77.03994947885016,38.86260494273024],[-77.03993629204298,38.86261577536184],[-77.0399189160441,38.8626353295744],[-77.03991274444408,38.86264297983248],[-77.03989904072863,38.862656677313886],[-77.0398844151341,38.86267019494019],[-77.03987743693551,38.8626777734045],[-77.03986029160028,38.86269777795035],[-77.03984429029998,38.86272378171046],[-77.03983301250257,38.86274874788865],[-77.03983065373426,38.86275462218278],[-77.0398291471442,38.86275966741154],[-77.03982329636443,38.86278477587192],[-77.03982173715363,38.86279876647886],[-77.03982157780337,38.86280227981671],[-77.03982066145684,38.86281200922203],[-77.0398185964095,38.86282804491258],[-77.03981828949209,38.86283554002202],[-77.03981829049974,38.86285799801075],[-77.03981838461233,38.86286146622005],[-77.03981829415868,38.862864556138675],[-77.03981829113043,38.862879780368104],[-77.03981728833446,38.86289977940056],[-77.03981629873375,38.86292277823198],[-77.03981555837431,38.86293816486425],[-77.03981543482634,38.862943894260894],[-77.03981463917721,38.86296344280154],[-77.03981430461725,38.862983351521606],[-77.03981429320056,38.8629835407023],[-77.0398142933312,38.86298377492117],[-77.03981394967494,38.86298737840595],[-77.03981235800184,38.863005152559346],[-77.03981196943742,38.86301087303783],[-77.03981039551157,38.86303980861614],[-77.0398103046051,38.863042087777096],[-77.03981096988943,38.86305735682026],[-77.03981169732242,38.86306010414001],[-77.03981169752342,38.8630604644767],[-77.0398112150673,38.86306311311636],[-77.03981129665256,38.863064779646024],[-77.0398103430364,38.86309032784704],[-77.039810332293,38.863091724155616],[-77.03981040258215,38.86309379606799],[-77.03981129870867,38.86310977669741],[-77.03981129463422,38.86314378347967],[-77.03981129649394,38.86316777289813],[-77.039811416631,38.863176583090656],[-77.03981027350176,38.86319288871824],[-77.03980754994417,38.86320582573608],[-77.039807297545,38.86320778064898],[-77.03980680249019,38.86320850149123],[-77.03980256811452,38.86321892567519],[-77.0397946448982,38.86322627023712],[-77.03979428798958,38.86322677483024],[-77.03978563671005,38.86323024601968],[-77.03978195046221,38.86323181474059],[-77.03977940455596,38.86323273446669],[-77.03976929026976,38.863236782692205],[-77.03974029542802,38.863248782769865],[-77.03972712785412,38.8632530392245],[-77.03972331471859,38.86325435575102],[-77.0397058039926,38.86325994692673],[-77.0397048823521,38.86326019947587],[-77.03966929596531,38.86327077844709],[-77.03963329500158,38.86328178094384],[-77.03961562329009,38.86328798473312],[-77.0395962926942,38.86329477462954],[-77.03958756013625,38.86329715581321],[-77.03957401221963,38.86330125022797],[-77.03955373692511,38.86330828366482],[-77.03953265387018,38.8633131553512],[-77.03951272154298,38.86331532411878],[-77.03949198240655,38.863317042734984],[-77.03946409956183,38.86331894393063],[-77.03945222041105,38.86331950646714],[-77.03943129667174,38.863320783722415],[-77.0394199244305,38.86332121996658],[-77.03940533772958,38.86332211672392],[-77.0393827318019,38.863323511647664],[-77.0393792983096,38.86332377404988],[-77.03934628810353,38.863325776039225],[-77.03934302741028,38.863325975323214],[-77.0393130476736,38.86332818347558],[-77.0393008461544,38.863329214543],[-77.03928729682175,38.86333077755937],[-77.03927281361939,38.86333131392858],[-77.03925993218596,38.863332165052064],[-77.03922571212922,38.8633341584057],[-77.03919867006013,38.86333544668306],[-77.03919328934218,38.86333578180088],[-77.03916829807811,38.863336781113404],[-77.03915307715174,38.86333677721009],[-77.0391401032808,38.86333715991356],[-77.039121587419,38.86333794985153],[-77.03910829117089,38.863338783080415],[-77.03909406115947,38.863338778837566],[-77.03907799926952,38.86333907248386],[-77.03906885064431,38.86333918364654],[-77.03903128890302,38.86334078169094],[-77.03899142279889,38.86334255165275],[-77.03898605360173,38.863342886757195],[-77.03898126055262,38.86334328472794],[-77.03895629314371,38.86334577938455],[-77.03893942428941,38.86334533459074],[-77.03893708526793,38.86334533537078],[-77.03891807322181,38.8633448012044],[-77.03891622964336,38.86334477479367],[-77.03888142085044,38.863344777382196],[-77.0388732516272,38.86334490622019],[-77.03886455243834,38.86334514333506],[-77.03884929729146,38.86334577900128],[-77.0388062961566,38.863345775284586],[-77.03877038173873,38.86334672409137],[-77.03876874563453,38.86334683273569],[-77.0387536530702,38.8633498105242],[-77.03874959761119,38.863350514526864],[-77.03873829548728,38.86335277939029],[-77.03870329352316,38.863357781662],[-77.03867429357626,38.86336078206636],[-77.03864129539215,38.86336377477842],[-77.03863842628681,38.86336366762692],[-77.03863071825441,38.863364354817264],[-77.03861754748308,38.863362863776835],[-77.03861528906816,38.863362774439594],[-77.03858629577222,38.86335677540995],[-77.0385572952806,38.86335877585105],[-77.0385222927611,38.863362778134196],[-77.03849187606501,38.86336670682777],[-77.03849128846767,38.86336677908883],[-77.0384909543508,38.86336683324948],[-77.03847563151932,38.8633701714147],[-77.03845996224132,38.86337206834511],[-77.03844768005122,38.863373108358324],[-77.03842229790826,38.86337578320565],[-77.03838229416108,38.86337877814969],[-77.03837288099197,38.86337977216977],[-77.03836133633646,38.863381019125164],[-77.03835918177194,38.86338120900983],[-77.03834429582922,38.86338278136427],[-77.03833697917678,38.86338277475852],[-77.03832665538843,38.863383102450896],[-77.03831372721656,38.86338278239093],[-77.0383092911341,38.86338277483812],[-77.0383064680499,38.86338254154552],[-77.03829174220438,38.86338185272772],[-77.03827365135606,38.863380237144106],[-77.03825486902699,38.86337835153173],[-77.0382382986095,38.86337578055213],[-77.03823804510009,38.86337574460149],[-77.038236293511,38.863375366821536],[-77.0382092938176,38.863369781432674],[-77.03820640120517,38.8633688094701],[-77.03819667491322,38.863366029051136],[-77.03818538082135,38.86336180779722],[-77.03818528862867,38.86336178080213],[-77.03818490826342,38.86336153769919],[-77.03817558399048,38.86335639694143],[-77.03816659333974,38.863350274156254],[-77.0381580638223,38.86334460164059],[-77.03815330258062,38.86333984675163],[-77.03814929118764,38.86333677619171],[-77.03813422201833,38.86331889039552],[-77.03813350727664,38.8633182149976],[-77.03813046461306,38.8633167476191],[-77.03811394999269,38.86331074439619],[-77.0381109192033,38.863309934627864],[-77.03809789716513,38.86330642559451],[-77.03808418278277,38.86330102501766],[-77.03807219520449,38.86329274118224],[-77.03806389455643,38.86328408679848],[-77.03806229226507,38.86328278110018],[-77.03804519654614,38.863267400293296],[-77.03804256833739,38.86326527516289],[-77.03803276995117,38.863256900525876],[-77.03802660181776,38.86324991200218],[-77.03802329325943,38.86324677815008],[-77.03802151700806,38.86324335552946],[-77.03801570520305,38.863234745373795],[-77.0380099373583,38.86322213546568],[-77.03800543638756,38.86320844413468],[-77.03800300956732,38.863195022380886],[-77.03800127398692,38.86318142023374],[-77.0380002290703,38.863166556683055],[-77.03800068132612,38.86315034138231],[-77.03800210340708,38.863137801200665],[-77.0380022976734,38.86313477430877],[-77.03800528953573,38.863105775235084],[-77.03800614110075,38.86308210984182],[-77.03800605796974,38.86307746152481],[-77.03800566346513,38.86307229982926],[-77.03800229477714,38.86304278033734],[-77.03799829317563,38.86301477446554],[-77.03799328968164,38.86298777786242],[-77.03798429737748,38.862956782818685],[-77.03797917989793,38.86293209240703],[-77.03797820981784,38.86292793083301],[-77.03797566745472,38.86291387852629],[-77.03797464927786,38.8629059424403],[-77.03797329683758,38.862897781252535],[-77.0379693041705,38.86286487479615],[-77.03796929259563,38.8628647757073],[-77.03796928101112,38.86286465860162],[-77.03796722198024,38.86284947107659],[-77.03796689516557,38.86284158881614],[-77.03796629292054,38.86283577858165],[-77.03796629125442,38.86281098741267],[-77.03796616154877,38.86280542025177],[-77.0379659759334,38.86280305109791],[-77.0379622947094,38.86277077512885],[-77.03795429441666,38.8627417796282],[-77.03795238920962,38.862734168133215],[-77.03794987325593,38.86272642171044],[-77.03794606198188,38.86270957720508],[-77.03794465300098,38.86270341590418],[-77.03793729815585,38.86267478052904],[-77.03793028825362,38.862644775761524],[-77.03792229685355,38.8626107805824],[-77.03791859602747,38.86258492762042],[-77.03791695518221,38.86257608188536],[-77.03791325967184,38.86256022826704],[-77.03791137501557,38.862547905361055],[-77.03791028921113,38.86254277992289],[-77.0379095246536,38.862535068963986],[-77.03790782445341,38.86252293517479],[-77.03790595033078,38.86250874752237],[-77.03790529145897,38.86250477502322],[-77.03790415749073,38.862495739946475],[-77.03790308186062,38.86248807413054],[-77.03790088437866,38.862472490277874],[-77.0378993458835,38.86246109512634],[-77.03789829401627,38.86245478056558],[-77.03789528764358,38.8624347828496],[-77.03789291457812,38.86241401020383],[-77.03789116723814,38.862399885568706],[-77.03788896947457,38.862383761210495],[-77.03788688688529,38.86236754673059],[-77.03788514890832,38.862349350286465],[-77.03788472070607,38.86234580110796],[-77.03788029127001,38.86231477754702],[-77.03787917984532,38.862304787569904],[-77.03787797751585,38.86229719386197],[-77.03787580322805,38.86228187124499],[-77.0378752946158,38.86227878152194],[-77.03787228878289,38.86225977473084],[-77.0378700546212,38.86224018214197],[-77.03786791461641,38.86222431900836],[-77.0378657168156,38.86220810456504],[-77.03786305803682,38.86219171010274],[-77.037859822247,38.86217360422763],[-77.03785841216592,38.862165334955165],[-77.03785628703281,38.86215577771043],[-77.03785082161826,38.86212661021785],[-77.03785011718068,38.8621236106423],[-77.03784596106449,38.86210820759098],[-77.03784203448393,38.86209109286527],[-77.03783730131278,38.862073888316566],[-77.03783429669241,38.86205713362849],[-77.0378340076666,38.86205529600437],[-77.03782828859728,38.86202577726405],[-77.03782668192207,38.862016138774806],[-77.03782493765577,38.86200777051742],[-77.03782020377814,38.8619892147049],[-77.03781593135787,38.861971739753194],[-77.03781346915187,38.861956624421126],[-77.03781329587248,38.861955777685736],[-77.03780632179009,38.861927907891264],[-77.03780507538595,38.861924088724535],[-77.0377995356919,38.86190688443498],[-77.03779422663206,38.861890040407246],[-77.03778914815857,38.861873466557256],[-77.03778775119721,38.86186818807489],[-77.03778428854402,38.86185677552667],[-77.03777928997597,38.8618387783198],[-77.03777502978329,38.86182260057473],[-77.03777414090408,38.86181942088983],[-77.03776802464769,38.86180131594292],[-77.03776202399582,38.861783931631926],[-77.03776025817629,38.861778355990616],[-77.03775628847725,38.86176678145378],[-77.03775028750245,38.86174877556111],[-77.03774429752858,38.861729778738294],[-77.03773541101332,38.861702233859916],[-77.03773409564683,38.8616987210009],[-77.03773385342748,38.86169823462449],[-77.0377178850254,38.86167852035095],[-77.03771691690568,38.861678007183706],[-77.0377090814667,38.8616771088726],[-77.03770020866682,38.86167549022223],[-77.03769144966019,38.861671169008176],[-77.03768430278359,38.861665045588964],[-77.03768095716993,38.86165702917415],[-77.03768118290135,38.86164811076464],[-77.03768129794534,38.86164777741592],[-77.03768132095601,38.86164771434952],[-77.03768394371004,38.861639641957886],[-77.03768670489872,38.86163189382465],[-77.0376898122224,38.86162504642166],[-77.03769066437437,38.86162414530449],[-77.03770028811634,38.86160777389644],[-77.0376974436947,38.861588821097115],[-77.03769705123804,38.8615874789691],[-77.03769174531861,38.861576490408474],[-77.03768517069796,38.86156306998343],[-77.0376789413112,38.86154883868867],[-77.03767409470741,38.86153487720003],[-77.03767328678973,38.86153226501858],[-77.03766844003599,38.86151801526024],[-77.03766545138403,38.8615095663254],[-77.03766094006373,38.86149776674903],[-77.03765729438062,38.861488786529016],[-77.03764928863112,38.861470781277006],[-77.0376475113204,38.86146523266265],[-77.03764409621783,38.861456513612076],[-77.03764163699275,38.861446947461644],[-77.03764028672289,38.86144277699796],[-77.03763926828599,38.861434237342976],[-77.0376386671152,38.861430390940896],[-77.03763727797104,38.86141804985157],[-77.03763713847712,38.861415716715435],[-77.03763529386335,38.861391781934735],[-77.03763529350232,38.86139109729482],[-77.03763472261792,38.86137913429531],[-77.03763529469694,38.86137151298649],[-77.03763529325283,38.861368774426865],[-77.03763328730034,38.86134477663895],[-77.03762229686626,38.861325781420305],[-77.03760629175297,38.86130177913354],[-77.03758728831309,38.861272778135934],[-77.03756629422557,38.86124877744953],[-77.03755134353099,38.86123596327525],[-77.0375448884335,38.86123061434882],[-77.03754177624191,38.86122820109263],[-77.03751669484377,38.86120980494955],[-77.03751503507524,38.86120864339648],[-77.03750039654577,38.86119783799331],[-77.0374881785241,38.86118874341122],[-77.03748804021846,38.861188662379824],[-77.03746229399532,38.86117677952727],[-77.03743694177071,38.86116917554295],[-77.03743217105225,38.86116795192723],[-77.03742455376745,38.861165486061644],[-77.03741494298771,38.861162633472276],[-77.03740509038053,38.86116003319538],[-77.03739731227213,38.861158486238516],[-77.0373742895312,38.861154782140986],[-77.03733829452067,38.8611537757063],[-77.03731230184196,38.86115526139716],[-77.03730323448168,38.86115601199358],[-77.03728215030894,38.86115782041252],[-77.03728008797452,38.861157992231064],[-77.03726129665345,38.86115978189724],[-77.0372232873919,38.861162775809134],[-77.03718329479845,38.86116277954431],[-77.03714322254078,38.8611646840681],[-77.03714128690487,38.86116477476812],[-77.03714101038817,38.86116479287293],[-77.03710029294274,38.86116677866299],[-77.03709661744966,38.861166779830896],[-77.03707983015916,38.861167073433116],[-77.03705886026117,38.86116708009111],[-77.0370360467622,38.86116690716173],[-77.03701542210133,38.86116610294446],[-77.03699594935303,38.86116475785323],[-77.03697659154463,38.86116287221707],[-77.0369586158126,38.861159914138035],[-77.03693929192423,38.86115677631434],[-77.03692364390737,38.861154367007124],[-77.03691909240412,38.8611537018233],[-77.03690019501175,38.86115091518668],[-77.03688325588155,38.86114722708624],[-77.03687339168094,38.861144446599724],[-77.03686629331843,38.86114278228334],[-77.03686018537586,38.86114021681166],[-77.03685029770531,38.8611366075558],[-77.03683508538073,38.86113003620843],[-77.03682033444677,38.861124455639946],[-77.03680696614488,38.86111887463366],[-77.03679544046872,38.86111158144508],[-77.03679440298563,38.86111059084564],[-77.03678988433403,38.86110659253037],[-77.03678729097045,38.861104782654756],[-77.03678695616175,38.86110347653911],[-77.03678368036378,38.86109654108652],[-77.03678229378824,38.86108888436487],[-77.03678136859999,38.86108221842428],[-77.03678136853499,38.86108209230641],[-77.03678128771914,38.861081777037086],[-77.0367813682193,38.861081479733826],[-77.0367813644681,38.86107420093021],[-77.03678366629585,38.86106924557307],[-77.03678377919351,38.861064741326615],[-77.03678711785297,38.861059515390096],[-77.03679564095066,38.86105347706168],[-77.03680600794156,38.861048194858824],[-77.03680828854888,38.861046779817634],[-77.0368322929739,38.86103278216828],[-77.03684629534483,38.86101677879292],[-77.03684529258858,38.860993780608375],[-77.03684400790567,38.86098263759593],[-77.03684376507167,38.860980944089285],[-77.03684191496559,38.86096815271399],[-77.03683866133815,38.860959523672435],[-77.03683129020915,38.86094277934162],[-77.03681728716025,38.86091277670468],[-77.03679729326306,38.86088377588904],[-77.03678372235296,38.86086503363914],[-77.03677595149965,38.86085511781445],[-77.03676869968494,38.86084627382798],[-77.036751291618,38.86082677607514],[-77.03672892850534,38.86080600969103],[-77.03672315337715,38.860800813648105],[-77.03671884227235,38.86079706750041],[-77.03669328735495,38.86077577962465],[-77.03668464166849,38.86076743153412],[-77.0366796964166,38.860762811767266],[-77.03666494112792,38.86074858309487],[-77.0366492645133,38.86073516546774],[-77.03663381963632,38.86072427012407],[-77.03661895108756,38.860713825018635],[-77.0366142711511,38.86070979972162],[-77.03659029595273,38.860690781450025],[-77.03656577956359,38.86067239393252],[-77.03655809177705,38.86066709037925],[-77.03655054199072,38.86066127330218],[-77.03652729399234,38.86064477714815],[-77.03651965204999,38.86063898712316],[-77.03651175678519,38.860633503463255],[-77.03649780978957,38.86062260763296],[-77.03649657644658,38.86062161709202],[-77.03646728932635,38.86060178068889],[-77.0364589447597,38.86059637824152],[-77.03644974759291,38.860591003085005],[-77.03643459108531,38.86058062110474],[-77.03643328868657,38.860579774719454],[-77.03640229424826,38.86055577694145],[-77.03637028642036,38.86053277940569],[-77.03636883410184,38.86053166281372],[-77.03635523330726,38.86052175778481],[-77.0363400184072,38.860509781319564],[-77.03632342057365,38.86049717469296],[-77.03630739883656,38.86048456788486],[-77.03629622939502,38.860475121522434],[-77.0362932901424,38.86047278024632],[-77.03626328718104,38.86044978205768],[-77.03623788251767,38.86042890842183],[-77.03623489714049,38.86042648608272],[-77.03623245348017,38.860424441929155],[-77.03620729089778,38.86040377540524],[-77.0362069566605,38.860403568315135],[-77.03618787042737,38.860391475920856],[-77.03617715195078,38.86038515532985],[-77.03616182243954,38.86037425988736],[-77.03614718360178,38.860362103049795],[-77.03613208394295,38.86035003643723],[-77.03611652350884,38.8603381501337],[-77.03610613800264,38.860329505260005],[-77.03608929773004,38.860315781630355],[-77.03606329396887,38.86029478202338],[-77.03605324228391,38.8602854974438],[-77.03605036059676,38.860283039034194],[-77.03604636057388,38.860279148630546],[-77.03603728870839,38.86027078260621],[-77.0360122963677,38.860244773992335],[-77.03598629215098,38.860222774433176],[-77.03598524313854,38.86022172077103],[-77.03597531825889,38.86021252622978],[-77.03596482809351,38.860201899522544],[-77.03595445278576,38.86019055210511],[-77.03594708638103,38.860182617952745],[-77.03594629095744,38.860181780414294],[-77.03594518439634,38.86018084387899],[-77.03593923707095,38.860176683818416],[-77.03592849380482,38.86016678686805],[-77.0359272950338,38.86016577829357],[-77.03592219984938,38.8601606810939],[-77.03591249375471,38.86015119821037],[-77.03589716161555,38.86013489767966],[-77.03589257343799,38.860129890407016],[-77.03586928737386,38.86010578201471],[-77.03584183152522,38.860083809894135],[-77.03583895001636,38.8600816757824],[-77.03582361926541,38.860068077768446],[-77.03580998218472,38.860054416173945],[-77.03580929055933,38.86005377678804],[-77.03580107169348,38.860046077106716],[-77.03579353296438,38.86003907987328],[-77.03578623669931,38.86003309150849],[-77.03577415703118,38.86002334809652],[-77.03576183554074,38.860013866001644],[-77.03574627474538,38.860000988721666],[-77.03574164072565,38.85999643187819],[-77.03573128937462,38.85998677801681],[-77.03572139964865,38.85997862841999],[-77.03571411508875,38.85997298236712],[-77.03570322316101,38.85996520242067],[-77.03569529349984,38.85995978177446],[-77.03569019866656,38.85995532416248],[-77.03567919087388,38.859946238027774],[-77.03566902511527,38.85993904340374],[-77.03565819113922,38.85993193005865],[-77.03564703477774,38.85992525822374],[-77.03563594661746,38.85991672162329],[-77.03561629512555,38.85990278258037],[-77.03560700552877,38.85989658761858],[-77.03559908756604,38.859891491265465],[-77.03558283655683,38.85988068611132],[-77.03557661285976,38.85987673331008],[-77.03555028931432,38.85986077840203],[-77.03551826182209,38.85984339288409],[-77.03551576103759,38.85984224056664],[-77.03549628495998,38.85983341823459],[-77.0354835271074,38.85982673786245],[-77.03547729239143,38.8598237759858],[-77.03546600911454,38.85981668077617],[-77.03545940520436,38.8598127100673],[-77.03545506008113,38.8598098106745],[-77.03544229004395,38.85980177903796],[-77.0354191804262,38.85978444483568],[-77.03541387860759,38.85978074398187],[-77.0354009689883,38.85977002787289],[-77.03538932564261,38.85975705927276],[-77.03538541728703,38.85975201574008],[-77.03537628653312,38.85974077599439],[-77.03536622211013,38.85972869874739],[-77.03536142636005,38.85972319605309],[-77.03534713147964,38.85970707530339],[-77.0353463706156,38.859706201716634],[-77.03533428924321,38.85969278282227],[-77.03532560845251,38.85968275907351],[-77.03532153906947,38.85967825609284],[-77.03531000923181,38.85966177416493],[-77.03529813267988,38.85964313031894],[-77.0352953537597,38.859638690006115],[-77.03527529224657,38.85961077896372],[-77.03525229317364,38.8595837786556],[-77.03523928882994,38.85956777461214],[-77.03523362712133,38.859558515661064],[-77.03522791956318,38.85954973417001],[-77.03522540592039,38.85954584328929],[-77.03520629014741,38.85951977867623],[-77.03520605958539,38.85951951750146],[-77.03519460077352,38.85950677403627],[-77.03518180423292,38.85949155365649],[-77.03517688155284,38.859485600571475],[-77.03516829308022,38.85947577496821],[-77.03515963463703,38.8594642377848],[-77.03515609528591,38.859459761663835],[-77.03515357048798,38.85945660046722],[-77.03513228930848,38.859431779656155],[-77.03511829415842,38.85941577589699],[-77.03511134297588,38.859408391079874],[-77.03510214407426,38.85939897103428],[-77.03508987923313,38.85938713765179],[-77.0350862943529,38.85938377858694],[-77.03508610986945,38.85938349938124],[-77.03508589086104,38.85938330126173],[-77.0350734406344,38.85936934194507],[-77.0350685381734,38.85935760544091],[-77.03506729293882,38.85935577710482],[-77.03506485657728,38.859344994752746],[-77.03506386387171,38.85934123853797],[-77.0350627435167,38.859335626626105],[-77.03506029560391,38.85932478121839],[-77.03505729113618,38.85930677428036],[-77.0350560400312,38.8592929917668],[-77.03505554272553,38.859289172344155],[-77.03505415238844,38.859273408018964],[-77.03505368866553,38.859267588716065],[-77.03505129150716,38.859242780234936],[-77.03505029082729,38.8592227818331],[-77.03504429294196,38.85918577702575],[-77.03503342669856,38.85915951172098],[-77.03503208884013,38.85915675554453],[-77.03502493678492,38.85913910117818],[-77.03501893622938,38.85912009520229],[-77.03501316655077,38.859101989999274],[-77.03500947455188,38.85909161340121],[-77.03500273712677,38.85907363460574],[-77.0350011681945,38.85906956326814],[-77.03499390093981,38.859051908934205],[-77.03498594226163,38.85903398455422],[-77.03498085610656,38.85902350027185],[-77.03497729264613,38.85901678105463],[-77.0349602951462,38.85898677908274],[-77.03495478243991,38.858975763429825],[-77.03495088463832,38.85896859389058],[-77.03494211898558,38.858949678822235],[-77.03493662791696,38.858935780465934],[-77.03493528994748,38.858932781060794],[-77.0349182924852,38.85890277908239],[-77.03491497041647,38.85889488869569],[-77.03490994165597,38.85888392694632],[-77.03490290359615,38.85886366009439],[-77.03489903952048,38.858854751917185],[-77.0348952911192,38.858846780581466],[-77.03488093482189,38.85882229096389],[-77.0348783404187,38.85881808480449],[-77.03487589549219,38.85881325701903],[-77.03486928754852,38.85880077331562],[-77.03486471980402,38.858790099696066],[-77.03485988707433,38.85877944417223],[-77.03485089161009,38.858761700260324],[-77.03484812317832,38.85875501683524],[-77.03483628976555,38.85872977875943],[-77.03482942649904,38.85871347555753],[-77.03482839995793,38.85871116970689],[-77.03481894281423,38.858691714329254],[-77.03480833444632,38.85867415106332],[-77.03480688153107,38.85867168318798],[-77.03479829121777,38.85865777674008],[-77.03479499264276,38.858650760159875],[-77.03478999915856,38.858641185691916],[-77.03478280086105,38.8586229818091],[-77.03478229332627,38.85862177483131],[-77.03478044752715,38.858616937856766],[-77.03477407963011,38.8586004723521],[-77.03477214234898,38.85859704972742],[-77.03476112999503,38.858577928119665],[-77.0347549379158,38.858567597299185],[-77.03474802993959,38.85855405068355],[-77.03474628860107,38.85855078114339],[-77.03474454696011,38.85854689002192],[-77.0347371770889,38.85853120854622],[-77.03473312897975,38.85852285894017],[-77.03472729371177,38.85851178031266],[-77.03470929309515,38.85847977872968],[-77.03470325028123,38.85846835784245],[-77.03470004454002,38.85846266547035],[-77.03469603055247,38.85845338798493],[-77.03469028672346,38.85844077789594],[-77.034680288367,38.85842178209672],[-77.03467089042351,38.85840544360387],[-77.0346702908385,38.85840447988038],[-77.03466972577856,38.85840343507077],[-77.03466129646173,38.858388780865084],[-77.03465742124843,38.8583805483144],[-77.03465299296609,38.858372234851984],[-77.03464765282688,38.858360498458154],[-77.03464429681733,38.85835377916847],[-77.03463528932684,38.85833477406269],[-77.03461628691839,38.858303781705345],[-77.03460729193293,38.85828677646407],[-77.03460065745227,38.858266887826204],[-77.03460017287864,38.85826550067222],[-77.03460002283337,38.85826495120272],[-77.03458828798276,38.85822877684147],[-77.03457028798407,38.85819777517069],[-77.03455729411922,38.858178780247194],[-77.03455015669205,38.85816709843108],[-77.03454620180845,38.85816083874532],[-77.03453524955643,38.858146608672506],[-77.03452602456478,38.85813039623403],[-77.03451622241687,38.85811193185894],[-77.03450434528497,38.85809112590544],[-77.03449991812695,38.85808506454299],[-77.03449129464664,38.85807377953302],[-77.03448675106654,38.85806521386198],[-77.03448220773997,38.8580571706794],[-77.03447332937172,38.858042939987925],[-77.03446507285466,38.85802806951392],[-77.0344642887764,38.85802678154043],[-77.03445529289652,38.858007776416336],[-77.03444429278315,38.85798978082654],[-77.03443229127355,38.857973776393244],[-77.03441928789357,38.85795878119772],[-77.03440529367431,38.85794377728439],[-77.03438929425552,38.85792777402464],[-77.03438359957701,38.85792132566864],[-77.03437383601991,38.85791108596288],[-77.03435931220834,38.857896856924505],[-77.034344788966,38.857883798979564],[-77.03433015051519,38.85787074106662],[-77.03431493478756,38.85785516096212],[-77.03430563271523,38.85784619130303],[-77.03429728766906,38.85783877981989],[-77.03428813528822,38.85782962093848],[-77.03428104646153,38.8578230108352],[-77.03427336902924,38.85781428392397],[-77.03426729413877,38.857807781623265],[-77.03426171457794,38.857801089999896],[-77.03425441758489,38.85779284042235],[-77.03424971390606,38.85778668003858],[-77.03424228986955,38.857777781890846],[-77.03423028844078,38.857761777436174],[-77.03421928842215,38.85774378182444],[-77.03419983835221,38.85771557313144],[-77.03419897371897,38.85771446534826],[-77.03419845500717,38.85771394301147],[-77.03418420838739,38.85770097504936],[-77.03417198953228,38.857688006492],[-77.03416437887992,38.85767431591074],[-77.03416091535824,38.85765945302009],[-77.03415825828957,38.85764449980906],[-77.03415721507348,38.857631347811164],[-77.03415715698382,38.85763033888434],[-77.03415560536305,38.85761412417001],[-77.03415513148757,38.857610989376084],[-77.03415363065166,38.85760459383211],[-77.03415282261847,38.857601378060096],[-77.03415029484883,38.85759177581651],[-77.03414970585082,38.85758883023321],[-77.03414589587712,38.85757225584211],[-77.0341421317321,38.85755514093184],[-77.03414128906704,38.85755178103502],[-77.03413729359262,38.85753277442252],[-77.03413229433419,38.85751077730552],[-77.03413045716965,38.85749975152796],[-77.03412799670389,38.85748632068255],[-77.03412577822992,38.85747297985062],[-77.03412428805521,38.85746477360915],[-77.03412232585971,38.85745730619662],[-77.0341192213313,38.85744623574707],[-77.03411206907042,38.85742732014019],[-77.0341112845574,38.857425095287915],[-77.0341032900955,38.857403774676435],[-77.03410062378677,38.85739355089044],[-77.03409683885289,38.857381111357974],[-77.03409302700932,38.857360573257196],[-77.03409097049378,38.857348592649515],[-77.03408929569225,38.857339773888285],[-77.03408727630173,38.857333153283896],[-77.03408194573389,38.857316975704805],[-77.0340721421353,38.857294998003745],[-77.03406388476077,38.857277974485704],[-77.03406229329599,38.85727477695832],[-77.03405229431574,38.857253781231066],[-77.03404343516254,38.85723113662827],[-77.03404329673529,38.85723077633156],[-77.03403408070292,38.85720870837139],[-77.03403097817902,38.85720179080352],[-77.03402529245808,38.857189775218494],[-77.03401728715816,38.85716977884235],[-77.03400628632723,38.85714977432971],[-77.03399952895617,38.85713738070152],[-77.03399406349274,38.857128184688584],[-77.03398388239184,38.8571117652892],[-77.03398128820665,38.85710777531088],[-77.03397650289703,38.85709940787439],[-77.03396904257156,38.85708666312027],[-77.03395612842782,38.85706495656651],[-77.03394286835426,38.8570426195219],[-77.03393849788729,38.85703439609803],[-77.03393129110295,38.85702177738563],[-77.03392129219667,38.857000781646235],[-77.03391129281698,38.85697877696216],[-77.03389928875151,38.8569567818677],[-77.03388728611353,38.856937777569556],[-77.03387644725495,38.856919043185286],[-77.03387628583364,38.85691878198768],[-77.03386529612773,38.856897777522256],[-77.03385329256008,38.85687677334972],[-77.03384229135048,38.85685577789371],[-77.03383579840029,38.85684206894835],[-77.03383331901411,38.85683716908203],[-77.03382409268627,38.85681744329821],[-77.03382201644199,38.8568123271126],[-77.03381428843761,38.85679378099787],[-77.0338120043434,38.8567876739452],[-77.03380482980623,38.856770064545955],[-77.03379525773069,38.85675006860687],[-77.03378211370291,38.85672926294206],[-77.03377482665682,38.856717337891574],[-77.03376728632149,38.85670578225942],[-77.03376209707189,38.8566958294471],[-77.03375490184428,38.85668314766077],[-77.03374919370125,38.856672258121336],[-77.03374429318067,38.85666377359848],[-77.03373429437963,38.856642777841834],[-77.03372228947609,38.85661877384871],[-77.03371688177917,38.85660975797385],[-77.03370981396503,38.856598481462605],[-77.03369736232419,38.856579927694895],[-77.03369614014755,38.85657795520186],[-77.03368529060818,38.85656077925995],[-77.03367328620665,38.85653777519686],[-77.03366884726101,38.856530794945094],[-77.03365885124514,38.8565156186255],[-77.03364259722183,38.856496165105085],[-77.03364247040406,38.85649598497305],[-77.03364228596776,38.856495777832386],[-77.03364089101053,38.85649387745591],[-77.03362784083163,38.85647644089812],[-77.03361538800299,38.85645527467736],[-77.03360489331214,38.856433116964425],[-77.03359509061788,38.85641249048422],[-77.03359431792455,38.85641084216413],[-77.03358528835739,38.85639277385429],[-77.0335752891707,38.85637077814764],[-77.03356629185522,38.856347773208014],[-77.0335608705425,38.85633421708135],[-77.03355795247464,38.856327371514375],[-77.03354734354052,38.85630719568295],[-77.03353592648223,38.85628350679545],[-77.0335253043811,38.856259799661586],[-77.03351328996068,38.856239777373794],[-77.03350128661148,38.85621878217118],[-77.03348628683568,38.85619577894714],[-77.03347507899971,38.856175936592415],[-77.03347331488735,38.85617299134199],[-77.03346189939558,38.856152545480704],[-77.03345729789407,38.8561427816625],[-77.03345229304107,38.856132774732046],[-77.03344229346328,38.85610977907759],[-77.03343129155175,38.85608677470076],[-77.03342129339184,38.85606677885082],[-77.03341129570138,38.85604777392703],[-77.03340419175836,38.856032930068636],[-77.03340020183467,38.8560251839611],[-77.03338820906878,38.85600203572856],[-77.03337975636752,38.85598548065273],[-77.03337728865615,38.855980778958205],[-77.03336528585373,38.85596077466779],[-77.03335582055814,38.85594689538307],[-77.03335027526529,38.85593907765068],[-77.03333540285038,38.85591719141507],[-77.03333309673809,38.85591312927191],[-77.03332329619155,38.85589678177045],[-77.0333132865632,38.85587677690551],[-77.03331303287685,38.85587629953111],[-77.03331190260555,38.85587371443443],[-77.03330328753262,38.85585478117368],[-77.03329146832759,38.855833101255],[-77.03327590626853,38.85581460237763],[-77.03327259798628,38.85581087383072],[-77.03325929611637,38.855796779428886],[-77.03324428591763,38.85577577604652],[-77.03323646791584,38.85576132875152],[-77.03323094486638,38.855751736346285],[-77.03321745513632,38.85573002986999],[-77.03321729372433,38.85572977767986],[-77.03320529100895,38.85570977337219],[-77.0332045875717,38.85570836825725],[-77.03319381726264,38.85568760688968],[-77.03318113298143,38.85566364807252],[-77.0331796918011,38.85566138736631],[-77.03316728652052,38.8556427794755],[-77.03315529489032,38.855621775223526],[-77.03315072852189,38.85561307437713],[-77.03314400597024,38.85560059961059],[-77.03313293516582,38.85557772134137],[-77.03312590081727,38.85556366117855],[-77.03312229154487,38.85555677976223],[-77.03311735596864,38.85554690792327],[-77.033112293692,38.85553709917905],[-77.03310179966826,38.85551575217616],[-77.03309280254634,38.855492603061876],[-77.0330811571028,38.85547269773213],[-77.0330797391969,38.85547092347318],[-77.03306628670396,38.85545477516925],[-77.03305329327554,38.85543478013407],[-77.0330491186203,38.85542602512196],[-77.03304311072677,38.85541424379606],[-77.03303308980696,38.8553944190773],[-77.03303282460321,38.85539394170554],[-77.03302328880017,38.85537677433552],[-77.03301329177899,38.85535877831954],[-77.03300229197096,38.855339773641916],[-77.0329902889234,38.8553187783836],[-77.03298659897135,38.85531177086758],[-77.03298003811165,38.855300034736636],[-77.03296885502621,38.85528328221503],[-77.03295813374152,38.85526860150091],[-77.03295324493658,38.85526012594807],[-77.03295029355986,38.8552557757093],[-77.0329378176834,38.855233699567144],[-77.03293714898936,38.855232663786325],[-77.03293171710799,38.855220729148485],[-77.03289429427437,38.855139780934735],[-77.03288022489309,38.85510977781614],[-77.03287914118975,38.85510818362916],[-77.03287210889157,38.85509836642025],[-77.03286495980973,38.85508512604009],[-77.03285838582359,38.85506981355861],[-77.03285418740457,38.85505939198603],[-77.03285129260624,38.85505278061257],[-77.0328452934332,38.85503477444775],[-77.03284395377582,38.8550277572572],[-77.03284119372012,38.85501351570476],[-77.03283818721268,38.85498946404054],[-77.03283773105406,38.85497459124973],[-77.03283728782561,38.854962781321696],[-77.0328362961227,38.854935774325185],[-77.03283429058442,38.85490877662208],[-77.03283472316167,38.854897434886006],[-77.03283491207984,38.85488235471961],[-77.03283801062295,38.85485604922984],[-77.03284295304647,38.854830914317176],[-77.03284414641563,38.85482047320998],[-77.03284529220429,38.854806780072494],[-77.03284420326263,38.85479379022138],[-77.03284293091141,38.85478280930194],[-77.03284008755409,38.85476277535119],[-77.03283929031251,38.85475777589624],[-77.03283786914855,38.85474887596609],[-77.03283507358076,38.854732544466884],[-77.03282999332879,38.854708493384535],[-77.03282429110632,38.85468477578874],[-77.03282423339007,38.85468453257736],[-77.03281821933332,38.85465913049222],[-77.03281645334312,38.854651960277415],[-77.03281129469332,38.8546327737689],[-77.03280838541822,38.854619685335905],[-77.0328049460271,38.85460625473143],[-77.03279813638214,38.85457941151951],[-77.03279129273436,38.85455377544639],[-77.03279122350993,38.854553559263486],[-77.0327907042934,38.85455186582422],[-77.03278428901204,38.85453077888812],[-77.03277728528997,38.854507773320925],[-77.03277431828543,38.85449438762481],[-77.03277321025338,38.85448996479604],[-77.032773002357,38.85448882979203],[-77.03276729079234,38.85446977856277],[-77.03276574475001,38.854464878409935],[-77.03276086517039,38.85445123200569],[-77.03275452939096,38.85442761367604],[-77.03275428706901,38.854426775959894],[-77.03274528797358,38.85439878027912],[-77.03273429623692,38.85437177608373],[-77.03273410018049,38.85437133472558],[-77.0327337887257,38.85437047901192],[-77.0327242957618,38.854345780553686],[-77.03271881612868,38.85432998130043],[-77.03271495191025,38.85431963169537],[-77.03270629965701,38.85429423034227],[-77.03270428002284,38.854286609774796],[-77.03269929486075,38.85426877447635],[-77.03269765471316,38.854259622369064],[-77.03269383283404,38.85424108408678],[-77.03269041425104,38.854222689826315],[-77.03268828988544,38.85421278114612],[-77.03268328855462,38.8541847753317],[-77.0326772849232,38.85415677880589],[-77.0326692891116,38.854130773700675],[-77.03266491596828,38.854115992087486],[-77.0326611662599,38.85410407498105],[-77.03265620070087,38.854078672591825],[-77.03265688057182,38.85405380912909],[-77.03266113249944,38.85403029593176],[-77.0284606284133,38.85502217886926],[-77.0222848391034,38.8564804994481],[-77.01977357338806,38.857073499166184],[-77.01884870411966,38.85729189031145],[-77.01452380531907,38.85831314515258],[-77.0137410408178,38.85893049718266],[-77.0137409832169,38.85893053322316],[-77.01374128282436,38.85893077641533],[-77.01372728566544,38.85893877754293],[-77.01347528111232,38.85909577869607],[-77.01324728203902,38.85922877813821],[-77.01320928756624,38.85924929462475],[-77.01319728324466,38.85925578204766],[-77.01318797476254,38.85926109806966],[-77.01314828697592,38.8592837767492],[-77.01299827909257,38.85936677914781],[-77.01286128725623,38.859432781023976],[-77.01272528620709,38.85949978256561],[-77.01235292574326,38.85967836050391],[-77.01221291422593,38.859745515013415],[-77.01201428474599,38.85984078168142],[-77.01183502072976,38.85992383963535],[-77.0117962876647,38.859941779325595],[-77.01159528388507,38.86003877513456],[-77.01154827906655,38.8600627782319],[-77.0106102812728,38.86052078337632],[-77.0105276641212,38.86056016666832],[-77.0102662864039,38.86068477642064],[-77.01014524616366,38.86074290933905],[-77.0099051467212,38.86085821973695],[-77.00917728582077,38.86120777894289],[-77.00908028893167,38.86125678332914],[-77.00893827904999,38.86133278031808],[-77.00879428770455,38.86141377695605],[-77.00869528654636,38.861471780583706],[-77.00864628723397,38.86150178226339],[-77.00855028190823,38.86156277634085],[-77.0084562814838,38.86162577907123],[-77.00841027803934,38.8616587802379],[-77.00831727989657,38.861722782717806],[-77.0082252842325,38.86178877591306],[-77.00809128291883,38.86188877873924],[-77.00804728419742,38.861923779491676],[-77.00803728666652,38.8619557780874],[-77.00800428785124,38.86195878015861],[-77.00791928592972,38.86202878137705],[-77.00782128847727,38.86211278248814],[-77.00767827894161,38.862242783474365],[-77.00758976381336,38.86232871156573],[-77.007583530995,38.86233476562846],[-77.0075412837474,38.862375783697715],[-77.00741328683357,38.862508783186215],[-77.00729928825454,38.86263578205008],[-77.00719128110599,38.86276578023428],[-77.00708928845145,38.86289877775387],[-77.0069572276054,38.86308503474488],[-77.00695528061594,38.86308778242839],[-77.00691551162252,38.863147159274064],[-77.00674428069303,38.86340278314581],[-77.00633110078999,38.864025828410746],[-77.0061142775338,38.864352782423566],[-77.00591127787415,38.86466278147827],[-77.0058022884816,38.86482677614249],[-77.00569927822812,38.86498377987848],[-77.00556234880372,38.865188394613185],[-77.00544028105942,38.86537077572151],[-77.00497027786449,38.866085776483374],[-77.00477928501236,38.86637278349718],[-77.00476727956256,38.866391782731185],[-77.00465828424791,38.86654577694162],[-77.0046561881501,38.866561866050404],[-77.0046552783008,38.86656878454769],[-77.00448828257653,38.86681778361093],[-77.00445428193662,38.866869781469255],[-77.004370276726,38.86699778517326],[-77.004264494741,38.867155553404466],[-77.00425428636866,38.867170777992946],[-77.00409279557036,38.86741580355495],[-77.00384828744996,38.86778677824378],[-77.00374927837247,38.86793878038081],[-77.00367528333372,38.868050784302675],[-77.0035132814412,38.86829378215044],[-77.00349028319691,38.86833078038057],[-77.00339228630253,38.86847578263615],[-77.00318528769309,38.86878777671802],[-77.00312628104453,38.86886578212952],[-77.00310028608642,38.868895780825596],[-77.00308628625613,38.86891477993156],[-77.00305628145436,38.868950778324006],[-77.00302428306875,38.86898577682684],[-77.00299128209261,38.86901978442137],[-77.00297394037386,38.869036171160474],[-77.00297312225949,38.86903694590454],[-77.00290028695274,38.86910578098982],[-77.0028212865915,38.86917477832949],[-77.00278027679245,38.86920878605669],[-77.00271728117082,38.86925678434191],[-77.0026102792116,38.86933178178581],[-77.00252227823533,38.86938877992155],[-77.00246227781042,38.869421779003076],[-77.00240128629595,38.869453778140645],[-77.00230728099069,38.86949878604525],[-77.00215728460704,38.869564784513635],[-77.00212928336822,38.86957578429435],[-77.00205228613204,38.86962178260596],[-77.00199328734519,38.8696377825617],[-77.00196328094451,38.86964678247015],[-77.00193228347885,38.86965378252073],[-77.00184228717995,38.86967778237569],[-77.00172128173865,38.869706782289335],[-77.00159029700593,38.86973534080195],[-77.0015882804372,38.86973578224142],[-77.00158565313338,38.86973623269756],[-77.0014532853724,38.869758782467116],[-77.00131628503475,38.869774783026486],[-77.00117928453635,38.86978478382546],[-77.0010412813833,38.869788784873116],[-77.00090327812595,38.86978577721636],[-77.00076528632833,38.869775778872025],[-77.00062927653465,38.86976078068758],[-77.00049428079367,38.86973778287419],[-77.00036127864557,38.86970978523204],[-77.00018928174396,38.86967477896731],[-76.99951499720781,38.869503654405406],[-76.99951112539613,38.86950267247286],[-76.99939177915952,38.86947238564578],[-76.99920028610472,38.86942378413195],[-76.99861383594666,38.8692738607199],[-76.99861140455683,38.869273239110846],[-76.9982692819274,38.86918578091631],[-76.99796829764702,38.869109772128034],[-76.99758028007582,38.86901178027559],[-76.9972270978299,38.868921364036055],[-76.99720528467851,38.86891577830274],[-76.9971748983703,38.86890815645798],[-76.9966672855105,38.86878078219309],[-76.99655676833494,38.86875223133933],[-76.99633828082945,38.86869577800287],[-76.9962402778004,38.86867178549589],[-76.99609428176431,38.86863378323514],[-76.99604527456385,38.86862178238502],[-76.99599728147086,38.86860878161559],[-76.99594827430388,38.868596780724694],[-76.99585127416991,38.868570779050216],[-76.99569027533448,38.86853478462537],[-76.99552728291391,38.86850278062751],[-76.99544528543967,38.868487778457144],[-76.99538328019395,38.868478785630295],[-76.99531928232005,38.86845678454687],[-76.99529527970321,38.86845678358269],[-76.99526727830555,38.86846078218565],[-76.99523827479501,38.86845878114001],[-76.99503028436833,38.868436782948585],[-76.99493294929766,38.868429364845916],[-76.99492527495782,38.86842877896613],[-76.99492178348619,38.86842840946965],[-76.99486928466828,38.86842278592788],[-76.99477027846164,38.86841978173702],[-76.99465328493932,38.868413776839795],[-76.99462127408796,38.868409784644705],[-76.99455528149136,38.86840778172048],[-76.9945202742615,38.868408780017084],[-76.99449128193041,38.86841177845397],[-76.99440328007198,38.868411783279285],[-76.99401627575052,38.86842678111544],[-76.99397328283001,38.8684297787057],[-76.9938762803826,38.86844178187109],[-76.99361327398606,38.86847778340954],[-76.99345728307974,38.86850678185582],[-76.99330128024204,38.868538779893385],[-76.99306928026051,38.86859178084908],[-76.9929162840038,38.868629778150975],[-76.99284647496518,38.8686490428846],[-76.99283346499053,38.8686526274341],[-76.99280027744895,38.86866177793727],[-76.99268127436322,38.868697786162684],[-76.99256427587304,38.86873678518615],[-76.99237927604344,38.86880477774494],[-76.99234528123128,38.86881878359851],[-76.99231028399944,38.86883178043433],[-76.99224228278668,38.86885978308211],[-76.99207327561028,38.86893578469153],[-76.99193728269024,38.86900577973016],[-76.99187028277201,38.869041781696765],[-76.99171127517012,38.869132782476285],[-76.99168328354816,38.86914777948718],[-76.99166528289102,38.86915977740458],[-76.99164627947296,38.86917378412262],[-76.9916002757373,38.86919977909101],[-76.99149327394105,38.86927278449923],[-76.99133728188595,38.86938478358565],[-76.99131827822306,38.86939978117474],[-76.99125427281221,38.86944278254135],[-76.99091427938326,38.86971178368966],[-76.99068228041487,38.869890780492376],[-76.99042527338267,38.87007878318886],[-76.9904042767423,38.87008678093151],[-76.99038928201982,38.8701077782962],[-76.99037476075009,38.870121334753485],[-76.99037427670783,38.870121785133946],[-76.99035627436909,38.87014278224636],[-76.99034027789902,38.87015777992263],[-76.99011627535855,38.8703217862593],[-76.98998127578194,38.87042478589079],[-76.98992927619676,38.87046677861146],[-76.98990327623855,38.87048878390455],[-76.98976827861864,38.87057378449064],[-76.9896832741969,38.87062578254452],[-76.98952627732349,38.870713780703014],[-76.98939427745894,38.87078178225966],[-76.98925928183832,38.87084578365852],[-76.98898041444423,38.87098885621219],[-76.98895327442611,38.87100278064408],[-76.98876701656377,38.87109731510784],[-76.9887542820483,38.87110378191779],[-76.98869527652009,38.87113578308744],[-76.98861428052032,38.87118978061228],[-76.98860299788188,38.87119661689181],[-76.9885102819425,38.87125278422552],[-76.98846427750202,38.87126777868617],[-76.98843627429325,38.87127378452351],[-76.98835027867285,38.87131578217276],[-76.9883012762272,38.87134178454151],[-76.98817628103092,38.87140578568371],[-76.98810228164807,38.871444784564275],[-76.98809733762573,38.871447216329976],[-76.98803327273637,38.87147878424414],[-76.98799927512644,38.871496779549595],[-76.98796427511385,38.87151378381719],[-76.98793027746986,38.87153177910247],[-76.98789527742375,38.871548783349304],[-76.98786127974566,38.87156677861435],[-76.98782627966587,38.871583782840396],[-76.9877922819537,38.871601778085235],[-76.98775728184029,38.871618782290525],[-76.98748027420321,38.87176777896888],[-76.98743227351073,38.87179478101132],[-76.98743054380209,38.87180138398588],[-76.98742728042855,38.871813779199606],[-76.98740727273854,38.87182878504645],[-76.98739010355429,38.87182286467215],[-76.98737828101797,38.87181878258775],[-76.9870622735487,38.87197978225183],[-76.98696427792973,38.87203378574877],[-76.98684828069081,38.87209578660041],[-76.98675027378542,38.872146781108434],[-76.98668227707671,38.87218377989943],[-76.98666527699986,38.87219778602829],[-76.9866422736286,38.87220878266122],[-76.98659727888409,38.872241784299355],[-76.98657943798608,38.87225344813402],[-76.98657127819412,38.87225878017135],[-76.98655946551064,38.872263436157496],[-76.98653827182487,38.87227178450727],[-76.98651227299942,38.87227878103773],[-76.98647327408686,38.87229278459588],[-76.98643927588574,38.8723097795118],[-76.98639927361567,38.87232778266005],[-76.98636627756088,38.872346786545414],[-76.98615727497024,38.87244878213524],[-76.98609128182451,38.87249078048185],[-76.98607528498455,38.87250038153413],[-76.98606627235473,38.872505785501495],[-76.98604409872605,38.87251563804771],[-76.9860032780258,38.87253378509639],[-76.9859742813032,38.87254878060995],[-76.98594127429708,38.87256378464202],[-76.98587528250101,38.87259778340351],[-76.98586812545425,38.87260175524372],[-76.98584827933773,38.872612779126705],[-76.98579039005679,38.872639797308736],[-76.98578828101036,38.87264077896808],[-76.98578768170596,38.87264112121451],[-76.98571627225408,38.87268178544491],[-76.98566327887306,38.87271678560768],[-76.985588272774,38.87276278229255],[-76.98555427373158,38.87278178582337],[-76.98552527742214,38.8727937814266],[-76.9854922712246,38.87280378566741],[-76.98538727771896,38.8728607867625],[-76.98534083696316,38.872859799026955],[-76.9853402723001,38.87285978093927],[-76.9852522791176,38.87290278498661],[-76.98525217532129,38.872903181343226],[-76.9852515064224,38.87290568559483],[-76.98525131037223,38.872906388225545],[-76.98525104539522,38.87290604587274],[-76.98509366106096,38.87303337768566],[-76.98495202530405,38.87307025794139],[-76.98485760261465,38.873107153164185],[-76.98492804481431,38.87312183696389],[-76.98491927475106,38.8731237816468],[-76.98489128161619,38.873131786498995],[-76.98485727366064,38.87313678175832],[-76.9847842740977,38.87317177892403],[-76.98475228001234,38.87318978254856],[-76.98471627646167,38.87320378590888],[-76.98459427142845,38.87326578372332],[-76.98455528009454,38.87329378569725],[-76.98453428120044,38.87330478217801],[-76.98451027543406,38.87331177852549],[-76.98448228065772,38.87332678280795],[-76.98445127857038,38.873339786817965],[-76.9843872796366,38.873370785201594],[-76.98435727921704,38.87338778004273],[-76.98432427126328,38.87340378354826],[-76.98428928140389,38.873418786845136],[-76.98410927111112,38.873501783927765],[-76.98406127994733,38.87352678471291],[-76.9840122739727,38.8735547851372],[-76.98397927761474,38.87356977960535],[-76.98394727409789,38.87357678374788],[-76.9839242732417,38.87357278085377],[-76.98386927519002,38.87359878052768],[-76.98345027818137,38.873790781037],[-76.98338527209671,38.87383778665636],[-76.98336127709614,38.87384678263382],[-76.98333827361796,38.873853778882534],[-76.9833142814093,38.873850784668065],[-76.98314427336418,38.87392678215784],[-76.982457274339,38.874241785860974],[-76.98191127303713,38.874439779295045],[-76.98153327281726,38.87457078336217],[-76.98150327639426,38.8745677878265],[-76.98146327187528,38.87458478033609],[-76.98144827279478,38.87460878534215],[-76.98026927344587,38.875039788204575],[-76.97948527297548,38.87528078096392],[-76.9792125049794,38.87536560086603],[-76.97892630937397,38.875454597605206],[-76.97875527396472,38.87550778824228],[-76.9787292734954,38.87551378310382],[-76.97804227046345,38.875728785543835],[-76.9770452762027,38.87603478031353],[-76.97698166622533,38.87605720771485],[-76.97687227633031,38.876095787091785],[-76.97683127388673,38.87612778580458],[-76.9766530113464,38.876175440766865],[-76.97662926911417,38.876181786939206],[-76.97664377587877,38.87618908664369],[-76.97634436451568,38.87628510995937],[-76.9730989301319,38.877325904386815],[-76.97249571196345,38.877687541087084],[-76.9718727120919,38.87828128920988],[-76.97187211258453,38.87828185659441],[-76.97187110935812,38.87828332472118],[-76.97137005832805,38.87901076596163],[-76.97136253977456,38.87902168229192],[-76.97127008899922,38.87916177614575],[-76.97119680389598,38.87927280456499],[-76.97111680695927,38.879394046794665],[-76.97103930067232,38.87951147903439],[-76.9710074611857,38.87955892735061],[-76.97086891684846,38.87976535623705],[-76.97083165712118,38.87982086566289],[-76.97077088362286,38.879911411841626],[-76.97077072217395,38.87991165502782],[-76.97065122680466,38.88009118034143],[-76.97053719708683,38.88026247323584],[-76.97053592856999,38.880264328644614],[-76.97011270306596,38.8808797104619],[-76.97002161060745,38.88101215550729],[-76.9698923000186,38.8812001724039],[-76.96988380879276,38.88122080843767],[-76.9698628016233,38.88126780880124],[-76.96985181011144,38.881286804660235],[-76.9698218025788,38.88133181183809],[-76.96972780866177,38.88145480609318],[-76.96969681108654,38.88149681318714],[-76.96963245430688,38.881578124218436],[-76.96953991832999,38.88157810012307],[-76.96953984919017,38.88157807307985],[-76.96920998327779,38.88195805956216],[-76.9692056822143,38.881963004034134],[-76.96919723115843,38.881970010332736],[-76.96845527286197,38.882584787999555],[-76.96845511145092,38.882584914073426],[-76.96795265758198,38.88298061488174],[-76.9677498874495,38.88314016968652],[-76.9661112404502,38.884429544578005],[-76.96610533691924,38.88443456053591],[-76.96488809687207,38.885467886118434],[-76.96488600982507,38.885469651134315],[-76.96488256165057,38.88547360477831],[-76.96404026157019,38.88643924539001],[-76.96403790890795,38.886441938172105],[-76.96403691691344,38.88644344226657],[-76.96401053699564,38.886482980941246],[-76.96391914711253,38.886620006278164],[-76.96382008621907,38.88676853286856],[-76.9637707632447,38.88684248540606],[-76.96337919795405,38.88742956564511],[-76.96337719086203,38.887432564806716],[-76.9633766368756,38.88743398795724],[-76.9626515732671,38.88928103472422],[-76.96264081150464,38.88980180560181],[-76.96263427596229,38.88980178549469],[-76.96247271894129,38.88980353538036],[-76.96244927380806,38.88980378908903],[-76.96243127478871,38.889924783825165],[-76.96241426810543,38.8900217895673],[-76.96240026626657,38.89008178986028],[-76.9623762698599,38.89012178833569],[-76.96236027085854,38.89014379064624],[-76.96234627589818,38.89016878438158],[-76.9623282747657,38.89022778344539],[-76.96231427122953,38.890290783514764],[-76.96230626742543,38.89032078783472],[-76.96227727593816,38.890411790103684],[-76.96226627570952,38.89044078451449],[-76.96223827594487,38.89053078716243],[-76.96222627126885,38.89056279004181],[-76.96221627328735,38.89059278470095],[-76.96220726499806,38.890625788476875],[-76.96219227554941,38.890721785889376],[-76.96218627570151,38.8907547906366],[-76.96216126789055,38.89085378458865],[-76.96212927321334,38.890955785066176],[-76.96210627583898,38.89102379084331],[-76.96208627485039,38.891092788508956],[-76.96207426841714,38.89112779115794],[-76.96205627249499,38.891197789397815],[-76.96204826582596,38.89123278433423],[-76.96203926837282,38.89126678802673],[-76.96199626805173,38.891406791217115],[-76.96198626719148,38.891441785499254],[-76.96196127378455,38.89151279038131],[-76.96195127289216,38.89154778465977],[-76.96193426751333,38.89161879213633],[-76.96192627119679,38.89165578692433],[-76.96191727469973,38.89168779074606],[-76.96190926790742,38.89172278566995],[-76.9618662659875,38.891864788659966],[-76.96185427137792,38.891898791355956],[-76.96184426984418,38.89193478555228],[-76.96183627558027,38.891967789623074],[-76.9618262745628,38.89200278388803],[-76.96180227318536,38.89207178919434],[-76.96179327551408,38.892105783854454],[-76.96178127467994,38.892172784212214],[-76.96177927543755,38.89220379038008],[-76.96177527158224,38.892232787024504],[-76.96176927462919,38.89225979216581],[-76.96175327041188,38.89231178325857],[-76.96174727451609,38.89233678853981],[-76.96174427563056,38.892361785793824],[-76.96174427428961,38.89238578409989],[-76.96174927377263,38.89243479128748],[-76.96174626496499,38.8924567887496],[-76.96173126755647,38.892479791222534],[-76.96169526769214,38.89252478525573],[-76.96166426565719,38.89257878929069],[-76.96165227298098,38.89260879224481],[-76.96164326471873,38.8926407870279],[-76.96162826985636,38.89270178680434],[-76.96161927524525,38.89272979088039],[-76.9616042693548,38.89278979071981],[-76.96159927460873,38.89281778710016],[-76.96159326655119,38.89284379229665],[-76.96157726584413,38.89288878385576],[-76.9615572748045,38.892958790349404],[-76.96154826968882,38.892984785548286],[-76.96153727145766,38.89300878923984],[-76.96151726754341,38.89305978805559],[-76.96151026973017,38.89308278412436],[-76.96150626894834,38.89310579018868],[-76.9615082759374,38.893124789506835],[-76.96150626885222,38.893212791632024],[-76.9614962740134,38.893299791194075],[-76.96144827223179,38.893411785457154],[-76.96142526587201,38.893429785597476],[-76.96139826786558,38.89345378398975],[-76.96137826550613,38.89352279051289],[-76.96132527512043,38.89367178946101],[-76.96131027258028,38.89372478974945],[-76.96122426520166,38.894069790846736],[-76.96116827338683,38.894267785239435],[-76.96114026928058,38.89440278437165],[-76.96111626504548,38.8945377848254],[-76.96109826591488,38.89467378719987],[-76.96108126632274,38.89481578947537],[-76.96102827114825,38.8952027893628],[-76.9609792753925,38.89556879202941],[-76.96097627559655,38.89561578768429],[-76.96097627294486,38.895662784339926],[-76.96098027033106,38.8957097913396],[-76.96098326588434,38.89573379063247],[-76.96099827155976,38.895802790733015],[-76.96117827398241,38.896310787487224],[-76.96119726797666,38.896380788809005],[-76.96121627147356,38.89647578834787],[-76.96122627344953,38.89654678660606],[-76.96123027485866,38.89658678508186],[-76.96123126832765,38.89666778864341],[-76.96122626729594,38.896727791712394],[-76.96118444863983,38.89701757696414],[-76.96118427506246,38.89701879303589],[-76.96117980906679,38.8970487443685],[-76.96180476359622,38.89771195704236],[-76.96187141426596,38.89778269447709],[-76.96194984671914,38.898134055267235],[-76.9620732249202,38.89851181607889],[-76.96220789725345,38.89889831850028],[-76.96226389002103,38.8991793975131],[-76.96228625830352,38.89939020041184],[-76.96226368092658,38.89957468437305],[-76.96199372924028,38.90015428491513],[-76.96175756767656,38.900487967609386],[-76.96141797702789,38.90085449620984],[-76.96128174595945,38.90100454842966],[-76.95984419069612,38.90258780462621],[-76.95918040728469,38.903555522475166],[-76.95878618225794,38.90423173136381],[-76.95832440716421,38.90529275160581],[-76.95792799294614,38.906112558742485],[-76.9579209746533,38.90612705065238],[-76.95761357472512,38.9067626588567],[-76.95741126750228,38.9071149018594],[-76.9569807006459,38.90777054293833],[-76.95625095608027,38.90882226684206],[-76.95619728276588,38.90888335035052],[-76.95620788942784,38.90888432722774],[-76.95537294896768,38.90982267197789],[-76.95513429822094,38.91009085811369],[-76.95460539473325,38.91068196156508],[-76.9542993176497,38.91115568112996],[-76.95400350911585,38.91179137389175],[-76.95382135673867,38.91264592340773],[-76.95376288324083,38.91348751346984],[-76.95373243552436,38.91392570306408],[-76.95368218739112,38.91397657126276],[-76.95298049451522,38.914686787652414],[-76.9508760264712,38.91488842933066],[-76.94730506415942,38.914955697268724],[-76.94637163630428,38.915157104407555],[-76.94614398423329,38.91520623026993],[-76.94558404314085,38.9155097319768],[-76.94524396294561,38.91575672583151],[-76.9444638935746,38.91632327929266],[-76.94377271410782,38.91687666407951],[-76.94329318359927,38.917260574752284],[-76.94279888902781,38.91770094043855],[-76.9424447923665,38.91803070577151],[-76.94175289420947,38.918069188861004],[-76.94175227103642,38.91806979210865],[-76.94249826553028,38.918040794403446],[-76.94269526388236,38.918039792156804],[-76.94308626123804,38.918053793013264],[-76.94346026267145,38.91806679342281],[-76.94346870291096,38.91806747313109],[-76.94410926241679,38.91811879543849],[-76.94463260307914,38.918192417434646],[-76.94463526647732,38.918192797046515],[-76.94463836805167,38.91819318587417],[-76.94507326822698,38.918248792340876],[-76.94540027098084,38.918305797166525],[-76.94597127103022,38.91839679447689],[-76.9467362634027,38.918531793192614],[-76.94688147869212,38.91855875816832],[-76.94694626353416,38.91857079570414],[-76.94710763578972,38.91859561474138],[-76.94714126847215,38.91860079173306],[-76.94715167967051,38.9186027872831],[-76.94751126408279,38.91867179101515],[-76.94802327172548,38.91875279757218],[-76.94868862113145,38.91885239945122],[-76.94885827365097,38.918877796237716],[-76.94912961708462,38.91892401930794],[-76.94917526378568,38.91893179534221],[-76.9495172664229,38.91898479546095],[-76.94988526626696,38.9190467960434],[-76.95027226682447,38.91911379416788],[-76.95064127190508,38.91917479287058],[-76.95099426558976,38.919211794510815],[-76.95114026809205,38.91922179183404],[-76.95132527360073,38.91922579667072],[-76.951345962636,38.91922304873728],[-76.95138847466201,38.91922875969366],[-76.95138927029727,38.91922879605797],[-76.95139306409564,38.91922879763602],[-76.9526148690604,38.919185762185776],[-76.95263900882276,38.919178601340846],[-76.95268126799454,38.91916579059783],[-76.95268520076273,38.91916489135721],[-76.95354531335047,38.918909607048185],[-76.95354727419115,38.9189087970779],[-76.95355039992856,38.91890761822907],[-76.95435421862777,38.91853221550724],[-76.95440227385147,38.918524793386446],[-76.95456527271688,38.91844379090173],[-76.95472827247579,38.91836079734778],[-76.95492730353158,38.91826457522086],[-76.95493926498422,38.91825879648496],[-76.95507927352202,38.91818979251858],[-76.9554523374116,38.918009957869316],[-76.95546927017531,38.918001793765995],[-76.95554199584203,38.917966436728726],[-76.95590327004834,38.91779079403028],[-76.95596210762852,38.91776232286297],[-76.95618226656916,38.917655792008674],[-76.95624874136203,38.91762099070217],[-76.95637327040608,38.91755578990638],[-76.95678027386168,38.917358793782334],[-76.95709327058755,38.91720679441319],[-76.95735827389754,38.9170937917905],[-76.95744126619427,38.91706779697019],[-76.95764227603937,38.91700579357819],[-76.95771626925541,38.91698779470003],[-76.95779426604165,38.91696578851266],[-76.9578442701027,38.91695578929514],[-76.95800927535971,38.91692078826921],[-76.95808527125027,38.916908789426955],[-76.95815426960375,38.916893788254605],[-76.95834326631959,38.91686579482066],[-76.95839127305128,38.91685979435709],[-76.95847227090182,38.916851796744126],[-76.95864327503222,38.91685079440537],[-76.95917527709851,38.91685079229842],[-76.95926027093846,38.91685179486045],[-76.95954027173985,38.916859792449266],[-76.96155527375421,38.916951790206426],[-76.96229827631036,38.91698279573969],[-76.96309627643555,38.917024795087414],[-76.96403327162685,38.91706679581394],[-76.96423827345374,38.91708079462055],[-76.96433627356112,38.91708378831146],[-76.96443326798584,38.91709179024728],[-76.96452927176446,38.9170977919519],[-76.9648338616279,38.91712207138235],[-76.96494327465821,38.91713078828943],[-76.96494342532681,38.917129229893014],[-76.96496127411551,38.916943789701534],[-76.96497127833419,38.916882788267785],[-76.96501127760776,38.91655678865801],[-76.96509027062824,38.91588379060986],[-76.96511927752755,38.91568079643925],[-76.96514427207256,38.91547679212354],[-76.9651542728971,38.91537479372065],[-76.96516827679085,38.91526878779873],[-76.96517727712877,38.91518478774732],[-76.96518827535611,38.91507079052931],[-76.96519226806325,38.91504079395864],[-76.9651982781421,38.915011788905545],[-76.96520627147771,38.9149827934508],[-76.96521727381321,38.91495478980807],[-76.96523027093068,38.91492679576606],[-76.96521126817709,38.9149037918271],[-76.96524027885725,38.914880793168464],[-76.96527627803789,38.91485578772031],[-76.96532027275082,38.91482079438869],[-76.96534926988835,38.914801795400166],[-76.96539027520468,38.914772791699335],[-76.96544526998485,38.91473779256927],[-76.96552027557323,38.91469179113152],[-76.9656312712917,38.91466278995955],[-76.96565526880815,38.914657788379735],[-76.96570526870205,38.91465079457826],[-76.96573127060525,38.91464979327267],[-76.96577227328935,38.91464979628147],[-76.96580927583126,38.91464778924643],[-76.96651827182323,38.91463778809504],[-76.96684327596118,38.91462979127748],[-76.96687327848035,38.91462979077828],[-76.96689926882898,38.91462878920947],[-76.96724027591958,38.91462379559588],[-76.96759527226254,38.91461278729813],[-76.96787227400608,38.91460579223945],[-76.9682842790013,38.91459078879825],[-76.96867527690884,38.914571796590025],[-76.96875627013115,38.91456579169578],[-76.96883827890184,38.91455778716538],[-76.96887826902643,38.91455278918722],[-76.9689592763478,38.91454079361187],[-76.96904027298326,38.91452678911833],[-76.96912327762854,38.91450879440586],[-76.96920526884375,38.9144877905827],[-76.96924527345215,38.914475793004776],[-76.96932426880562,38.914449788682376],[-76.96943127817757,38.91440879275659],[-76.96948927545401,38.9143847916867],[-76.96957427203094,38.91434578973083],[-76.96960127093296,38.914331788792815],[-76.96968127722334,38.91428679491612],[-76.96973827413272,38.914255793984374],[-76.96982027756889,38.91420479196792],[-76.96984627490771,38.91418679101233],[-76.96989627561665,38.914148788719096],[-76.96994427038712,38.91410979497115],[-76.9700932644791,38.913978797915796],[-76.97011805282985,38.91395635547899],[-76.97022027433883,38.91386379387555],[-76.97023825674552,38.913848322131884],[-76.970406269018,38.913703789981035],[-76.9704382766836,38.9136777910096],[-76.97056327627118,38.91356979456936],[-76.97065427366303,38.91348678759937],[-76.97071227179711,38.913429788373826],[-76.97076027921756,38.91338579466084],[-76.97080626918023,38.91334079148986],[-76.97082649053317,38.91331965396837],[-76.97082967426854,38.91331633068606],[-76.97087227403148,38.913271795075815],[-76.97093527015781,38.913200789015704],[-76.97098027275464,38.91314479535523],[-76.97104327434441,38.913059790277195],[-76.971077886049,38.91300853238894],[-76.9710856506024,38.91299703066088],[-76.97112226972327,38.912942791495205],[-76.97114026911157,38.91291278916254],[-76.97116126999524,38.912873788236375],[-76.97119026981407,38.91281379083837],[-76.97119927190028,38.91279279461722],[-76.97120927671367,38.91277278955979],[-76.97124227156144,38.91269879417167],[-76.9712572766012,38.912659791750976],[-76.97128016239752,38.91257819082449],[-76.97128027785938,38.912577794485884],[-76.97128360989929,38.91257828175519],[-76.97130728004714,38.912581791814006],[-76.97136227683437,38.91258778684313],[-76.97139027142885,38.91258979355205],[-76.97141727402801,38.912592790929054],[-76.97153527122082,38.91260079211307],[-76.97158427430931,38.91260179495706],[-76.97215749982645,38.912601788811266],[-76.97216527120254,38.91260179066268],[-76.97221822947874,38.91260200144892],[-76.97241827871103,38.912602787523],[-76.97290048490854,38.91260190942887],[-76.97296727959129,38.912601789774996],[-76.97305051630231,38.91260189007624],[-76.97378027591981,38.91260279478258],[-76.97391236663708,38.912601779378974],[-76.97404227812709,38.91260079036703],[-76.97417260399712,38.91260174710367],[-76.97417827685474,38.91260179339908],[-76.97418074432433,38.912601793944305],[-76.974266275589,38.912601794794675],[-76.97487827586262,38.91260579254499],[-76.97541428112272,38.91260778929071],[-76.97579927629647,38.91260578873119],[-76.97608027927122,38.91260679246494],[-76.97611428126014,38.912608790263214],[-76.97614727911748,38.912613787623876],[-76.976234279267,38.91263479478236],[-76.97625527573913,38.91256579516592],[-76.97627128080593,38.91252779222998],[-76.9762722269851,38.91252568447052],[-76.97629528127825,38.91247479202726],[-76.97643127525639,38.912070795460124],[-76.97658405915546,38.911620517211574],[-76.9766012786645,38.91156979468876],[-76.97660654113956,38.91155526528718],[-76.97676027141121,38.91113078684859],[-76.97690727398847,38.910682795070244],[-76.97692939814341,38.91061695745963],[-76.97706828192685,38.9102037900918],[-76.97722311848742,38.909763366387764],[-76.97723528190197,38.90972879473103],[-76.97723574354686,38.9097273715025],[-76.97725528244051,38.90966779411484],[-76.97728327943177,38.909586787515245],[-76.97730128015144,38.909541794329996],[-76.97731427376856,38.909506790424366],[-76.97733327308902,38.909475787387485],[-76.97735527329199,38.909434794674056],[-76.97738027151506,38.9093927936019],[-76.97741027486775,38.9093467937865],[-76.97743127127299,38.90930779170808],[-76.9776402778997,38.90898879231832],[-76.97783528137735,38.90868378885157],[-76.97810728221425,38.908250790882825],[-76.97820205436399,38.90810176549537],[-76.97820982898683,38.90808953360969],[-76.97825227790632,38.90802278966328],[-76.97826654607648,38.90800247849425],[-76.97838927275984,38.90782779336156],[-76.97850527667585,38.90765479141908],[-76.97867240892545,38.90737952691927],[-76.97867506199604,38.90737514033774],[-76.97867528115944,38.907374789052135],[-76.97870027698754,38.907335787461825],[-76.97871827475372,38.90729579367313],[-76.97874728185684,38.9072597925828],[-76.97875727343893,38.90723578715021],[-76.97878927314284,38.90717778820521],[-76.9788502726592,38.907107786374276],[-76.97893427748996,38.90698379261557],[-76.9789732775912,38.90691778645686],[-76.97900627884916,38.906863787336455],[-76.97908927743565,38.90674879262138],[-76.97923128115113,38.90651978966352],[-76.9792542777455,38.90649478656924],[-76.97971327813586,38.90577179388676],[-76.97977627915394,38.90566978523019],[-76.97983428223542,38.905587792232396],[-76.97989728066113,38.90549379193143],[-76.97994028048817,38.90542478633936],[-76.97997728118882,38.90536978768987],[-76.98000727216764,38.905314787828914],[-76.98014827329612,38.90510479114981],[-76.9802042724982,38.90501178941296],[-76.9802472810492,38.904950792128865],[-76.98052627576251,38.90451178985985],[-76.98058727918534,38.90441278920026],[-76.98064427648707,38.90433378638823],[-76.9808222764011,38.90405679084625],[-76.98086428137508,38.903993793305396],[-76.98086432751218,38.90399371223775],[-76.98103328260862,38.903733785707644],[-76.9810562811226,38.9036957921995],[-76.98110927711035,38.903615788574434],[-76.98153927695073,38.90294978853132],[-76.9816442777224,38.90277979037421],[-76.98169928194311,38.90268578779859],[-76.9817642797934,38.90259778632095],[-76.981945279983,38.90232078945099],[-76.98217188058557,38.90197165132086],[-76.98227627665919,38.901810786948595],[-76.98231511832996,38.901755427468345],[-76.98232328337672,38.901743789905865],[-76.9823252441641,38.901739970658866],[-76.98235628217797,38.90167979051214],[-76.98238627883076,38.90163478928252],[-76.98280169073129,38.900984411662044],[-76.98280527740418,38.90097879097396],[-76.98280634989493,38.900977322769315],[-76.98286928065748,38.900891788636514],[-76.98291327636083,38.900828790615485],[-76.98291825624082,38.90083028673124],[-76.98344428146099,38.90013879068004],[-76.98344453509011,38.900138754682516],[-76.98344596463295,38.90013856570953],[-76.98370527677868,38.90010378484945],[-76.98383328219214,38.9001207923988],[-76.98400127860789,38.900139787129866],[-76.98413528016721,38.900150786592846],[-76.98413687080914,38.9001519218622],[-76.98445689845673,38.9003440141009],[-76.98517927459096,38.90065578819843],[-76.98518027746516,38.900656211718484],[-76.98558850927893,38.900811909214475],[-76.98566627557616,38.90083079129268],[-76.98573628132422,38.90085978875913],[-76.98592783157319,38.90094131961763],[-76.98593127825946,38.90094278839519],[-76.98666728189515,38.901254789114084],[-76.98668819274138,38.90126372778978],[-76.98681928334294,38.90131979265644],[-76.98682032081818,38.90132023418303],[-76.98691453508324,38.90136068329218],[-76.98741327419414,38.901574785676154],[-76.9882922801732,38.90194878695222],[-76.98869728391533,38.90212178728587],[-76.98900727765076,38.902252789359956],[-76.98925428397618,38.902359786571104],[-76.98960227569506,38.902506789389555],[-76.9897012775416,38.902546786250525],[-76.98997715282349,38.90265931559888],[-76.99008128498848,38.90270178987446],[-76.99018527858688,38.902746786384945],[-76.99019016642877,38.902748975825894],[-76.99065327937022,38.902955791583715],[-76.99150616204855,38.9033180916624],[-76.99152428430034,38.90332578611332],[-76.99154455078103,38.90333448965237],[-76.99224427771378,38.9036347866485],[-76.99263250455752,38.90379400740626],[-76.99263928320964,38.90379679141487],[-76.99290828540245,38.90390779097082],[-76.99313728439948,38.90400778836286],[-76.9937311121533,38.90426895587964],[-76.99376027911082,38.90428178533575],[-76.99390327812999,38.90434378837058],[-76.9943514490384,38.90453291423918],[-76.9945122838899,38.90460079083249],[-76.99490027853224,38.90476578737765],[-76.99496841263306,38.90479535574376],[-76.99505928124594,38.90483478917915],[-76.99518315657149,38.9048870518023],[-76.99518728383089,38.904888790584316],[-76.99518998153447,38.90488996178117],[-76.99599228710389,38.905238786428185],[-76.99616527672335,38.90530678727018],[-76.99648969755741,38.905443282997176],[-76.99667628045013,38.90552178722506],[-76.99710027831152,38.905703785221185],[-76.99737428653205,38.90582079215784],[-76.9978132871816,38.90600978738083],[-76.9982908433519,38.906217185576956],[-76.99833828553048,38.90623778835739],[-76.99930631947872,38.90665859613545],[-76.9994332793779,38.906713790975054],[-76.99943512405638,38.90671459272709],[-76.99957828276521,38.90677678697286],[-77.00021728300186,38.907050785465984],[-77.00036314089515,38.90710536668651],[-77.00036428230231,38.90710579007531],[-77.00048628616574,38.90715678589113],[-77.00066163677023,38.90723113092775],[-77.00079528578989,38.9072877926042],[-77.00085528494769,38.90731279034624],[-77.00145927971136,38.907570792453996],[-77.00182628814373,38.90772579392902],[-77.00201548848005,38.90780225367022],[-77.00201928171484,38.90780379403211],[-77.00201995016026,38.90779451542248],[-77.00203028795752,38.907649787128115],[-77.0020332846681,38.90761678949759],[-77.00203328572088,38.90724964525727],[-77.00203328543967,38.907239790123946],[-77.00203328038874,38.90706278508069],[-77.00203878172877,38.90672436833381],[-77.00204028941383,38.90663178950006],[-77.00204042579453,38.90656297471516],[-77.00204132391562,38.906120007104484],[-77.00204227897596,38.905652779967745]]],[[[-77.00279527973628,38.90565479124421],[-77.00281928330186,38.905653790740025],[-77.00306228224485,38.905651784765304],[-77.00306235141096,38.905651586579765],[-77.00204227897596,38.905652779967745],[-77.00279527973628,38.90565479124421]]],[[[-76.9852515064224,38.87290568559483],[-76.9852502276025,38.87290411797123],[-76.98523531957647,38.872885774978776],[-76.98524973202808,38.87290436113552],[-76.98525104539522,38.87290604587274],[-76.9852515064224,38.87290568559483]]]]},"properties":{"NAME":"Eastern","GIS_ID":"dcps_457","DCPS_ID":"dcps_457","SHAPE.AREA":0,"SHAPE.LEN":0,"GLOBALID":"{B684DC69-FFC0-4AB3-8183-CBEB743001BB}","CREATED":1725410751000,"EDITED":1725410751000,"OBJECTID":335}},{"type":"Feature","id":336,"geometry":{"type":"MultiPolygon","coordinates":[[[[-76.95594172851841,38.88978778713842],[-76.9559552722128,38.88978778323753],[-76.95596353672795,38.889787813378575],[-76.9567672694761,38.88979078909618],[-76.95723215858304,38.8897900864155],[-76.957426265807,38.88978978797793],[-76.95774742867373,38.88979198552319],[-76.95812267390252,38.88979455291318],[-76.9581572649318,38.889794790518366],[-76.95816051558128,38.88979451242301],[-76.95834626354552,38.88977878711983],[-76.95866827193974,38.889793783339265],[-76.95885627049897,38.8897927867187],[-76.95903277523641,38.88979501076429],[-76.95917427411382,38.88979678991188],[-76.95979626573317,38.88980378894812],[-76.96244927380806,38.88980378908903],[-76.96247271894129,38.88980353538036],[-76.96263427596229,38.88980178549469],[-76.96264081150464,38.88980180560181],[-76.9626515732671,38.88928103472422],[-76.9633766368756,38.88743398795724],[-76.96337719086203,38.887432564806716],[-76.96337919795405,38.88742956564511],[-76.9637707632447,38.88684248540606],[-76.96382008621907,38.88676853286856],[-76.96391914711253,38.886620006278164],[-76.96401053699564,38.886482980941246],[-76.96403691691344,38.88644344226657],[-76.96403790890795,38.886441938172105],[-76.96404026157019,38.88643924539001],[-76.96488256165057,38.88547360477831],[-76.96488600982507,38.885469651134315],[-76.96488809687207,38.885467886118434],[-76.96610533691924,38.88443456053591],[-76.9661112404502,38.884429544578005],[-76.9677498874495,38.88314016968652],[-76.96795265758198,38.88298061488174],[-76.96845511145092,38.882584914073426],[-76.96845527286197,38.882584787999555],[-76.96919723115843,38.881970010332736],[-76.9692056822143,38.881963004034134],[-76.96920998327779,38.88195805956216],[-76.96953984919017,38.88157807307985],[-76.96953991832999,38.88157810012307],[-76.9696042752151,38.88149678914273],[-76.96963527284471,38.881454782073355],[-76.96972927844651,38.881331787895704],[-76.96975927451231,38.881286780738634],[-76.96977027757399,38.88126778489133],[-76.9697912732792,38.881220784541455],[-76.96979976453181,38.88120014851441],[-76.9699290753644,38.88101213172024],[-76.96988527538144,38.88102278637033],[-76.96991027366973,38.88099478572554],[-76.96992527797411,38.880970782228026],[-76.96994927101689,38.88094878090428],[-76.96997327724927,38.88092278886168],[-76.96999227004582,38.88089678651766],[-76.9700201679946,38.88087968674703],[-76.9704433942966,38.88026430526508],[-76.9704442708276,38.8802627830686],[-76.9705586927558,38.88009115705321],[-76.97067818835785,38.879911631834275],[-76.97067834980706,38.87991138864822],[-76.97068727609557,38.87986878119154],[-76.97073912342279,38.8798208425176],[-76.97077638322206,38.879765333121306],[-76.97086627536305,38.87962978827283],[-76.97091492782694,38.87955890434464],[-76.97094676737508,38.87951145605365],[-76.9710242738143,38.87939402387536],[-76.9710242696965,38.87937578187761],[-76.97104027716222,38.87934878769253],[-76.97110427090821,38.87927278170901],[-76.97116326839351,38.87918278442055],[-76.9711775561554,38.879161753347866],[-76.9712700071124,38.87902165956728],[-76.97127752568001,38.87901074324295],[-76.9713412737397,38.87891378354008],[-76.97141327738684,38.87880678146209],[-76.97157727034016,38.87855778441911],[-76.9716422722067,38.878464788543404],[-76.97174427449114,38.878326786637295],[-76.97177857765324,38.87828330239949],[-76.97177958088156,38.87828183427349],[-76.97178018038967,38.87828126688946],[-76.97181526758114,38.878236782898135],[-76.97187126896559,38.87817078287844],[-76.97195127323307,38.87808278108792],[-76.97206427139385,38.877967779967655],[-76.97214327821983,38.877894785791334],[-76.97216427119315,38.87787778294534],[-76.97218327585432,38.877846780574934],[-76.97222727426615,38.87782378360266],[-76.97236727175827,38.87771378826113],[-76.97243927485142,38.87766078185519],[-76.97256527164564,38.8775747813362],[-76.97261827467477,38.87754078707861],[-76.9727252705535,38.8774757805011],[-76.97283627563378,38.87741378356176],[-76.97300639966818,38.87732588303791],[-76.97625183540063,38.87628509118186],[-76.97660766450417,38.8761709815446],[-76.97663018544336,38.87616375230925],[-76.97698166622533,38.87605720771485],[-76.9770452762027,38.87603478031353],[-76.97804227046345,38.875728785543835],[-76.9787292734954,38.87551378310382],[-76.97875527396472,38.87550778824228],[-76.97892630937397,38.875454597605206],[-76.9792125049794,38.87536560086603],[-76.98278862698517,38.87408975533104],[-76.98524973202808,38.87290436113552],[-76.98523531957647,38.872885774978776],[-76.9852502276025,38.87290411797123],[-76.98525217532129,38.872903181343226],[-76.9852522791176,38.87290278498661],[-76.9853402723001,38.87285978093927],[-76.98534083696316,38.872859799026955],[-76.98578768170596,38.87264112121451],[-76.98578828101036,38.87264077896808],[-76.98579039005679,38.872639797308736],[-76.98586812545425,38.87260175524372],[-76.98587528250101,38.87259778340351],[-76.98594127429708,38.87256378464202],[-76.9859742813032,38.87254878060995],[-76.9860032780258,38.87253378509639],[-76.98604409872605,38.87251563804771],[-76.98607528498455,38.87250038153413],[-76.98609128182451,38.87249078048185],[-76.98615727497024,38.87244878213524],[-76.98636627756088,38.872346786545414],[-76.98639927361567,38.87232778266005],[-76.98643927588574,38.8723097795118],[-76.98647327408686,38.87229278459588],[-76.98651227299942,38.87227878103773],[-76.98653827182487,38.87227178450727],[-76.98655946551064,38.872263436157496],[-76.98657430942217,38.87225616808264],[-76.98657943798608,38.87225344813402],[-76.98659727888409,38.872241784299355],[-76.9866422736286,38.87220878266122],[-76.98666527699986,38.87219778602829],[-76.98668227707671,38.87218377989943],[-76.98675027378542,38.872146781108434],[-76.98684828069081,38.87209578660041],[-76.98696427792973,38.87203378574877],[-76.9870622735487,38.87197978225183],[-76.98737828101797,38.87181878258775],[-76.98739010355429,38.87182286467215],[-76.98743054380209,38.87180138398588],[-76.98743227351073,38.87179478101132],[-76.98748027420321,38.87176777896888],[-76.98775728184029,38.871618782290525],[-76.9877922819537,38.871601778085235],[-76.98782627966587,38.871583782840396],[-76.98786127974566,38.87156677861435],[-76.98789527742375,38.871548783349304],[-76.98793027746986,38.87153177910247],[-76.98796427511385,38.87151378381719],[-76.98799927512644,38.871496779549595],[-76.98803327273637,38.87147878424414],[-76.98809733762573,38.871447216329976],[-76.98810267351747,38.87144437922594],[-76.98859297423007,38.87118516622959],[-76.98860299788188,38.87119661689181],[-76.98861428052032,38.87118978061228],[-76.98869527652009,38.87113578308744],[-76.9887542820483,38.87110378191779],[-76.98876701656377,38.87109731510784],[-76.98895327442611,38.87100278064408],[-76.98898041444423,38.87098885621219],[-76.98925928183832,38.87084578365852],[-76.98939427745894,38.87078178225966],[-76.98952627732349,38.870713780703014],[-76.9896832741969,38.87062578254452],[-76.98976827861864,38.87057378449064],[-76.98976560563743,38.87057059528052],[-76.9896192833573,38.87039578324234],[-76.98956528262285,38.87033078277418],[-76.98947927531012,38.8702297818067],[-76.98939127246855,38.870143779591075],[-76.98923427777163,38.86999278431733],[-76.98891827438173,38.869612780119944],[-76.98885243023383,38.86953956252074],[-76.98878428197037,38.869463786274245],[-76.98864244670497,38.86929020756155],[-76.98856527920707,38.869195782900476],[-76.98852027819758,38.86914178208361],[-76.98847927532296,38.869090781443546],[-76.988436935602,38.869041104892375],[-76.988427569027,38.86903011370568],[-76.98840427357227,38.86900277988211],[-76.98839222283753,38.86898728422146],[-76.98839027582653,38.86898477969017],[-76.98838767207617,38.868981770622696],[-76.98832627663558,38.86891077823818],[-76.98830733685398,38.868884435754985],[-76.98830474473287,38.86888082312336],[-76.98830398437647,38.86887976906333],[-76.98830303966415,38.86887862490073],[-76.98830271713508,38.868877895187275],[-76.98828927306263,38.86885677812871],[-76.98826327317285,38.86880877871398],[-76.98825128151691,38.86878477910571],[-76.9882402810246,38.86875977966252],[-76.98821027726103,38.868674782293986],[-76.98821055383705,38.86867465620417],[-76.98831727775479,38.86862477835616],[-76.9886772829273,38.868481778282515],[-76.9890472774749,38.86833677816587],[-76.98930727679631,38.86823278214682],[-76.98948127414525,38.868160784715286],[-76.9895062809333,38.86814877875378],[-76.9896052830292,38.868096782053804],[-76.9896532805572,38.86806877916766],[-76.98972727659928,38.868022779746994],[-76.98977328126139,38.86798978597642],[-76.9898382788081,38.86793577721951],[-76.9898792830851,38.867897783303526],[-76.99003327560109,38.86773978001141],[-76.99020427943854,38.8675517799306],[-76.99023227238732,38.86752478406646],[-76.9902632839185,38.86750077923975],[-76.99029727959753,38.867478783528384],[-76.99033327997739,38.867458778831896],[-76.99035228292487,38.8674467811992],[-76.99038728144998,38.867421785743204],[-76.99043927814645,38.86738278358952],[-76.99050228143649,38.86732678343527],[-76.99055428064722,38.867267782556034],[-76.99091627232107,38.86681877796518],[-76.99094628234981,38.86678278267943],[-76.99108027940719,38.86661377715355],[-76.99110127744302,38.86658578060863],[-76.99125427762948,38.8663937778455],[-76.99150027832918,38.86609377981272],[-76.99162428037792,38.86594378066823],[-76.99171027456568,38.865841784534375],[-76.99172000110458,38.86582972295816],[-76.99190793033485,38.865879219346844],[-76.99190827606542,38.86587877795851],[-76.9921242735256,38.8656267823422],[-76.99220328259477,38.86553678457652],[-76.99225927733535,38.86547878312102],[-76.9923172768114,38.86542178170395],[-76.99240827968754,38.865338784122976],[-76.99243727350701,38.86531077884289],[-76.99249727742361,38.86525577733268],[-76.99255627846433,38.86520383858826],[-76.99255811075373,38.86520191991266],[-76.99256132581573,38.86519938875293],[-76.99258928213467,38.86517477954072],[-76.99268428219435,38.86509678166509],[-76.99280228245783,38.86500477704526],[-76.99289027506566,38.86493977771091],[-76.99298028375789,38.86487677829888],[-76.99308827970628,38.86480578040975],[-76.99316628026955,38.864756779219455],[-76.99325527403563,38.8646987792048],[-76.99336328040582,38.864633780664676],[-76.99339595986214,38.86461545039105],[-76.99340369190543,38.8646104781825],[-76.9934168972916,38.86460369559051],[-76.99348627768042,38.864564783124294],[-76.99357028037015,38.864521781601646],[-76.99388028260523,38.864365781499316],[-76.9938807550437,38.864365565322075],[-76.99392827543647,38.86434377644342],[-76.99402428388612,38.86430178415866],[-76.99416927551097,38.86424177741764],[-76.99426827918782,38.86420378481786],[-76.99431468129407,38.864186851262915],[-76.99431791919824,38.86418550916646],[-76.99431935952892,38.86418513989142],[-76.99440527307681,38.864153776732294],[-76.99444327498041,38.86414077940144],[-76.99451927859262,38.86411678457096],[-76.99459628445138,38.864094780597334],[-76.99467528341278,38.86407577646639],[-76.99499828395331,38.8640067772643],[-76.99507096827095,38.86399032197672],[-76.99526581504345,38.86393981984366],[-76.99529228239301,38.863932776331474],[-76.99549828297012,38.863874779256214],[-76.99596927677402,38.863771776201254],[-76.99687505592584,38.863594995737714],[-76.9968809093165,38.86359374372409],[-76.99684146957124,38.86356801462497],[-76.99687607009012,38.86359041048048],[-76.99688115128714,38.8635936986885],[-76.99688127802906,38.86359377976762],[-76.99689414856502,38.863591239736806],[-76.99740727546947,38.863489781436705],[-76.99804228403467,38.86337278346469],[-76.99856128408102,38.8632717796171],[-76.9987508028242,38.8632393695082],[-76.9990992827293,38.86317978202649],[-76.99929228080592,38.863136777165444],[-76.99947027670125,38.86309378092671],[-76.9995482823448,38.86307478249963],[-76.99973828411783,38.863023777413815],[-76.99996428102612,38.862953782288805],[-77.0001631312113,38.862893948262936],[-77.00019027749649,38.86288577758603],[-77.00019388394243,38.8628847686372],[-77.00024727776584,38.862869778527326],[-77.00028328458997,38.8628587791661],[-77.00038628127719,38.86281778155705],[-77.00047628072325,38.86276177588566],[-77.00051827888846,38.862736777344736],[-77.00056127946898,38.862713778652676],[-77.00057767545404,38.86270558091154],[-77.00060528245899,38.862691779873956],[-77.00076927666998,38.862615783886184],[-77.00077526815939,38.86261283809356],[-77.00088528103582,38.86255877778848],[-77.00103527521956,38.86248078166192],[-77.00117228367631,38.86240477633364],[-77.00130528207367,38.8623247801589],[-77.00134352350004,38.862300583110596],[-77.00135628983955,38.86229250241078],[-77.00143327956283,38.86224378395862],[-77.00155528527762,38.86216277868856],[-77.00171427581695,38.862050783788945],[-77.0017775307742,38.86200334450449],[-77.001798903787,38.86198730918981],[-77.00186628344396,38.86193677990513],[-77.0019142832723,38.86189878161269],[-77.00204528578087,38.86179077744344],[-77.00215628593241,38.86169078198219],[-77.00219127725505,38.8616577834872],[-77.00224527921006,38.86160477691597],[-77.00235127795729,38.8614957819504],[-77.00240228389202,38.86144077549612],[-77.00245228730367,38.861384778113816],[-77.0025182823606,38.86130778173696],[-77.00258228390797,38.86122877648812],[-77.00264428046286,38.861148780322324],[-77.00270328114465,38.86106777524877],[-77.00275928592313,38.860984779354176],[-77.00281228336065,38.86090178350409],[-77.00286328731126,38.86081677879973],[-77.00291128393728,38.8607317831554],[-77.00296827796451,38.86062177988298],[-77.00300627364608,38.8605427750513],[-77.00331227549255,38.86065677735157],[-77.00344459418896,38.86069569891041],[-77.00344828123221,38.86069677981207],[-77.00353528693537,38.8605497777832],[-77.00361828360735,38.860420783645885],[-77.00373728250791,38.86023378306841],[-77.0037411535102,38.8602278103604],[-77.00380927613533,38.86012277896006],[-77.00409628047068,38.85967678024293],[-77.00420228104399,38.85949977897381],[-77.00427028618317,38.8593797752959],[-77.00436628488569,38.85919878350287],[-77.00442628183625,38.859076780157274],[-77.00445501273548,38.8590137651376],[-77.00445903321413,38.85900494573684],[-77.0044882824534,38.8589407776101],[-77.00450227907064,38.85890777921288],[-77.0045182802986,38.85887278086604],[-77.00457728483693,38.85873477851266],[-77.00466128637709,38.85852877954015],[-77.00471428760024,38.858389777414075],[-77.00477827666685,38.85819977811565],[-77.0048382789838,38.85800977894147],[-77.00489428299294,38.85781877996295],[-77.00497327662833,38.85753177717518],[-77.00499728029922,38.85743478242253],[-77.0050737843286,38.857145365396626],[-77.00539828029711,38.85591778138374],[-77.00547706425623,38.85565465051145],[-77.00549828053816,38.8555837802012],[-77.00557441190506,38.8552946690624],[-77.0055772797765,38.85528377773388],[-77.00569128366212,38.85489877895721],[-77.00577027866272,38.85456577844354],[-77.00584128387413,38.854310782264164],[-77.00589328714496,38.85415078090179],[-77.00602101250456,38.85381082319693],[-77.00602328157929,38.85380477842201],[-77.0060263686226,38.853798697571115],[-77.00616628713044,38.85352278000304],[-77.00626528205937,38.85336477583383],[-77.00638027719722,38.85318978079863],[-77.00641542186005,38.853136439941004],[-77.00642302430678,38.853123476387886],[-77.00621307151773,38.85298052392148],[-77.00620528274355,38.85297077721121],[-77.0062033936392,38.852973930263225],[-77.00594794438828,38.852800008732046],[-77.0040568729007,38.851512451214525],[-76.99994287222339,38.84871138419652],[-76.99959588206993,38.848510306137264],[-76.99933228339509,38.84859377713377],[-76.99907227994173,38.84855177801609],[-76.99732427689432,38.84851078068485],[-76.99599427356927,38.84848578026091],[-76.99598828363249,38.84868377654991],[-76.99596027747435,38.84952077666498],[-76.99591127927417,38.85098978080849],[-76.99589828010173,38.851465777088094],[-76.99588527424764,38.8518547788746],[-76.99587228110144,38.85222078210262],[-76.99586927785312,38.852357782263084],[-76.99587127455801,38.85249378266108],[-76.99587828270819,38.85262977422451],[-76.9958892770006,38.852765774933246],[-76.9959102736789,38.85305977489721],[-76.99596828151361,38.8538487804679],[-76.99598827759446,38.8541237815489],[-76.99603327996599,38.85470678171465],[-76.9960602759643,38.85507777681277],[-76.99607527615339,38.855288781770156],[-76.99610028431063,38.855570782484335],[-76.99610728374927,38.85566877641065],[-76.99610928307041,38.85576677917696],[-76.99610527992107,38.85586478174167],[-76.99609527427708,38.85596277509572],[-76.99607728371485,38.85607477628584],[-76.99248027941614,38.85357177885396],[-76.99217327842545,38.85375878274126],[-76.99213428329782,38.85373578159429],[-76.99205327435664,38.85369277886345],[-76.99200927931449,38.853669777334105],[-76.99186527860714,38.853597781010166],[-76.9917322784813,38.85354277519047],[-76.99157727476202,38.85348177702618],[-76.99135119097772,38.85340245026093],[-76.99134927862843,38.85340177448682],[-76.99134300010057,38.85339981919166],[-76.99110927785813,38.853326779276244],[-76.99096227971187,38.85328377975105],[-76.99059327545777,38.853179775277276],[-76.99032128237778,38.85311277535089],[-76.99012527755227,38.85306178021779],[-76.9899052751596,38.85301378249131],[-76.98922827222074,38.85290077426597],[-76.98869107972175,38.85282152132854],[-76.9886792714072,38.85281978155667],[-76.98861623169437,38.85281428028346],[-76.98804827564466,38.85276477623972],[-76.98766640807845,38.852737792303884],[-76.98766628135382,38.85273778328203],[-76.98708827495109,38.85271977599757],[-76.9864706560679,38.85272866945939],[-76.98646327136792,38.85272877670467],[-76.98645766081216,38.85272900126496],[-76.98590727322882,38.852750781584454],[-76.98551427622354,38.85278777616882],[-76.9853460833411,38.85280761877726],[-76.98533627909435,38.85280877963433],[-76.98512142671788,38.85283369680642],[-76.98501727815677,38.852845781814786],[-76.98478727448123,38.85287777705529],[-76.98460179752229,38.85291050740614],[-76.98460027674611,38.85291077745858],[-76.98459944722082,38.85291097553471],[-76.98440528048684,38.85295777559954],[-76.98422927014927,38.85300377604434],[-76.98401127488759,38.853065778467474],[-76.98383922512546,38.853120607130116],[-76.98381899344795,38.8531270543662],[-76.98364727751357,38.85318177469053],[-76.98344026934566,38.85325477688058],[-76.98330527024322,38.85330478148367],[-76.9832389631011,38.85332939203084],[-76.98282027651575,38.853484780691396],[-76.98241728039206,38.853635783104004],[-76.98215627881022,38.85372778266095],[-76.98195827649505,38.853801783529015],[-76.98175127811179,38.85386778316716],[-76.98164527928805,38.85389878258356],[-76.9815352703738,38.853932781077276],[-76.98134219249988,38.85398272916391],[-76.9813117180159,38.853990615676544],[-76.98107527266646,38.85405178087794],[-76.98074127912595,38.85411777608706],[-76.98052427394727,38.85415878250648],[-76.98019627687106,38.854200778694],[-76.97997626896743,38.85422477566638],[-76.97974827898054,38.85424178029706],[-76.97946227067096,38.85425678342829],[-76.97923327157572,38.854256778957115],[-76.97894927302615,38.85425378234303],[-76.9787072693358,38.8542457750076],[-76.97854527858577,38.85423478209278],[-76.97827827003417,38.85420477968933],[-76.97809227347788,38.85418278238239],[-76.97773864991878,38.854122521155475],[-76.97773427225074,38.85412178162933],[-76.97773024022314,38.85412098811838],[-76.97742927841026,38.854061780964216],[-76.97725627213558,38.85402177697997],[-76.97723926875256,38.85401778293126],[-76.97719826985046,38.85400677563651],[-76.9768236131851,38.853904339056214],[-76.97681461617847,38.85390218425469],[-76.97680856853398,38.853899876895014],[-76.9764212720284,38.85377078055928],[-76.97617227298444,38.8536717813887],[-76.97598627392755,38.85359477523502],[-76.97595226986996,38.85357977820462],[-76.97586626951757,38.85354078097222],[-76.97575927515143,38.85354577650434],[-76.97567026866177,38.85353877645586],[-76.97559427212543,38.85352277963552],[-76.97549127697108,38.85348977818899],[-76.97509126831343,38.85332177634891],[-76.9750372678659,38.853297775359],[-76.97492727365398,38.85325078182037],[-76.97460126793426,38.853105774675896],[-76.97454927061669,38.853086782583965],[-76.97452226949935,38.85307777727016],[-76.97446727543631,38.8530627752237],[-76.97441027608978,38.85304978159238],[-76.97438227127554,38.85304477577056],[-76.97435327533023,38.853040778668884],[-76.97431426797799,38.85303677935794],[-76.97421027286875,38.853032774705575],[-76.97405327253364,38.85302577640167],[-76.97362426771407,38.85302677930393],[-76.97329627409314,38.85303177649539],[-76.9732112761567,38.85302877523264],[-76.97304327147904,38.85302778167013],[-76.97220827154949,38.85302177545735],[-76.97123427279914,38.853022782712294],[-76.9701562663801,38.85302278239121],[-76.97011527521687,38.853024780786875],[-76.96997828718222,38.853043780462706],[-76.9699782674177,38.85309077745509],[-76.96997830171435,38.85309140805424],[-76.96998127294886,38.85314878353052],[-76.96997927101876,38.85358078242214],[-76.96997926988305,38.854158781454274],[-76.96997859821802,38.85435876846549],[-76.96997826939852,38.854455780179656],[-76.96997864506645,38.85449392197472],[-76.96997927447794,38.85455878284197],[-76.96997872766735,38.85465364148184],[-76.96997727200154,38.85490977782421],[-76.9699789799121,38.85509484746162],[-76.96997926602648,38.85512678242109],[-76.96997898945561,38.85512694450172],[-76.96992727044987,38.85515777605782],[-76.96989527212284,38.85516877611367],[-76.96985526840686,38.85517578335951],[-76.96913227294912,38.855170774946124],[-76.96844626916064,38.85517078074563],[-76.9681262741677,38.855171783848284],[-76.96792526984784,38.85516778311025],[-76.96787526980421,38.85516577850073],[-76.96782426698564,38.85516478253769],[-76.96762327603749,38.855156781540295],[-76.96745026998387,38.85514777905766],[-76.96733426917658,38.85513978320854],[-76.9672012648545,38.8551287826615],[-76.96704626893434,38.85511377601491],[-76.96680626607156,38.85508578189447],[-76.96662726442842,38.85506277738623],[-76.96640627332621,38.85503077912416],[-76.96623826527981,38.85500277750275],[-76.9660712726322,38.85497177612702],[-76.96597526440361,38.85495677617611],[-76.96593526853361,38.854946783172494],[-76.96588726564212,38.854936778807506],[-76.96585227035533,38.854925778292056],[-76.96582226554955,38.85491077948373],[-76.9657102659658,38.85484877764828],[-76.96562626482668,38.854733778342315],[-76.96557527017222,38.85466877649532],[-76.965509270203,38.854590780035544],[-76.96543927361203,38.85451078248263],[-76.96535626494327,38.8544177818596],[-76.96530327377005,38.85436077878517],[-76.96519527455736,38.85424878084165],[-76.96508326547125,38.854138781468805],[-76.96487527440192,38.85394077680063],[-76.96483826491243,38.853903777037324],[-76.96468726453313,38.85375977671256],[-76.96465026675567,38.85372277689206],[-76.96434527374966,38.85343278377081],[-76.96399326972056,38.853092778542795],[-76.96352227223576,38.852641778231245],[-76.96321826664297,38.85235378229227],[-76.9630532685691,38.852200775977984],[-76.96301827338212,38.85217077581801],[-76.96298127314043,38.85214178395641],[-76.96294226785423,38.85211378237444],[-76.96290227080017,38.85208778033671],[-76.96285926641688,38.85206277726484],[-76.9628162725379,38.85203978306145],[-76.96277027081213,38.852018778747166],[-76.96272426806445,38.85199978329548],[-76.96261127241274,38.85196177660897],[-76.9625632730385,38.85194978000848],[-76.96249726777015,38.851936777669465],[-76.96246426435629,38.85193177639018],[-76.96239627444365,38.85192478198236],[-76.96232827091801,38.851921778267496],[-76.96229427412534,38.85192177630126],[-76.96168834379972,38.85194641529443],[-76.94857309685602,38.86216838243233],[-76.93542659376803,38.87241823769313],[-76.93228881351733,38.87486312513687],[-76.93268826180713,38.874876787577726],[-76.93293826461334,38.87487878713489],[-76.93340725600605,38.87488578477784],[-76.93371126098678,38.87488778643522],[-76.9338342581493,38.874887784117504],[-76.93383226288769,38.87492678036055],[-76.93383125670711,38.874992784353374],[-76.93383326535827,38.87512578553926],[-76.93383525547209,38.875191782219034],[-76.93384325765028,38.875323786863],[-76.93386526584163,38.875575782333144],[-76.93387725615858,38.87566978278026],[-76.93388626183089,38.87573878322235],[-76.93390026206002,38.87582778513982],[-76.93391525526594,38.87591478775109],[-76.93393226619773,38.87600078255978],[-76.93397126484159,38.87617478385294],[-76.93399326594933,38.87626078146998],[-76.934018257891,38.87635278937421],[-76.93406026073144,38.876493785547275],[-76.93410426392569,38.87662778330389],[-76.93413626392423,38.876718786190104],[-76.93417025774193,38.87680978118153],[-76.93424326061853,38.876989783097955],[-76.93428225724274,38.87707978994515],[-76.93432326015756,38.87716878896547],[-76.9343472612073,38.877223789725655],[-76.93437325604461,38.87727878259237],[-76.93442826525202,38.877388788018955],[-76.93445725751278,38.87744278261596],[-76.93451725987407,38.87754978199444],[-76.93454926017311,38.87760378726195],[-76.93461626007527,38.877708781635],[-76.93492825874281,38.87818378851874],[-76.93502826460914,38.87832878930326],[-76.93524726680225,38.878660789269766],[-76.9353772604591,38.87885778481034],[-76.93562125654368,38.879222786614385],[-76.93582226538521,38.87952578651376],[-76.9358732620816,38.879603782183125],[-76.93597425761838,38.87975478225406],[-76.93602525822239,38.879828787137136],[-76.93612326059551,38.87997678563814],[-76.9362172615174,38.88012779067133],[-76.9362662669525,38.88021678432197],[-76.93626641650394,38.880217090688944],[-76.93629926352033,38.88028078894446],[-76.93634326372766,38.88037378856548],[-76.93637025678716,38.88043678996221],[-76.93639525695345,38.880498790335004],[-76.93641926511773,38.880561790093445],[-76.936441267073,38.880625788686125],[-76.93646126459538,38.88068878625185],[-76.93647856602165,38.880750953574996],[-76.93647979525205,38.8807553953813],[-76.93649325958803,38.88080378678187],[-76.93650525793005,38.88085478981748],[-76.93652625814372,38.88095678524671],[-76.93654226713784,38.881059786898646],[-76.9365532627384,38.88116278582316],[-76.93655926708496,38.88126678196534],[-76.93656125991511,38.88131978842731],[-76.93656125889956,38.8813727847974],[-76.93655826030849,38.88147878491692],[-76.93655126245805,38.8815847828619],[-76.9365452567845,38.881637784975815],[-76.93653026037273,38.88174378757927],[-76.93652025629753,38.88179578758615],[-76.93651125753364,38.88185778745256],[-76.93650526075501,38.88188778213557],[-76.9364972665319,38.88192178446627],[-76.93647825932894,38.88198878755222],[-76.93646526043568,38.88202578695242],[-76.93645026676246,38.88206378519694],[-76.93643425973761,38.88210078295642],[-76.93640325813556,38.882163788782634],[-76.9363862652354,38.88219478640986],[-76.93636825898392,38.88222478355103],[-76.93633826361425,38.882270791073736],[-76.93630326800363,38.88231478699048],[-76.93626426420217,38.88235578992359],[-76.93622126285568,38.88239478178953],[-76.93617426483148,38.88243078967821],[-76.93612426133436,38.8824637871018],[-76.9360702611772,38.88249378252233],[-76.93601425824242,38.882520786035016],[-76.93595626496568,38.882543788704126],[-76.93589526712184,38.882562789970116],[-76.93532525677942,38.882765786086665],[-76.93494507808595,38.882893737315655],[-76.93490925756825,38.88290578860114],[-76.9344312631973,38.883068789297155],[-76.93432153624755,38.88311129228771],[-76.93432072917487,38.88311160712752],[-76.93432025646503,38.88311178702948],[-76.93435220433622,38.8831501627126],[-76.93447925933546,38.883302791128],[-76.93467826064847,38.88353978718777],[-76.9347952594504,38.88368778832047],[-76.93481426348824,38.883714788060125],[-76.93483257891911,38.88373859844276],[-76.93483425965235,38.88374078841891],[-76.93483509994083,38.88374196898662],[-76.93491726473778,38.88385679067484],[-76.93496826536297,38.88393278681958],[-76.9349922607101,38.88397178848089],[-76.93501725972212,38.884009790764296],[-76.9350722569212,38.88410178798179],[-76.93513325791884,38.88420778754078],[-76.93516226500131,38.8842617909138],[-76.93518647256452,38.88430848581359],[-76.93519451491791,38.884323993710936],[-76.93521826231446,38.884369787509605],[-76.93524426132579,38.88442378919222],[-76.93529526645159,38.88453378284207],[-76.93531825646636,38.88458878277065],[-76.93560426517868,38.88525478668758],[-76.93568532784579,38.88544480920045],[-76.93572926381744,38.88554779022377],[-76.935784264984,38.885676135917386],[-76.93591826072809,38.88598879146233],[-76.9361622637106,38.886556786599854],[-76.9362552586552,38.88677278636298],[-76.93630708592734,38.88689506740767],[-76.93641926389795,38.887159785812536],[-76.93654552707139,38.88745110449462],[-76.93657225905427,38.887512790399775],[-76.9365819779659,38.887536091353695],[-76.93660226688897,38.88758478366546],[-76.93682025878812,38.88809578513084],[-76.93685144300623,38.888167544743254],[-76.93688325991819,38.888240791071205],[-76.93690495277126,38.8882925199072],[-76.93690926605309,38.88830279179149],[-76.93691362580782,38.88831264931515],[-76.93693226117811,38.88835479157662],[-76.93695237842658,38.88840263693987],[-76.9369612580643,38.88842378440241],[-76.9373612589768,38.889352790609244],[-76.93736479090538,38.889360422600525],[-76.93739226404635,38.88941978453211],[-76.9374190507936,38.88948641585087],[-76.93747226789759,38.889618786447265],[-76.93754509016924,38.8897794087676],[-76.93754526273618,38.88977978721179],[-76.93765426753471,38.88978179125187],[-76.93771026175828,38.88978378495093],[-76.93822826477874,38.889783789777724],[-76.93877726182758,38.88978479046925],[-76.93951757737072,38.8897847887759],[-76.94000526557771,38.88978478803862],[-76.94012906032971,38.88978522089818],[-76.94028926733203,38.88978578935412],[-76.94035326272478,38.889785786015864],[-76.94280626098515,38.889786787614085],[-76.94294833696229,38.88978709130955],[-76.94327026134363,38.88978778859944],[-76.94424735522406,38.889787790605865],[-76.94456426611403,38.88978778829133],[-76.94466579151282,38.88978834089782],[-76.944747260805,38.889788784838885],[-76.94503820238377,38.88978878696867],[-76.94584726226287,38.88978878649175],[-76.94614496892301,38.88979011323245],[-76.94629726868693,38.88979078691115],[-76.94671116395445,38.889790787285506],[-76.94675526452355,38.8897907893789],[-76.94677149384984,38.889790859834044],[-76.94698026199157,38.88979178354943],[-76.94724626012852,38.88979178687192],[-76.94738527085761,38.88979102079764],[-76.94742726224199,38.88979078746941],[-76.94743730180838,38.889790864054405],[-76.94792826070696,38.88979478638703],[-76.9481192649504,38.889797790090334],[-76.94826626447863,38.8897957833593],[-76.9483102090896,38.88978831685111],[-76.94924441460473,38.8897855915908],[-76.95177517684978,38.88977782659168],[-76.95195526432533,38.88979979115867],[-76.95255826419037,38.88979978538126],[-76.95301328012526,38.88977403417418],[-76.95308821698362,38.88976978531343],[-76.95309023578668,38.88976726377835],[-76.95308837835526,38.88976978537825],[-76.95593778644604,38.88978777664312],[-76.95594172851841,38.88978778713842]]],[[[-76.95593778644604,38.88978777664312],[-76.95336189971957,38.88977516480493],[-76.95385126446614,38.88978479093387],[-76.9545442730854,38.88978778319356],[-76.95593778644604,38.88978777664312]]]]},"properties":{"NAME":"Anacostia","GIS_ID":"dcps_450","DCPS_ID":"dcps_450","SHAPE.AREA":0,"SHAPE.LEN":0,"GLOBALID":"{DB128C6D-5438-4E93-9F15-657C938424A7}","CREATED":1725410751000,"EDITED":1725410751000,"OBJECTID":336}},{"type":"Feature","id":337,"geometry":{"type":"MultiPolygon","coordinates":[[[[-77.05908629832207,38.91832079157728],[-77.0590960368122,38.918328263568206],[-77.05925030690189,38.91844678914543],[-77.05934129753786,38.918513791986584],[-77.05943730441521,38.91858079220471],[-77.05953030600146,38.91865279349835],[-77.059583303951,38.91869479035315],[-77.0597063086143,38.918778793316875],[-77.05983230602395,38.91886978508264],[-77.059974308557,38.91897378553611],[-77.06010129835035,38.91906478550793],[-77.06051330371716,38.91936879320924],[-77.06077730329459,38.91955978594085],[-77.06122429909594,38.919888789037635],[-77.06135330116204,38.919982786354545],[-77.06149530899938,38.92008779387071],[-77.06202199507102,38.920470973053824],[-77.0622073086813,38.92060579228733],[-77.06237319296518,38.92072815406998],[-77.06251095720533,38.92082977547256],[-77.06279429883627,38.92103878792535],[-77.06283430708868,38.92107079102477],[-77.06286675835656,38.9210984651705],[-77.06286866251648,38.921100103661736],[-77.06290230245662,38.92112878609063],[-77.06293030197861,38.92115578699016],[-77.06302130210028,38.921251793745476],[-77.06311130183352,38.92136379074978],[-77.06313610419949,38.92141338621037],[-77.06313630059657,38.92141379147898],[-77.0631367049063,38.921414583993325],[-77.06320230860373,38.921544790923555],[-77.06323330041768,38.92160378770755],[-77.06325829934981,38.921666787424066],[-77.06327169254519,38.9217112903159],[-77.06329830556264,38.921799791721504],[-77.0633243079389,38.921927785953685],[-77.06334830474712,38.92203079216736],[-77.0633753025221,38.922123788496414],[-77.06340230034175,38.922203785803305],[-77.06343396070513,38.92228787035182],[-77.06343430747637,38.92228878901284],[-77.0634347235105,38.92228978871114],[-77.06346630756777,38.92236579282286],[-77.06351429800249,38.92246378633997],[-77.06352830487661,38.922497794163256],[-77.06355030509992,38.92253378847782],[-77.06357030505292,38.92257679235328],[-77.06359830195225,38.92262579141771],[-77.06366230702346,38.922732793486084],[-77.06371930876728,38.92282279161882],[-77.06375230623588,38.9228667882971],[-77.06379030511475,38.92291979056048],[-77.06379174817339,38.9229215463961],[-77.06382329909229,38.922959787523716],[-77.06385931010725,38.9230077912293],[-77.06390429838059,38.92306178955866],[-77.06403130193635,38.923205790170364],[-77.06406730063014,38.92323978587229],[-77.06410230851706,38.923274791038786],[-77.06423313049936,38.92339380924875],[-77.06423530029569,38.923395789887344],[-77.06423924718491,38.92339906674769],[-77.06434730208778,38.923488793263026],[-77.06447630686723,38.923586786769555],[-77.06452230333039,38.923619794905235],[-77.06461130503638,38.92368078613114],[-77.06466184298634,38.923711305403046],[-77.06466430065564,38.923712790416516],[-77.06466884687981,38.923715661555974],[-77.06471330532408,38.92374378795559],[-77.06482329932254,38.92380879411256],[-77.06493130635845,38.923869792565505],[-77.06503530465827,38.92392279375808],[-77.0651186260226,38.92396307762088],[-77.06512630977656,38.92396679377642],[-77.06513658866619,38.92397096790944],[-77.06524931048628,38.92401679342289],[-77.06543030702898,38.924092785526874],[-77.06548029998245,38.92410679249214],[-77.06551930469313,38.92412278742826],[-77.06555030063257,38.924132787300884],[-77.06557730647576,38.924142789404435],[-77.06564430516882,38.9241647861459],[-77.06567129950521,38.92417478823417],[-77.06574330227674,38.924195791191075],[-77.06577330651832,38.92420579156239],[-77.0658128014761,38.924215552365034],[-77.06581975692472,38.92421726903735],[-77.0658583060377,38.9242267871326],[-77.06589830773237,38.92423579092163],[-77.06593430871061,38.924245787869786],[-77.0660103086471,38.924261788787575],[-77.06609230809883,38.92428078603442],[-77.06622730236492,38.92430478885478],[-77.06635505635782,38.92433074142817],[-77.0663553101065,38.92433078632569],[-77.06638130328355,38.924466788224784],[-77.0663872264102,38.92479650746557],[-77.06638729958708,38.92480078637685],[-77.06638330581134,38.92568879290325],[-77.06638330495608,38.92597278920265],[-77.06638430178323,38.92618879012525],[-77.06638472123446,38.92621816601669],[-77.06638530108262,38.92625879320782],[-77.06638484487253,38.926313807272976],[-77.06638430568603,38.926378793594075],[-77.06638530969163,38.92689978913691],[-77.06638430634902,38.92728378727638],[-77.06638630453084,38.92753479389792],[-77.06638640714944,38.92755830554747],[-77.06638830741137,38.92801379198955],[-77.06638830784823,38.928447794639084],[-77.06638650304076,38.928961936247774],[-77.06638630038677,38.92901678799138],[-77.06636932430115,38.92901713994924],[-77.06628931064664,38.92901878884148],[-77.065961304659,38.92901979418719],[-77.0652820743371,38.92901895044482],[-77.06515630803322,38.929018795421754],[-77.06440730450811,38.929018787214495],[-77.06349108705459,38.92902038757431],[-77.06325929939521,38.92902079252563],[-77.06282145268766,38.92902017291651],[-77.06255430449853,38.92901979373206],[-77.06239441251311,38.92901978912257],[-77.06154130160864,38.92901979105812],[-77.06135611720967,38.929018870487674],[-77.06134030554801,38.929018788704646],[-77.06126745228794,38.929018790886985],[-77.06106130189109,38.929018790678654],[-77.06106022932511,38.92901878223072],[-77.06062730518387,38.92901579165112],[-77.06009165180329,38.929019554520615],[-77.05977230797141,38.92902179019804],[-77.0592913049119,38.929020792070574],[-77.0590096022316,38.92902040315837],[-77.05855930006344,38.92901979188666],[-77.05822630023904,38.92902079604255],[-77.05822567747057,38.929020805361105],[-77.0581923020962,38.929021794882495],[-77.05812530427802,38.92901779249894],[-77.0580583023965,38.92900879046464],[-77.05803030719987,38.92900279582336],[-77.0580033030149,38.928995791752314],[-77.05797730138275,38.92898778725485],[-77.05795397496682,38.928979267951036],[-77.05794776844091,38.928977009941754],[-77.0579476530609,38.9289769469408],[-77.0579253072392,38.92896878747762],[-77.05787729944662,38.92894479509698],[-77.05785530722973,38.92893178897218],[-77.05780200784434,38.92889597126323],[-77.05766002050427,38.92881701146092],[-77.05766583408155,38.9288182697565],[-77.05765730848489,38.92881478774529],[-77.05765524375487,38.92881435636479],[-77.05741408552774,38.92876367720325],[-77.05738130363427,38.92875679293466],[-77.05716507403542,38.928713316676415],[-77.05645130829325,38.928569791838115],[-77.05640725725841,38.928560678677016],[-77.0561903011742,38.92851579566777],[-77.05549130329963,38.92837478919818],[-77.05543470358381,38.928364060131265],[-77.05543329637467,38.928363790549305],[-77.05542925925086,38.92836295469087],[-77.05534130768423,38.928344790567955],[-77.05531631234369,38.928339883861625],[-77.05522430135443,38.92832179363851],[-77.05452029979202,38.92817779296172],[-77.05418612558796,38.928100386786994],[-77.05416629731762,38.92809579272969],[-77.05395630426503,38.92805879362765],[-77.05357129755255,38.927984787270105],[-77.05270830372217,38.927812787542514],[-77.05235730018998,38.92774178863666],[-77.05225429795122,38.92772079131161],[-77.05215229619009,38.927695793756946],[-77.05202029788157,38.927654792683455],[-77.05192429607496,38.92761779318157],[-77.05183130075606,38.927575792651645],[-77.05174230447194,38.92752979058462],[-77.05168430593268,38.92749679176168],[-77.05161730474791,38.92745378864694],[-77.05154230358423,38.92739978986766],[-77.05147130218594,38.92734278950876],[-77.05143829797859,38.92731378825253],[-77.0513722990222,38.92725279494639],[-77.0513413001283,38.92722179293447],[-77.05129530603477,38.92717079002523],[-77.05128029928399,38.92715078913941],[-77.05126430145874,38.92713178860949],[-77.05123429953856,38.927091795830854],[-77.05120630431223,38.92705179315665],[-77.05116730351261,38.92699078789903],[-77.05110529697289,38.92688378721408],[-77.05104229954463,38.92677779585854],[-77.0508563060936,38.926458793322794],[-77.05068930433504,38.92616678917559],[-77.05024530154614,38.92540778680705],[-77.0501483047244,38.92524578681276],[-77.05009829730349,38.925158787889316],[-77.05002529772767,38.92502679321926],[-77.04992430160155,38.92483378809998],[-77.04989230036385,38.92476878871595],[-77.04986829519234,38.92470979446048],[-77.04982429885555,38.92459279513684],[-77.04978529468801,38.924473793820134],[-77.04975129489772,38.92435379043367],[-77.0497223001644,38.92423379391353],[-77.04968929698917,38.924070793359014],[-77.04967430271219,38.92396778957072],[-77.04966329857467,38.923864793091205],[-77.04966029861986,38.923812789320976],[-77.04965729705644,38.92370878951305],[-77.04965829872899,38.9236567930491],[-77.04965730017645,38.92358079025437],[-77.04966829962642,38.92342878814675],[-77.04901130376798,38.92338478963604],[-77.04882829552379,38.923727795081064],[-77.04877830396019,38.92381179154086],[-77.04873429733058,38.92387878677799],[-77.04867630024785,38.92395978675872],[-77.04864529473524,38.92399978761139],[-77.04862729595625,38.92402079350112],[-77.04858029543279,38.92407779068602],[-77.04852430252174,38.924138791280576],[-77.04838029714963,38.92428579473175],[-77.04814529619706,38.92450879369091],[-77.04789630186187,38.92472678927745],[-77.04755730418262,38.92502478784602],[-77.04722429399831,38.92526078773711],[-77.04670830355082,38.925504787267904],[-77.04546329882332,38.92606779371832],[-77.04538529599115,38.92610779394674],[-77.04530829766293,38.92614979357995],[-77.04523230319948,38.926192792696874],[-77.04512129981885,38.926259794437556],[-77.04496529371151,38.92635879292492],[-77.04490729847859,38.92639779421686],[-77.04482130401166,38.926457795602275],[-77.04458330306481,38.92663379205977],[-77.04453529454938,38.92667278935457],[-77.04451030393027,38.92669178840853],[-77.04439430299273,38.92679178882099],[-77.0443313022558,38.9268497902658],[-77.04425530361327,38.9269067876674],[-77.04421830274477,38.926936790360564],[-77.04414830333126,38.92699779412241],[-77.04411430207422,38.92702979549521],[-77.04408229591552,38.927061787096996],[-77.0440203035821,38.927128796307166],[-77.04396429654095,38.92719579422378],[-77.04391830260289,38.92724878942644],[-77.04389029992373,38.92728378824736],[-77.04387529493209,38.927300792574606],[-77.04380829840302,38.92738879292439],[-77.04376529609121,38.927449795336294],[-77.04369429818054,38.92755779557783],[-77.04365530055739,38.927623787056774],[-77.04358230304041,38.927762794595466],[-77.04354429640799,38.92782779475051],[-77.04352730094088,38.92785279014863],[-77.0434892929906,38.92791579043913],[-77.043443301244,38.92795479553319],[-77.0433704508979,38.92797674883087],[-77.04337030099994,38.9279767939281],[-77.04337049706713,38.92797681187197],[-77.04348829896243,38.927987794271985],[-77.04367629457083,38.92800779468889],[-77.04385229624498,38.928027790296284],[-77.04402929786485,38.92806079326871],[-77.0442722971606,38.9280867895454],[-77.0444613003391,38.928112787855405],[-77.04453629747148,38.928130793945144],[-77.0446072993021,38.92814079311989],[-77.04458429841914,38.92818878919016],[-77.04458830230571,38.92826579073692],[-77.04460230297283,38.928357796319496],[-77.04463629474925,38.928475792260265],[-77.04466029936518,38.928538787239276],[-77.04476329845424,38.928721787766115],[-77.04482629458224,38.92878279494607],[-77.0448633009883,38.928833794826474],[-77.04489229753952,38.92885679092474],[-77.04495529812532,38.92894279610212],[-77.04500429700984,38.92899079155428],[-77.04513929442439,38.92908979490399],[-77.04523830369118,38.92919779332048],[-77.04539429352293,38.92933579423916],[-77.04543729393028,38.92938079206811],[-77.04549630213384,38.92942579265847],[-77.04557629778907,38.929502791570684],[-77.04576129703581,38.92969879420686],[-77.04584929590482,38.92977378994914],[-77.045862293654,38.929791792465195],[-77.04588629980186,38.92985479618513],[-77.0459463018754,38.929919794606846],[-77.04605630082854,38.93005779467976],[-77.04611830383936,38.93016678881591],[-77.04615430268444,38.930208789369395],[-77.04623330072124,38.93032779397074],[-77.04627429614516,38.93037379219946],[-77.04632729986913,38.93045879164087],[-77.0463703012426,38.93053879541343],[-77.04645430082657,38.93065078940795],[-77.04647229991225,38.93067978901256],[-77.04658929604693,38.93082679409281],[-77.04663429858061,38.93087979005082],[-77.0467093042732,38.930940791399635],[-77.0468472957328,38.93109379636445],[-77.04689530384313,38.931156790238624],[-77.04705429425513,38.93133879328214],[-77.04714530508254,38.93142879465761],[-77.04718130214611,38.931448796594516],[-77.04736629786044,38.9315557945291],[-77.04744529452685,38.9315807965774],[-77.04747029917618,38.93159879403383],[-77.04761729729402,38.93165979255342],[-77.04766430290681,38.93167079055427],[-77.04769629499445,38.93166879567441],[-77.04789029388634,38.931715793763594],[-77.04799130072003,38.93171278859685],[-77.04818029982667,38.93178479532288],[-77.04827729650822,38.931803789852374],[-77.0484452999721,38.931833790067714],[-77.04888830124547,38.931942795306945],[-77.04891629682768,38.93194879213469],[-77.04894030255844,38.93195579054883],[-77.04896329679144,38.93196778899309],[-77.04900430286662,38.93199178795718],[-77.04907230394925,38.93202579281432],[-77.04910030371113,38.93203778912967],[-77.04912830211063,38.93204779460268],[-77.04919329496198,38.93206779273394],[-77.04925730405843,38.93208279163251],[-77.04931730094776,38.93209979203355],[-77.04937930190482,38.93211279186812],[-77.04940829961384,38.932116788310026],[-77.04946729498393,38.932119790146196],[-77.04949529667088,38.93211779646302],[-77.04952429967088,38.932112793573836],[-77.04955129446815,38.93210579168446],[-77.049612297045,38.932092793840646],[-77.0496402952301,38.9320857915047],[-77.04966730502183,38.93208378919327],[-77.0497263010729,38.93208779082067],[-77.04975129670767,38.93209178888023],[-77.04983929749223,38.93210979502786],[-77.04989330311072,38.93211878930184],[-77.0499433031615,38.93212279465976],[-77.04996930292619,38.93212779216579],[-77.04999329868937,38.932136790212226],[-77.05001930267794,38.93214779624703],[-77.05004629713628,38.9321567929991],[-77.05007229832496,38.932163790326044],[-77.05009630072871,38.93216578889285],[-77.05012130584257,38.93216679611083],[-77.05016129732853,38.932157788661726],[-77.05019130116496,38.93213279574119],[-77.05023029722963,38.932118789084726],[-77.05027129676787,38.93213278838436],[-77.05032129731356,38.93215379225826],[-77.05037130071439,38.932178795798364],[-77.05042329588639,38.93219878983828],[-77.05050429669875,38.93223378817421],[-77.05052929597782,38.93224279468511],[-77.05058630544266,38.93225879580376],[-77.05064030027478,38.93228478841457],[-77.05066629572599,38.93229979399767],[-77.05068930544826,38.93231679170605],[-77.05073130260661,38.93235478854385],[-77.05078930510152,38.93242079424974],[-77.05080430271528,38.93244279502751],[-77.05081630306856,38.932466796950884],[-77.05082330587733,38.932485792427094],[-77.05082929945554,38.932512796727394],[-77.05084830395403,38.93257379272054],[-77.05085030268525,38.932594790216086],[-77.05085529798568,38.9326127956495],[-77.05087129609979,38.932646795048264],[-77.050883304469,38.93266578834135],[-77.05091730423538,38.93269678913664],[-77.05095030561998,38.93273478981192],[-77.05096529834613,38.93274979111511],[-77.05099129823458,38.932786794909276],[-77.0510002957012,38.93280478958138],[-77.05100530464532,38.93284179352179],[-77.0510063007305,38.932863791373244],[-77.05100329594111,38.93291978832181],[-77.05100030000494,38.93293979707919],[-77.05099629920738,38.932957788414136],[-77.05099130134859,38.93300079625238],[-77.05099130340244,38.93301979477083],[-77.05099829970173,38.933061797453185],[-77.05102130019264,38.9331137923698],[-77.05103230312083,38.933129795327105],[-77.05105629641436,38.933150792219394],[-77.05095329778464,38.933209796535834],[-77.05090729631544,38.93318579142815],[-77.05088430064887,38.93317279344736],[-77.05086030513787,38.93316479550737],[-77.05083529538604,38.93315778891731],[-77.05080430543137,38.933158793306276],[-77.05077230478898,38.93316578864999],[-77.05074129887902,38.933176792249526],[-77.05068429686094,38.933204796783585],[-77.05062729834181,38.93323779189002],[-77.05052829815726,38.933324791914906],[-77.05053651294693,38.93332885110932],[-77.05061129986962,38.933365788836774],[-77.05065508443514,38.933386317814794],[-77.05067529802929,38.93339579479868],[-77.05076530293967,38.93343978833994],[-77.0509532965114,38.93353078951573],[-77.05135729671846,38.933723795807865],[-77.05174930270901,38.93393079590715],[-77.05174983344784,38.933931056913046],[-77.05189429963322,38.93400378897303],[-77.05207429758362,38.93410279126216],[-77.05232330274103,38.934233795932],[-77.05248830210446,38.93432479591045],[-77.05257030414631,38.93436779172697],[-77.05248430675374,38.934490793734305],[-77.05244030001964,38.934467788261216],[-77.05239530215187,38.93444579214595],[-77.05224730210305,38.93436879235404],[-77.05194929901053,38.93421879278278],[-77.05186429885195,38.9341917966098],[-77.0517722992371,38.934166794311],[-77.05171729702283,38.934153792653184],[-77.05147129860966,38.93411179643017],[-77.05133130170317,38.93409479627015],[-77.05119030502098,38.93408279598965],[-77.05049630250574,38.93407179247197],[-77.0501172981598,38.93412778908149],[-77.05002530424262,38.934142791287606],[-77.04993230475252,38.934154794085316],[-77.04983829829655,38.93416178862088],[-77.04974430057156,38.934164792398036],[-77.04964429616287,38.934187797087986],[-77.04957730440016,38.93419878863126],[-77.04950929557221,38.93420678980978],[-77.04944129548907,38.93421079125768],[-77.04937330416234,38.934210792974994],[-77.04928729507735,38.934207793478485],[-77.04904730369684,38.93417778868339],[-77.04900129750541,38.9342307948298],[-77.04897629732805,38.93425479442424],[-77.04893229995764,38.93431079045799],[-77.04888729634547,38.93436279621661],[-77.04881930392754,38.934428792450504],[-77.04878429504905,38.934456795870204],[-77.04876630314709,38.934474792962476],[-77.04875129985004,38.93449478864883],[-77.04870329925627,38.93454979535004],[-77.0486733020789,38.934586795943105],[-77.04863829988078,38.93462478952465],[-77.04862029500812,38.934640795764025],[-77.04860129753304,38.93465579348323],[-77.04858529951925,38.93467178987427],[-77.04851929511193,38.93474479356352],[-77.04850229633894,38.93476479004525],[-77.04848730172667,38.93478079501437],[-77.04845430146854,38.934811797265084],[-77.04842029501643,38.93483879122803],[-77.04837529748215,38.93488379732955],[-77.04835329769735,38.93491079531073],[-77.04832929982983,38.93493379442707],[-77.04830830006924,38.93495579237757],[-77.04824129775905,38.93503779561316],[-77.04819129833756,38.93508879422815],[-77.04814430310898,38.93513079228893],[-77.04812630136641,38.935151789049236],[-77.0481063022339,38.93516979587215],[-77.0480713034926,38.93521378880781],[-77.048054296998,38.93523979376377],[-77.0480392967151,38.935264797970866],[-77.04802829598438,38.93528579183772],[-77.04800730486798,38.93530379004254],[-77.04799729671687,38.93532579242851],[-77.0479793001766,38.93537179621166],[-77.0479692980622,38.935402797886866],[-77.04795229406851,38.93544979217112],[-77.04792630154962,38.93552579687267],[-77.04792230185365,38.93554679686575],[-77.04791729735803,38.9355657974274],[-77.04790830256317,38.93561979687913],[-77.04789830071358,38.93570279446709],[-77.04789729781626,38.93572079346581],[-77.04789030519724,38.93576779264332],[-77.04789030362258,38.935799790132805],[-77.047892299564,38.93581779691066],[-77.04790229527231,38.9358457906168],[-77.04790329929465,38.93586379780088],[-77.04792329937654,38.93594979185956],[-77.04793430204711,38.9359657950999],[-77.04794630269963,38.935990797223084],[-77.04795230499322,38.93601479287629],[-77.04795930450452,38.936063795165104],[-77.04797930529456,38.936167796805236],[-77.04798829416646,38.93620778997289],[-77.04799030235121,38.93622679666413],[-77.04799129755344,38.93624879452718],[-77.0479913015003,38.93627179271858],[-77.04798829563778,38.93631279073144],[-77.04798530139887,38.93633679007495],[-77.04797929541911,38.93635879081182],[-77.04796730113458,38.9363947929058],[-77.0479573022346,38.93643079417956],[-77.04795330249691,38.93645179417011],[-77.04794730379265,38.936501792700845],[-77.04794230528836,38.936529792550125],[-77.04793129673337,38.936573793605916],[-77.047943303642,38.93659079635302],[-77.04795329957939,38.936601791387446],[-77.04795630113881,38.9366057898414],[-77.04797829458987,38.93661979773107],[-77.04798429896607,38.93664679314304],[-77.04797730169828,38.93666979420681],[-77.04796330253238,38.936691789213945],[-77.04795130011351,38.936715792251164],[-77.04794629554355,38.9367347928098],[-77.04794629611365,38.93675279139381],[-77.04793329838132,38.93677179523042],[-77.04790730378494,38.93677679648652],[-77.04790130110318,38.93680379682283],[-77.04791030165666,38.93682679132436],[-77.04793129572316,38.93684679015159],[-77.04795129450154,38.936861789776735],[-77.04795630426598,38.936884794920005],[-77.0479873000423,38.93699279171597],[-77.04799730076112,38.93701079520122],[-77.0480092962188,38.93702778893657],[-77.04805430440207,38.93708179321484],[-77.04808130243953,38.937110797845406],[-77.04811630320228,38.93713679040322],[-77.04813330253369,38.93715079130993],[-77.0481702953805,38.937171792433006],[-77.04821230292448,38.937188791790845],[-77.04829629773262,38.937209791493146],[-77.04838130149386,38.937221791426055],[-77.04842329825122,38.937222791972346],[-77.0484582944225,38.93722479532741],[-77.04853029644053,38.93723279184839],[-77.04859630136448,38.9372417907399],[-77.04866230425748,38.937247789831204],[-77.0486932980746,38.937249794782225],[-77.04872730163447,38.93725078954072],[-77.0488603013597,38.93724879723337],[-77.048891303968,38.93724679343487],[-77.04899730604477,38.93723379511122],[-77.04902929783442,38.93722779117638],[-77.04905830157598,38.93722079757403],[-77.04918729520926,38.93719679029163],[-77.04921529613699,38.93719079699356],[-77.04927630519302,38.9371807900923],[-77.0493103052764,38.93717679408458],[-77.04940630562696,38.93716179075812],[-77.0494382973561,38.93715579571958],[-77.04947229741222,38.93715179065646],[-77.04950830511598,38.937148793662615],[-77.04961030526371,38.93713679639905],[-77.04968130144495,38.93712479421253],[-77.04978430360761,38.937110796528565],[-77.04982029903827,38.93710679051424],[-77.04988429599912,38.93709779095138],[-77.0499143065788,38.9370957963131],[-77.04997329977576,38.93708978959382],[-77.05003730091269,38.937086789473085],[-77.05009430500677,38.93708979184416],[-77.05012530090451,38.937094796178464],[-77.0501832983569,38.9370997979227],[-77.05023829973923,38.93710879160285],[-77.05026830441965,38.93711479624654],[-77.05033029555351,38.93712379588532],[-77.05035930476913,38.93712479231953],[-77.05038430079198,38.937126790397926],[-77.0504922953087,38.93714279658472],[-77.05058529610838,38.93715979106652],[-77.05068629956408,38.93717379124859],[-77.05071530083373,38.937179796212654],[-77.05074229657345,38.93718779287445],[-77.05076429871923,38.937196791620195],[-77.05078929691568,38.93720178937487],[-77.0508203030196,38.93720479367779],[-77.05085330597079,38.93720979694629],[-77.05088530615764,38.937215791555],[-77.0509433000869,38.93723179205758],[-77.05101130574823,38.93724779717056],[-77.05108229736332,38.93726179208818],[-77.05111630598716,38.93726979460665],[-77.05118630063511,38.9372927981967],[-77.0512243008391,38.937301789848505],[-77.05133230660877,38.93733279407274],[-77.051368303505,38.93734679517207],[-77.05140329765797,38.937361796622525],[-77.05149830524644,38.93740979606161],[-77.05156029755136,38.93743579370817],[-77.05159129804396,38.93744679717887],[-77.05162330057132,38.937455791347986],[-77.05165830346753,38.937466793033025],[-77.05173230377258,38.937493794209864],[-77.05176630540201,38.93750779606936],[-77.0517873057479,38.93751879490826],[-77.0518513031347,38.937557790487396],[-77.05190430114999,38.937586791704234],[-77.0519303024421,38.9376067965955],[-77.05193173342705,38.937607804889254],[-77.05372510228122,38.93665383509891],[-77.05398583662662,38.936721997879346],[-77.05413464371593,38.93677443843713],[-77.05413030790548,38.93677579169035],[-77.05427730173233,38.93682479173497],[-77.05444430676383,38.936872791361615],[-77.05451830757205,38.936884791957304],[-77.05461130210821,38.93689279295591],[-77.05465730111216,38.93689378939226],[-77.0547972997092,38.936889796221394],[-77.05493729674266,38.936883794032546],[-77.0549776412505,38.93688121670516],[-77.0557343605837,38.936848707689656],[-77.0562793657417,38.93691320720753],[-77.05630145716113,38.93691762865207],[-77.05678175883443,38.93704282788027],[-77.05745075107458,38.937226252273],[-77.05788708770525,38.937237027112204],[-77.05806238523189,38.93720928468088],[-77.05868747023571,38.93701288881592],[-77.0587664004118,38.936805135759016],[-77.05924491708682,38.936832234379956],[-77.05929215926827,38.93691339323131],[-77.05930330587422,38.93693279145606],[-77.05931252309512,38.936948362130956],[-77.05935209577093,38.937016354712625],[-77.05939930465959,38.93709879271349],[-77.05980441470726,38.93779346837039],[-77.06004853439687,38.93821330109706],[-77.06006030518631,38.938233788928464],[-77.06006152751887,38.93823341896012],[-77.06011330370612,38.93821778996988],[-77.06014030062582,38.93821179457194],[-77.06019529962272,38.93820179407366],[-77.06025130462932,38.93819479279435],[-77.06033629889046,38.93819179422838],[-77.0605772989328,38.938192795610675],[-77.06065530674614,38.938193791109775],[-77.06081330885732,38.93819878968998],[-77.06104829912019,38.93821279220278],[-77.06120530553652,38.93822679006353],[-77.06136129957906,38.938243797016575],[-77.06151330745658,38.93826620183015],[-77.061517298865,38.93826679427719],[-77.06152440507711,38.93826798864061],[-77.06167230888965,38.93829279161499],[-77.06182630834459,38.938323797895684],[-77.06197830354883,38.93835779579123],[-77.0620511477041,38.938376125063],[-77.06205640854212,38.93837744648987],[-77.0621292988908,38.938395793704956],[-77.06220030973508,38.93841479047222],[-77.06241030179437,38.938476790752254],[-77.06254930708539,38.938520794050916],[-77.06268566206911,38.93856757316125],[-77.06268630818715,38.93856778901389],[-77.06268242073082,38.938554269643156],[-77.06266330741654,38.93848778964246],[-77.06264530175605,38.93843479446684],[-77.06263330180123,38.938403794334626],[-77.06262430080015,38.93837279259427],[-77.06261830940491,38.93834078931964],[-77.06261530542916,38.93830879345245],[-77.06261430843854,38.93827679650985],[-77.06261630950054,38.93824378903153],[-77.06262129884898,38.93821178888146],[-77.0626292995488,38.93818079604696],[-77.06263930633393,38.938148793207134],[-77.0626523022657,38.938118788606424],[-77.06267330567913,38.93809179749086],[-77.06269530190197,38.93806579675173],[-77.062720309452,38.93804079431368],[-77.06274630981767,38.93801679125838],[-77.06277269430468,38.93799676965906],[-77.06277529932764,38.93799479544246],[-77.06277712063428,38.93799352429409],[-77.0628053047139,38.937973789986394],[-77.06283630292405,38.93795379291824],[-77.06286930985303,38.937935794603774],[-77.06293930741539,38.937904795407775],[-77.06300630241338,38.937882797079254],[-77.06310730499006,38.93785278999425],[-77.063211309956,38.93782678989133],[-77.0632783931566,38.937813376268174],[-77.06328129928217,38.93781278915533],[-77.06328556611992,38.9378118229571],[-77.06333830184262,38.93779979533683],[-77.06345530759131,38.937775796821455],[-77.06357330877724,38.93775579733243],[-77.06369130014923,38.937737797572],[-77.06381031005913,38.93772379682141],[-77.06390030411423,38.93771479340602],[-77.06396230890422,38.93771079583941],[-77.06402035931897,38.93770890834802],[-77.06405188162604,38.93770788214845],[-77.06408530703324,38.937706791838835],[-77.06414730297072,38.937705793942754],[-77.06415492733035,38.93770600595729],[-77.06425230235644,38.93770879008361],[-77.06436330229803,38.93771479159819],[-77.06455829996928,38.93770079325881],[-77.06461730760809,38.93769879684265],[-77.06464142435841,38.93769718903844],[-77.06464730648568,38.937696789420016],[-77.06473630328193,38.93769479436962],[-77.06480730838697,38.9376947910546],[-77.06525630051904,38.937703792766044],[-77.06534030936672,38.93770879048112],[-77.06546410815744,38.93772265704883],[-77.06546530784789,38.93772279150138],[-77.06546631147185,38.93772294408035],[-77.06552630948684,38.93773179264354],[-77.06558930933386,38.937743792396375],[-77.06562630719829,38.93775178901582],[-77.06569830059952,38.93777279195964],[-77.06576830229828,38.937797795664856],[-77.06580230682889,38.93781179344036],[-77.06583530881133,38.9378267916919],[-77.0658993086201,38.93785978906063],[-77.06592951015558,38.93787732920482],[-77.0659303064566,38.937877797187234],[-77.06600130726264,38.93792278960552],[-77.06610950105026,38.93798689457775],[-77.06626630447789,38.93807978944967],[-77.06638982939103,38.93815786634815],[-77.06639130665341,38.938158793363854],[-77.06640917317897,38.938158567014895],[-77.06647030460962,38.93815779358566],[-77.06666130221089,38.93815779291112],[-77.06690130746486,38.938155791066485],[-77.067520311802,38.93815679537775],[-77.06767537045857,38.93815905686808],[-77.06786330252969,38.93816179452728],[-77.06817130287148,38.938159795618375],[-77.06863830638548,38.93815979255902],[-77.068695897091,38.93815938037693],[-77.06920030308446,38.938155794805525],[-77.06940030999861,38.93815679325064],[-77.07009630629666,38.938157792230164],[-77.07100830574495,38.93815779124385],[-77.07114357056935,38.93815907825209],[-77.07142831072048,38.93816179625689],[-77.0715353711245,38.93816019036349],[-77.07162930561927,38.93815879059921],[-77.07192730757764,38.9381587967707],[-77.07241214718756,38.9381626862667],[-77.07242530801386,38.93816279522043],[-77.07410430331865,38.93815778815445],[-77.07425843440117,38.93814413284281],[-77.07426230959865,38.9381437970737],[-77.0742624713893,38.938144094244784],[-77.07443781431839,38.93846205675488],[-77.07564315597445,38.938087681708794],[-77.07605583694068,38.93811372715185],[-77.07727253004221,38.93819049058582],[-77.07785098609656,38.9380914298165],[-77.07787930366425,38.93809208657458],[-77.07926713054587,38.93812438525203],[-77.07991031180725,38.9381262173888],[-77.07999825008757,38.938126472525354],[-77.08186235943198,38.9381317758967],[-77.08197030952961,38.942525803200816],[-77.0825230949874,38.941879402505066],[-77.08252530668653,38.94187679754669],[-77.08252640105842,38.94187554462117],[-77.08306430520985,38.941246555810125],[-77.08344326103598,38.940803726357196],[-77.08344330724894,38.940803789382294],[-77.08345798237437,38.94078652801851],[-77.08353930584607,38.94069079281321],[-77.08377278438915,38.94041854813873],[-77.08383430702867,38.940346788979745],[-77.08383418012563,38.940346771054145],[-77.08401898860618,38.94013070948187],[-77.08416330613008,38.939960790244584],[-77.08433082448138,38.93976615333407],[-77.084455894275,38.93961993042346],[-77.08513386215056,38.93882644705912],[-77.08563574168413,38.93823345140077],[-77.08563630727949,38.938233793301784],[-77.08587510311004,38.93795568499704],[-77.08604752158558,38.938063459622654],[-77.08605031088551,38.93806179103357],[-77.08614530991134,38.93812078848524],[-77.08622174130471,38.938172358701],[-77.08622830972818,38.93817679494776],[-77.08624173542715,38.938186072600566],[-77.08645531203177,38.93833379508315],[-77.08662131154205,38.93844478956681],[-77.08702330911315,38.938737792204506],[-77.08724931215642,38.93890479074021],[-77.087647308733,38.939194794432865],[-77.08811531483056,38.939533794186715],[-77.08835069728539,38.93970742261611],[-77.08845830997205,38.939786794416364],[-77.08909109754987,38.94024634957334],[-77.0891633127432,38.940298794866365],[-77.08945199282661,38.94051080978367],[-77.08964530923976,38.940652794591735],[-77.09008231632406,38.94097279364647],[-77.09026730850998,38.94110679347154],[-77.090440318049,38.94123279389777],[-77.09049762929172,38.94127388141935],[-77.09077931427319,38.94147579113311],[-77.09086431583559,38.941539792085244],[-77.09087505349547,38.941547783104106],[-77.09102431866957,38.94165879329462],[-77.09175331802173,38.9421897938056],[-77.09187531048242,38.9422777900941],[-77.09189231733231,38.94229000098089],[-77.09199931164329,38.94236679360201],[-77.09256331469672,38.942781792834666],[-77.0926203194413,38.942824789306165],[-77.09262505353156,38.942828397880604],[-77.09272031248614,38.9429007940782],[-77.0928493183155,38.94299579222876],[-77.09309431257371,38.943171790571114],[-77.09310025878627,38.943176073782716],[-77.09335531156371,38.94335979267627],[-77.09367731569647,38.94359579555022],[-77.09394031469543,38.943784794653965],[-77.0942423134664,38.94400679512917],[-77.09459231659139,38.94425778970255],[-77.09478774928158,38.944405763729286],[-77.09480231006985,38.94441679608582],[-77.0967653193504,38.94585179361026],[-77.09676822909833,38.94585383608309],[-77.09688131623058,38.94593279014537],[-77.09691339812954,38.945959211887],[-77.09691531519806,38.945960795756385],[-77.09713812695313,38.946122363642345],[-77.09733731429843,38.94626678998481],[-77.09741566082322,38.946323071562055],[-77.09755031090084,38.94641979836805],[-77.09803131767892,38.94677381804077],[-77.09844431413447,38.94707779792607],[-77.0984746496588,38.94710019400089],[-77.09878431096168,38.94732879725873],[-77.0989963217461,38.947481794805924],[-77.0991043369392,38.94755988619668],[-77.09929231905299,38.94769579683536],[-77.0995933114406,38.94791679329013],[-77.1004373133193,38.94852879671157],[-77.10061531348548,38.94865879533476],[-77.10093432270766,38.94890479780647],[-77.10094356190945,38.948928373515336],[-77.10100406498184,38.94908848853579],[-77.10668385845668,38.94464687048468],[-77.11567394111647,38.93761378375727],[-77.11981140511503,38.934374173916],[-77.11969231927704,38.93424379252667],[-77.11967980722271,38.9342312747784],[-77.11967733831113,38.934230862924124],[-77.11965934601045,38.93423106151213],[-77.11964331504676,38.934231618422054],[-77.11962751173434,38.934230373434524],[-77.11960951671345,38.9342289505216],[-77.11959175070564,38.934226536457366],[-77.11957767050332,38.934221145876826],[-77.11956704286496,38.93421124760709],[-77.11955744812805,38.93419828545398],[-77.11954981337048,38.93418487087972],[-77.11954829299268,38.934172350882164],[-77.11954931335433,38.93416181011427],[-77.11954630220467,38.934154426378925],[-77.1195355686073,38.93415011336763],[-77.11952149174658,38.934146704605325],[-77.11950787789624,38.93414428628218],[-77.11949426631156,38.934143219201836],[-77.11948192373683,38.93414233098886],[-77.1194702733357,38.934141532150186],[-77.11946058411753,38.93414100155515],[-77.11945343623863,38.934142810523014],[-77.11944768010089,38.93414921230682],[-77.11944504409979,38.93415921422632],[-77.11944552219963,38.93416921296322],[-77.11944876431558,38.93417677663131],[-77.11944150215204,38.93417921629699],[-77.11942835115568,38.93417769832269],[-77.11941588916501,38.934174377980774],[-77.11940446264472,38.93416952516666],[-77.11939626164245,38.934162326895645],[-77.11938921129743,38.93415350595259],[-77.11938112231734,38.93414432573754],[-77.11937510910437,38.93413496323554],[-77.11937440230137,38.93412613581234],[-77.1193696596078,38.9341178530098],[-77.11935926419581,38.934108855314975],[-77.11934690624817,38.934098778625824],[-77.11933281794792,38.934088523535856],[-77.11931607720328,38.9340784513182],[-77.11929483681567,38.93406748285971],[-77.11927324786193,38.93405498334015],[-77.11925396309225,38.93404095005262],[-77.11923536959817,38.93402646564108],[-77.1192157401888,38.93401324344681],[-77.11919542162711,38.93400173353125],[-77.11917879294636,38.93398967935094],[-77.11916608572213,38.9339776211701],[-77.11915291971438,38.933967094868564],[-77.1191364109014,38.933957743053455],[-77.11911840557467,38.93395010434044],[-77.11910282337648,38.933943093737234],[-77.11908804718426,38.9339352715626],[-77.119069577964,38.93392610190173],[-77.11905041537469,38.93391612219614],[-77.11903713165235,38.93390415467146],[-77.11903134000434,38.93388929685569],[-77.11902578023502,38.933875159468364],[-77.11901722367112,38.933862196212964],[-77.11900831839417,38.93384761181587],[-77.11900021927386,38.933832305932285],[-77.11898958696288,38.93381952495442],[-77.11897561109932,38.933807468044144],[-77.1189619810997,38.93379532069697],[-77.1189512330137,38.93378226958404],[-77.118940829889,38.9337685875372],[-77.11893123818052,38.933757336907945],[-77.11892084678291,38.93375068133064],[-77.11890919149428,38.93374690969805],[-77.11889488797593,38.933745843251856],[-77.11888196774396,38.93374432498134],[-77.11887319376584,38.93373928925076],[-77.11886452836734,38.93373019966873],[-77.11885459141776,38.933719399799834],[-77.11884453583147,38.93370661822205],[-77.11883701524575,38.933692392736],[-77.11883295640374,38.933679154644146],[-77.11882832298369,38.93366717829996],[-77.11881988526972,38.933656286820614],[-77.11880798987248,38.933646840185375],[-77.11879609477867,38.93363757371491],[-77.11878443096059,38.9336286673406],[-77.11877322804017,38.93361949024743],[-77.11875856443656,38.933609956337065],[-77.11873905791737,38.93360114801],[-77.1187227796158,38.933591615735494],[-77.11871272752074,38.9335809060544],[-77.1187086715579,38.93356937953439],[-77.11870553348582,38.93355496942205],[-77.1187005491379,38.93354002068595],[-77.11869395323647,38.93352696533175],[-77.11868585856871,38.93351427183161],[-77.11867776255441,38.933500767584164],[-77.11867150742107,38.93348455897331],[-77.11866640040266,38.933465196287024],[-77.11866244674644,38.933445832429555],[-77.1186618360343,38.93342538418037],[-77.11866307144608,38.93340538447243],[-77.1186622393577,38.93339052160162],[-77.1186584136356,38.933378724596324],[-77.11865239863334,38.933368190977184],[-77.11864511359002,38.93335684789887],[-77.11863448815849,38.93334812062134],[-77.11862156575607,38.93334525107729],[-77.11860841508084,38.933343823093495],[-77.11859607085745,38.93334185379115],[-77.11858533459319,38.93333582911542],[-77.118576434564,38.93332430750505],[-77.11856787994556,38.93331242521109],[-77.11856070860931,38.93330009109764],[-77.11855653240822,38.93328559195059],[-77.11855155005752,38.933271814286016],[-77.11854311063546,38.93325984179018],[-77.11853490368452,38.93324895005543],[-77.118531193776,38.933237423177594],[-77.1185308274023,38.93322517224381],[-77.11853103531043,38.933211479397535],[-77.11853089511526,38.933196525740485],[-77.11852798836559,38.93318247572033],[-77.11851978127612,38.933171493901426],[-77.11850950578696,38.93316510841875],[-77.11850016361332,38.93316511789105],[-77.11849152363261,38.93317125230346],[-77.1184817320918,38.933178468880136],[-77.11846951281555,38.93318226475795],[-77.11845313113308,38.93317984911724],[-77.11843674286767,38.93317346982326],[-77.11842461618275,38.93316357296708],[-77.11841640896178,38.93315250105787],[-77.11841511992475,38.93314025105833],[-77.11841786643076,38.93312727630504],[-77.1184258055723,38.933115827703574],[-77.11843801556186,38.93310644668563],[-77.11844676548733,38.933097069173],[-77.11844755487677,38.933086258397424],[-77.11844361102791,38.93307274992471],[-77.1184364327044,38.933056181903076],[-77.11842752450467,38.93303970571696],[-77.11841585828712,38.93302926789425],[-77.11840154519656,38.93302234599387],[-77.11838551225118,38.93302155148676],[-77.1183713273621,38.933022376602075],[-77.11836025398215,38.93302166715149],[-77.1183482576214,38.93302077846822],[-77.11833326179709,38.93301944240491],[-77.11831595642839,38.93301639709822],[-77.11829749457023,38.933011461213795],[-77.11828445107876,38.93300507851284],[-77.11827486704819,38.93299833197709],[-77.11826574421079,38.93299149489074],[-77.11825777472694,38.932984656636684],[-77.11825015169842,38.93297808828098],[-77.11824160509362,38.93297098036032],[-77.1182315576398,38.93296297312597],[-77.11822196958701,38.93295379434534],[-77.11821491861053,38.93294443283156],[-77.11821179246475,38.93293713925977],[-77.11820843729217,38.932930836834],[-77.11819769918124,38.932923641043395],[-77.1181846528777,38.93291554675452],[-77.11817529550741,38.932906367736734],[-77.11817043545983,38.9328967337555],[-77.11817065015468,38.93288709464322],[-77.11817190047577,38.93287601315367],[-77.11817337803248,38.93286285952228],[-77.11817508297379,38.932847723832005],[-77.11817667347532,38.93283312875614],[-77.11817573362549,38.932822770146046],[-77.11817402380193,38.93282104227868],[-77.1181693796044,38.93281638066802],[-77.11815737701066,38.93281170847981],[-77.11814468046859,38.932805865911085],[-77.11813106035403,38.93279948377567],[-77.11811502029882,38.93279436524822],[-77.11809644138656,38.932788348452554],[-77.11807809105868,38.93278107025914],[-77.11806308469923,38.93277333826928],[-77.11805453604943,38.932764969172844],[-77.11805382867766,38.932755691324466],[-77.11805462155341,38.9327469524595],[-77.11805299165269,38.93273776562603],[-77.1180458253851,38.93272840421816],[-77.11803750398225,38.932717962978806],[-77.1180290670979,38.93270743177236],[-77.11801936347263,38.932698072925156],[-77.11800666606754,38.93269168984346],[-77.1179924705062,38.932686028937866],[-77.11798115622764,38.9326791039582],[-77.11797122462602,38.93267136683357],[-77.11796290711571,38.93266326774645],[-77.11795874195286,38.932655344634256],[-77.11795941980253,38.93264678605215],[-77.11796101794455,38.93263678521099],[-77.11796226888997,38.93262606405511],[-77.11796317502362,38.93261606391231],[-77.11795958728152,38.93260859063299],[-77.1179495416987,38.932601664369706],[-77.11793615275667,38.93259555222753],[-77.11792115211308,38.93259124337268],[-77.11790603926501,38.932588826374996],[-77.11789623150895,38.93258622385777],[-77.11789426322521,38.93258163160321],[-77.11789598013542,38.932573702555196],[-77.11789884785796,38.93256424093291],[-77.1179021749812,38.93255360776634],[-77.1179038884636,38.93254360680938],[-77.11790572025926,38.93253540739587],[-77.1179072084347,38.932528649659176],[-77.11790766172824,38.93252378471237],[-77.11790823050514,38.93251900973226],[-77.1179087973453,38.93251306367324],[-77.1179086699444,38.93250576706748],[-77.11790461983321,38.9324976636708],[-77.1178965361475,38.93249145608875],[-77.11788603937775,38.932490655928476],[-77.11787462037988,38.9324901269468],[-77.11786377909652,38.93249022796337],[-77.11785755580462,38.932493116899565],[-77.11784775342363,38.93249375736586],[-77.11783425751325,38.932492689975554],[-77.11782433518297,38.93249053798351],[-77.11781671254496,38.93248414976488],[-77.11781069848666,38.932474066515596],[-77.11780722089266,38.932463440210455],[-77.11780362930483,38.9324536247684],[-77.11780257432866,38.932443356353815],[-77.11780486226132,38.93243200357204],[-77.11780703337055,38.932419750076555],[-77.11780839847889,38.932408308141724],[-77.11780942056086,38.932398668215434],[-77.11780975510261,38.93239173147637],[-77.11780766881647,38.932385517842555],[-77.11780154464279,38.93237858761357],[-77.1177939211258,38.93237165889538],[-77.1177848007957,38.93236626309854],[-77.11777429720078,38.93236131911056],[-77.11776379241715,38.932355654457794],[-77.11775421030833,38.932349988874414],[-77.11774705140841,38.93234504151415],[-77.11774312067537,38.9323393702362],[-77.11774241602608,38.932331713878995],[-77.11774355345007,38.93232207383694],[-77.11774515072248,38.93231153250019],[-77.11774640437241,38.93230243283983],[-77.11774581594968,38.93229531686439],[-77.11773877090235,38.93228946855744],[-77.11772711219659,38.93228344473111],[-77.1177121079132,38.93227688377438],[-77.11769779340634,38.93226897087392],[-77.11768981989432,38.932259610256416],[-77.11768530491753,38.93224934532446],[-77.11768251891104,38.9322384480694],[-77.11768227054982,38.93222772842538],[-77.11768144789788,38.93221845068994],[-77.11767935895179,38.932210615559754],[-77.11767646370942,38.93220341182339],[-77.11767310891605,38.932197289547325],[-77.11766975813725,38.932193599512026],[-77.11766306654083,38.93219225500177],[-77.1176527942424,38.93218767110249],[-77.11763721510012,38.93218219171246],[-77.11761967751329,38.93217806553842],[-77.11760283416059,38.9321752899104],[-77.11758991052655,38.932171519421715],[-77.11758251623438,38.932163689627444],[-77.11757972994984,38.932152612203765],[-77.11758086397612,38.93214090025406],[-77.11758038585428,38.93213072133971],[-77.11757587535784,38.93212315889315],[-77.11756721670824,38.93211794278093],[-77.11755394767927,38.93211453296828],[-77.1175398735427,38.93211247521097],[-77.11752752778013,38.93210942479938],[-77.11751863713188,38.93210339816856],[-77.1175181624341,38.93209529116277],[-77.11752795110245,38.93208636308842],[-77.11754131273757,38.932075990089594],[-77.11754659729698,38.93206337313435],[-77.11754772954521,38.93205058018881],[-77.11754920838808,38.93203814722723],[-77.1175499962682,38.93202634554262],[-77.11754778562255,38.93201463695688],[-77.11754164918011,38.93200022982494],[-77.11753274339796,38.93198501472932],[-77.1175216513306,38.93197286465836],[-77.11751321490763,38.93196251357918],[-77.11750869804509,38.93195107756081],[-77.11750417643333,38.9319367588863],[-77.1174995366694,38.93192072875057],[-77.11749466906109,38.93190641042347],[-77.11749049998662,38.93189605505243],[-77.1174835691456,38.931889485949704],[-77.11747110334142,38.93188355299194],[-77.11745529168364,38.93187690273022],[-77.11744132862724,38.93187223243803],[-77.11743140268605,38.931867828337346],[-77.11742309037477,38.93186279203258],[-77.11741615998834,38.931856493174834],[-77.11741176396995,38.93184839010769],[-77.11740725172925,38.931839746658206],[-77.11739870445497,38.93183209817638],[-77.11738969614598,38.931824630323305],[-77.1173867981307,38.93181571500215],[-77.11739047025696,38.93180445092012],[-77.11739748556352,38.93179228264832],[-77.1174019647229,38.93178083758892],[-77.11740275262456,38.93176903590466],[-77.11740042652956,38.93175723734848],[-77.11739521680906,38.93174526152238],[-77.11739070057243,38.931734185831026],[-77.11739068055014,38.93172202462567],[-77.11739273296456,38.93170769934301],[-77.1173945550086,38.93169355445798],[-77.11739637749683,38.93167967982192],[-77.11739773998711,38.93166661639617],[-77.11739898922035,38.931654814248326],[-77.11739839164161,38.931642113124006],[-77.11739525332598,38.9316273426392],[-77.1173919984921,38.93161185160611],[-77.11738494123193,38.931598526387674],[-77.11737096800279,38.931587640359496],[-77.11735296109136,38.931578560043015],[-77.11733668521576,38.931570108567925],[-77.11732421710796,38.931562734266045],[-77.1173142875117,38.931556078080035],[-77.11730608613178,38.93154833916074],[-77.11729880385971,38.931538437322665],[-77.11729324891479,38.93152691225383],[-77.11729230595029,38.931514571807945],[-77.11729678303449,38.93150186558987],[-77.11730622046353,38.931489784975064],[-77.11731173776167,38.9314784289596],[-77.11730825732634,38.931466000977515],[-77.11729970388325,38.931454569001595],[-77.11729057644663,38.93144475909789],[-77.11728560039641,38.93143458469489],[-77.11728385292129,38.93142395663602],[-77.11728049197504,38.93141405086146],[-77.11727447837916,38.93140414774857],[-77.11726661842607,38.93139361590583],[-77.11725771944498,38.93138245452286],[-77.11724685922033,38.93137093477407],[-77.1172353053745,38.931358424805346],[-77.11722501782101,38.93134447223479],[-77.11721530737833,38.93133078933398],[-77.11720606078674,38.93131863738085],[-77.11719738923189,38.93130549393558],[-77.11718998500466,38.931291538470475],[-77.11718246870497,38.93127956494673],[-77.11717472574006,38.93127002389505],[-77.11716986889977,38.93126219152944],[-77.1171715868949,38.931254893071184],[-77.11717792277419,38.93125038256101],[-77.11718876564667,38.93125136260414],[-77.11719983962848,38.93125261266403],[-77.11720860488975,38.931252603873986],[-77.11721390336739,38.93124845473483],[-77.11721342945039,38.93124079814154],[-77.11720626551659,38.93123269784173],[-77.1171939132578,38.931225593658866],[-77.11718317506187,38.93121812752369],[-77.11717496929388,38.931207686104344],[-77.11716595531404,38.93119670499566],[-77.1171538279575,38.93118608733981],[-77.11714365918112,38.9311742065553],[-77.11713787125724,38.931161240381286],[-77.11713312191733,38.93114863349873],[-77.11712837598274,38.93113809852525],[-77.1171231707924,38.93112882517605],[-77.11711911833324,38.93111919033882],[-77.11711460203128,38.93110802455243],[-77.11710777731248,38.93109578008104],[-77.11709772433257,38.93108416942582],[-77.1170859434454,38.931073821665045],[-77.11707336292856,38.93106815902852],[-77.11705963959326,38.931068893439864],[-77.11704868851648,38.931072237484884],[-77.11704142289027,38.93107242492751],[-77.11703207285836,38.93106747971671],[-77.11702260246892,38.931059471798086],[-77.11701220779901,38.93105047388932],[-77.11700111877428,38.93104003534412],[-77.11699106611523,38.93102860484564],[-77.1169820530731,38.93101816422048],[-77.11697338676854,38.93100817366341],[-77.11696506690568,38.93099845300848],[-77.11695755481206,38.93098900179403],[-77.11695442577756,38.93097981644259],[-77.11695729415202,38.930970715172634],[-77.11696408691411,38.93096350172166],[-77.11697284356842,38.9309582681343],[-77.11698056430346,38.93095429674754],[-77.1169844789372,38.93095023908685],[-77.11698504155582,38.93094168062306],[-77.11698088044484,38.93093609963189],[-77.1169706034945,38.93092854293203],[-77.11695997862978,38.930919815498285],[-77.11695004649745,38.930911537786216],[-77.11693942355845,38.93090398142981],[-77.11692695546046,38.930896517001585],[-77.11691344583387,38.93088689161797],[-77.11690097065237,38.93087510320214],[-77.11689022589435,38.930863583303754],[-77.11688478876253,38.93085349942702],[-77.11688384927405,38.930843230885685],[-77.11688510049765,38.93083259982073],[-77.1168862381613,38.93082304986728],[-77.11688980015268,38.93081493881986],[-77.11689393762008,38.93080610653139],[-77.1168951889892,38.93079556554926],[-77.11689470772521,38.9307834048031],[-77.11688650057275,38.93077206253242],[-77.11687495456549,38.93076423684364],[-77.1168605305863,38.93075965702545],[-77.11684380278206,38.93075679108894],[-77.11683376155392,38.930752296968876],[-77.11683271308972,38.930745902112065],[-77.1168335080117,38.93073833433133],[-77.11683338042869,38.93073085755596],[-77.11682967904439,38.93072428518479],[-77.11682540203635,38.93071834397102],[-77.11681985653,38.93071249410825],[-77.11681407947603,38.93070610397759],[-77.11681602963296,38.93069970612342],[-77.1168272064557,38.930693389129715],[-77.11684115123178,38.93068706936774],[-77.11685267625921,38.93068210327097],[-77.11686119941905,38.93067515834496],[-77.11686637176425,38.930664433275886],[-77.1168607000018,38.9306519173867],[-77.11684741814085,38.93064049010391],[-77.11683494744155,38.930631404171166],[-77.11682558995444,38.93062186470926],[-77.11681842110882,38.93061070156193],[-77.11681067472345,38.930598998492385],[-77.11680097597194,38.930592342031034],[-77.1167905930547,38.93059046066055],[-77.11678147893002,38.93058866810451],[-77.1167736299094,38.93058471228764],[-77.11677015949579,38.93057831984997],[-77.11677210714525,38.93057039058502],[-77.1167802825353,38.93056236501416],[-77.11679007359398,38.9305549684104],[-77.11679086748548,38.93054677004853],[-77.11678554646079,38.93053713646641],[-77.11677699498327,38.93052678544654],[-77.11677167189654,38.930515890701436],[-77.11677234588515,38.93050489988109],[-77.11677359564413,38.9304933679864],[-77.11677518829794,38.93047994400246],[-77.11677700807249,38.930464357795394],[-77.11677882932169,38.93044967241846],[-77.11677985121972,38.93043985233156],[-77.11678053199316,38.9304330053302],[-77.11678133045815,38.930427599541986],[-77.11678085142916,38.93041679003988],[-77.11678152113674,38.93040318681154],[-77.11678368085164,38.93038390685432],[-77.11678410543709,38.93036147571973],[-77.11677853547074,38.93034067207211],[-77.11677020066465,38.930321762933275],[-77.11676221613341,38.93030546585594],[-77.11675261741681,38.93028944064005],[-77.11674013410708,38.93027260755614],[-77.11674050723204,38.93021873744416],[-77.11673784385916,38.93021216403264],[-77.11673563827003,38.9302034281675],[-77.11673758679801,38.93019603940078],[-77.11673895970462,38.93018928179117],[-77.11673422008629,38.930182530287],[-77.1167309828642,38.930177669028794],[-77.11672716810457,38.93017226784829],[-77.11672220062903,38.93016722815154],[-77.11671457627364,38.93015957869583],[-77.11671641360084,38.930154712369344],[-77.11671975081543,38.930150204877634],[-77.1167236593737,38.93014245382083],[-77.11672341676777,38.93013515732574],[-77.11672456034059,38.93012921069386],[-77.11672339420535,38.93012137462205],[-77.11671808575561,38.93011939809372],[-77.11671023605295,38.93011499185711],[-77.1167042291333,38.93010905236582],[-77.11670133584406,38.93010292959873],[-77.11669786605017,38.9300968974905],[-77.11669496922363,38.930088612730536],[-77.11669265406272,38.93008339021783],[-77.11669056794145,38.93007717656138],[-77.11668836059323,38.9300673596988],[-77.11668834496646,38.93005781089743],[-77.11668890776095,38.930049342516675],[-77.11669212286027,38.93004069132135],[-77.1166926853593,38.93003204277446],[-77.11669070616678,38.930020694269956],[-77.11668953871013,38.930012047450326],[-77.11668975964085,38.93000610173986],[-77.1166888252041,38.929998896018475],[-77.11668580317517,38.92998457581006],[-77.11668301151323,38.929970075205155],[-77.11667791413113,38.929956117401225],[-77.1166712005059,38.929941170295486],[-77.11666356895802,38.92992910676744],[-77.11665674384007,38.92991650193481],[-77.11665199378388,38.929903354531554],[-77.1166516111899,38.929902129782164],[-77.11663932320786,38.92988479202553],[-77.11662332059556,38.92985979189558],[-77.11661031812616,38.92984278815656],[-77.11660031753003,38.92982779027613],[-77.11658932346464,38.92981179346257],[-77.11657332415572,38.92978879316883],[-77.1165603200766,38.929770789502285],[-77.11654431915196,38.9297467892827],[-77.11652632139639,38.92972179112841],[-77.1165153174649,38.92970679424081],[-77.11646832471386,38.9296387922428],[-77.11643832167165,38.929578790703175],[-77.11641732277488,38.92950978988419],[-77.11641031767483,38.92948578969223],[-77.11641132472877,38.9294597906809],[-77.11643631851166,38.929446793803436],[-77.11644132248529,38.929424790503106],[-77.11644631665796,38.92939678767179],[-77.11645531940317,38.92936579008386],[-77.11644431899728,38.92933878509581],[-77.1164393240172,38.92930979229318],[-77.1164423263558,38.929276791828684],[-77.11643731983324,38.92924779002886],[-77.11642331763048,38.92921878818195],[-77.1164093219689,38.929193786020505],[-77.11639032593442,38.929171788607576],[-77.11637631712881,38.929145786531606],[-77.1163673234151,38.929125788009486],[-77.11635331614734,38.9291077853167],[-77.1163303228505,38.92900378914001],[-77.11632432164555,38.92895179008376],[-77.11631732000869,38.92892279026286],[-77.11632431590425,38.92889878513585],[-77.11634032224642,38.92887678890266],[-77.11633332539145,38.92885778831265],[-77.11631231611477,38.92883879266025],[-77.11628531790876,38.92882479357245],[-77.11626332170665,38.928808789655406],[-77.11625131973264,38.928782785566334],[-77.11624432303248,38.928756785505875],[-77.11622831755193,38.9287297854727],[-77.11620831671134,38.9287067891042],[-77.11619432448451,38.92868378675842],[-77.11618932299253,38.92865778471053],[-77.1162143222979,38.92859879138945],[-77.11621432593188,38.92857979283825],[-77.11620932281028,38.92855279086871],[-77.11619531582171,38.92852778868997],[-77.11618231871307,38.92850678519979],[-77.11615831594101,38.928490792265215],[-77.11613732146212,38.92848078686939],[-77.11613432333476,38.92845979145355],[-77.11612132625636,38.92843878795633],[-77.1161073159293,38.92841878538781],[-77.11608820594152,38.92841161573184],[-77.11608121924769,38.92841295590313],[-77.1160738356293,38.928411341739015],[-77.11607290989818,38.928409432894476],[-77.11605431797373,38.92840878474255],[-77.11602932124548,38.92841979070522],[-77.11601732253196,38.92840278589947],[-77.1160153211425,38.9283847892616],[-77.11603131904342,38.928371792389356],[-77.1160463202234,38.92835578772544],[-77.11604832069823,38.92833778711423],[-77.11604132397396,38.92831878650481],[-77.11602431857257,38.92829378728173],[-77.1160053196431,38.928269789958485],[-77.11599231613108,38.928244786758135],[-77.11598232269003,38.928219789577355],[-77.11597231609703,38.928193792485],[-77.11595931911492,38.928172788968745],[-77.11592832246855,38.92816779307698],[-77.11590931677905,38.92815378597237],[-77.1159033220024,38.92812679397961],[-77.11588432298628,38.92810978709332],[-77.11586231704193,38.92810179150609],[-77.11583031999473,38.9281127863501],[-77.11581531799871,38.92809278472834],[-77.11583231613137,38.92807078757851],[-77.11582331783322,38.92804778924436],[-77.11579932194266,38.9280287874488],[-77.11576731536132,38.92802679228599],[-77.1157463210739,38.92801678681906],[-77.11573732298197,38.927986789012245],[-77.11571632403069,38.92796679331616],[-77.11570131885239,38.92794479183509],[-77.11567631968407,38.92792579100724],[-77.1156463153237,38.92790678611867],[-77.11562131960923,38.92788278565711],[-77.11560832604421,38.92786379095301],[-77.11557632476483,38.927850787563784],[-77.11555031564762,38.927834787478574],[-77.11552031604057,38.9278257907979],[-77.11551732497402,38.92779478711157],[-77.11552232282814,38.927761784689274],[-77.11553232243847,38.92773378594887],[-77.11552032559345,38.92771779002034],[-77.11549632101533,38.92772178641557],[-77.11547131654319,38.927720793183596],[-77.11545031773035,38.92770078843039],[-77.11544332304729,38.927675788238794],[-77.115415315637,38.927657790249576],[-77.11540869201333,38.92765540057708],[-77.11540682720748,38.92765755540751],[-77.11539911257326,38.92766513001577],[-77.11538759055618,38.927671717467355],[-77.11537709190041,38.92766929558572],[-77.11537286771471,38.927660174325965],[-77.11536731481817,38.927663792144735],[-77.11533732457407,38.92767478487375],[-77.11533232003386,38.92765379141453],[-77.11532931731189,38.92762978720006],[-77.1153083153463,38.92760779158507],[-77.11528832480266,38.927590785578786],[-77.11527932189087,38.92756478743428],[-77.11526132189688,38.92753778923065],[-77.11523831651837,38.927517786417745],[-77.11522032301484,38.927494787896215],[-77.11520431820529,38.92746778771643],[-77.11517931956313,38.92744178731401],[-77.11515032073537,38.92741679077145],[-77.11512231811177,38.92740879194421],[-77.1150863185355,38.92739779220605],[-77.11505731950534,38.92737978609847],[-77.11499732539961,38.92737179170799],[-77.1149831563078,38.92736743661324],[-77.1149869236671,38.92737222533402],[-77.11498936193105,38.92738240233906],[-77.11498856801292,38.927390690776654],[-77.11498027063146,38.927394482435716],[-77.11496585311998,38.927393415620855],[-77.11495177563322,38.9273886550577],[-77.11495036736184,38.927387854702225],[-77.11493131671405,38.92739579175407],[-77.11490532588546,38.92738379120131],[-77.11490131811651,38.92736578750558],[-77.11490532391498,38.92734678501548],[-77.11488731555208,38.92732878607556],[-77.11486431628872,38.92732679081875],[-77.11484331615164,38.9273057860328],[-77.1148303180682,38.92728379147355],[-77.11481632495504,38.927259789034494],[-77.11480331507782,38.927244784941834],[-77.1148163680433,38.92722925077907],[-77.1148079368511,38.92722871856266],[-77.1147969719007,38.927223144174],[-77.11479646337916,38.92722246904931],[-77.11477631616198,38.92722978557907],[-77.11476231799683,38.92720979184177],[-77.11478032253189,38.92719679316734],[-77.11478932035047,38.92717678585382],[-77.11478731769569,38.92715778926854],[-77.1147843253663,38.92712578563735],[-77.11476431578517,38.92709678948138],[-77.11473731720342,38.92707479064215],[-77.1147103647019,38.92706708795957],[-77.1147102263546,38.92706711512032],[-77.11471003009821,38.927066989196454],[-77.11470232279655,38.92706478972219],[-77.1146703166641,38.92706278525027],[-77.11464432145674,38.92704078540494],[-77.1146413241088,38.92701279047803],[-77.11462432622015,38.92698479126701],[-77.11458932062509,38.92696779085717],[-77.114552316416,38.926955792015136],[-77.11453031446507,38.92694278754443],[-77.11452432511562,38.92691878623331],[-77.1145283229738,38.92689479315138],[-77.11451732499327,38.92687578735895],[-77.11449332152372,38.926858785146955],[-77.11448331566456,38.926832787920475],[-77.11446431734629,38.92681578980753],[-77.11445131784964,38.926792786273495],[-77.11443632323649,38.926769784691615],[-77.11442331895805,38.926743790395655],[-77.1144083259685,38.92672178873229],[-77.11440632533471,38.92669679259367],[-77.11439032582476,38.92667279206533],[-77.11437232096975,38.92665679288845],[-77.11435032586574,38.92664078860486],[-77.11432131550052,38.9266297907993],[-77.114306316989,38.926618698207484],[-77.11430184098751,38.926625026428425],[-77.11429031456117,38.9266288211972],[-77.11427900867746,38.92662630992281],[-77.11427853297235,38.92662451773168],[-77.1142533204509,38.926615786292864],[-77.11425231487239,38.92659278902621],[-77.11425132242918,38.92657079167051],[-77.11423132441915,38.926548785868384],[-77.11421532307857,38.9265307848608],[-77.11419732502705,38.92651178587818],[-77.1141823254415,38.92649279297149],[-77.11417232133364,38.92646778663071],[-77.1141543169064,38.926444787951745],[-77.11413831913833,38.926421787310176],[-77.11413331535378,38.92639378531849],[-77.11412732139742,38.926366793225675],[-77.11411931917104,38.92633878515294],[-77.11410332463826,38.92631778435089],[-77.11408632165957,38.92630078422689],[-77.11407396349003,38.926289256627534],[-77.1140659285234,38.92629122828492],[-77.11405816007542,38.92628678575501],[-77.11404031936833,38.92628678514916],[-77.11402432488477,38.92626579334438],[-77.11402232118608,38.92623878834394],[-77.11402532063661,38.926217787014046],[-77.11402431673619,38.92619578966611],[-77.11402331637412,38.926168792694725],[-77.11400532518712,38.92614678489441],[-77.11398780888922,38.926140487145496],[-77.1139789654297,38.9261416848697],[-77.11397112108554,38.92614025118817],[-77.11397126887601,38.92613891781204],[-77.11395632583569,38.92614078809891],[-77.11395532355559,38.92611979067248],[-77.11394332093025,38.92609978587916],[-77.11392632478143,38.92607978595266],[-77.1139013168192,38.92606179368045],[-77.1138813174629,38.9260387878939],[-77.11386332601127,38.926023788547916],[-77.1138323208684,38.926012792563554],[-77.11380631883519,38.92600779124296],[-77.11378232061399,38.92599378864955],[-77.11376032267083,38.92597579341629],[-77.11375831908026,38.925948788409876],[-77.11375931551888,38.925922789415345],[-77.11376031993282,38.92590179003309],[-77.11376031464906,38.92587679193747],[-77.11374131870603,38.92585378514953],[-77.11373691509523,38.92585488845094],[-77.1137280292874,38.925858437370174],[-77.1137210041693,38.92586447978406],[-77.11371674811146,38.92587133025228],[-77.11371063753617,38.92587232711381],[-77.11370596001738,38.92586799866081],[-77.11369932500047,38.925872788536715],[-77.11368432566763,38.925853786555514],[-77.11366631480215,38.925833787577446],[-77.1136633191075,38.92581379201028],[-77.11365532351482,38.92578979260118],[-77.11363432062156,38.92577378721568],[-77.11361932329969,38.92574878567959],[-77.11361478205164,38.92575035754315],[-77.11361207438954,38.925751891590686],[-77.11360228150798,38.92575793668826],[-77.11358983388803,38.92576254303339],[-77.11357703139991,38.92576156456069],[-77.11357589965115,38.925760574744885],[-77.1135683248192,38.925761789221816],[-77.11355531586375,38.92573978551736],[-77.11355431766393,38.92570678899336],[-77.11354832237788,38.92567878793655],[-77.11353231464877,38.92566378661129],[-77.1135203253574,38.92564479069243],[-77.11350831458508,38.925626785708936],[-77.11348932198723,38.92560578773236],[-77.11347232290109,38.92558378789282],[-77.1134503187991,38.92556179290971],[-77.11343632489768,38.925536790375084],[-77.11342832106136,38.925514790805494],[-77.1134273205361,38.92549479329466],[-77.11342332532816,38.92549163525015],[-77.11341815005882,38.92549336086307],[-77.11341456902576,38.92548958084187],[-77.11341383383662,38.9254841405269],[-77.11340831446003,38.925479785853774],[-77.11340831447079,38.92545078805474],[-77.1134083208428,38.92542578994583],[-77.11338231468645,38.925410789293444],[-77.11337032547758,38.92539179335827],[-77.11335332448402,38.925375793047294],[-77.1133317862131,38.925371102582375],[-77.11332166574607,38.925374184235515],[-77.11330874886738,38.9253737463439],[-77.11329869086558,38.92537259402151],[-77.11329532373804,38.92537278646072],[-77.11328949807192,38.925371621026],[-77.113288448462,38.925371513943645],[-77.11327898969614,38.92537008178057],[-77.11327299133242,38.92536909667899],[-77.11326710729016,38.9253674808835],[-77.11325902853652,38.92536361513339],[-77.11325357983183,38.92536017923358],[-77.11324831730377,38.92535778811888],[-77.11324574012464,38.92535434042765],[-77.11324505887575,38.92535380959663],[-77.1132398591905,38.92534741872409],[-77.11323822823165,38.92534433044883],[-77.11323331661158,38.925337786155396],[-77.11321832546786,38.92532379273376],[-77.11319499178956,38.92532137408103],[-77.11319092183851,38.925321972572604],[-77.11318952458804,38.92532081185195],[-77.11318931696412,38.925320785028056],[-77.11318916661546,38.925320514923925],[-77.1131823766556,38.925314864271805],[-77.11317970950455,38.92530558827963],[-77.11317902303786,38.92530176941446],[-77.11317631657859,38.925296790431524],[-77.11316761065811,38.92528286298282],[-77.11316721761729,38.92528226881395],[-77.11316557637456,38.92527996427196],[-77.11315046533082,38.92526307027675],[-77.1131501191197,38.925262917470434],[-77.11314493660191,38.92526733656764],[-77.11314160053328,38.92527256462634],[-77.11314114810413,38.92527815022622],[-77.11313538496908,38.92528004755398],[-77.11312407533843,38.92527501383998],[-77.11311460658585,38.92526727584537],[-77.11310825169112,38.925259624919484],[-77.11310132175596,38.9252529654656],[-77.11309647020204,38.92524792549851],[-77.11309519265156,38.92524225148975],[-77.1130951840363,38.92523681947775],[-77.1130943158874,38.925234784436306],[-77.11308748240639,38.92521622489008],[-77.11308426156214,38.925214120058605],[-77.11307076866271,38.92520676430399],[-77.11306595645303,38.92520471506168],[-77.11305603742312,38.92520391390863],[-77.1130465812548,38.925204103222846],[-77.11303931478795,38.9252033895857],[-77.1130344890052,38.92520005216463],[-77.11303232052616,38.9251997930206],[-77.11303145204572,38.92519027206036],[-77.11303052513846,38.925187543434205],[-77.11303075963366,38.92518269672815],[-77.11303031362581,38.92517778762205],[-77.113034324992,38.92515478548662],[-77.11301632443285,38.925133786471996],[-77.11301041381067,38.925129936624465],[-77.11300702100247,38.925128471548206],[-77.11300287545764,38.92512502536815],[-77.11299331686395,38.925118791840816],[-77.11296931840418,38.92508979021625],[-77.11295032294028,38.925066792304634],[-77.11292424139586,38.92506958306601],[-77.11292425474853,38.92507801484614],[-77.11292299961161,38.92508648388526],[-77.11291447245694,38.92509072603775],[-77.1129128561314,38.92508958354204],[-77.11291131588888,38.92509279199424],[-77.11289632009627,38.92507578975441],[-77.11288131481348,38.925052787976746],[-77.11287998860634,38.925052789257755],[-77.11287820274956,38.925053826940236],[-77.11287452070427,38.92505905532565],[-77.11286910326181,38.92506077213999],[-77.11285952551623,38.9250569978931],[-77.11285958805145,38.92505279094451],[-77.11285632441427,38.925052785087985],[-77.11284231568246,38.92503279112372],[-77.11284550533544,38.92502977025456],[-77.1128452973846,38.92502953623887],[-77.11284782520937,38.92502367838609],[-77.1128550826741,38.925018716798505],[-77.1128611650622,38.925014522053004],[-77.1128483183401,38.92499278836015],[-77.11283131643347,38.924968788579605],[-77.11280831527002,38.924957784593865],[-77.11278632217552,38.92494978841162],[-77.11275831715948,38.924946788638735],[-77.11275132164455,38.924927787820316],[-77.11274232269005,38.92491078878263],[-77.112743674034,38.92490480595041],[-77.11274107212215,38.9249002772725],[-77.11273944693083,38.924893522595745],[-77.11274047656914,38.924888296773275],[-77.11275096674952,38.924885674238084],[-77.11276560795447,38.92488268736353],[-77.11277644623632,38.92488141573908],[-77.11278083173838,38.924883474413555],[-77.11279832188167,38.924880791068496],[-77.11280031833371,38.92485979073313],[-77.1127853167518,38.92483178931762],[-77.11276931932423,38.92481578795166],[-77.11275332032275,38.92479878666076],[-77.11274131985212,38.92477979067008],[-77.11272931937363,38.92476078566981],[-77.11271732365762,38.924744789444595],[-77.11270432305227,38.92472778525475],[-77.11269231581512,38.92471178903806],[-77.11268032011567,38.92469579280891],[-77.11266132372953,38.92466478644746],[-77.11264031934975,38.92465478943572],[-77.11261431947445,38.92465078777136],[-77.1125883237211,38.92463478700628],[-77.11256532004315,38.924614792664656],[-77.11254031607997,38.92459879093349],[-77.11252731918607,38.92457678709869],[-77.11251031748665,38.924552787269526],[-77.1124843165695,38.924540786183094],[-77.11246331432116,38.924524789591715],[-77.11243932159275,38.92451378648688],[-77.1124343149743,38.92449079304566],[-77.11242631992947,38.92446678453824],[-77.11239831926932,38.92445178558352],[-77.11236032131643,38.924444786620555],[-77.11232531757754,38.92444979286699],[-77.11229732014131,38.92445879206766],[-77.11227532252079,38.92444778701186],[-77.11225431719855,38.924429790537125],[-77.11223331553585,38.92440678542528],[-77.11222232431922,38.924376789243645],[-77.1121963203682,38.92436278824717],[-77.11218331997091,38.92434579300645],[-77.11217631680314,38.92432179253754],[-77.11216931521305,38.92429879199083],[-77.11213731878048,38.92429478696756],[-77.11211332199497,38.92429579189934],[-77.11209432124464,38.92428379301809],[-77.11208932102652,38.92426479024402],[-77.11205432258983,38.924265787698886],[-77.11202131397228,38.92427079194146],[-77.1120133154267,38.9242517920382],[-77.11201032024788,38.924231787414456],[-77.11198931922762,38.92422379013053],[-77.11197331529335,38.92421078843328],[-77.11197631997258,38.92419278691648],[-77.11198031592097,38.92415978558478],[-77.11196432250685,38.92413878448141],[-77.11194731374901,38.92412479282715],[-77.11191832414275,38.92411878501472],[-77.1118973190075,38.92410078847468],[-77.11186632174379,38.92410879052079],[-77.11183832392409,38.924102790747476],[-77.11183361730205,38.924087111753714],[-77.11183117073502,38.92408598805404],[-77.11183023291112,38.92407625995789],[-77.11183031338138,38.92407609773099],[-77.11182931643798,38.92407279262887],[-77.11183731822716,38.92404978671143],[-77.11182731474302,38.924031788637784],[-77.11180031397619,38.92402178820377],[-77.11177431650685,38.9240117868039],[-77.11174631403212,38.92400278723986],[-77.1117213183003,38.92399178494592],[-77.11169431443096,38.92397978464161],[-77.1116813210571,38.92395978956419],[-77.11166232046901,38.923947790612004],[-77.1116333210061,38.92394279167092],[-77.11161431417014,38.923926793019355],[-77.1115883204699,38.92391179195255],[-77.11155732127496,38.92390378612057],[-77.11155532171952,38.92387878992006],[-77.11152731932464,38.923869790303286],[-77.1115003202247,38.92386078972256],[-77.11147532242747,38.92385578692406],[-77.1114523187206,38.92384279183171],[-77.11141931864995,38.92384578703954],[-77.11140731929177,38.92381979143719],[-77.11140431492817,38.92379378725893],[-77.11139531763362,38.92376278917125],[-77.11138332080871,38.92374578387497],[-77.11136032364256,38.92371479011883],[-77.11134631618175,38.92368778749048],[-77.1113223192243,38.92367378438583],[-77.11129831422554,38.92367678900725],[-77.11128031611113,38.92365678964234],[-77.11127032496486,38.923631792037234],[-77.11127531391139,38.92360678917634],[-77.1112543153294,38.92359279221079],[-77.1112273173141,38.92359179096102],[-77.1112163238419,38.92357478469212],[-77.11118632345566,38.923563787045936],[-77.11117731881045,38.92354278819156],[-77.11116532115027,38.92351779248595],[-77.11113631564947,38.92350878472093],[-77.11111331990665,38.9235007891758],[-77.11109032103946,38.92349078477192],[-77.11106432013217,38.92348579184719],[-77.11103132459141,38.92347678784821],[-77.11100131585596,38.9234677900112],[-77.11097531403229,38.92345478866362],[-77.11096732427679,38.92343378882898],[-77.11094232291302,38.92343378554186],[-77.11091132272162,38.92343978748972],[-77.11089631622157,38.92342278499895],[-77.1109063148387,38.923400786180565],[-77.11090432394728,38.923373790109615],[-77.11088531340997,38.92334779209698],[-77.11086331298642,38.923319788060354],[-77.11083731720973,38.92329578750686],[-77.11080731765486,38.92327779029085],[-77.11077831984117,38.92325879219296],[-77.11074631529746,38.92324178777796],[-77.11071732217216,38.92322578943389],[-77.11069431346951,38.92321678488547],[-77.11067631408864,38.923195785502834],[-77.11064831584709,38.92318178604829],[-77.11064632283664,38.92316078952091],[-77.11063132400922,38.923133787743126],[-77.11061831577932,38.9231187921814],[-77.1106053190728,38.923103787598954],[-77.11058531919946,38.9230717909257],[-77.11057032264324,38.92303878959041],[-77.11054431640433,38.92302278837674],[-77.11051131804422,38.92301178438401],[-77.11048031472774,38.923000787504186],[-77.11045631817161,38.92298678421993],[-77.11043132370143,38.92296879118395],[-77.11040732128994,38.92298078593289],[-77.11038831343764,38.92296378715602],[-77.11038632050975,38.922942790623374],[-77.11037432251581,38.92292478529782],[-77.11035931696557,38.92290079227235],[-77.11034231484815,38.92287579219724],[-77.1103183183611,38.9228617888843],[-77.11030131781399,38.922837788726135],[-77.11028331329825,38.92282078898478],[-77.1102573195716,38.922812787091395],[-77.110234318091,38.92281579054811],[-77.11021032319073,38.922802787135915],[-77.11018831714658,38.92278579115363],[-77.11015732395148,38.92277378524537],[-77.11013631893542,38.922762787856946],[-77.11012431332789,38.92273979189784],[-77.11009831882986,38.9227237905732],[-77.11006731651754,38.92272079297903],[-77.11003931866324,38.92272179224584],[-77.1100233223252,38.922705790497695],[-77.11002032159865,38.922681786124706],[-77.10999831717945,38.92266579002933],[-77.10996831427946,38.92265279222234],[-77.1099413212024,38.922639791576024],[-77.10992431546883,38.9226197910654],[-77.10991331703559,38.92259178550542],[-77.10990732189994,38.92256278432246],[-77.10989931560768,38.92253078525662],[-77.10989132090444,38.92251378504827],[-77.10987031287922,38.92248578889607],[-77.10984432390167,38.92246578781063],[-77.10981231457778,38.922452791849175],[-77.10977531427226,38.922433792011404],[-77.10973731457459,38.92242479234663],[-77.10972132144796,38.922410790402616],[-77.10971432237568,38.92238878962385],[-77.10969032078877,38.92236378701484],[-77.10965531402556,38.92234378534294],[-77.10961432150735,38.92233078874783],[-77.1095803195842,38.92231178603545],[-77.1095473209589,38.922292791380976],[-77.10951731753073,38.92227178505246],[-77.10949131335693,38.92225679253373],[-77.10945632358488,38.9222477899572],[-77.10942831749215,38.9222357900651],[-77.10940432367487,38.92223078588259],[-77.10939031402599,38.92224678878386],[-77.10936931535787,38.92225478981919],[-77.10936931774796,38.92223379139928],[-77.1093803145373,38.92221579147127],[-77.10939031805461,38.92219679254733],[-77.10938331757166,38.92217379182463],[-77.10936431862942,38.92215478401309],[-77.10934631297631,38.922136784201946],[-77.10932131601821,38.92211679107926],[-77.10928632173906,38.92210478868184],[-77.10926231725126,38.922092785007365],[-77.10924032237455,38.92208278830702],[-77.1092163140273,38.92207578425004],[-77.10919431303765,38.92206178784804],[-77.1091803135611,38.922046784041626],[-77.10916031686773,38.92202378643832],[-77.10914331915204,38.92200878542805],[-77.10914031335456,38.921988789741505],[-77.109131317982,38.92196579086608],[-77.10911632221816,38.92194778820807],[-77.10909532301872,38.92193279092695],[-77.10907031688981,38.92192178807255],[-77.10904631708704,38.921912784123116],[-77.10902431923863,38.92190078753523],[-77.10900831330925,38.92188578557975],[-77.10900131450846,38.92186378475619],[-77.10897631232336,38.921847791262586],[-77.10895732093634,38.92186378975035],[-77.10892932409047,38.92187278814846],[-77.10890431411165,38.92186678488562],[-77.10887831531319,38.921877790267196],[-77.10884832278491,38.921878791107524],[-77.10884731900248,38.92185578476577],[-77.10885032133272,38.92183579248318],[-77.10881931639344,38.92183078570252],[-77.10879231433547,38.921841791999256],[-77.10876932242958,38.92183578682867],[-77.10874832333609,38.921820789484904],[-77.10874832285928,38.92179779121674],[-77.10875731711401,38.921774784577536],[-77.10876031489096,38.921751792527026],[-77.10875732072968,38.92173178781063],[-77.10872931562224,38.92172778714717],[-77.10870531355546,38.92172479168635],[-77.1086833212445,38.921708786321524],[-77.10867131780667,38.921686790132],[-77.10865431875074,38.92167078912635],[-77.1086343199403,38.921653790982184],[-77.10861731785438,38.9216357901244],[-77.10859431928891,38.92161778582834],[-77.10857332136435,38.92163378611901],[-77.10855532016048,38.92164879270565],[-77.10853331678236,38.92165578559199],[-77.10851532059448,38.92164378519118],[-77.1085313207507,38.921624789778484],[-77.10851531434594,38.92160178835725],[-77.10848931365588,38.921588786452034],[-77.10848732132551,38.92156778988166],[-77.10849231566728,38.92154578690007],[-77.10847832037963,38.921525792388934],[-77.10846131468695,38.921497792263665],[-77.10844531352829,38.92148579000008],[-77.10843031499778,38.92146578740566],[-77.10843031855322,38.92143778950839],[-77.1084113170345,38.92141679070083],[-77.10838931728549,38.92139578566284],[-77.10837532357577,38.921376791062215],[-77.10835532034257,38.921356784090825],[-77.10832532284955,38.921346785629055],[-77.10829331795796,38.92134378849346],[-77.10828031599094,38.92132478395391],[-77.1082553120267,38.92129979098311],[-77.10823731445774,38.92128679061531],[-77.10821031584052,38.92128478874471],[-77.1082063155672,38.92126278509464],[-77.10821031826858,38.92124079205048],[-77.10820732064197,38.92121078807318],[-77.10820132024742,38.92117778710152],[-77.1081883131798,38.921147783382715],[-77.10817232005472,38.92112579083356],[-77.10814832003342,38.92110878730018],[-77.10813631686158,38.921086791053234],[-77.10811431881123,38.92106678588561],[-77.10808532109854,38.92104678718829],[-77.1080623122643,38.92102179232967],[-77.10804831323004,38.92100678838478],[-77.10801731908228,38.92098579159145],[-77.10799532109655,38.92096578640103],[-77.10797331672735,38.92095678939428],[-77.10794131598952,38.92094879253404],[-77.10792131905113,38.92093278518072],[-77.10789932018123,38.920919788455386],[-77.10787231660585,38.92090678733763],[-77.10784231237466,38.9208997885321],[-77.10782931212073,38.92088178386427],[-77.10780432263566,38.92087378950492],[-77.10778032183423,38.92086378537029],[-77.1077583224552,38.92084278921964],[-77.1077413192731,38.920823788308184],[-77.1077383178832,38.9207987839447],[-77.10771932278018,38.920781784716205],[-77.10769431288739,38.92079078907538],[-77.10767131593389,38.920788792400586],[-77.10768131365309,38.92076578491552],[-77.1076703184563,38.9207467874654],[-77.10765632052326,38.920724783997514],[-77.10764831846632,38.92069478461357],[-77.1076283181187,38.92066878697176],[-77.1076053165581,38.920640783231875],[-77.10758232203521,38.9206097887144],[-77.10756732037972,38.92057978675994],[-77.10755531845089,38.92055079097571],[-77.10753732164373,38.92052279162366],[-77.1075193148268,38.920495792202914],[-77.10750031328656,38.920466784836094],[-77.10747831810882,38.920440789002726],[-77.10744931781569,38.920418790298086],[-77.10742031603424,38.92039579166255],[-77.1073933197585,38.92037979065147],[-77.10736831693526,38.92036278787756],[-77.10734131216246,38.92034878671213],[-77.1073123139599,38.920335787296075],[-77.1072863194648,38.92031878541517],[-77.10726331615821,38.9203047895661],[-77.10724731346626,38.92028378781281],[-77.10726031546118,38.92026478631263],[-77.10722232025887,38.92023478739878],[-77.10716532276261,38.92018278953382],[-77.10713231317358,38.92019379195163],[-77.10711331585618,38.920182792175055],[-77.10709132185619,38.92017278605834],[-77.10708832067657,38.920170788958735],[-77.10706331799932,38.920153786118874],[-77.10704632219517,38.92013178532241],[-77.10703531723465,38.92011378774452],[-77.10702131812124,38.92009078427432],[-77.10701231917004,38.920064785456766],[-77.10700331872502,38.9200377867147],[-77.1069933135529,38.92000978896668],[-77.10697731400667,38.919990787022556],[-77.1069513116507,38.919983784323875],[-77.10692032311759,38.919996784682475],[-77.1068973143306,38.920009786741666],[-77.10687532179907,38.92002378779189],[-77.1068543224599,38.92003878785475],[-77.10683031699857,38.920040791636744],[-77.10680332293623,38.92003378981177],[-77.10679631496346,38.92001278878278],[-77.10680232148783,38.9199887850923],[-77.106811314658,38.919964787679845],[-77.10682831812419,38.919945791577405],[-77.10684077142,38.91993766368327],[-77.10684272718983,38.919926914952896],[-77.10684628424555,38.91991511078332],[-77.1068515762748,38.91990681827731],[-77.10685398693666,38.91989951932261],[-77.10685443550474,38.919891051078615],[-77.10686041766057,38.91988158685773],[-77.1068711506164,38.91987202820836],[-77.10687031699418,38.9198697858956],[-77.106853319819,38.91984678514623],[-77.10683732140525,38.919820792714276],[-77.10682131744957,38.919798790977],[-77.10679831948153,38.91977278692121],[-77.10677431979731,38.91974778370114],[-77.10675131184173,38.91972278857839],[-77.10672931415989,38.919694783744674],[-77.10670832123402,38.919667786922645],[-77.1066943163295,38.919640783716446],[-77.10667832057653,38.91960879170875],[-77.10667031543733,38.91959179128136],[-77.106661313686,38.919563792586864],[-77.1066373119906,38.91955278829126],[-77.10661032112151,38.919547786268616],[-77.10658632222137,38.919561789096164],[-77.106574315732,38.91954479231179],[-77.106579316076,38.91951878969815],[-77.1065733214834,38.919496787804505],[-77.10654531695612,38.91948478721535],[-77.106521312318,38.9194717830482],[-77.10649931224577,38.919449786731406],[-77.10648031887763,38.91942578782029],[-77.10647131871475,38.919398789034084],[-77.10647731675131,38.91937678521566],[-77.10646831252863,38.919354786058435],[-77.10644532081594,38.91933279063448],[-77.10642131366907,38.91932578599972],[-77.1063993140764,38.919311789064366],[-77.10637031945006,38.91930078925966],[-77.10634831538827,38.91928378353487],[-77.10634331855634,38.91926578942946],[-77.10634231672604,38.91923579258615],[-77.10633332109873,38.91921178455152],[-77.10630231113554,38.91919478701259],[-77.10627731982242,38.91919279187767],[-77.1062683171613,38.91917178361974],[-77.10627732193943,38.919147786234255],[-77.10626532116476,38.91912678971099],[-77.10624731705826,38.919108789412284],[-77.1062293174293,38.91909378888228],[-77.10621232213506,38.91907178796019],[-77.10622031474968,38.91904178293908],[-77.10623431963975,38.91901479024377],[-77.10622731861321,38.918982789993294],[-77.10622031240277,38.9189627888495],[-77.10620131887677,38.91893079048951],[-77.10619632060423,38.91891178744443],[-77.1061913122921,38.91889378433342],[-77.10617731890115,38.918858790657715],[-77.106169312477,38.91884079026975],[-77.10616232229359,38.91882378888321],[-77.10615232246315,38.91880679023028],[-77.10614231966103,38.9187877917286],[-77.10612331318397,38.9187547844331],[-77.10610132052386,38.91872978825618],[-77.10607931932267,38.918706791933374],[-77.10606331882506,38.91868678993561],[-77.10604531934133,38.918671789376084],[-77.10604131690897,38.918647785793425],[-77.10602531940859,38.918629783638096],[-77.10601131534006,38.918610788755124],[-77.10598831354984,38.91861279145449],[-77.10596332095042,38.91860978731995],[-77.10594632026441,38.91859178606341],[-77.10594331699276,38.918572790205936],[-77.10594531677224,38.91855278988706],[-77.10592831199952,38.91853978825789],[-77.1059033134885,38.918532784414644],[-77.10588031399857,38.91852078813664],[-77.10587231476504,38.91849978794488],[-77.10586631191381,38.918479785869195],[-77.10586031465992,38.91845578408677],[-77.10584132062861,38.91843878454563],[-77.10584031936206,38.918416787095666],[-77.10583931958011,38.91839578956957],[-77.10583632044323,38.91837178506999],[-77.10582531605965,38.91835378737233],[-77.10581531637543,38.91833678868905],[-77.10578631926916,38.91832378888948],[-77.10577031630676,38.91830978640458],[-77.1057543217721,38.91832479075281],[-77.10573631091361,38.918309790155135],[-77.10573031223522,38.91828478844132],[-77.10573031273181,38.91826179015802],[-77.10574731491434,38.91824978467706],[-77.10573831814247,38.918224785676514],[-77.1057253115087,38.918201790154],[-77.10572631373239,38.91817779103866],[-77.105739314266,38.91815778977632],[-77.10572831290482,38.918141791916824],[-77.10574631497052,38.91811978627732],[-77.10573231371269,38.91809479180447],[-77.10571831541583,38.9180717881696],[-77.10570631795105,38.918052791432864],[-77.1057143184024,38.918035785463715],[-77.1057113223005,38.91801378981576],[-77.10567532035078,38.91800478701808],[-77.10567131545247,38.91798679198281],[-77.10568531472613,38.9179637900464],[-77.10567231703362,38.917946785052905],[-77.1056883141538,38.91792579016833],[-77.10566031631838,38.91791778905991],[-77.1056383173094,38.91790379197763],[-77.10563432246272,38.91788478799799],[-77.10562431548489,38.91786278967651],[-77.10562231403864,38.91784278396901],[-77.10562631173795,38.91782479070619],[-77.10562032202445,38.917805788528995],[-77.10561531478471,38.917772786507435],[-77.10559832030853,38.917758784893834],[-77.10559831523902,38.91773978631518],[-77.10560031805316,38.917721785847334],[-77.10560931874575,38.917702788137824],[-77.10558831709236,38.917684790442465],[-77.10559331353706,38.917663787493055],[-77.10558931988349,38.917637784031804],[-77.10555631326193,38.91762678764773],[-77.10553131628083,38.91761278424448],[-77.1055193159841,38.91759178763862],[-77.10551232016053,38.917570786512755],[-77.10549331343768,38.91755278699856],[-77.10547031551212,38.91753379115827],[-77.10545232058233,38.9175137908731],[-77.1054483213715,38.91749178711328],[-77.10544131552601,38.9174717859173],[-77.10541932113189,38.917460788565116],[-77.10539531354256,38.91746079220497],[-77.1053733155791,38.91747078427415],[-77.10535931634368,38.91745478908143],[-77.10535532250049,38.91742078620749],[-77.1053523120498,38.91739679070985],[-77.10533731967756,38.9173797874759],[-77.10531631256349,38.91736578943762],[-77.1052963157559,38.91734879070868],[-77.10526831403976,38.91734578913671],[-77.1052433118593,38.91734378478202],[-77.10522231859571,38.91735478485197],[-77.10519431983019,38.91735378311063],[-77.10516932155457,38.91733878871339],[-77.1051633216822,38.91731278704178],[-77.10514631439916,38.91729778544749],[-77.10515727980923,38.917281758754974],[-77.10515662113536,38.91728080446391],[-77.10515995117224,38.91727134271218],[-77.10516636318077,38.91726404919605],[-77.10517031765525,38.91725578499096],[-77.10516832199939,38.917231788574576],[-77.10514632008692,38.91720779214552],[-77.10511531863388,38.91719578489804],[-77.10510131777859,38.917170790345345],[-77.10510331897014,38.91714379055583],[-77.10509531275211,38.917117790684465],[-77.10507531874482,38.91709478335288],[-77.10506231131153,38.917078787231745],[-77.10504532102424,38.9170517865002],[-77.10502632142115,38.91702278772097],[-77.10501331401207,38.91700679159416],[-77.10499832180264,38.91698978831549],[-77.10497231436058,38.916962786666836],[-77.10495231897814,38.91693878839761],[-77.10493231207822,38.916914790135216],[-77.10491131622469,38.91688478419531],[-77.10488831696473,38.916856788909406],[-77.10486731108631,38.91682778289597],[-77.10484631676906,38.91679878587652],[-77.10482831485074,38.916773785871115],[-77.10481631196286,38.91675078934126],[-77.10479231545979,38.9167267856245],[-77.1047703209536,38.91669978933919],[-77.10474531982773,38.91667478658772],[-77.10472231357465,38.91664979105133],[-77.10470332153699,38.91662578283067],[-77.1046903140607,38.91660178726187],[-77.1046753205458,38.916583784016105],[-77.10465331166243,38.9165547878697],[-77.10463731938322,38.916539785290425],[-77.10463181158939,38.916534628444154],[-77.1046209009315,38.91652509838235],[-77.10462082012289,38.91652503539635],[-77.10460569170691,38.91650937443042],[-77.10460101351826,38.91650379344805],[-77.10459231755941,38.91649478388462],[-77.10458031206163,38.91647778688574],[-77.10456531146805,38.916462783408846],[-77.10454731140808,38.9164467916964],[-77.10452831967719,38.91643078285158],[-77.10450832185424,38.91641278406047],[-77.10449032034141,38.91639578340639],[-77.10447431368483,38.91637878997425],[-77.1044613180346,38.91636278476544],[-77.10444432119223,38.91634678313172],[-77.10442731430392,38.9163317904384],[-77.10441131205535,38.91631778776223],[-77.10439731178508,38.91630078351817],[-77.10438431471596,38.91628378738455],[-77.10437331394779,38.916267789391945],[-77.10435931369639,38.91625078514313],[-77.10434631957149,38.916235788853925],[-77.10433232079556,38.91621978452619],[-77.10431631714134,38.91620479092067],[-77.10429931176307,38.91619078912443],[-77.10428031156265,38.91617678910595],[-77.10426331480514,38.916160787445264],[-77.10425031779346,38.91614379129632],[-77.10424431819463,38.9161097901662],[-77.1042353121503,38.916085790974805],[-77.10421831949022,38.916056790269224],[-77.10420932222785,38.916038790622196],[-77.10419831714073,38.91601978383074],[-77.1041873149942,38.91600278589544],[-77.10417331631292,38.915986790556325],[-77.10415931470398,38.91596878635826],[-77.10414631483165,38.91594979034823],[-77.10413631296453,38.91593079166481],[-77.10412731426574,38.91591178307825],[-77.10412031041888,38.915892790730055],[-77.1041133166336,38.915872789438275],[-77.10410531821738,38.91585178911537],[-77.10409631954998,38.91583278953446],[-77.10408831107188,38.91581278914494],[-77.10408031558832,38.91579378866901],[-77.1040733203648,38.915772787449995],[-77.10406231508505,38.91573779084088],[-77.10405431100389,38.91572079022216],[-77.10404631845738,38.915703789592605],[-77.10403731982434,38.915684790006594],[-77.10402931575513,38.915667789386006],[-77.10402331657612,38.915649787054186],[-77.10401831911385,38.915630783904476],[-77.1040123170372,38.91561079073126],[-77.10400932154894,38.9155887860215],[-77.10400831227327,38.9155687884036],[-77.10400532116272,38.91554978346711],[-77.10400332024867,38.915529786731696],[-77.10400231097552,38.91550978911349],[-77.10399931841089,38.91548978425218],[-77.1039973189584,38.91547078744091],[-77.10399331315459,38.91545178340691],[-77.10399032060805,38.915431787553416],[-77.10398531879599,38.91540978462788],[-77.10397332051974,38.91537378896599],[-77.10395631223251,38.9153417884551],[-77.10393931549123,38.915309787931285],[-77.10393031839352,38.91529178826029],[-77.10392031521927,38.91527178963155],[-77.10390631090078,38.91525178555164],[-77.10389031178782,38.91523178324362],[-77.10387431852253,38.91521578963998],[-77.10386132030645,38.91519778451187],[-77.10384731748816,38.91517878935752],[-77.10383331175271,38.91515778534396],[-77.10381931902477,38.915137790251315],[-77.10380631792593,38.915117785267576],[-77.10379631626614,38.9150987865522],[-77.1037873163208,38.91507878702022],[-77.10377631721798,38.91505578948538],[-77.10376631266507,38.91503479091795],[-77.10375731128157,38.915013791458826],[-77.10375031768432,38.91499379014212],[-77.10374131485617,38.91497179075699],[-77.10373031151278,38.91495378384238],[-77.10371831510204,38.914934786890626],[-77.10370631724368,38.9149147900129],[-77.10369731443907,38.914892790624066],[-77.10368831017317,38.914869782301416],[-77.10367731404166,38.91484878460565],[-77.10366531620934,38.914828787723444],[-77.10365631488149,38.91480778825577],[-77.1036493184263,38.9147857870829],[-77.10364031710867,38.914764787613784],[-77.10363232040898,38.914744787178854],[-77.1036243107303,38.91472378682889],[-77.10361931915858,38.91470078394992],[-77.10361631521783,38.91468078809433],[-77.10361431443734,38.91466079134904],[-77.10361231509746,38.914641785520026],[-77.10360731345753,38.91461978257509],[-77.10360331934898,38.914600787522836],[-77.1035993135198,38.914565784656574],[-77.10359831735657,38.91454678694583],[-77.10359531197581,38.9145257911644],[-77.10359031470634,38.91450678799246],[-77.1035823108759,38.91448978733758],[-77.10357331397181,38.914471787636366],[-77.10356331101259,38.91445178897405],[-77.10355631752485,38.91443178764363],[-77.10354931251057,38.91441178632298],[-77.10354031417286,38.914392786694236],[-77.10353131438849,38.91437278713995],[-77.10352231170631,38.91435078773542],[-77.10351431508613,38.91433078729093],[-77.10351032100547,38.91431178322616],[-77.10350731711165,38.91429178736633],[-77.10350331723046,38.914268783602175],[-77.10349931018773,38.914248788630594],[-77.1034963178171,38.914228783751724],[-77.10349431708283,38.91420878700271],[-77.10349231344773,38.914186790404045],[-77.1034933207194,38.91416579106447],[-77.1034963155853,38.91414778974257],[-77.103499320529,38.914128788485485],[-77.1034993131167,38.914107790044454],[-77.1035003160318,38.91408379093014],[-77.10350331952066,38.91406378974795],[-77.1035033150094,38.914044791156265],[-77.10350531679735,38.914025790787285],[-77.10350631106824,38.91400378252407],[-77.10350631647714,38.913967785179665],[-77.10350532034711,38.91394878746605],[-77.10350432123624,38.91391979049395],[-77.10349931234624,38.91388478850846],[-77.10348931223751,38.91385079086949],[-77.10348232028032,38.91383178945731],[-77.10347631994303,38.91381278716648],[-77.10347331744197,38.913785782811466],[-77.10346931692469,38.91369078436195],[-77.1034693195259,38.913660786574916],[-77.10347131398335,38.91362878717157],[-77.1034733127912,38.91359978754262],[-77.10347532022621,38.913568788053475],[-77.10347631298649,38.91353778946275],[-77.10347631129515,38.913512782301304],[-77.10347631106764,38.91348878407293],[-77.1034723184328,38.91346278952768],[-77.10346131966762,38.91343978294799],[-77.1034493192321,38.91341778618859],[-77.10344231717593,38.91339178529801],[-77.10344131954875,38.913363788247295],[-77.10343832143054,38.91333978366396],[-77.1034343174297,38.91332978794634],[-77.10343031914678,38.91331578351028],[-77.103417319883,38.91328878800013],[-77.10340031814125,38.91326078709585],[-77.1033833193118,38.913234786038885],[-77.1033623136761,38.91320478881899],[-77.10334231409342,38.91317679055782],[-77.10332231596193,38.91314978320973],[-77.10330432123578,38.913120783242675],[-77.10328431016907,38.91309278498136],[-77.10326531523228,38.913065785744664],[-77.10324531572665,38.913037787466195],[-77.10322631792474,38.91300878837293],[-77.10320931777179,38.91298178736448],[-77.10318931831169,38.91295378907598],[-77.10316931742085,38.91292479085892],[-77.10314731315815,38.912897785251076],[-77.10312531756374,38.912868788787094],[-77.10310631985563,38.91283978967342],[-77.10309131452317,38.9128127868867],[-77.10307531904535,38.91278678489772],[-77.10305532113732,38.91275978651035],[-77.10303232107299,38.912737790398396],[-77.10300731474753,38.91271578704224],[-77.1029813211684,38.91269678432974],[-77.10295032059346,38.91267578617054],[-77.10292032029459,38.912660786679986],[-77.10289331066615,38.912648784327125],[-77.10286732004664,38.91263978985826],[-77.10283531062804,38.91263078266428],[-77.10280531037289,38.91262378255484],[-77.10278131450285,38.91261478631165],[-77.1027573200796,38.91260678998866],[-77.10271831762252,38.91258578979628],[-77.10269131527971,38.912562788200376],[-77.10269431318403,38.91253078792217],[-77.10269331873015,38.912512790121745],[-77.10268631558594,38.91249378866743],[-77.10267231503809,38.912475784279636],[-77.1026543207299,38.9124547836199],[-77.10263432017787,38.912433784719646],[-77.10261131890991,38.91241078859836],[-77.10258931211676,38.91238978244376],[-77.10256931879228,38.912373783157705],[-77.1025453187231,38.91236178709031],[-77.10251931958368,38.91235478339558],[-77.10249131852112,38.91235079023865],[-77.10246731263878,38.912350784268604],[-77.10243131540616,38.91234278939549],[-77.10241332115906,38.91232978810931],[-77.10239932071224,38.91231178368829],[-77.10238531741459,38.91229178842359],[-77.10236931652172,38.91226978604617],[-77.10235132091974,38.91224778541381],[-77.10233331236394,38.91222478486355],[-77.10231331053649,38.91220278598229],[-77.10229231712786,38.912180787965646],[-77.10226931460501,38.91215678284251],[-77.10224731379999,38.912131785920046],[-77.10222831228134,38.91210778629571],[-77.1022083206162,38.912084787460756],[-77.10218831886667,38.91206278855747],[-77.10215931623473,38.91205978711494],[-77.1021443156475,38.9120437833899],[-77.10214160413071,38.91204243450838],[-77.10212833956142,38.91203901392341],[-77.1021156311606,38.91202944015037],[-77.10211431578396,38.91202878369065],[-77.1021129971185,38.91202583010553],[-77.10210662950705,38.91201570128068],[-77.10210469169778,38.912007127028374],[-77.10210232037396,38.912001787151155],[-77.10208731273535,38.911972784381],[-77.1020703174718,38.911956782389026],[-77.10205231767766,38.91193979035383],[-77.10203431930972,38.91192378923265],[-77.10200632137999,38.91191378738952],[-77.10200377124076,38.91191240233043],[-77.10199567422829,38.9119104005377],[-77.10198858573445,38.91190410989111],[-77.10198431626964,38.91190178946436],[-77.10197805562707,38.911893876592174],[-77.10197408355039,38.911889880353044],[-77.10197140226677,38.91188547761168],[-77.10196531490065,38.91187778979624],[-77.10194131232502,38.911855785333046],[-77.1019203204635,38.91184278658526],[-77.10190028101312,38.91182657102331],[-77.10189985394904,38.91182625610362],[-77.10189861883836,38.911825284279374],[-77.10188131734533,38.91181278677343],[-77.10184831267003,38.91179278999307],[-77.10181832022195,38.911774790431366],[-77.10178931772272,38.91177178889683],[-77.10177631055753,38.9117547834607],[-77.10176831329122,38.91173378296193],[-77.10174831320225,38.91171278390723],[-77.10173231395513,38.91169978978594],[-77.10171431999767,38.91168678839058],[-77.10168031812604,38.91166278371608],[-77.10167230810073,38.911657070386234],[-77.10166831578077,38.91165502896545],[-77.10166149339314,38.911649341626486],[-77.10165931198833,38.911647785080476],[-77.10163231176699,38.911625783161135],[-77.10161431501,38.91161079090797],[-77.10159631967211,38.911596789568954],[-77.1015763181109,38.91158278997127],[-77.10155531486622,38.911569791167274],[-77.10152531815987,38.911556782157774],[-77.10149866767004,38.91156172386936],[-77.10149652474598,38.91156289681598],[-77.10148411778279,38.911570573696245],[-77.10147830142236,38.91157501986308],[-77.10147035760082,38.911583404524876],[-77.10146310186472,38.91158917616796],[-77.10145376059296,38.91158783302742],[-77.10144752436553,38.91158081193155],[-77.10144711053704,38.911573587596564],[-77.10144631382263,38.91157278654546],[-77.10143431132526,38.911556789133286],[-77.10140991272985,38.911548000148784],[-77.10139777870673,38.911544911808306],[-77.10138807287748,38.911538551329556],[-77.10138631922088,38.911537787141775],[-77.10137892798893,38.91152935273396],[-77.10137653767025,38.911526823462424],[-77.10137487434667,38.911524716952385],[-77.10136531192165,38.91151378911532],[-77.10134631086441,38.91148978934479],[-77.10133631052003,38.91146278198548],[-77.1013141604545,38.911454081114165],[-77.10131255715203,38.9114536410954],[-77.10131174933268,38.91145313732842],[-77.1013083114616,38.91145178905726],[-77.1012753097699,38.91144178236846],[-77.10127163945734,38.91143913709568],[-77.10126179709664,38.911434046901604],[-77.10125357646942,38.91142613568869],[-77.10125031013175,38.91142378734061],[-77.10121631847501,38.91140678200716],[-77.10119027484278,38.91140871433491],[-77.1011893179523,38.91140878723043],[-77.10118718287711,38.911407365760624],[-77.10117781472773,38.91140331110873],[-77.10116995222151,38.91139587702213],[-77.10116531275385,38.91139278216783],[-77.10114331805774,38.91137978414792],[-77.1011418419842,38.911379623275394],[-77.1011288954623,38.911380832591924],[-77.10111390719263,38.91138138606458],[-77.10110809976037,38.91137586897334],[-77.10110731560364,38.911375788576784],[-77.1011093165374,38.91135578831425],[-77.10109231597099,38.91133578647691],[-77.10106031484918,38.91131578860424],[-77.10103931319374,38.91130378963224],[-77.10101731853518,38.91129078258007],[-77.10099531378339,38.911278784467285],[-77.1009733177377,38.911264786489745],[-77.10094931689483,38.91125179016673],[-77.10092431576739,38.911240785547605],[-77.10089931890433,38.91123278970749],[-77.10089248906426,38.91122991293412],[-77.10087789744328,38.91122556549302],[-77.10086807701529,38.91121963747041],[-77.10086131639603,38.91121678766048],[-77.10083831912694,38.91118778261465],[-77.10081331968807,38.91116978749249],[-77.10077854443607,38.91116109741206],[-77.10077737960133,38.911160882216436],[-77.10076135023968,38.911159004288045],[-77.10074971131061,38.91116351849855],[-77.10073829687245,38.91116370850745],[-77.10072537246695,38.911156062554596],[-77.10071417616345,38.91114742419245],[-77.10071520012396,38.91113769429436],[-77.10072614187031,38.911129370157276],[-77.10072531088424,38.91112878533108],[-77.10071531460675,38.91112078552712],[-77.10071431902591,38.911109787192835],[-77.1006433175787,38.91105278949904],[-77.10063731633545,38.911048785953476],[-77.1006153176098,38.91103278805715],[-77.10059031826881,38.911014783878414],[-77.10058831064403,38.91101378568022],[-77.10055931771907,38.91099278515301],[-77.10052932029505,38.91097078555624],[-77.10051230960562,38.91095978298159],[-77.10049031093546,38.91094378506147],[-77.10046431868533,38.91092479079121],[-77.1004623124607,38.91092478350793],[-77.1004043138367,38.91088178246755],[-77.10038431130252,38.91086678273853],[-77.10036231268965,38.91085078479405],[-77.10034131859824,38.91083578590932],[-77.10031932000466,38.91081978795667],[-77.10031231428837,38.910814785330054],[-77.10028631199613,38.9107967819468],[-77.10026831854273,38.91078378933492],[-77.10025431724972,38.910772784139816],[-77.10021831883076,38.910746789904834],[-77.10020431895765,38.9107367846291],[-77.10020131105237,38.91073778713537],[-77.1001543119943,38.910702784957586],[-77.10012531932355,38.910681784321504],[-77.10010231772351,38.91066578718711],[-77.1000793147307,38.910648790122686],[-77.10006631940121,38.910639783896485],[-77.10005031337936,38.91062978932861],[-77.10001731286879,38.910603783455684],[-77.10000232009111,38.91059278808711],[-77.09999231384177,38.91058578815595],[-77.09997432048252,38.91057278648996],[-77.09995831307457,38.91056178297554],[-77.09993031208951,38.910540781442215],[-77.09991131566514,38.91052778963268],[-77.09988831274975,38.91051078352187],[-77.09986131631783,38.910490790048094],[-77.09983331818847,38.91047178834227],[-77.09981931702391,38.91046078309437],[-77.09978331892094,38.91043478872393],[-77.09976430961044,38.91042078796625],[-77.09973631013604,38.91040078631145],[-77.09970731771112,38.91037978557048],[-77.09968231884082,38.91036179020363],[-77.09966330956958,38.91034778942937],[-77.09964131126594,38.91033178233928],[-77.09961931438147,38.91031678417885],[-77.09959931217082,38.91030178431394],[-77.0995773139083,38.91028578622003],[-77.09955531565572,38.910269788121916],[-77.09953331741295,38.91025379001957],[-77.09951131916755,38.91023778290476],[-77.09948331110819,38.91021979005788],[-77.09945931403932,38.91020078485485],[-77.09943231783252,38.91018078227244],[-77.09941331006492,38.91016779039095],[-77.09939330933281,38.91015379041589],[-77.09936731625717,38.91013378696496],[-77.09934530935423,38.91011978868784],[-77.09932330981242,38.91010279061998],[-77.09930431221045,38.9100887897768],[-77.09928331994519,38.91007478161717],[-77.09926430944964,38.91005978985998],[-77.09924231132445,38.91004378269392],[-77.09922331515772,38.91003079077139],[-77.09920431898544,38.910017789837376],[-77.09918530989972,38.91000378898441],[-77.09916331182197,38.90998779081166],[-77.09914431428211,38.90997378994222],[-77.09912531674973,38.909959789069596],[-77.09910431165086,38.90994478996998],[-77.09908331809066,38.90992979085676],[-77.09906531492166,38.90991778898464],[-77.09904531293941,38.90990278902376],[-77.09902831287516,38.90989078629555],[-77.09901131142851,38.90987778363919],[-77.09899431138837,38.909865789914285],[-77.09897831443244,38.90985378632882],[-77.09896531939938,38.90984478898717],[-77.09894131383916,38.90982778353747],[-77.0989143179313,38.909807789842425],[-77.09888731049621,38.909787787142406],[-77.09885931151632,38.90976778527513],[-77.098836310495,38.90975178788885],[-77.09881131205208,38.90973378332529],[-77.09878631224932,38.90971478783903],[-77.09875931918424,38.90969678495067],[-77.09873231183474,38.9096767822145],[-77.09870731345681,38.90965878663676],[-77.09868231507906,38.909640782045315],[-77.0986593127552,38.90962378469815],[-77.09863131390364,38.90960378277562],[-77.09860331508025,38.90958378985464],[-77.09858031278118,38.9095667834834],[-77.09855431001183,38.909547788793255],[-77.09853031617934,38.909530783248485],[-77.09850731392727,38.909513785871056],[-77.09848231704393,38.909496790170394],[-77.09846431270496,38.909483788279005],[-77.09844531543655,38.90946978729459],[-77.0984213101266,38.909452781736924],[-77.09839831945527,38.90943578432807],[-77.09837431418039,38.90941878776897],[-77.09835131200154,38.90940179036047],[-77.09832731826663,38.9093847847736],[-77.09830530904252,38.9093687864472],[-77.09828031086796,38.909350781768744],[-77.09825731011097,38.90933478426733],[-77.09823730846215,38.909319784166506],[-77.0982113174039,38.90930078938951],[-77.09818831528953,38.909283782940236],[-77.0981643101158,38.909266786337525],[-77.09814231249445,38.90925078797039],[-77.09812131934082,38.90923578868243],[-77.09810031466631,38.9092207894003],[-77.09807630814737,38.90920278384523],[-77.09805231455735,38.909185787209566],[-77.09802731788501,38.90916878240218],[-77.09800431586947,38.90915178492461],[-77.09798631033098,38.90913778303301],[-77.09796231678429,38.909120786378665],[-77.09793931479973,38.90910378888814],[-77.09791431818306,38.90908678405631],[-77.09789431667598,38.90907178389614],[-77.09786931872155,38.90905378813718],[-77.09784531368895,38.90903678245984],[-77.09782431928923,38.909020783192176],[-77.09779531645854,38.90899978198116],[-77.09777131147412,38.9089827852968],[-77.09774830957959,38.90896578776825],[-77.09772331305682,38.90894878289519],[-77.09770231871045,38.90893278360529],[-77.09768231729106,38.908917783408405],[-77.0976603083558,38.90890178495916],[-77.09763831232883,38.90888678642193],[-77.09761931538158,38.90887278530167],[-77.09759931536475,38.90885878501624],[-77.09758130997982,38.90884478306148],[-77.09755931535476,38.908830784435025],[-77.09754631795192,38.908819787082216],[-77.09752631796437,38.90880578678419],[-77.09750730953107,38.908791785655154],[-77.09749030999035,38.90877978270073],[-77.09747231755512,38.90876678965352],[-77.09745131315519,38.90875179025343],[-77.09743231628062,38.908737789102496],[-77.09741330788387,38.908723787957975],[-77.09739831589049,38.908712783243224],[-77.097378315962,38.908698782919544],[-77.09735731296679,38.90868478342829],[-77.09734331118264,38.9086727869626],[-77.09730131539499,38.90864378802806],[-77.09727631636413,38.90862478320658],[-77.0972523116295,38.90860778641446],[-77.0972253180076,38.90858878324223],[-77.09720531814777,38.908574782888614],[-77.09719131777334,38.90856378633037],[-77.0971643112925,38.9085437832276],[-77.09713230843948,38.908520784491365],[-77.09711731654437,38.90850978874845],[-77.09708730969673,38.908487788267614],[-77.09706331657065,38.90847078241833],[-77.09704731145632,38.908460787435125],[-77.09702931644942,38.90844578545882],[-77.09700831223721,38.90843078597824],[-77.09699330885064,38.90841979022879],[-77.0969723175304,38.90840578164969],[-77.09696131762563,38.90839678242727],[-77.09693930901278,38.90838078384071],[-77.09691831772693,38.908366784260124],[-77.09690131704045,38.908353790301526],[-77.09687631957593,38.90833578531938],[-77.09685630832607,38.908321784914975],[-77.09683331839221,38.90830478719469],[-77.09681431022845,38.90829078595168],[-77.09679631802749,38.90827778379086],[-77.09677531391374,38.90826278426795],[-77.0967513094204,38.908245787371754],[-77.09673130839374,38.908230787010204],[-77.09670931412485,38.9082167882222],[-77.09668531846914,38.90819778244247],[-77.09666431575745,38.908183782825375],[-77.09664631073858,38.90816978973314],[-77.09662231782453,38.908152783792275],[-77.09660330974269,38.90813878251451],[-77.09658531763071,38.908125789329205],[-77.09656731398367,38.90811278714227],[-77.09654531707635,38.90809678847112],[-77.09652231711289,38.908080790624496],[-77.09649631677395,38.908062786388825],[-77.0964783118064,38.90804878426209],[-77.09645531052121,38.90803178647608],[-77.09643430790364,38.90801778681722],[-77.09641631448912,38.90800378467123],[-77.0963993153198,38.90799178155635],[-77.09637730830919,38.90797678278874],[-77.0963553101356,38.90795978415541],[-77.09633231025892,38.907943786270984],[-77.09631031345651,38.90792778755508],[-77.09629131702536,38.907913786216476],[-77.09626330797963,38.9078937837298],[-77.09623531049124,38.90787379023514],[-77.09620531571271,38.90785178951577],[-77.09617331346713,38.90782878150561],[-77.09614731197239,38.9078097862738],[-77.0961233077811,38.907792789247154],[-77.09609031405628,38.9077697820298],[-77.09606231531833,38.90774878856725],[-77.09603931421688,38.907731781690096],[-77.09601731889158,38.907716782844496],[-77.09600030834056,38.90770478868873],[-77.0959823150902,38.90769078647513],[-77.09595831097835,38.907673789414275],[-77.09593631433097,38.907657781618845],[-77.09591431770549,38.90764178282759],[-77.0958883176922,38.90762378746353],[-77.09586831702137,38.907608786952565],[-77.09584731195606,38.90759278733494],[-77.09582231636769,38.90757578205088],[-77.09579831233269,38.907558784956805],[-77.0957693120356,38.90753878316339],[-77.0957473154843,38.9075227843403],[-77.09571931827408,38.907502781712346],[-77.09569631734583,38.907485783775265],[-77.09567831133963,38.90747078159763],[-77.09565130973196,38.90745378692783],[-77.09562330989463,38.9074317844244],[-77.0955893147936,38.90740978681944],[-77.09556731698275,38.907392788036006],[-77.09554431478672,38.90737479014255],[-77.09552131392938,38.90735778316231],[-77.09549331685938,38.90733778948789],[-77.09546631399563,38.90731978584046],[-77.09544931514928,38.90730778258589],[-77.09543231364485,38.90729378848483],[-77.09541431041801,38.90728078611831],[-77.0953923153632,38.9072657871538],[-77.09536731866092,38.90724778184527],[-77.09534731821722,38.907232790252415],[-77.09532231134483,38.9072157848697],[-77.09529931060372,38.9071987868536],[-77.0952743152961,38.90718179045945],[-77.0952603154808,38.90717078465867],[-77.0952413092632,38.90715778308301],[-77.0952213088592,38.90714278246003],[-77.09519830816569,38.907125784423776],[-77.09517331290773,38.907108788007804],[-77.09515830873602,38.90709678308562],[-77.09513230777843,38.907077787625354],[-77.09510431091536,38.90705778484838],[-77.09507530968374,38.90703678295472],[-77.09503131721203,38.90700478504024],[-77.09501331413112,38.9069917826112],[-77.094980308286,38.90696778416855],[-77.09495231152073,38.90694779036306],[-77.09493031532291,38.906931782376155],[-77.09490830761774,38.906915783402745],[-77.09488631145169,38.90689978441582],[-77.09485831605728,38.90688078150548],[-77.09483231392889,38.90686078605152],[-77.09480531008347,38.90684178232351],[-77.09477330875472,38.90681878293402],[-77.09474531210594,38.906798789078415],[-77.09472231162486,38.906781781939124],[-77.09469830811909,38.90676478461654],[-77.09467431615414,38.906747787279684],[-77.09464831544072,38.90672878270222],[-77.0946243119704,38.90671178536428],[-77.09459231075834,38.9066887859247],[-77.0945533161918,38.906660783491205],[-77.09452331091285,38.90663878234452],[-77.09450530802887,38.90662578884467],[-77.09448431641266,38.906610788896096],[-77.09446431764543,38.90659678806831],[-77.09444531040185,38.90658278643552],[-77.09442331444242,38.90656678736043],[-77.0944053115829,38.90655378483666],[-77.09438531284725,38.90653978399521],[-77.09436631716358,38.906525782340104],[-77.09434531407673,38.906510782375605],[-77.09432731125757,38.90649778884806],[-77.09430630950928,38.90648378880274],[-77.09428831689947,38.906469786325175],[-77.09426431360211,38.906452788912496],[-77.09424931104273,38.90644178379847],[-77.09422931236905,38.906427782929974],[-77.09421331699797,38.90641578769296],[-77.09419330680944,38.906401786827594],[-77.09415831716743,38.906376789822616],[-77.0941423102786,38.90636478557671],[-77.09412631624397,38.90635378124561],[-77.09409231684205,38.90632778349553],[-77.09407230802078,38.906314782535496],[-77.09405230941744,38.90630078163642],[-77.09404060937078,38.906293638420884],[-77.09403432152352,38.90629028336559],[-77.09402734086768,38.90628612712393],[-77.09401331166553,38.90627878759637],[-77.09400185333598,38.90627133789837],[-77.09399370761714,38.90626671415763],[-77.09396994048983,38.90625385132889],[-77.09394778828931,38.90624161778153],[-77.09392667384272,38.90622947347918],[-77.09390521269727,38.90621669886683],[-77.0938837523895,38.90620455483467],[-77.09386367642165,38.90619304027128],[-77.09384440821466,38.90618206555683],[-77.0938214515033,38.906171724386176],[-77.09379711117799,38.906161294238245],[-77.09377726724125,38.90615086047621],[-77.09375800095349,38.90614132708275],[-77.09373746622427,38.90613161453668],[-77.09372258233695,38.9061230685402],[-77.09371739030057,38.906120099947955],[-77.09370007996559,38.90610750213516],[-77.09368392125266,38.9060939124772],[-77.09367145105276,38.90607968927491],[-77.09366359311701,38.90606591279144],[-77.09365700291957,38.90605177495695],[-77.09364949098295,38.90603808827864],[-77.09363863606497,38.90602476461344],[-77.09362570625696,38.906011712860646],[-77.09361254693454,38.90599947204229],[-77.0935981187001,38.90598669173769],[-77.09358556164523,38.905976540372144],[-77.09358430659842,38.90597778453049],[-77.09358230811881,38.90597478634896],[-77.09357744895537,38.90597068243105],[-77.09356372896262,38.90596167605577],[-77.09354630458313,38.905949979146705],[-77.09353130168509,38.905938550547184],[-77.09352098486976,38.90593111790448],[-77.09351230925817,38.90592678282151],[-77.09347930965278,38.905906783655844],[-77.09345131005603,38.90589278905453],[-77.09342030895333,38.905875788055866],[-77.09338331008458,38.905856782979875],[-77.09336531153228,38.905846789081785],[-77.0933443153988,38.9058367885676],[-77.09331431607205,38.90581878681284],[-77.09325131382819,38.90579578473459],[-77.09321831304976,38.905774785568305],[-77.09317931605811,38.90576178158654],[-77.09315630629771,38.90575478242682],[-77.09313030788914,38.905745785790046],[-77.09310631685865,38.905737787475196],[-77.09308931639238,38.90573278336807],[-77.09306430950413,38.90572378592654],[-77.09304231432925,38.90571678593617],[-77.09302131066246,38.90570978515217],[-77.09299730812717,38.90570178682408],[-77.0929713097462,38.90569278114352],[-77.09294730852525,38.905685782731545],[-77.09292531207096,38.90567778279261],[-77.09289331727076,38.905667781936465],[-77.09287631554581,38.90566178688021],[-77.09285331607485,38.905653787725065],[-77.09283130941323,38.905646787704036],[-77.09280631541783,38.905638790124435],[-77.09278130858652,38.90562978361382],[-77.0927583104369,38.90562278436642],[-77.09273631402324,38.90561478439184],[-77.09270830965606,38.90560578925322],[-77.09269130794975,38.90559978516162],[-77.09266731701759,38.9055917867564],[-77.09264531169212,38.90558578662674],[-77.09260031718517,38.905570787352254],[-77.09257830927615,38.90556278735696],[-77.09255530987053,38.905554788143064],[-77.09253130742798,38.90554678071064],[-77.09251130820027,38.905540787975205],[-77.09248830880927,38.905532788748026],[-77.09246430768953,38.90552579023666],[-77.09244331566471,38.905518789339425],[-77.09242530967579,38.9055117860762],[-77.09240331462908,38.90550478596522],[-77.09238331411704,38.90549778427296],[-77.09235931172464,38.90548978581348],[-77.09234130704581,38.90548378246375],[-77.09231931201596,38.905476782337],[-77.092300315855,38.9054707887727],[-77.09227830930409,38.90546378864729],[-77.09223830833169,38.90544978521645],[-77.09221631332235,38.90544278507023],[-77.09219331528855,38.90543578571136],[-77.09217231178772,38.9054287847744],[-77.09215331564033,38.90542278217785],[-77.09211431775559,38.905408786921626],[-77.0920913082136,38.90540178755174],[-77.09206231120999,38.905391784104665],[-77.09202031579323,38.90537778217067],[-77.09200231118275,38.90537178777687],[-77.09197830887544,38.905363789238955],[-77.09194231246644,38.90535278233645],[-77.09191830888369,38.90534378385963],[-77.09187831063682,38.90533178916663],[-77.09184130865714,38.905318783168696],[-77.09180730682877,38.90530778366489],[-77.09177231222637,38.9052957850035],[-77.09173631460904,38.905283787119174],[-77.09169430907627,38.905270785003324],[-77.09166131031984,38.90525978466972],[-77.09162430842855,38.90524678761122],[-77.09159131097809,38.90523678718432],[-77.0915593152792,38.905225786035494],[-77.09154231376016,38.90521978177626],[-77.0915243092298,38.90521378730867],[-77.0914943093564,38.905203784506035],[-77.09146431077377,38.90519478162219],[-77.09143330662123,38.9051837886709],[-77.09141030874767,38.90517678915758],[-77.09137731007853,38.905165788743574],[-77.09135431093569,38.90515778929262],[-77.09132931726563,38.90514978238801],[-77.09130330777899,38.905140785352664],[-77.09127030914307,38.905129784908375],[-77.0912443124793,38.905121787777446],[-77.09121031211555,38.90511178802612],[-77.09118531592115,38.90510178123745],[-77.09116431262915,38.9050947891272],[-77.09114630942834,38.90508978551946],[-77.09112530613216,38.90508278439384],[-77.09111331084016,38.9050787850307],[-77.09109131477874,38.90507078474564],[-77.09104930821248,38.905056782470815],[-77.09099631069459,38.905039788959265],[-77.09099431488978,38.905038781577794],[-77.09098331110681,38.90503478142904],[-77.09096131634871,38.905027781045995],[-77.09093731554873,38.90502078222031],[-77.09090431575032,38.90500878174579],[-77.09087830764268,38.90500078454226],[-77.09085231106991,38.90499278732392],[-77.09082631321822,38.904983781164844],[-77.09079430623332,38.90497278882329],[-77.09076631388066,38.90496378420087],[-77.090740305805,38.90495578696649],[-77.09071331648784,38.90494678155231],[-77.09069231201632,38.904938789430425],[-77.09067030578736,38.904931789001445],[-77.09064730807005,38.90492478933761],[-77.09062730789302,38.904917787344],[-77.09061030779608,38.90491278287543],[-77.09058531303705,38.904903784893],[-77.090565312872,38.9048967828888],[-77.09055431040446,38.90489378262616],[-77.09053231446278,38.90488578223559],[-77.09050431065978,38.9048767865675],[-77.09048330748932,38.904869785326206],[-77.09046531592209,38.90486478160439],[-77.09044131395774,38.90485678274994],[-77.09041431319822,38.904847786283796],[-77.09039431306576,38.9048407842502],[-77.0903643135078,38.90483078115674],[-77.09033831705463,38.90482278382379],[-77.09031431511865,38.90481478494321],[-77.09027431490709,38.904800789846654],[-77.09025331178161,38.904793788563914],[-77.09021130554305,38.904779785987074],[-77.09017230964353,38.90476678099933],[-77.09014731625463,38.904758782849626],[-77.09012931195788,38.90475278816657],[-77.09008531125842,38.90473878708296],[-77.09006631547042,38.90473278414637],[-77.09003430870392,38.90472178258777],[-77.08999331710979,38.90470778815885],[-77.08996630618411,38.9046997825161],[-77.08993330795833,38.904688781693295],[-77.08989930546421,38.9046767817063],[-77.08986330973408,38.90466578317024],[-77.08984531575402,38.90465878850776],[-77.08982230667671,38.904651788690046],[-77.08979830611501,38.90464478962991],[-77.0897753073058,38.90463678085902],[-77.0897533115421,38.90462878932974],[-77.08972830670815,38.90462078209072],[-77.08970731521822,38.90461378070075],[-77.08968430618029,38.90460678986415],[-77.08966031590799,38.90459878183171],[-77.0896333153447,38.904589785184626],[-77.08960931356621,38.904581786158886],[-77.08958430752038,38.90457278797063],[-77.08956331605869,38.90456578655475],[-77.08954231307226,38.90455878514385],[-77.08952430886544,38.90455278135901],[-77.0894993156242,38.904544783070364],[-77.08948030841954,38.90453878905545],[-77.08943731099565,38.90452478695904],[-77.08940630743544,38.90451378446012],[-77.08938531600859,38.90450678301218],[-77.08936431305692,38.90449978156926],[-77.08934230710501,38.904492789897944],[-77.08931930965953,38.90448578997214],[-77.08927830680108,38.90447178629221],[-77.08924331303427,38.90445978687154],[-77.08920730598585,38.90444878814167],[-77.08916730618549,38.90443478365687],[-77.08914831056696,38.90442878957902],[-77.08912531191174,38.90442078968821],[-77.08909131093024,38.90440978939221],[-77.08905531544819,38.904398781598296],[-77.08901531571694,38.90438478606963],[-77.08897930749417,38.90437278734268],[-77.08894630957188,38.90436178624042],[-77.08891331165978,38.90435078512887],[-77.08888530827107,38.9043417890719],[-77.0888673054201,38.904336785112285],[-77.08884130806943,38.90432778751877],[-77.0888103162156,38.90431678485255],[-77.08877531231924,38.90430578522684],[-77.08873730967984,38.90429378794068],[-77.08870231609137,38.904281788357544],[-77.08867431150207,38.90427178331475],[-77.08865531596838,38.904265789156554],[-77.08861631034699,38.90425378358374],[-77.0885823095236,38.90424278313922],[-77.08854230997265,38.904228787448254],[-77.08849530992039,38.904212788182754],[-77.08846931389078,38.90420478142471],[-77.0884353118737,38.90419278101058],[-77.0884013111073,38.904181780513326],[-77.0883833071029,38.90417578556055],[-77.08836731036256,38.904170789014465],[-77.08834431311648,38.90416378889635],[-77.08830831539792,38.904150781018245],[-77.0882873139057,38.9041447883164],[-77.08826130515806,38.90413578159388],[-77.08824130544772,38.90412878819916],[-77.08820530901318,38.90411678922438],[-77.08817130831846,38.904105788660026],[-77.08813430888623,38.904093781411945],[-77.08809630523261,38.90408078399006],[-77.08805831435618,38.904068786473836],[-77.08804131464183,38.90406378163068],[-77.08800230677804,38.90404978500719],[-77.08796631042365,38.90403778595858],[-77.0879463119914,38.904031783431684],[-77.08790631391597,38.904018787449274],[-77.08787231208224,38.90400678687088],[-77.08783931449999,38.90399578545526],[-77.08781531312255,38.90398778606009],[-77.08777731081405,38.90397578846099],[-77.08774831622526,38.90396678386747],[-77.08771830588819,38.903956789109984],[-77.08768130538023,38.903943781791305],[-77.08764730484882,38.9039327810741],[-77.08762430653283,38.903924789895456],[-77.08758931452952,38.903913780896644],[-77.08756330596529,38.9039047830267],[-77.08752931577249,38.9038927823396],[-77.08750131273804,38.903883785950136],[-77.08749031055564,38.90388078539841],[-77.08747831444319,38.903875785734336],[-77.08746630802989,38.90387178600452],[-77.08744930841507,38.90386679008343],[-77.08742230839661,38.90385778391583],[-77.08738031480492,38.90384378931849],[-77.08734631314303,38.90383178858666],[-77.08730831098556,38.90381978182628],[-77.08726831314516,38.90380678562489],[-77.08722930679642,38.90379378866949],[-77.08719230768449,38.90378178112243],[-77.0871573146182,38.90376979008375],[-77.08712931166797,38.90376078459661],[-77.08710130873588,38.903751788111016],[-77.08707330457915,38.903741782683525],[-77.08705330631612,38.9037357890118],[-77.08703131112411,38.90372778796045],[-77.08700030950104,38.90371778474834],[-77.08697031090236,38.9037077897897],[-77.08695830453476,38.90370378099925],[-77.08693331187874,38.90369578216043],[-77.0869083076994,38.903687783324855],[-77.0868873052321,38.90368078143561],[-77.08685931389066,38.90367178488332],[-77.08683931443683,38.90366478223967],[-77.08681831199404,38.90365778934635],[-77.08680030824391,38.90365178514075],[-77.0867753156238,38.903643786268084],[-77.08675230595895,38.90363578591757],[-77.08672830482455,38.90362778629861],[-77.08672130441497,38.90362578263128],[-77.08670631091788,38.90362078511276],[-77.08669130589409,38.90361578760083],[-77.0866723119058,38.90361078403805],[-77.0866483095741,38.9036017844757],[-77.08662531146582,38.90359378409159],[-77.08659231426695,38.90358278232298],[-77.08656131399295,38.90357378792935],[-77.08654230728298,38.903567784427075],[-77.08651930919756,38.90355978402202],[-77.08648231033754,38.90354778525795],[-77.08645931226529,38.90353978484107],[-77.08643030650225,38.90353078893663],[-77.08640931444546,38.90352278702578],[-77.08638531338755,38.90351478733617],[-77.08635131326048,38.903503786240975],[-77.08633331079886,38.90349878189014],[-77.08630631107161,38.9034897844724],[-77.08627130675774,38.90347778416787],[-77.08623530977432,38.90346478465782],[-77.08620131090264,38.90345478344575],[-77.08616131346857,38.90344178686454],[-77.08613930814614,38.90343478558022],[-77.08609430483543,38.90341978380285],[-77.08605931212044,38.90340778342621],[-77.0860293125779,38.903396788298444],[-77.08600430981049,38.9033897891959],[-77.08597231580178,38.903378786513386],[-77.0859443131656,38.90336978974987],[-77.08591631052553,38.90336078397129],[-77.0858743047893,38.9033457889129],[-77.08585830839999,38.9033407830142],[-77.08582430723402,38.903328781838304],[-77.08579231449396,38.903318788041666],[-77.08575831575396,38.90330878670044],[-77.08572631029088,38.903297783958834],[-77.08568730450143,38.90328478648744],[-77.08564931445412,38.90327278818615],[-77.08561231348902,38.903258789291975],[-77.08558730960021,38.903250781164736],[-77.08556431413393,38.90324478943355],[-77.08552530839219,38.903231782899574],[-77.08549130733412,38.90321978162652],[-77.0854523143568,38.903207783995015],[-77.0854183121251,38.903194782773696],[-77.08539630814893,38.90318878127611],[-77.08536830565987,38.903179784374274],[-77.08534331336573,38.90317178519456],[-77.08532031434642,38.90316278462595],[-77.08528931440446,38.903153780885816],[-77.08525531223898,38.90314078862531],[-77.0852363069492,38.90313578483704],[-77.0851993085249,38.903123785665734],[-77.08516031445535,38.903110788009535],[-77.08512531052027,38.90309878736088],[-77.08509630509404,38.90308978211614],[-77.08506831421042,38.90308078513378],[-77.08504731210247,38.90307378291301],[-77.08501930851077,38.90306378600031],[-77.08499631075867,38.90305578529473],[-77.08497430686086,38.90304978371754],[-77.08494030598231,38.903037782283754],[-77.08491630525235,38.90302978229163],[-77.08489431171864,38.90302278977228],[-77.08487030979839,38.90301378083533],[-77.08484130563897,38.903005784462515],[-77.08482230956476,38.90299878074436],[-77.08480531034319,38.90299378443778],[-77.0847633062449,38.90297978890596],[-77.08473730870782,38.90296978146166],[-77.08471530368146,38.90296278891686],[-77.08468731407221,38.90295478276174],[-77.08465931057768,38.90294478576253],[-77.08462331415701,38.90293178575453],[-77.08460130914287,38.90292478417987],[-77.08457730967457,38.90291778404499],[-77.08455530348392,38.90290978253463],[-77.08453230583352,38.902901781737555],[-77.08451031356164,38.902895789072765],[-77.08446631511075,38.902881785868345],[-77.08444131030977,38.90287278657658],[-77.08441131241429,38.90286278195095],[-77.08438331017746,38.90285378481249],[-77.08435130513064,38.90284278169329],[-77.08432430590167,38.90283378381645],[-77.08430130948342,38.9028267829008],[-77.08427531444038,38.90281878421589],[-77.08424230643391,38.90280778179033],[-77.08421230742378,38.90279678619479],[-77.08419130666371,38.902790783746795],[-77.08417830797408,38.90278578446576],[-77.0841583102117,38.90277978128913],[-77.0841373071128,38.902771787985664],[-77.08411330774149,38.90276478775528],[-77.08408431292877,38.902754782323385],[-77.08405130499199,38.90274378885204],[-77.08401931157428,38.90273278563342],[-77.08400030530235,38.90272678171666],[-77.0839773089505,38.902719780737094],[-77.08394431139821,38.9027077873001],[-77.0839123088372,38.90269878391456],[-77.08388631270849,38.90268978521583],[-77.08386830827378,38.90268278063026],[-77.08384231333174,38.90267478184879],[-77.08381131262423,38.902664786796926],[-77.0837813137301,38.90265378208212],[-77.08374730407095,38.90264378917106],[-77.08370531190442,38.90262978424138],[-77.08366831282716,38.90261678465705],[-77.08362930895743,38.90260478642404],[-77.08359430435648,38.90259178538843],[-77.0835653108688,38.90258278876287],[-77.0835413104461,38.90257478848766],[-77.08350530522856,38.90256378799679],[-77.08347430460584,38.902553783846976],[-77.08344031457496,38.90254078204021],[-77.08340330640198,38.90252978223418],[-77.08338330878712,38.902523787933],[-77.08334930842699,38.90251178603505],[-77.08331130765602,38.90249978698005],[-77.08328930290394,38.90249278515776],[-77.08324930537286,38.9024787876502],[-77.08321731336437,38.90246878413856],[-77.08318231007124,38.90245678290632],[-77.08314931406744,38.902455788450936],[-77.08313458842878,38.90245268203831],[-77.08313127922042,38.90245225199189],[-77.08311156103369,38.90244857259379],[-77.0830880393602,38.90244570664997],[-77.0830654377724,38.90244094829157],[-77.0830473304476,38.902434565229285],[-77.08302991400214,38.90242746100436],[-77.08301422695222,38.902420445631506],[-77.0830021143942,38.90241396821864],[-77.08299438846346,38.90241244228633],[-77.08297709119176,38.902408671062034],[-77.08295725711068,38.902404451218615],[-77.08293673016504,38.90239924094409],[-77.08291631651859,38.90239231899712],[-77.08289809341025,38.90238548557584],[-77.08288252166824,38.90237847010345],[-77.08286694961535,38.90237118437843],[-77.08284987843273,38.90236353938006],[-77.08283268935276,38.902353642372745],[-77.08281734087423,38.9023403208812],[-77.08281549361529,38.90233800704215],[-77.08280031246186,38.90232978416162],[-77.08277830665196,38.9023217823157],[-77.08276430516183,38.90231678358758],[-77.08265830548328,38.902281789088235],[-77.08264530820932,38.9022877888432],[-77.08259761340643,38.902296785892666],[-77.08259709681168,38.90229867801358],[-77.08259456866418,38.902305706321975],[-77.08259204030756,38.90231255446329],[-77.08258997465758,38.90232075353145],[-77.08259010235531,38.902331473389815],[-77.08258988294435,38.90234111249035],[-77.0825848165276,38.90234643100448],[-77.08257732431308,38.902347607387405],[-77.08256740807462,38.90234617305862],[-77.08255645426526,38.902344739462215],[-77.08254607907406,38.902345197211595],[-77.08253743650373,38.90234853641118],[-77.0825324828667,38.902351692836945],[-77.08251911503982,38.90235629654371],[-77.08251151306021,38.90236224743083],[-77.08249964904972,38.90237126416972],[-77.08248409776722,38.90238190501568],[-77.0824677388549,38.90239200592805],[-77.08244964794378,38.90239976588686],[-77.08242947907368,38.90240509505182],[-77.08240538632052,38.90240682363714],[-77.08238164004783,38.902409092474784],[-77.08235697034323,38.90241037103899],[-77.08233241415581,38.90241011809672],[-77.08230578251235,38.90240959636075],[-77.0822820337417,38.902409703173475],[-77.08226704575658,38.90240899306005],[-77.0822500958358,38.90240648265396],[-77.08223118605775,38.902403973625],[-77.08222034763598,38.90240262999945],[-77.08221400587931,38.90240173362656],[-77.08220628173169,38.902401739062086],[-77.08218956342427,38.90240012932021],[-77.08216719621814,38.90239861363284],[-77.08214033017036,38.902394758930804],[-77.08210919668562,38.90238928571716],[-77.08208762985007,38.902382004101504],[-77.08207459613338,38.902376428075755],[-77.0820589138521,38.90237346633336],[-77.08204243078866,38.902375910167294],[-77.08202364345932,38.90237961678715],[-77.08200335057812,38.90237737894318],[-77.0819741751055,38.90237028281431],[-77.08194407476573,38.90236093523687],[-77.08192020224146,38.90235365520757],[-77.08189772090759,38.902353130468214],[-77.08187547893456,38.90236026266287],[-77.08185912025115,38.90237063374066],[-77.08185094819521,38.90238217016741],[-77.08184185478065,38.902394517991446],[-77.08184002540156,38.90240776156223],[-77.0818409606076,38.902419021357105],[-77.08183635806324,38.90242677177092],[-77.08182103166148,38.90243254785649],[-77.08180570091811,38.902434540431926],[-77.08178921008499,38.90243022796555],[-77.08177282762048,38.90241987981976],[-77.08175794067532,38.90240673803352],[-77.08174662501361,38.90239134165638],[-77.08173473354745,38.902376486182604],[-77.08172238538125,38.90236550462187],[-77.08170773924391,38.90236128093711],[-77.08169402529849,38.90236570462431],[-77.08168423777168,38.90237598099867],[-77.08167076346996,38.90238833187244],[-77.0816572888542,38.90240041249401],[-77.08164311695128,38.90240762908694],[-77.08162502099842,38.90241106490867],[-77.08160657341496,38.90240945629168],[-77.08158961795314,38.902402081279256],[-77.08157461926233,38.90239200239002],[-77.08156376715478,38.902378677594335],[-77.08155326173241,38.902366073224364],[-77.08154310526025,38.902356171117894],[-77.08153859779011,38.90234626506791],[-77.08153593520109,38.90233662798096],[-77.0815218615968,38.90232898069643],[-77.0815049096625,38.90232466851161],[-77.08148669421908,38.90232441096776],[-77.08146963224976,38.90232469311823],[-77.0814518824752,38.90232839892261],[-77.08143655596054,38.90233408487436],[-77.08141742234244,38.90233743130375],[-77.08139424961172,38.90233717720018],[-77.08137753308488,38.90233709876209],[-77.08136497259697,38.90234206210885],[-77.08135956526647,38.90235179490363],[-77.08136626468222,38.902363050687875],[-77.08137469276956,38.90237376476603],[-77.08137228461464,38.90238502689344],[-77.08136088581223,38.902397736620124],[-77.08134498664761,38.90240675605176],[-77.08132689509706,38.902414065419045],[-77.08130776586772,38.90242128542214],[-77.08128713247788,38.9024237320379],[-77.08127110035855,38.90241725717286],[-77.08126359343908,38.90240555152695],[-77.08126427017002,38.902392398850665],[-77.08126644643649,38.90237996580001],[-77.0812647070925,38.90237113881708],[-77.08125167200548,38.90236430153012],[-77.08123195055461,38.90235764905829],[-77.08121545608152,38.902350093503806],[-77.0811965427658,38.90234443138379],[-77.0811696791487,38.902342648379665],[-77.08114085331933,38.90233879480943],[-77.08111352958738,38.902337912947964],[-77.08108747625148,38.90233901203758],[-77.08106211595988,38.90234128172728],[-77.08103583153891,38.90234193054771],[-77.08100781793442,38.90234267064486],[-77.08097576963684,38.902343683782746],[-77.08094141511337,38.90234424809176],[-77.08090648375212,38.90234445245577],[-77.08087651100341,38.9023458244634],[-77.0808475737828,38.90234539407474],[-77.08081667282728,38.90234154186057],[-77.08078738363012,38.90233570668448],[-77.08075844060063,38.9023301415125],[-77.0807514192953,38.90232978603159],[-77.08071334040727,38.902329785321136],[-77.08069722482584,38.90233099456603],[-77.08066195087314,38.902334081768764],[-77.08062969510102,38.90233513098845],[-77.08062230602195,38.902335784689896],[-77.08058030741759,38.902335786641075],[-77.08053730582782,38.902335789268555],[-77.08052480815823,38.902335176306785],[-77.08049628535241,38.90233419603547],[-77.08046364588327,38.902332362798504],[-77.08045030667006,38.90233178644181],[-77.0804368870721,38.902331489398065],[-77.08040439921345,38.902331196469696],[-77.08038297923669,38.9023313012936],[-77.08036331202834,38.90233178325899],[-77.08033551573891,38.9023309916242],[-77.08032865611955,38.90233088824079],[-77.08032231491039,38.9023304511912],[-77.08029230415337,38.90232878725776],[-77.08026188553937,38.902323250002034],[-77.08025936030695,38.90232282834401],[-77.0802530987145,38.9023214273414],[-77.0802273029497,38.90231578780893],[-77.0802195653071,38.90231403649218],[-77.08019582241188,38.90230908918684],[-77.08016849505819,38.90230496409723],[-77.0801612896353,38.90230490598305],[-77.08010830530966,38.90230578911301],[-77.08009849515972,38.90230638138295],[-77.08007534770545,38.90230809082294],[-77.08004860523866,38.90231149629339],[-77.08003930312267,38.90231278185395],[-77.08002566701389,38.90231473700135],[-77.08000434276587,38.9023179585828],[-77.07999434876254,38.902319091471504],[-77.0799663038829,38.90232278608243],[-77.07994175008655,38.90232463158397],[-77.07992607289158,38.90232611968167],[-77.07988422964233,38.90233101281578],[-77.07986972889329,38.90233297754455],[-77.0798443126465,38.902336787437726],[-77.07980730221435,38.90234378519736],[-77.07978243958365,38.90234781990781],[-77.07976988740863,38.90235000850241],[-77.07975995194653,38.90235195208351],[-77.07972731064578,38.902358784684274],[-77.07968430756686,38.902367786350375],[-77.07965030941055,38.90237778178942],[-77.07962031167094,38.90238778350053],[-77.07958830795032,38.90239778657057],[-77.07955830573252,38.902403788557024],[-77.07954765366681,38.90240410209489],[-77.07952404436162,38.90240521718832],[-77.07949268652497,38.902405148446135],[-77.07947901378027,38.902405292874285],[-77.07946630982751,38.90240578796786],[-77.07943930987399,38.90240578831385],[-77.07941331290696,38.90240578797184],[-77.07940753707854,38.9024057828895],[-77.07938697025288,38.90240594100106],[-77.07938159881702,38.90240673738668],[-77.07936330633864,38.9024097856321],[-77.07934407225268,38.90241619463238],[-77.07933960091655,38.902417774132054],[-77.07931563058224,38.902425988016034],[-77.07931301517655,38.90242741311253],[-77.0792846541537,38.90244753902248],[-77.07928430856641,38.902447782482724],[-77.07927012891989,38.90245862916179],[-77.07925466636259,38.90246656700921],[-77.0792543092166,38.90246678345215],[-77.07925345597083,38.90246666692231],[-77.07923832032382,38.902467929351275],[-77.07921848448656,38.90246194323602],[-77.07921730839045,38.90246178188302],[-77.07921413668797,38.90246057691348],[-77.07919368917959,38.902453996656966],[-77.0791748885829,38.90244590187633],[-77.0791647335293,38.90243699048209],[-77.07916518287522,38.90242636031309],[-77.07916518274527,38.90242624320451],[-77.07915830317664,38.90239778144927],[-77.07913857127267,38.9023711480892],[-77.07913849048269,38.902371067068714],[-77.07913566416308,38.90236942946175],[-77.07910615718768,38.90235422531754],[-77.07910561506512,38.902353973450545],[-77.07908231836251,38.90234588169924],[-77.07905429285545,38.90233590138777],[-77.0790440751698,38.90233286347591],[-77.07901930394232,38.90232578164597],[-77.07898231031552,38.90231678929407],[-77.07895030256142,38.902312784192446],[-77.07891430592774,38.9023087817766],[-77.07889296530044,38.902307661136774],[-77.07887602901344,38.90230692487894],[-77.07883395085103,38.9023079442007],[-77.07879651136973,38.90231276190655],[-77.07879630388544,38.902312789071566],[-77.07879591197391,38.90231284338608],[-77.07876030566854,38.90231778596088],[-77.0787505188613,38.9023186483527],[-77.07872628848096,38.902321078924125],[-77.07869569385329,38.90232308137654],[-77.07868631036544,38.9023237813408],[-77.07864430464933,38.90232778231258],[-77.07860730454074,38.902333788765496],[-77.07858666952541,38.902334820592905],[-77.07856744131236,38.9023361397381],[-77.07854901973135,38.90233712502848],[-77.07852631026594,38.90233878882522],[-77.07849821666035,38.90234018598465],[-77.07848640072949,38.9023409686425],[-77.07847577304375,38.902342480178106],[-77.07845530192083,38.902345781978894],[-77.07843130602492,38.902351788650535],[-77.07840630603025,38.90235678705478],[-77.07838130603204,38.90236178545371],[-77.07835830267045,38.902368782363915],[-77.07833030523533,38.90237378276237],[-77.0783170142922,38.90237516094379],[-77.07830071483554,38.90237694651639],[-77.07829048926627,38.90237720560359],[-77.0782753067557,38.90237778330387],[-77.07826963420237,38.90237733668649],[-77.0782491813144,38.90237626037609],[-77.0782239293885,38.9023723136088],[-77.0781999434357,38.90236638414953],[-77.07818056407793,38.90235603750626],[-77.0781612984322,38.90234424944617],[-77.07814184686521,38.902331119261646],[-77.07814130465741,38.90233078631499],[-77.0781372900318,38.90232833872633],[-77.07811711352552,38.902316443167784],[-77.07811398772567,38.90231502193699],[-77.07809131243826,38.90230578551093],[-77.07806431201354,38.90229478633208],[-77.07803530672173,38.902284788414185],[-77.07800330509632,38.90227578340931],[-77.07796931014147,38.902267788662336],[-77.07793530802589,38.90226378461371],[-77.07790130810805,38.902261789417956],[-77.07786430857465,38.90225778734737],[-77.07782431162104,38.90225378726186],[-77.07778530830842,38.90225178635699],[-77.07775230311627,38.90225278123105],[-77.07772130717007,38.902256783551316],[-77.0777195552419,38.90225716306797],[-77.07769331082338,38.9022627837244],[-77.07766630375039,38.90226678337722],[-77.0776403046573,38.90226478278622],[-77.07761330649362,38.90225578335751],[-77.07761208326113,38.90225467614191],[-77.07761140282152,38.90225444237659],[-77.0775905222219,38.90224166437551],[-77.07757782210037,38.90222446684231],[-77.07756754043301,38.902204925528316],[-77.0775517065868,38.902189594803346],[-77.07752430516938,38.90218078479723],[-77.07749030313003,38.90217678962736],[-77.07745130814027,38.902171788821576],[-77.07741131125806,38.902167788594625],[-77.07736930949882,38.902164789609735],[-77.07732431139671,38.902162783512615],[-77.07727631263671,38.902157788607546],[-77.0772323027481,38.9021527820374],[-77.07719230372456,38.90214678188098],[-77.0771523014632,38.902137781929085],[-77.07710831141972,38.90212978452356],[-77.07707030577554,38.90212278308164],[-77.07703430395357,38.90211378945847],[-77.07699730851859,38.90210278761477],[-77.07696131176156,38.90208778538957],[-77.07692230499607,38.902071785207205],[-77.07688930568658,38.90205678098608],[-77.07685930597097,38.90204378364647],[-77.07683231197876,38.902027784538426],[-77.07682507783437,38.90202243832998],[-77.07680661808257,38.90200933429541],[-77.07678330542478,38.901996782957575],[-77.07675031049259,38.901985787414425],[-77.07671730725856,38.90197778264303],[-77.07668230130587,38.901972787969214],[-77.07664630497105,38.90196878485432],[-77.07661031078815,38.901966781582914],[-77.07657730464766,38.90196678520615],[-77.07654830506291,38.90196178655491],[-77.07652130929718,38.90195478672792],[-77.07649431031977,38.90194478711285],[-77.07646831218587,38.90193278698043],[-77.07644030810141,38.90192078815476],[-77.07640630919697,38.901908784234934],[-77.07637430581435,38.901897787936974],[-77.07634630818087,38.90189178865252],[-77.07631630458421,38.9018857816634],[-77.0762853074129,38.90187778446774],[-77.07625330726964,38.90186978791853],[-77.07622230903421,38.901860781770445],[-77.07618874993257,38.90185032693827],[-77.07615663293103,38.9018408350509],[-77.07615311501085,38.90183921583927],[-77.0761453076278,38.90183678867103],[-77.07611630171449,38.90182578134018],[-77.07609330963663,38.90182178759796],[-77.07607030602315,38.90181778485039],[-77.07603130193232,38.901814783432414],[-77.0760063124207,38.90181878138877],[-77.0759793105688,38.90181679008885],[-77.07594230711577,38.90180878769997],[-77.07590230307366,38.90179778746487],[-77.0758813011795,38.9017897836674],[-77.07585930572368,38.90177978966364],[-77.07583530324632,38.90176878802226],[-77.07581131230478,38.9017577863684],[-77.07578730877981,38.901745784789746],[-77.07576430823998,38.90173378255566],[-77.07573930387755,38.90172378147224],[-77.07571130530452,38.90171678210807],[-77.07568330673689,38.90170978273718],[-77.07565631115139,38.90170278271003],[-77.07562730855807,38.90169478404788],[-77.07559830491148,38.90168578545118],[-77.07556931174135,38.90167578691246],[-77.07553930407487,38.90166578902252],[-77.07550830390124,38.901654782829965],[-77.07547930969828,38.90164378434152],[-77.07544930205775,38.90163378642838],[-77.07541830509322,38.90162578900233],[-77.0753863051506,38.90161778320693],[-77.07535430522475,38.90160978641106],[-77.07532431125644,38.90160178831305],[-77.07529130836011,38.90159378313828],[-77.0752563005858,38.9015867881821],[-77.07522230836668,38.901580783481194],[-77.07517731169287,38.901568786284145],[-77.07503631227117,38.901529780648026],[-77.07480230468946,38.90147178174876],[-77.07476830104441,38.901465785931336],[-77.07472930453902,38.90145878436157],[-77.07469030908824,38.90145278270617],[-77.07465730948114,38.90144778614262],[-77.07462630429607,38.901442788295704],[-77.07459330468868,38.90143778270572],[-77.07455730770532,38.90143278802773],[-77.07452130967297,38.90142678440291],[-77.07448931097397,38.901419787297264],[-77.07445930565409,38.90141178898426],[-77.07442830888753,38.901403782286835],[-77.07439230880439,38.90139578777578],[-77.07435530574779,38.901387784883596],[-77.07432230202673,38.90137878851573],[-77.07429130320706,38.90136878192707],[-77.07425830054392,38.901360785468455],[-77.07422330450426,38.901353781186764],[-77.07418830848096,38.901346785902966],[-77.07415830426505,38.90133978743995],[-77.07413131000833,38.901333786987394],[-77.07410530823799,38.9013287858271],[-77.0740793064712,38.90132378466101],[-77.07405330263198,38.90131678363422],[-77.07402730928848,38.90130878266699],[-77.07400230635594,38.90129978113845],[-77.0739773024021,38.9012897886855],[-77.07395330245323,38.90128078651129],[-77.07392830057627,38.90127278489433],[-77.0739053056817,38.901265781930434],[-77.07387831043873,38.90125878149188],[-77.07385030173762,38.90125278161583],[-77.07380430253144,38.90124078452326],[-77.07376630404335,38.9012287823609],[-77.07372830557735,38.9012167891945],[-77.07370430878404,38.90121078675143],[-77.07367930799236,38.90120378500852],[-77.07365230229907,38.901197784452386],[-77.07362231075882,38.901191785771736],[-77.07359330860132,38.90118378660394],[-77.0735633034812,38.901175788060485],[-77.07353031147721,38.90116678245286],[-77.07349431161433,38.90115878766472],[-77.0734613091284,38.90115078197234],[-77.07343030106816,38.90114278402536],[-77.07340230294975,38.90113578410708],[-77.07337530986239,38.90113078340707],[-77.07334931027547,38.90112778193326],[-77.07332430316791,38.901125788767196],[-77.07329930860838,38.9011247865077],[-77.07327230605837,38.90112178564606],[-77.07324530453738,38.90111978470562],[-77.07321731157788,38.90111778438033],[-77.07318830309727,38.90111478475646],[-77.07315530580274,38.90111178762326],[-77.0731183091821,38.901109783903706],[-77.07308530036435,38.901106786757964],[-77.07305330604605,38.901103788968484],[-77.07302230418462,38.90110178146966],[-77.07298730096676,38.901098785542864],[-77.07295329969739,38.901094789051754],[-77.07292230732655,38.90109078166421],[-77.07289630676053,38.90108678917043],[-77.07285130435821,38.901079781712674],[-77.07280530206789,38.901075783653454],[-77.07277730913799,38.901073783222714],[-77.07275230206535,38.90107178993422],[-77.07271331005042,38.90106878740095],[-77.0726743085479,38.9010677847168],[-77.072650307494,38.9010687815566],[-77.07262230507884,38.90106878095085],[-77.07259430369058,38.90106978927425],[-77.07256830721046,38.90106978740906],[-77.07254330318662,38.901070784849914],[-77.07251930111332,38.90107078173533],[-77.07249530006533,38.901071787551636],[-77.07247030756817,38.90107278496972],[-77.07244130218372,38.90107278494277],[-77.07241130637502,38.901073785450656],[-77.07238230200481,38.90107478533656],[-77.0723533091622,38.90107578520812],[-77.07232430377663,38.90107578515212],[-77.07229430796492,38.901076785629975],[-77.07226431113946,38.901076786172645],[-77.07223731067641,38.901075784926725],[-77.07221130266582,38.901075782989196],[-77.07218730161179,38.90107678874223],[-77.07216230809699,38.90107678616694],[-77.0721343066899,38.90107778537171],[-77.07210430986402,38.901077785873305],[-77.07207329955229,38.901078786920586],[-77.0720433037359,38.90107978733394],[-77.07201330791858,38.9010807877396],[-77.07198430354003,38.90108178752674],[-77.0719533047532,38.901082788535014],[-77.07192130298851,38.90108378114424],[-77.07188831080023,38.901085783290576],[-77.07185730048191,38.901086784280515],[-77.07182830762706,38.901087784021776],[-77.07179830228799,38.90109078423432],[-77.07176830948086,38.90109478435959],[-77.07173830715321,38.90110078433918],[-77.07171230415986,38.901105781927996],[-77.0716892995533,38.901111786607544],[-77.0716673094306,38.90111778165184],[-77.07164430481642,38.901123786322486],[-77.07161830080403,38.90112778396292],[-77.07158929941147,38.90113178343437],[-77.071560309544,38.90113578289157],[-77.07153130814486,38.90113978234861],[-77.07150330870894,38.901142781257086],[-77.07147629971809,38.901144788633175],[-77.07144730583276,38.90114478835238],[-77.07141330962403,38.901145782042136],[-77.07137730748583,38.901146785956],[-77.07134329975578,38.90114778864083],[-77.07131130948186,38.90114878107587],[-77.07120430002625,38.90114578350531],[-77.07117530713826,38.9011467830845],[-77.07115030207957,38.90114678930806],[-77.07112530953727,38.90114778643839],[-77.0711013084348,38.901148782959964],[-77.07107530140286,38.901149789705386],[-77.07104830292079,38.90115078803961],[-77.07102331037571,38.90115178514813],[-77.07099730233743,38.901151782940325],[-77.07094930013439,38.90115378493427],[-77.07092630498805,38.9011577896016],[-77.07088230610742,38.90116278892166],[-77.07084230657563,38.90116678587191],[-77.07081829989075,38.90117378190717],[-77.07079430771579,38.90118378672135],[-77.07077030399668,38.90119378252919],[-77.07074630784136,38.90119978762355],[-77.07072030077687,38.90120078528159],[-77.07068930192065,38.90120178595448],[-77.07065930603305,38.9012027860125],[-77.07062463226481,38.90119481656329],[-77.07061885662435,38.90119490113005],[-77.07059614151586,38.90119068092937],[-77.07059510378302,38.90119050138926],[-77.0705891075969,38.901189063674785],[-77.07058709437301,38.90119335287112],[-77.07057398378757,38.90117886633918],[-77.0704712458012,38.901111906152614],[-77.07045534945522,38.90110153810864],[-77.07036230263078,38.90104178767775],[-77.07035216183684,38.90103432585364],[-77.07032588795236,38.90102188310954],[-77.07032805080712,38.901017341593395],[-77.0703187067111,38.901011131448946],[-77.07030993974482,38.90100564162533],[-77.07030298153273,38.90099893458371],[-77.07028530249596,38.90099278350238],[-77.07025930969317,38.90098478169627],[-77.07023531032502,38.900975787766164],[-77.07021230239201,38.90096678422692],[-77.07018930698588,38.90095878961202],[-77.07016629906417,38.900949786063684],[-77.07014430465914,38.900939781974124],[-77.07012030237179,38.900927788237695],[-77.07009330271532,38.90091578728648],[-77.07006630208578,38.90090278640142],[-77.07003830046439,38.9008917859665],[-77.0700113027982,38.900881784851286],[-77.06998330119355,38.90087078440314],[-77.06995531014525,38.90085878401382],[-77.06992130990673,38.900843787430176],[-77.06989816120017,38.90083221653004],[-77.06989082599834,38.9008289689002],[-77.06988690459363,38.9008271605655],[-77.06987030809773,38.900819783636415],[-77.06984230458114,38.90080678329922],[-77.06981530208117,38.90079178250082],[-77.06978829959264,38.900776781696095],[-77.06976030665824,38.90076278140471],[-77.06973474829604,38.900750914635076],[-77.06972865874899,38.90074826080326],[-77.06972033138901,38.90074425705245],[-77.06970630663211,38.90073778840964],[-77.06968463394402,38.9007265498957],[-77.06967855548038,38.90072343662819],[-77.06964729944444,38.90070878965381],[-77.06962020821638,38.90069729311574],[-77.06961171990295,38.9006937308628],[-77.06957976259176,38.90068105711937],[-77.06955223367859,38.90066993917736],[-77.0695493043661,38.90066878785102],[-77.06954865849154,38.90066849095962],[-77.06954723995729,38.90066792427733],[-77.06951783006296,38.90065487965751],[-77.06949995252985,38.90064599003318],[-77.06949330910695,38.90064278700848],[-77.06948442831779,38.90063868447803],[-77.06946546772996,38.90063040806117],[-77.06944182516887,38.90062060300287],[-77.0694355517348,38.90061850778348],[-77.06940930581305,38.900610785197536],[-77.06940517803649,38.9006101210312],[-77.06939927507851,38.900609638086515],[-77.06938993541067,38.90060784196212],[-77.06937713699354,38.900605777640216],[-77.06936226357267,38.900603804632574],[-77.06935821654741,38.900603194466804],[-77.06934730941082,38.900601786629146],[-77.06933423431705,38.90059972246684],[-77.0693294033074,38.9005990497068],[-77.06931072546658,38.9005969888667],[-77.06929158579521,38.900594207628615],[-77.06927274448739,38.90059001189764],[-77.0692713032328,38.900589787543225],[-77.06926970014482,38.90058911286667],[-77.06925260933747,38.90058306037188],[-77.0692342715809,38.90057505379907],[-77.06921443506423,38.900566958027724],[-77.06919517435443,38.90055823132665],[-77.06917821956762,38.900549773507734],[-77.06916253350695,38.90054194552058],[-77.06915875077271,38.9005404433636],[-77.06912530648037,38.90052778839265],[-77.06911226469101,38.90052438193974],[-77.06910210586196,38.900521892633066],[-77.06909594867177,38.90052077022975],[-77.06905830303349,38.90051478391239],[-77.06905784182399,38.90051470310979],[-77.0690574959234,38.900514649264075],[-77.06903430881346,38.900510789372895],[-77.06901130505152,38.90050578530681],[-77.06900407454086,38.90050342938706],[-77.06898933727788,38.90049916812756],[-77.06896928276588,38.900492099396544],[-77.06896830255803,38.90049178468258],[-77.06896788737471,38.9004916137688],[-77.06894666717082,38.90048315843431],[-77.06893938956767,38.900479784593486],[-77.06892330085995,38.90047278558106],[-77.06890130291299,38.90045878154611],[-77.06887730962812,38.900443787763614],[-77.06884930450987,38.90042878733227],[-77.06883542757068,38.90042004839026],[-77.06882243921469,38.900412245792744],[-77.06880519322436,38.9004005991309],[-77.068796299326,38.900394784966906],[-77.06877230414796,38.900377782299],[-77.06875404408746,38.90036655061117],[-77.06874665011149,38.9003620237564],[-77.06873557655018,38.900355346067585],[-77.06872130785243,38.90034678750969],[-77.0686943038365,38.9003297865956],[-77.06868752087378,38.900325268386126],[-77.0686677489232,38.90031225391791],[-77.06865449429381,38.90030324433758],[-77.06864330471372,38.90029578298063],[-77.06862130592303,38.90028078797324],[-77.06860130055594,38.90026478285446],[-77.06858130673466,38.90024878673383],[-77.06857512283915,38.90024383576464],[-77.06856103666048,38.9002332231732],[-77.06854688164557,38.90022295293826],[-77.06853930263142,38.90021778658509],[-77.06852458232426,38.90020708427762],[-77.06851685316971,38.900201629743464],[-77.0685015221935,38.900191261100645],[-77.06849330883978,38.900185788832104],[-77.068471309146,38.90016978486011],[-77.06846854013392,38.90016745331717],[-77.06845201899075,38.900154193681004],[-77.06843401967562,38.900138259424686],[-77.06841740340816,38.90012196402104],[-77.06840090260323,38.900105848714645],[-77.06838463271536,38.90009009360523],[-77.06838430963191,38.900089787510005],[-77.06838268237586,38.900087932739886],[-77.06836997635142,38.90007388713104],[-77.0683648860074,38.90006720590497],[-77.06835629903668,38.90005678825419],[-77.0683464184934,38.90004384901802],[-77.06834285210257,38.900039491056944],[-77.06833696763837,38.900034188573706],[-77.0683263065755,38.90002479007893],[-77.06831635059024,38.90001732796887],[-77.06830627942007,38.900009965017254],[-77.0682952398751,38.900002593622546],[-77.06828629996377,38.89999678845463],[-77.0682663101074,38.89998478298181],[-77.06824730016231,38.89997278594143],[-77.06821030336843,38.8999577816001],[-77.0682100495933,38.89995761959777],[-77.06819463328367,38.8999543585624],[-77.06818160101048,38.89994869090077],[-77.06817190898524,38.899939958445074],[-77.06816636495539,38.89992897147748],[-77.06816631867912,38.89992880034558],[-77.0681662606508,38.89992839500309],[-77.0681642792087,38.89991780232448],[-77.06816380955945,38.899908884319224],[-77.06816366673645,38.89990419104543],[-77.06816330610907,38.89990078609466],[-77.06816430243384,38.8998817868758],[-77.0681633034291,38.899861788892835],[-77.06816130051033,38.899840782558876],[-77.06815129992245,38.89982278968407],[-77.06813456620549,38.89980408006662],[-77.06813442774715,38.89980395403026],[-77.06812646488515,38.89979513047842],[-77.06811769308419,38.89978424448253],[-77.06811730068812,38.899783785284846],[-77.06811546546606,38.899781435172144],[-77.06810857490797,38.899772800169444],[-77.06810393476692,38.89976670421277],[-77.06809930632684,38.899760788416344],[-77.0680862997732,38.89974578806465],[-77.06807634010366,38.89973439828955],[-77.06807222021315,38.89972985146687],[-77.06805549021718,38.8997149974151],[-77.06805471726416,38.89971440331342],[-77.06801930427005,38.89969178592138],[-77.06799730093226,38.8996837812876],[-77.06797430618805,38.89967578623493],[-77.06794830259624,38.899667783919455],[-77.06793257244198,38.89966173043935],[-77.06792182462402,38.89965796218462],[-77.06789633801007,38.89964806780069],[-77.06787907298543,38.89964029460801],[-77.06787330652706,38.899637784625156],[-77.06786774742979,38.89963512137934],[-77.06785020541923,38.89962701503386],[-77.06782782910861,38.89961468657031],[-77.06780672047171,38.89960190694844],[-77.06778757068207,38.8995881352661],[-77.06777141804066,38.89957418167463],[-77.0677576854552,38.89955932584086],[-77.06774464327941,38.89954311835056],[-77.06774458555323,38.899543028300414],[-77.06774430864736,38.899542785235184],[-77.06774321178226,38.89954100221528],[-77.06773286809018,38.89952573903688],[-77.06772459952268,38.899510537713134],[-77.06772230186186,38.89950678255752],[-77.06771824818254,38.89949908275662],[-77.06771185074922,38.89948764584315],[-77.0677073929813,38.89947930668221],[-77.06770130768236,38.899468788440366],[-77.06769330066705,38.89944978543313],[-77.06768721048326,38.89943411440929],[-77.06768620517936,38.899431628683374],[-77.0676845765973,38.89942834157428],[-77.06767730008316,38.89941378827429],[-77.06767018649491,38.899400847376526],[-77.06766611013856,38.899393534946384],[-77.06765502351739,38.89937282213099],[-77.06764897184566,38.899361276913275],[-77.06764430644222,38.8993527847278],[-77.06763913250575,38.899342923565285],[-77.06763308128316,38.89933184678133],[-77.06762084127534,38.89931050404471],[-77.06761443343939,38.89930022020218],[-77.06760830308176,38.89929078298488],[-77.06759729975937,38.899272781633],[-77.06758630797917,38.8992547892817],[-77.06757430172594,38.89923678850776],[-77.06757411678187,38.89923626612965],[-77.06756276800151,38.899218652333815],[-77.06755329749903,38.89920019066447],[-77.0675467090164,38.89918172732787],[-77.06754358074545,38.89916515374674],[-77.06754091513349,38.89915020140351],[-77.06753813509496,38.89913614996277],[-77.06753673876479,38.899122458056524],[-77.06753626612876,38.899110297038106],[-77.06753591252618,38.8991020996311],[-77.06753648176425,38.89909453227607],[-77.0675403132511,38.89908676485096],[-77.06754039379396,38.899086602653824],[-77.0675471854451,38.89907614902444],[-77.06755076555645,38.8990707509441],[-77.06755530101029,38.89906378485578],[-77.06757263669911,38.89903681279506],[-77.06757355754249,38.899035334890684],[-77.06758957779267,38.899007066383774],[-77.06759046388053,38.89900540833205],[-77.06759117741493,38.89900413773982],[-77.06759930165815,38.89898878278595],[-77.06760930151682,38.89896978736677],[-77.06761411061694,38.89895964116501],[-77.06761796378649,38.89895044139466],[-77.06761928441112,38.89894506263662],[-77.06762430592978,38.898915782545274],[-77.06762330629503,38.89888278548466],[-77.06762130751622,38.89885378871606],[-77.06762129949757,38.89884532986634],[-77.06762085185213,38.89883522274033],[-77.06762018234811,38.898822133974065],[-77.06761830610202,38.8988007852358],[-77.0676163052778,38.898781787752725],[-77.06761554227033,38.89876734778569],[-77.06761525009999,38.898763159065204],[-77.06761454270925,38.898746584083476],[-77.06761395153802,38.89873099995453],[-77.0676134588923,38.89872206394177],[-77.06761164270715,38.898703264535534],[-77.06761127081481,38.89870010281472],[-77.06761084136794,38.89869703121087],[-77.06760830228531,38.89868178151866],[-77.06760330150674,38.89864778684356],[-77.06759930272717,38.89861280066805],[-77.06759907081046,38.89861136847222],[-77.06759664781552,38.89859696549867],[-77.06759386642192,38.898581472720224],[-77.06759153782073,38.898569357816605],[-77.06759029904536,38.89856378235534],[-77.06758230100701,38.89852978040446],[-77.06757230185772,38.89850078826138],[-77.06756994321006,38.89849345681643],[-77.06756691539587,38.89848554922308],[-77.06756217443306,38.89847023774428],[-77.06756019741256,38.89846417625791],[-77.06755239633584,38.89844336243722],[-77.06755027036651,38.898438264931826],[-77.06754114683253,38.898420884062176],[-77.0675381787283,38.8984151564579],[-77.06753130788881,38.898402782936124],[-77.0675223096449,38.898383789495085],[-77.06751708728783,38.898371397002826],[-77.06751400272326,38.89836441730238],[-77.06750614642678,38.89834613486088],[-77.06749909862319,38.89832947345735],[-77.06749320344437,38.89831263122013],[-77.06748968707596,38.898300075590235],[-77.06748829966912,38.898295788409825],[-77.06748592633868,38.89828510585942],[-77.06748406298126,38.898277323708065],[-77.06748253615785,38.89827189254567],[-77.06747830359728,38.89825778789019],[-77.06747592209047,38.89825064563189],[-77.0674720386756,38.89824003602032],[-77.06746706420934,38.898221571743896],[-77.067467394114,38.89820472590963],[-77.06747222168856,38.898189769234385],[-77.06747240564079,38.898189246642936],[-77.06747830311603,38.898159785880665],[-77.0674785219245,38.898159551536764],[-77.06747853331599,38.89815940739635],[-77.06747794652522,38.898148417529086],[-77.0674948863907,38.89814192171944],[-77.06751240230666,38.89813506523977],[-77.06753268423039,38.89812748648918],[-77.06753844613667,38.898125330158635],[-77.06756666726275,38.89811404437344],[-77.06756771587382,38.89811359334864],[-77.06757739486144,38.898108903399645],[-77.06757971188978,38.89810882098396],[-77.06759730831389,38.898101784277614],[-77.06757530411112,38.89805579128408],[-77.06756708802783,38.89805927326579],[-77.0675647600022,38.89805991420625],[-77.06755230297215,38.89806478592806],[-77.06754972189589,38.89806602156673],[-77.06754577015333,38.89806847412729],[-77.06753747425897,38.89807289302312],[-77.06752779459138,38.89807686229995],[-77.06752362413333,38.89807964829574],[-77.06750959348909,38.898090556527634],[-77.06750853426227,38.898091971453205],[-77.06749830093318,38.89810778704859],[-77.06749788591225,38.89810776927165],[-77.06748817822506,38.89811868401144],[-77.06748241641156,38.89812093943151],[-77.0674748081756,38.898121123993654],[-77.0674714515318,38.898106793622446],[-77.0674713016608,38.89810678470065],[-77.06746630459125,38.89808878887185],[-77.06746546639619,38.89808013231635],[-77.06746427145042,38.89807212456923],[-77.0674639646372,38.89806462978603],[-77.06746330107332,38.89805778381116],[-77.06746032359533,38.8980299316633],[-77.0674599078337,38.89802913015883],[-77.06744711507858,38.89800812102802],[-77.06744588002928,38.89800646420175],[-77.06743941777935,38.89799944140716],[-77.06743595541613,38.897995209473976],[-77.06743286237095,38.897991427745765],[-77.0674323084287,38.897990788471546],[-77.06743149979191,38.89798900528186],[-77.06742972117094,38.89798548403742],[-77.06742823052538,38.89798172840921],[-77.06742330930948,38.897970786085004],[-77.06741091983795,38.897949551508084],[-77.06740916530468,38.89794712026173],[-77.06740283957646,38.89793816959593],[-77.06739130870126,38.897922780951],[-77.0673899120605,38.897920908016545],[-77.06738100218307,38.89790993195789],[-77.06737456042593,38.897900179612925],[-77.06737130541967,38.897895785407506],[-77.06736994209588,38.89789257020707],[-77.06736310534096,38.89787958408574],[-77.06735686422591,38.89786256187248],[-77.06735212071281,38.89784445779144],[-77.0673478373803,38.89782536252458],[-77.06734355481538,38.89780707801],[-77.06733904305662,38.897790234965925],[-77.06733499292355,38.897773932157534],[-77.06733235249511,38.89776113279093],[-77.06733129935566,38.897756782357],[-77.06733052315641,38.897752720031136],[-77.06732769884547,38.897740515322546],[-77.06732645706985,38.89773172387263],[-77.06732529868445,38.897725788026825],[-77.06732430485847,38.89769878151702],[-77.06732377248659,38.89768435042079],[-77.06732313820953,38.89767187419876],[-77.06732247538544,38.89766579393337],[-77.06731930657972,38.89764278839145],[-77.06731756362787,38.8976281868337],[-77.06731719888691,38.89762036778169],[-77.06731630220077,38.89761078339638],[-77.06731560972557,38.897597712655475],[-77.06731510861506,38.897591974614734],[-77.06731326332616,38.8975788685046],[-77.06731230078097,38.89757278841177],[-77.06730930867361,38.89755378248217],[-77.06730730702317,38.89753378506146],[-77.06730683060977,38.897529785621124],[-77.06730500862601,38.897516940739955],[-77.06730291722026,38.897499555797076],[-77.06730071555204,38.89748748585407],[-77.06729930283906,38.89748078444308],[-77.067294303027,38.89745978882039],[-77.06729051772183,38.89744312552224],[-77.06728925656277,38.897438216688805],[-77.06728381930445,38.89741786091152],[-77.06728138969488,38.8974085566679],[-77.06727830256122,38.897398784367816],[-77.06727464251381,38.89738047246571],[-77.0672743299982,38.89737913039902],[-77.06726923951602,38.89735976534152],[-77.06726863800796,38.89735757665471],[-77.06726330693228,38.8973397881997],[-77.06726012540757,38.897327709811364],[-77.06725802072182,38.897320675488544],[-77.06725481723895,38.89730975919206],[-77.0672523081995,38.89730178823173],[-77.06722052107462,38.89723522568614],[-77.06722012868985,38.89723475747687],[-77.06721366432512,38.897225392494626],[-77.06721077407144,38.897216565957756],[-77.06721330296007,38.89720890739057],[-77.06721848501091,38.89720313905378],[-77.06722349625863,38.897199613898486],[-77.06722630303156,38.897168785650436],[-77.06722566860718,38.897168362622295],[-77.06722306333914,38.897168364121576],[-77.06721914382457,38.89716827629335],[-77.06721487661054,38.897166206824295],[-77.06721118391623,38.897162155183686],[-77.06720979795716,38.897159363387246],[-77.06720783578125,38.89715675208967],[-77.06720414257863,38.89715215994708],[-77.06720090955223,38.897146576619264],[-77.06719698409887,38.8971401829366],[-77.06719201826562,38.89713072700733],[-77.0671849731159,38.89711667800641],[-77.0671768869108,38.89709884608939],[-77.06716896232695,38.89708125730472],[-77.06716729906114,38.89707778103124],[-77.06716533563375,38.89707383649523],[-77.06715494208885,38.89705408712093],[-77.06714016473767,38.89703085402709],[-77.06713645906864,38.897025252952304],[-77.0671243039441,38.8970077837045],[-77.06711030883537,38.89698278451716],[-77.06709730605917,38.896958784686866],[-77.06709090908016,38.89694748285965],[-77.06708381987386,38.89693557786898],[-77.06706881244003,38.89691279531617],[-77.06705415050777,38.89688965222831],[-77.06704087241516,38.89686704884639],[-77.06702701811625,38.89684462596088],[-77.06701443000881,38.89682022050629],[-77.0670093946837,38.896810368240445],[-77.06700230393083,38.89679678768901],[-77.06699840024999,38.89678898868143],[-77.0669909860159,38.89677465161189],[-77.06698271619979,38.89675761252207],[-77.0669803023835,38.89675278542092],[-77.06697029782423,38.89672978378521],[-77.06695930095395,38.896705782788544],[-77.06695139984403,38.89668853629245],[-77.0669483621691,38.89668225019255],[-77.0669446790222,38.89667604553779],[-77.06693630902139,38.89666278100801],[-77.06693005089961,38.8966519835605],[-77.0669249249403,38.89664379789074],[-77.06691384149666,38.89662578750383],[-77.06690402736685,38.89660912764406],[-77.06690082854904,38.89660309386944],[-77.06689529807312,38.896593782383945],[-77.066862303321,38.896541786955936],[-77.0668457497345,38.89651729366797],[-77.06683706954604,38.89650511932088],[-77.0668274756148,38.89648967545807],[-77.06682430093582,38.89648478573016],[-77.0668179619423,38.89647376311336],[-77.06680497271552,38.89645171805666],[-77.06679887446671,38.89643926297049],[-77.06678530472202,38.89641278612615],[-77.06675930551785,38.89635878680999],[-77.06674030797913,38.89632178227898],[-77.06671930083408,38.89628068909316],[-77.06671708375372,38.89627664560189],[-77.06670715174633,38.896257103113896],[-77.06669802768597,38.89623864116802],[-77.06668890430407,38.89622089989041],[-77.06667612356051,38.8961998185949],[-77.06666730337452,38.89618578859042],[-77.06664630698906,38.89614378553908],[-77.06663384619968,38.8961196592274],[-77.06663012769341,38.89611256275377],[-77.06662822257434,38.89610927578576],[-77.06661130807947,38.896080782952794],[-77.06659589618316,38.89605657724427],[-77.0665899509741,38.896047455155696],[-77.06657586726578,38.896025933181235],[-77.0665653032839,38.896008498998945],[-77.06655530576204,38.895992785091416],[-77.06654629841155,38.89597578242211],[-77.06654074290002,38.895964245865926],[-77.06653302830436,38.89594902611628],[-77.0665284102996,38.89594153378324],[-77.06650630452266,38.895908782932096],[-77.06648230674826,38.895886789146324],[-77.06648206423364,38.895886320849115],[-77.06647162768569,38.89586951717128],[-77.06646689023731,38.895857538735804],[-77.06645891702804,38.895836914106425],[-77.06645163824349,38.89581926184336],[-77.06644530768071,38.895804788994816],[-77.06644062872601,38.89579372037012],[-77.06643407908619,38.89577918458693],[-77.06640403660728,38.89572774586226],[-77.066389020322,38.89569494591556],[-77.06638869674734,38.89569408129592],[-77.06638395806706,38.89568075160197],[-77.06637609841623,38.89565823514421],[-77.06636997057542,38.89563860038017],[-77.06636024977637,38.89559806823913],[-77.06635813110519,38.895588241311316],[-77.06635729790888,38.89558478257065],[-77.06634930508345,38.89556778831702],[-77.0663433037164,38.89554778413626],[-77.06634039312173,38.89554168712292],[-77.06633193884613,38.895524305770174],[-77.06632914351975,38.89551819968265],[-77.06632030788022,38.895499782582995],[-77.06631588300459,38.89548918224376],[-77.06630987641466,38.89547594334981],[-77.06629220432345,38.89543820831002],[-77.06627788349685,38.8954093896523],[-77.06626298898723,38.89538345399651],[-77.06623355609653,38.89533023122142],[-77.06621495663096,38.895299252972514],[-77.06620524514732,38.8952810345441],[-77.06619830579328,38.895268787093336],[-77.06617530603785,38.89522878494429],[-77.06614928108853,38.895183352456314],[-77.06610803913354,38.89511211959359],[-77.06606942808692,38.89505611838208],[-77.06602729723825,38.89499578612059],[-77.06598505573666,38.894940372476256],[-77.06595002820653,38.89489501709371],[-77.06592977361645,38.8948689943356],[-77.06590730376578,38.894840783789604],[-77.06590693345885,38.89483923455871],[-77.06588538576099,38.894798483835686],[-77.0658779805539,38.894768490136734],[-77.065876697572,38.894752275792385],[-77.0658768006169,38.89473903342878],[-77.06588013131686,38.89472578924484],[-77.06588909651614,38.894697497902904],[-77.06589922767272,38.89468352921252],[-77.065910051464,38.894670641134965],[-77.06593562257217,38.89464945703149],[-77.06595405322047,38.89463530348376],[-77.0659913539666,38.89460854557107],[-77.06599958529361,38.894572048008314],[-77.06598182641278,38.89453976302948],[-77.0659340837009,38.89454347441154],[-77.0659272274071,38.894546135750936],[-77.06591536085257,38.89455325906114],[-77.06590418560161,38.89456002164518],[-77.06588978045403,38.894564353789875],[-77.06587352976976,38.89456742580153],[-77.06585916645341,38.89456712761596],[-77.06585630828653,38.89456778683846],[-77.06581730582191,38.894561782220485],[-77.06579330364127,38.89454678779536],[-77.06570230247938,38.89446678161882],[-77.06561630087687,38.894307787159036],[-77.0655703081786,38.89423378218597],[-77.06551830854957,38.894145781553156],[-77.06546830601293,38.89406077956456],[-77.06539930398888,38.8939727884043],[-77.0653823065809,38.89394078216434],[-77.06536230151141,38.89390978654248],[-77.06535285590691,38.89389194624175],[-77.06535049122894,38.89389019994049],[-77.06534033887264,38.89388101708003],[-77.06533526137545,38.89387498431059],[-77.06532141545242,38.89386048857455],[-77.06531680044833,38.89385598696902],[-77.06530064323867,38.89383509657841],[-77.06527814800991,38.8937911212688],[-77.0652703018893,38.89378278390025],[-77.06524930227901,38.89376078817815],[-77.0652312979117,38.893736781912516],[-77.06520130514649,38.89367478502018],[-77.06518130113551,38.89364478028637],[-77.0651593011243,38.893612785812],[-77.06513530384626,38.89356478456836],[-77.06512630136514,38.89353978234478],[-77.06511430000738,38.89351278193323],[-77.06510430803127,38.89348978011809],[-77.06508829947563,38.893454782501756],[-77.06507030735739,38.89341878605857],[-77.06505129995057,38.89338178124002],[-77.0650333014887,38.89333878528823],[-77.06501730361751,38.89330278772588],[-77.06500230314582,38.89326078102103],[-77.06495429812969,38.89311478199074],[-77.06491130394068,38.89300278676379],[-77.06487230339762,38.89288378078601],[-77.06486330110279,38.892858787547446],[-77.06485729856216,38.892836783422716],[-77.06484130060451,38.89278778674938],[-77.06483988435107,38.89277683335259],[-77.06483651128774,38.89276894388916],[-77.06483269803707,38.89275867645915],[-77.06482298423363,38.892724450028304],[-77.06481130847433,38.89268761225648],[-77.0648030950836,38.89265545691713],[-77.06480002138633,38.8926344961352],[-77.06479630632069,38.89263078674585],[-77.06477530110793,38.892614781506445],[-77.06475830095378,38.89259178354428],[-77.06472229908596,38.892486783868065],[-77.06469829871261,38.89238378639953],[-77.06470429764815,38.892363784484644],[-77.06473530800595,38.89232878778322],[-77.0647493036356,38.89229278255987],[-77.06474730620951,38.89226378570815],[-77.06472929785265,38.892234779713164],[-77.06471430307332,38.8921477851352],[-77.06471030269445,38.892121780172346],[-77.064707304525,38.89210778281825],[-77.06470130029011,38.89208378783264],[-77.06469930858445,38.89207378063098],[-77.06469629798536,38.89205878335366],[-77.0646943008486,38.892042785585275],[-77.0646952970806,38.892022786440315],[-77.06469430678881,38.89198578058278],[-77.0646933073148,38.891976781769316],[-77.06469230240059,38.891961783380815],[-77.06469130810693,38.89194578505668],[-77.06469430302383,38.891930784452825],[-77.06470230034536,38.89190278199207],[-77.06470529888585,38.89189178110455],[-77.06469830763051,38.89185978722712],[-77.06464529814465,38.891722781165434],[-77.06460330299889,38.8916687811697],[-77.0645912996802,38.89165177999416],[-77.06457030609815,38.891622784630705],[-77.06455730424844,38.89159778456565],[-77.06455030721678,38.89158478033767],[-77.06454030688766,38.891564787268884],[-77.06453229821506,38.89155478338794],[-77.06449129749599,38.89151678167702],[-77.06447429950242,38.89149578352761],[-77.06446530383892,38.891477780748666],[-77.06445630547782,38.89145678718958],[-77.06443729732017,38.891430781486676],[-77.06441930736591,38.891421783033366],[-77.06439430481264,38.89142078788163],[-77.06437529709332,38.89142078034217],[-77.06434530433589,38.89142078785985],[-77.06432630273375,38.8914147807304],[-77.06431365069334,38.89139408644864],[-77.0624164962837,38.89175921615792],[-77.06067927849628,38.89209356753771],[-77.06061072605668,38.8921049626903],[-77.05994118608346,38.892216246329475],[-77.05991929939243,38.89221977983341],[-77.0599096643042,38.89222148735843],[-77.05975437192882,38.89224730383024],[-77.05975529532147,38.8922487807313],[-77.0595103020889,38.8922907857398],[-77.05931229565996,38.892322785105556],[-77.05931200586085,38.892320830435445],[-77.05842157743837,38.89246882734428],[-77.05767129932828,38.89258478663678],[-77.05761230069604,38.89259478802126],[-77.05701830444706,38.89269778395473],[-77.05638929967712,38.8928017846918],[-77.05589976730265,38.89288713110191],[-77.05589030489132,38.89288878416219],[-77.05583530407762,38.892896782876534],[-77.05579330342103,38.89290178457619],[-77.05575029912391,38.89290578681032],[-77.05566530332811,38.89291178188117],[-77.05557530322797,38.89291578842071],[-77.05546217596356,38.89291479721882],[-77.05546029704077,38.892914780094195],[-77.05546037783515,38.89291491518143],[-77.0554708581379,38.89293258463331],[-77.05557129837635,38.89310178620702],[-77.05564730250047,38.893227786169106],[-77.05577529912797,38.89343378263813],[-77.05595430329977,38.893726784420096],[-77.05601830241203,38.89382978249575],[-77.05605109173939,38.89388139374542],[-77.05607929913143,38.89392578247121],[-77.05616386928628,38.894065813009675],[-77.05620130094039,38.8941277816101],[-77.05620388652783,38.894132203476445],[-77.05622529840699,38.894168785176575],[-77.05626030394492,38.89422378244543],[-77.05627029996727,38.89424078543547],[-77.05632030350479,38.89434078128197],[-77.0563613004153,38.89443578180554],[-77.05637830258664,38.8944787885718],[-77.05639029875816,38.894517789027056],[-77.05639929592226,38.894539783124806],[-77.05642729971272,38.89464678003596],[-77.05644529592871,38.89473678297967],[-77.05645330405969,38.89479078429039],[-77.05646130181073,38.89486078447073],[-77.05646330430311,38.89488578173021],[-77.05646530501687,38.89496678402768],[-77.05646430462009,38.895508782080675],[-77.05646354988448,38.8956329718224],[-77.05646229490394,38.89583878663258],[-77.05646229612195,38.89605878900821],[-77.05645930095665,38.89661478692314],[-77.05646008050262,38.89669669963109],[-77.05646029474677,38.89671978797298],[-77.05645935622108,38.896873957622304],[-77.05645895849604,38.89693947566768],[-77.05645829491576,38.89704778358308],[-77.05644729750728,38.89725178335948],[-77.05643630150723,38.89738478819294],[-77.05642529812266,38.89746478779994],[-77.05639929910846,38.897707783008684],[-77.05638529667996,38.89781478212671],[-77.05638123149541,38.89784919604506],[-77.05637229951078,38.897924789549926],[-77.05636129582672,38.89803378707086],[-77.05635229796249,38.898142783620976],[-77.05634935198869,38.89822229287097],[-77.05634930701561,38.89822373423103],[-77.0563492955304,38.898223788286785],[-77.05634930236977,38.89836378728018],[-77.05635130240302,38.8984147826674],[-77.05635630445188,38.898471785185066],[-77.0563623054906,38.898523787577645],[-77.05637929603732,38.89862378123094],[-77.05639320292954,38.89868736456099],[-77.0563932954881,38.89868778790945],[-77.05639383890558,38.89868981452902],[-77.05642230541558,38.898796784114644],[-77.05645630548709,38.89890378705057],[-77.05652929757476,38.89911778146288],[-77.05656430090161,38.899224783875916],[-77.05663529769934,38.899436788327954],[-77.0566713018977,38.89954078142459],[-77.05670729785977,38.89964878323359],[-77.05674109467465,38.899745588703134],[-77.0567442952893,38.89975478468653],[-77.05677929845528,38.899860787095115],[-77.05678334246518,38.89987227979973],[-77.05685429760896,38.90007378937332],[-77.05697429591082,38.900392789064064],[-77.05701230221747,38.9004907905016],[-77.05714329980802,38.90085278153279],[-77.05717629798629,38.90092978687032],[-77.05720693876329,38.90098532642892],[-77.05720830108122,38.90098778504423],[-77.05722029719689,38.9010247855137],[-77.0572293027851,38.90112778269426],[-77.05724230445209,38.90123978627434],[-77.05724530007909,38.90132378776338],[-77.05724629727669,38.90140278158234],[-77.05724335816267,38.9014753994104],[-77.05724330163389,38.90147678672553],[-77.05724327882277,38.90147709302091],[-77.05723629538848,38.901566783670816],[-77.05721630106324,38.901676785534],[-77.05719730625148,38.90175378928242],[-77.05718129517172,38.90181378378422],[-77.05715729691742,38.90189078997314],[-77.05711558204895,38.902000045735484],[-77.05711530595609,38.902000784555895],[-77.05695830602248,38.902413786344304],[-77.05694555963083,38.902447961260556],[-77.05691130074135,38.90253978213149],[-77.05686829610157,38.902651785969795],[-77.05675529745639,38.90294778348208],[-77.05675323929344,38.902954657858565],[-77.0566832956224,38.903187783055145],[-77.05666647867633,38.9032937024642],[-77.05666630660424,38.90329478355048],[-77.05660930129562,38.90364878554375],[-77.05658529614706,38.90377678789553],[-77.05657330009792,38.903841788992786],[-77.05655629605884,38.903944789756714],[-77.05653730230131,38.90402478413926],[-77.05651530430508,38.904081781639626],[-77.05648329561093,38.90414878324997],[-77.0564253021122,38.90427578404074],[-77.05638494490262,38.904355572509324],[-77.05638129594604,38.904362789962725],[-77.05637177200589,38.90437602783203],[-77.05621846704808,38.90458895111058],[-77.0561832961334,38.90463778430307],[-77.05617966822027,38.904642488408754],[-77.05602552118984,38.904841611029745],[-77.0559262995271,38.90496978438953],[-77.05583157730766,38.90510240563846],[-77.05582990741927,38.90510473059172],[-77.05582630279204,38.90510978600067],[-77.05582381547104,38.90511355268109],[-77.05572630351017,38.90526178665054],[-77.05564230442381,38.905396789836914],[-77.05555830049316,38.905540783298036],[-77.05547630385126,38.90568678460434],[-77.05541229674687,38.90580878807524],[-77.05533929534255,38.90595878471966],[-77.0552432986009,38.906160788397656],[-77.05514424575578,38.906377296877736],[-77.05501730394384,38.906654786922516],[-77.05489729986226,38.906914788346555],[-77.05477329651296,38.90719279019351],[-77.05475029846424,38.90724178838167],[-77.05467430575825,38.90740378509412],[-77.05448629952043,38.90778579091315],[-77.05446130266915,38.90782979033729],[-77.05442029660769,38.907895786594],[-77.05437630281034,38.907959784372615],[-77.05432929897552,38.908022783606896],[-77.05430330127197,38.90805478434009],[-77.05428929586719,38.90807378945645],[-77.05422230338017,38.9081567874585],[-77.05418857418816,38.90819525974756],[-77.05418578646758,38.90819844999588],[-77.05415129694416,38.908237787427964],[-77.05404130241033,38.90835578466332],[-77.05395630095815,38.90843979076362],[-77.05389229806907,38.908497789024096],[-77.0537913047308,38.90858178436089],[-77.05375802628069,38.908606978010205],[-77.05375430434995,38.9086097993356],[-77.05372130242775,38.90863478565508],[-77.05368530355449,38.908660791285534],[-77.05364830082118,38.90868578843084],[-77.05359329633178,38.908720784080884],[-77.05355530049398,38.90874379080713],[-77.05347730107893,38.90878778727135],[-77.05344216076693,38.90880579302051],[-77.0534318802902,38.908811058597536],[-77.05335629800433,38.908849783991656],[-77.05327330153938,38.908887783041365],[-77.05323029791039,38.90890578330332],[-77.05318329571297,38.90892678514924],[-77.05309329908475,38.908962787403674],[-77.05303129673426,38.90898378699545],[-77.05296729749028,38.90900178767999],[-77.05293656513813,38.90900946771201],[-77.05293504350522,38.909009846752014],[-77.05290329673063,38.90901778847694],[-77.05283830216979,38.90903078990869],[-77.05277230227895,38.90904078297041],[-77.05273830427873,38.9090447890196],[-77.05268929464953,38.909048783813034],[-77.05260430095043,38.90905278578483],[-77.05247629940054,38.909053789223464],[-77.05234830423272,38.90904778402501],[-77.05232185380828,38.909045895112065],[-77.05186029748103,38.90901278803155],[-77.05168229471468,38.90900178664084],[-77.05153429721389,38.90899778925016],[-77.05149629548235,38.908997787989435],[-77.05141229404768,38.9090027885833],[-77.05135629956574,38.9090097856706],[-77.05127429920624,38.909023784624345],[-77.05118206612535,38.909045652290544],[-77.05117909197844,38.90904635624448],[-77.05117080355859,38.9090483146862],[-77.05117412317522,38.909047025038625],[-77.05117239389493,38.90904726001308],[-77.05116797927765,38.90904899154919],[-77.05113929835741,38.90905578739187],[-77.05107529928743,38.90907478696597],[-77.05101329696066,38.90909678541261],[-77.05098230226572,38.909108789051416],[-77.05095229982615,38.909121792175796],[-77.05090529752297,38.909143784022326],[-77.05087529648114,38.90915878697918],[-77.05084941143114,38.90917366202008],[-77.0508431879555,38.90917724104221],[-77.05078829455076,38.90920878512271],[-77.05076030175698,38.909226786956275],[-77.05070630065553,38.90926478959478],[-77.05067229641675,38.90929278427219],[-77.05062230312207,38.90934078439771],[-77.0505873014097,38.90937678790217],[-77.0505549863281,38.90941313255053],[-77.050552440298,38.90941600731466],[-77.05053130011345,38.90943978948576],[-77.05047129769409,38.90951879159311],[-77.0504482938181,38.90956478913535],[-77.05042230256291,38.90964178568053],[-77.05039830378752,38.90971579058858],[-77.05039129818441,38.90975479073941],[-77.05038630511235,38.90980278935902],[-77.05038229559725,38.909855787185684],[-77.05038129934096,38.909881785700726],[-77.05039300568099,38.909886879375776],[-77.05038712512452,38.909935328794326],[-77.05038231398466,38.90993078165461],[-77.05038472936522,38.90995510314582],[-77.05038486866472,38.9099564363209],[-77.05038729559593,38.90998078483199],[-77.05039130257748,38.91000579027068],[-77.05040129896484,38.91005479135748],[-77.05040729636818,38.91007378737035],[-77.0504376165328,38.91010176321387],[-77.05050547514367,38.91028872011868],[-77.05104145862413,38.910861562039294],[-77.05104156246462,38.91086166108569],[-77.05104129736603,38.91086178731832],[-77.05149829564891,38.911336785916895],[-77.0516122948409,38.91145079024716],[-77.05176530295361,38.91159979261629],[-77.0518743010039,38.911700790854596],[-77.0520482993829,38.91185579209005],[-77.05205443576168,38.911859023351234],[-77.05221129436784,38.91194178506992],[-77.05226709111092,38.9119766043909],[-77.05233630359643,38.91201978642638],[-77.05256330545642,38.91215579156443],[-77.05273830170586,38.912237787709905],[-77.05293330100805,38.912316783762236],[-77.053097300122,38.9123857853127],[-77.05330860530746,38.91246660201901],[-77.05334830365872,38.91248178998022],[-77.05361130531958,38.91258578800961],[-77.05369429945505,38.91261579271711],[-77.05382629600683,38.912674790668326],[-77.053827184291,38.91267539381798],[-77.05390529594234,38.91272878627797],[-77.05395829940332,38.91275778668734],[-77.05409847869187,38.91282640145875],[-77.05410130465955,38.91282778743476],[-77.05410688781673,38.91283109091054],[-77.05442129858692,38.91301678696038],[-77.05452930114276,38.91307478635284],[-77.05461429786872,38.91311378880218],[-77.05462231402339,38.913117163182655],[-77.05463434403234,38.91312223826217],[-77.05471630498391,38.91315679193636],[-77.05482629812636,38.91320879056608],[-77.0548563000534,38.913223784379255],[-77.05495709149628,38.9133048120774],[-77.05495830293214,38.9133057844083],[-77.05495950344152,38.913307540469965],[-77.05501329522312,38.91338578862278],[-77.05503030027752,38.91341278761849],[-77.05504430136769,38.913461786392986],[-77.0550453112098,38.91348540578459],[-77.0550453348894,38.91348620751566],[-77.05504629781116,38.91350879097018],[-77.0550393036822,38.913574789362585],[-77.0550152984193,38.913665784898946],[-77.0550194522481,38.91366952140397],[-77.05513529814304,38.913773792376425],[-77.05544030467493,38.91403079109671],[-77.05552529944013,38.914094791018876],[-77.05561330225409,38.91415678959565],[-77.05570430158674,38.914216786825754],[-77.05579730582217,38.91427479218418],[-77.05584430301816,38.914302785664866],[-77.05606230406013,38.914426789149616],[-77.05622129792832,38.914513787353776],[-77.05638330007764,38.91459878403768],[-77.05660130258816,38.914707787627535],[-77.05691256539838,38.91486039081739],[-77.05706429843323,38.914934788740524],[-77.05715330709708,38.91498278670122],[-77.05724029962693,38.91503278543236],[-77.05728330669275,38.915058789442966],[-77.05738630527834,38.915124788032216],[-77.05748530453154,38.91519278834851],[-77.05760629676422,38.91527978533068],[-77.05770130015277,38.91535378698466],[-77.05780604478697,38.91543907118771],[-77.05781430620787,38.91544578731962],[-77.05781855253252,38.915449523678284],[-77.05787230086547,38.91549679083789],[-77.05790030699092,38.915522793039926],[-77.05797830725496,38.915601784500105],[-77.05802729828919,38.91565479225802],[-77.05805030100404,38.915681787825115],[-77.05806956576198,38.915706307952725],[-77.0580745291189,38.9157126203298],[-77.05809430177423,38.91573778880099],[-77.05813530298943,38.91579179140152],[-77.0581733062633,38.915845786471465],[-77.0582072968965,38.91589979253583],[-77.05823830273714,38.91595579091982],[-77.05827229664055,38.91602778660946],[-77.05830229932256,38.916097784429304],[-77.05832830169891,38.916168793171146],[-77.0583493063594,38.91623378683389],[-77.05836730151954,38.91629879100385],[-77.05838130621667,38.91636278823055],[-77.05839230220629,38.91642778688364],[-77.05839929782678,38.91649378745954],[-77.05840329707189,38.91656178938227],[-77.05840357280194,38.91658871515782],[-77.05840369858662,38.91660150693065],[-77.05840430061971,38.91666079048186],[-77.05839629852838,38.91675978707234],[-77.05839230044302,38.916791786675134],[-77.05838530260955,38.91683578687822],[-77.05837889456018,38.916867796692664],[-77.0583774246345,38.9168751662447],[-77.0583713037157,38.91690578863151],[-77.05836330683292,38.91694079000533],[-77.05833430679107,38.91703978806426],[-77.05832441240392,38.917066971147754],[-77.05832045466319,38.91707786419924],[-77.0583103071883,38.91710578609109],[-77.05829730336282,38.91713779018236],[-77.05828230466072,38.91716978625867],[-77.05822630537207,38.91727678814233],[-77.05822616716213,38.917276986394555],[-77.0581783004954,38.91734578886533],[-77.05813130373387,38.91740678966596],[-77.05806230557178,38.91748179132348],[-77.0580061828224,38.91753695019815],[-77.05800334846094,38.917539744188474],[-77.05800330237345,38.91753978925302],[-77.0580036023487,38.91753999629581],[-77.05800888660785,38.917543741139255],[-77.05800994807802,38.917544497312306],[-77.05806284884792,38.917582549262654],[-77.0580806285983,38.91759534126808],[-77.05808069782118,38.91759538627537],[-77.05812802599328,38.91762954035737],[-77.0582032980033,38.91768278717904],[-77.05831874677224,38.91776719174735],[-77.05832232351676,38.917769775353754],[-77.05832383497774,38.91777086460762],[-77.05843741399676,38.91785282873251],[-77.05907806043606,38.918315192559916],[-77.05908629832207,38.91832079157728]]],[[[-77.05907806043606,38.918315192559916],[-77.05844720977416,38.917860012482805],[-77.05849330416096,38.917893788682505],[-77.05879830415724,38.91812078972191],[-77.05889629665347,38.91819178908926],[-77.05907806043606,38.918315192559916]]],[[[-77.05779217640422,38.928889264931236],[-77.05776930491255,38.928872791023885],[-77.05774230423776,38.92885578766174],[-77.05771430103415,38.92883979371959],[-77.05768430427021,38.92882579159218],[-77.05766743767255,38.928818917563866],[-77.05779217640422,38.928889264931236]]],[[[-77.0581165344531,38.91762142055681],[-77.05808060566089,38.91759549442117],[-77.05806640260715,38.91758524999672],[-77.05808030609604,38.917595791845066],[-77.0581165344531,38.91762142055681]]]]},"properties":{"NAME":"MacArthur","GIS_ID":"dcps_985","DCPS_ID":"dcps_1294","SHAPE.AREA":0,"SHAPE.LEN":0,"GLOBALID":"{7343538C-49F4-4939-B88C-6F1F83085711}","CREATED":1725410751000,"EDITED":1725410751000,"OBJECTID":337}},{"type":"Feature","id":338,"geometry":{"type":"Polygon","coordinates":[[[-76.9354855718971,38.91349058967939],[-76.94141067081135,38.918128824100386],[-76.94168690504543,38.91807910114963],[-76.9416875624148,38.91807898436936],[-76.94175227103642,38.91806979210865],[-76.94175289420947,38.918069188861004],[-76.9424447923665,38.91803070577151],[-76.94279888902781,38.91770094043855],[-76.94329318359927,38.917260574752284],[-76.94377271410782,38.91687666407951],[-76.9444638935746,38.91632327929266],[-76.94524396294561,38.91575672583151],[-76.94558404314085,38.9155097319768],[-76.94614398423329,38.91520623026993],[-76.94637163630428,38.915157104407555],[-76.94730506415942,38.914955697268724],[-76.9508760264712,38.91488842933066],[-76.95298049451522,38.914686787652414],[-76.95368218739112,38.91397657126276],[-76.95373243552436,38.91392570306408],[-76.95376288324083,38.91348751346984],[-76.95382135673867,38.91264592340773],[-76.95400350911585,38.91179137389175],[-76.9542993176497,38.91115568112996],[-76.95460539473325,38.91068196156508],[-76.95513429822094,38.91009085811369],[-76.95537294896768,38.90982267197789],[-76.95620788942784,38.90888432722774],[-76.95619728276588,38.90888335035052],[-76.95625095608027,38.90882226684206],[-76.9569807006459,38.90777054293833],[-76.95741126750228,38.9071149018594],[-76.95761357472512,38.9067626588567],[-76.9579209746533,38.90612705065238],[-76.95792799294614,38.906112558742485],[-76.95832440716421,38.90529275160581],[-76.95878618225794,38.90423173136381],[-76.95918040728469,38.903555522475166],[-76.95984419069612,38.90258780462621],[-76.96128174595945,38.90100454842966],[-76.96141797702789,38.90085449620984],[-76.96175756767656,38.900487967609386],[-76.96199372924028,38.90015428491513],[-76.96226368092658,38.89957468437305],[-76.96228625830352,38.89939020041184],[-76.96226389002103,38.8991793975131],[-76.96220789725345,38.89889831850028],[-76.9620732249202,38.89851181607889],[-76.96194984671914,38.898134055267235],[-76.96187141426596,38.89778269447709],[-76.96180476359622,38.89771195704236],[-76.96117980906679,38.8970487443685],[-76.96118427506246,38.89701879303589],[-76.96118444863983,38.89701757696414],[-76.96122626729594,38.896727791712394],[-76.96123126832765,38.89666778864341],[-76.96123027485866,38.89658678508186],[-76.96122627344953,38.89654678660606],[-76.96121627147356,38.89647578834787],[-76.96119726797666,38.896380788809005],[-76.96117827398241,38.896310787487224],[-76.96099827155976,38.895802790733015],[-76.96098326588434,38.89573379063247],[-76.96098027033106,38.8957097913396],[-76.96097627294486,38.895662784339926],[-76.96097627559655,38.89561578768429],[-76.9609792753925,38.89556879202941],[-76.96102827114825,38.8952027893628],[-76.96108126632274,38.89481578947537],[-76.96109826591488,38.89467378719987],[-76.96111626504548,38.8945377848254],[-76.96114026928058,38.89440278437165],[-76.96116827338683,38.894267785239435],[-76.96122426520166,38.894069790846736],[-76.96131027258028,38.89372478974945],[-76.96132527512043,38.89367178946101],[-76.96137826550613,38.89352279051289],[-76.96139826786558,38.89345378398975],[-76.96142526587201,38.893429785597476],[-76.96144827223179,38.893411785457154],[-76.9614962740134,38.893299791194075],[-76.96150626885222,38.893212791632024],[-76.9615082759374,38.893124789506835],[-76.96150626894834,38.89310579018868],[-76.96151026973017,38.89308278412436],[-76.96151726754341,38.89305978805559],[-76.96153727145766,38.89300878923984],[-76.96154826968882,38.892984785548286],[-76.9615572748045,38.892958790349404],[-76.96157726584413,38.89288878385576],[-76.96159326655119,38.89284379229665],[-76.96159927460873,38.89281778710016],[-76.9616042693548,38.89278979071981],[-76.96161927524525,38.89272979088039],[-76.96162826985636,38.89270178680434],[-76.96164326471873,38.8926407870279],[-76.96165227298098,38.89260879224481],[-76.96166426565719,38.89257878929069],[-76.96169526769214,38.89252478525573],[-76.96173126755647,38.892479791222534],[-76.96174626496499,38.8924567887496],[-76.96174927377263,38.89243479128748],[-76.96174427428961,38.89238578409989],[-76.96174427563056,38.892361785793824],[-76.96174727451609,38.89233678853981],[-76.96175327041188,38.89231178325857],[-76.96176927462919,38.89225979216581],[-76.96177527158224,38.892232787024504],[-76.96177927543755,38.89220379038008],[-76.96178127467994,38.892172784212214],[-76.96179327551408,38.892105783854454],[-76.96180227318536,38.89207178919434],[-76.9618262745628,38.89200278388803],[-76.96183627558027,38.891967789623074],[-76.96184426984418,38.89193478555228],[-76.96185427137792,38.891898791355956],[-76.9618662659875,38.891864788659966],[-76.96190926790742,38.89172278566995],[-76.96191727469973,38.89168779074606],[-76.96192627119679,38.89165578692433],[-76.96193426751333,38.89161879213633],[-76.96195127289216,38.89154778465977],[-76.96196127378455,38.89151279038131],[-76.96198626719148,38.891441785499254],[-76.96199626805173,38.891406791217115],[-76.96203926837282,38.89126678802673],[-76.96204826582596,38.89123278433423],[-76.96205627249499,38.891197789397815],[-76.96207426841714,38.89112779115794],[-76.96208627485039,38.891092788508956],[-76.96210627583898,38.89102379084331],[-76.96212927321334,38.890955785066176],[-76.96216126789055,38.89085378458865],[-76.96218627570151,38.8907547906366],[-76.96219227554941,38.890721785889376],[-76.96220726499806,38.890625788476875],[-76.96221627328735,38.89059278470095],[-76.96222627126885,38.89056279004181],[-76.96223827594487,38.89053078716243],[-76.96226627570952,38.89044078451449],[-76.96227727593816,38.890411790103684],[-76.96230626742543,38.89032078783472],[-76.96231427122953,38.890290783514764],[-76.9623282747657,38.89022778344539],[-76.96234627589818,38.89016878438158],[-76.96236027085854,38.89014379064624],[-76.9623762698599,38.89012178833569],[-76.96240026626657,38.89008178986028],[-76.96241426810543,38.8900217895673],[-76.96243127478871,38.889924783825165],[-76.96244927380806,38.88980378908903],[-76.95979626573317,38.88980378894812],[-76.95917427411382,38.88979678991188],[-76.95903277523641,38.88979501076429],[-76.95885627049897,38.8897927867187],[-76.95866827193974,38.889793783339265],[-76.95834626354552,38.88977878711983],[-76.95816051558128,38.88979451242301],[-76.9581572649318,38.889794790518366],[-76.95812267390252,38.88979455291318],[-76.95785722888706,38.88979481778473],[-76.95774742867373,38.88979198552319],[-76.957426265807,38.88978978797793],[-76.95723215858304,38.8897900864155],[-76.9567672694761,38.88979078909618],[-76.95596353672795,38.889787813378575],[-76.9559552722128,38.88978778323753],[-76.95594172851841,38.88978778713842],[-76.95593778644604,38.88978777664312],[-76.9545442730854,38.88978778319356],[-76.95385126446614,38.88978479093387],[-76.95336189971957,38.88977516480493],[-76.95308524048843,38.88977381086293],[-76.95308684410516,38.88977164048791],[-76.95308821698362,38.88976978531343],[-76.95301328012526,38.88977403417418],[-76.95255826419037,38.88979978538126],[-76.95195526432533,38.88979979115867],[-76.95177517684978,38.88977782659168],[-76.94924441460473,38.8897855915908],[-76.9483102090896,38.88978831685111],[-76.94826626447863,38.8897957833593],[-76.9481192649504,38.889797790090334],[-76.94792826070696,38.88979478638703],[-76.94743730180838,38.889790864054405],[-76.94742726224199,38.88979078746941],[-76.94738527085761,38.88979102079764],[-76.94724626012852,38.88979178687192],[-76.94698026199157,38.88979178354943],[-76.94677149384984,38.889790859834044],[-76.94675526452355,38.8897907893789],[-76.94671116395445,38.889790787285506],[-76.94629726868693,38.88979078691115],[-76.94614496892301,38.88979011323245],[-76.94584726226287,38.88978878649175],[-76.94503820238377,38.88978878696867],[-76.944747260805,38.889788784838885],[-76.94466579151282,38.88978834089782],[-76.94456426611403,38.88978778829133],[-76.94424735522406,38.889787790605865],[-76.94327026134363,38.88978778859944],[-76.94294833696229,38.88978709130955],[-76.94280626098515,38.889786787614085],[-76.94035326272478,38.889785786015864],[-76.94028926733203,38.88978578935412],[-76.94012906032971,38.88978522089818],[-76.94000526557771,38.88978478803862],[-76.93951757737072,38.8897847887759],[-76.93877726182758,38.88978479046925],[-76.93822826477874,38.889783789777724],[-76.93771026175828,38.88978378495093],[-76.93765426753471,38.88978179125187],[-76.93754526273618,38.88977978721179],[-76.93754509016924,38.8897794087676],[-76.93747226789759,38.889618786447265],[-76.9374190507936,38.88948641585087],[-76.93739226404635,38.88941978453211],[-76.93736479090538,38.889360422600525],[-76.9373612589768,38.889352790609244],[-76.9369612580643,38.88842378440241],[-76.93695237842658,38.88840263693987],[-76.93693226117811,38.88835479157662],[-76.93691362580782,38.88831264931515],[-76.93690926605309,38.88830279179149],[-76.93690495277126,38.8882925199072],[-76.93688325991819,38.888240791071205],[-76.93685144300623,38.888167544743254],[-76.93682025878812,38.88809578513084],[-76.93660226688897,38.88758478366546],[-76.9365819779659,38.887536091353695],[-76.93657225905427,38.887512790399775],[-76.93654552707139,38.88745110449462],[-76.93641926389795,38.887159785812536],[-76.93630708592734,38.88689506740767],[-76.9362552586552,38.88677278636298],[-76.9361622637106,38.886556786599854],[-76.93591826072809,38.88598879146233],[-76.935784264984,38.885676135917386],[-76.93572926381744,38.88554779022377],[-76.93568532784579,38.88544480920045],[-76.93560426517868,38.88525478668758],[-76.93531825646636,38.88458878277065],[-76.93529526645159,38.88453378284207],[-76.93524426132579,38.88442378919222],[-76.93521826231446,38.884369787509605],[-76.93519451491791,38.884323993710936],[-76.93518647256452,38.88430848581359],[-76.93516226500131,38.8842617909138],[-76.93513325791884,38.88420778754078],[-76.9350722569212,38.88410178798179],[-76.93501725972212,38.884009790764296],[-76.9349922607101,38.88397178848089],[-76.93496826536297,38.88393278681958],[-76.93491726473778,38.88385679067484],[-76.93483509994083,38.88374196898662],[-76.93483425965235,38.88374078841891],[-76.93483257891911,38.88373859844276],[-76.93481426348824,38.883714788060125],[-76.9347952594504,38.88368778832047],[-76.93467826064847,38.88353978718777],[-76.93447925933546,38.883302791128],[-76.93435220433622,38.8831501627126],[-76.93432025646503,38.88311178702948],[-76.93432072917487,38.88311160712752],[-76.93432153624755,38.88311129228771],[-76.9344312631973,38.883068789297155],[-76.93490925756825,38.88290578860114],[-76.93494507808595,38.882893737315655],[-76.93532525677942,38.882765786086665],[-76.93589526712184,38.882562789970116],[-76.93595626496568,38.882543788704126],[-76.93601425824242,38.882520786035016],[-76.9360702611772,38.88249378252233],[-76.93612426133436,38.8824637871018],[-76.93617426483148,38.88243078967821],[-76.93622126285568,38.88239478178953],[-76.93626426420217,38.88235578992359],[-76.93630326800363,38.88231478699048],[-76.93633826361425,38.882270791073736],[-76.93636825898392,38.88222478355103],[-76.9363862652354,38.88219478640986],[-76.93640325813556,38.882163788782634],[-76.93643425973761,38.88210078295642],[-76.93645026676246,38.88206378519694],[-76.93646526043568,38.88202578695242],[-76.93647825932894,38.88198878755222],[-76.9364972665319,38.88192178446627],[-76.93650526075501,38.88188778213557],[-76.93651125753364,38.88185778745256],[-76.93652025629753,38.88179578758615],[-76.93653026037273,38.88174378757927],[-76.9365452567845,38.881637784975815],[-76.93655126245805,38.8815847828619],[-76.93655826030849,38.88147878491692],[-76.93656125889956,38.8813727847974],[-76.93656125991511,38.88131978842731],[-76.93655926708496,38.88126678196534],[-76.9365532627384,38.88116278582316],[-76.93654226713784,38.881059786898646],[-76.93652625814372,38.88095678524671],[-76.93650525793005,38.88085478981748],[-76.93649325958803,38.88080378678187],[-76.93647979525205,38.8807553953813],[-76.93647856602165,38.880750953574996],[-76.93646126459538,38.88068878625185],[-76.936441267073,38.880625788686125],[-76.93641926511773,38.880561790093445],[-76.93639525695345,38.880498790335004],[-76.93637025678716,38.88043678996221],[-76.93634326372766,38.88037378856548],[-76.93629926352033,38.88028078894446],[-76.93626641650394,38.880217090688944],[-76.9362662669525,38.88021678432197],[-76.9362172615174,38.88012779067133],[-76.93612326059551,38.87997678563814],[-76.93602525822239,38.879828787137136],[-76.93597425761838,38.87975478225406],[-76.9358732620816,38.879603782183125],[-76.93582226538521,38.87952578651376],[-76.93562125654368,38.879222786614385],[-76.9353772604591,38.87885778481034],[-76.93524726680225,38.878660789269766],[-76.93502826460914,38.87832878930326],[-76.93492825874281,38.87818378851874],[-76.93461626007527,38.877708781635],[-76.93454926017311,38.87760378726195],[-76.93451725987407,38.87754978199444],[-76.93445725751278,38.87744278261596],[-76.93442826525202,38.877388788018955],[-76.93437325604461,38.87727878259237],[-76.9343472612073,38.877223789725655],[-76.93432326015756,38.87716878896547],[-76.93428225724274,38.87707978994515],[-76.93424326061853,38.876989783097955],[-76.93417025774193,38.87680978118153],[-76.93413626392423,38.876718786190104],[-76.93410426392569,38.87662778330389],[-76.93406026073144,38.876493785547275],[-76.934018257891,38.87635278937421],[-76.93399326594933,38.87626078146998],[-76.93397126484159,38.87617478385294],[-76.93393226619773,38.87600078255978],[-76.93391525526594,38.87591478775109],[-76.93390026206002,38.87582778513982],[-76.93388626183089,38.87573878322235],[-76.93387725615858,38.87566978278026],[-76.93386526584163,38.875575782333144],[-76.93384325765028,38.875323786863],[-76.93383525547209,38.875191782219034],[-76.93383326535827,38.87512578553926],[-76.93383125670711,38.874992784353374],[-76.93383226288769,38.87492678036055],[-76.9338342581493,38.874887784117504],[-76.93371126098678,38.87488778643522],[-76.93340725600605,38.87488578477784],[-76.93293826461334,38.87487878713489],[-76.93268826180713,38.874876787577726],[-76.93228881351733,38.87486312513687],[-76.92229572008263,38.882647834033556],[-76.90916778799588,38.89286829261014],[-76.92232181295836,38.903176694569986],[-76.9354855718971,38.91349058967939]]]},"properties":{"NAME":"Woodson","GIS_ID":"dcps_426","DCPS_ID":"dcps_464","SHAPE.AREA":0,"SHAPE.LEN":0,"GLOBALID":"{F1D4463E-8CF9-4D30-91B9-AF2B7B1FED05}","CREATED":1725410751000,"EDITED":1725410751000,"OBJECTID":338}},{"type":"Feature","id":339,"geometry":{"type":"Polygon","coordinates":[[[-77.02389431615421,38.93364956255285],[-77.02392169614008,38.93364698057662],[-77.02427429013123,38.93361079357938],[-77.02469729487099,38.93356978923344],[-77.0254902972865,38.93349579590405],[-77.0258378980924,38.93346625340665],[-77.02584333023455,38.93346573873216],[-77.02584411451325,38.933465720542145],[-77.0262292898866,38.933431790529056],[-77.02626129489343,38.93342979250632],[-77.02629229721285,38.93342979454411],[-77.0263492970051,38.933431790559034],[-77.02637729016561,38.933434793018336],[-77.02645203419064,38.93345173876357],[-77.02682228912354,38.93275505109817],[-77.02682228902526,38.93275478985729],[-77.0269182949432,38.93275779457476],[-77.02705129294968,38.93277178979891],[-77.02710029027662,38.93277979584006],[-77.02756229040862,38.93287679733737],[-77.02766229448453,38.93289879001007],[-77.02767186814708,38.93290096775377],[-77.02793129148336,38.932959793337766],[-77.02795629773456,38.93296379605489],[-77.02798229469077,38.932964789755296],[-77.0279937011696,38.93296433660838],[-77.02799576563862,38.93296425503912],[-77.02800729898249,38.93296379285218],[-77.02803229056052,38.93295979618082],[-77.02805729287883,38.932953790649286],[-77.0284902916931,38.93279879707911],[-77.02850017448175,38.932795245396804],[-77.02866029400944,38.93273779630331],[-77.02913850916019,38.932573618771194],[-77.02929529599632,38.93251979097532],[-77.02972028820302,38.93237179429571],[-77.0300172908438,38.93227478900422],[-77.03032029817827,38.9321697910296],[-77.03075129592051,38.93202378887624],[-77.03086071913098,38.93198458290244],[-77.03087129358913,38.93198079662039],[-77.0308714434995,38.93198074253093],[-77.03097129573699,38.93194579090242],[-77.03162529985039,38.931722795255695],[-77.03220629301151,38.931522796277136],[-77.032711292952,38.93135379527166],[-77.03273529799357,38.93148879607452],[-77.03273729794617,38.93187579244217],[-77.03287529769749,38.93190779625602],[-77.03351329823421,38.93214979439293],[-77.03443529063595,38.93251079552603],[-77.03513429323375,38.93278079164209],[-77.03576829909966,38.93302979610558],[-77.03630329277242,38.933231795552224],[-77.03644851952625,38.933291754676304],[-77.03645818670901,38.9332957513488],[-77.0364583020678,38.93329579635438],[-77.03645829379354,38.933257060642006],[-77.03645830148912,38.93293378856653],[-77.03645985828996,38.932685257910144],[-77.03646029512907,38.93261479479752],[-77.03646029464328,38.93252363073079],[-77.03646029603284,38.93250379443813],[-77.03646037221559,38.932494894206904],[-77.0364622910754,38.93227779340186],[-77.0364622972301,38.931793677924304],[-77.03646229847392,38.93166079636613],[-77.03646229580428,38.93158791915026],[-77.03646229653444,38.931566794666146],[-77.03646329105965,38.93148179195416],[-77.03645829593688,38.930599789918986],[-77.03645829985831,38.93053979457046],[-77.0364602992892,38.93045779129598],[-77.0364702981099,38.92987078860859],[-77.03647529868347,38.929252789811855],[-77.03647529287147,38.929173795919546],[-77.03647629962472,38.92911279131086],[-77.03647798751507,38.928760097306565],[-77.03647830009186,38.928694795944246],[-77.03647930148648,38.92860079387857],[-77.03648129311081,38.92800779394675],[-77.03648571872742,38.92743858415081],[-77.03648729871642,38.92723578845044],[-77.03648729647317,38.9271637939888],[-77.03670929075231,38.92712579044627],[-77.03681730043873,38.92709479488488],[-77.03713630065401,38.92702378949076],[-77.03716429911604,38.927018789982775],[-77.03725129451146,38.927006790231715],[-77.03739729412702,38.927001789027244],[-77.03742929540982,38.92699878802102],[-77.03746330073302,38.92699079575624],[-77.03757229852067,38.92695379063221],[-77.03760629708502,38.926976786936855],[-77.03764129742517,38.926996792147825],[-77.03767929518949,38.92701478752722],[-77.03771129287108,38.927026794300154],[-77.03780429638013,38.927057788892846],[-77.03790929331967,38.927087788606606],[-77.03801529101639,38.927112788284795],[-77.03806929242619,38.92712378787658],[-77.03817829702915,38.9271427958969],[-77.03823330021318,38.92715079531623],[-77.03828929467494,38.92715779446179],[-77.03839729174085,38.92716879421476],[-77.0385592965014,38.92718079400008],[-77.03872329373947,38.92718779328512],[-77.03883129700483,38.927188793403936],[-77.0389503007253,38.927186789987736],[-77.03903029132734,38.927187790247594],[-77.03915229461684,38.92718779447836],[-77.03980730192382,38.92719178908921],[-77.04105629493823,38.92719478913618],[-77.04121629524602,38.927189796258084],[-77.04137529219098,38.927184794507866],[-77.04139929151377,38.92718479501679],[-77.04153930124717,38.92719178983723],[-77.04169930109241,38.92720579483721],[-77.04177329949272,38.92721479474248],[-77.04184629633646,38.927226794728924],[-77.04188929573282,38.92723678756318],[-77.04191229526361,38.92724278786379],[-77.04200530088559,38.92727378812037],[-77.04207330152828,38.92730078860708],[-77.04210629306347,38.92731479366476],[-77.0422022958719,38.92736279137674],[-77.04223329468155,38.92738078780203],[-77.04247729565809,38.92750578884328],[-77.0425991611131,38.92756372200498],[-77.04259929954797,38.92756379402105],[-77.04259996794653,38.927562965012335],[-77.0432872805076,38.9269188340295],[-77.04427366422989,38.92601655173318],[-77.04427418250543,38.92601545252196],[-77.04431829864262,38.92594879225944],[-77.04437129350327,38.925861787825006],[-77.0444183023221,38.92577379472542],[-77.04444730340849,38.92571378829469],[-77.04448330114408,38.92562979003929],[-77.04451030016429,38.92555879420387],[-77.0445343007234,38.9254877904957],[-77.04455530283593,38.925416787924874],[-77.04456929702354,38.9253517875631],[-77.04459330078438,38.92523078766419],[-77.04460529544097,38.92515878859428],[-77.04461629892563,38.925087789824076],[-77.04461929811963,38.92503379280847],[-77.04462530257305,38.92499079380361],[-77.04462774822109,38.92497366805296],[-77.04464028224236,38.92489756097587],[-77.04464529290115,38.924869786410014],[-77.04464639854409,38.92486747084922],[-77.04472512681629,38.924753692681556],[-77.04472429656032,38.92475379209082],[-77.04472879050968,38.924711271097465],[-77.04474129778863,38.92459278887486],[-77.04474029302148,38.92446179025591],[-77.04473229679746,38.92436279186738],[-77.04472229584746,38.92417479202743],[-77.04471929484878,38.92413378729594],[-77.04468729792146,38.92403078937721],[-77.04466130350906,38.92397379465407],[-77.04464029384805,38.92393978725811],[-77.04460930272667,38.92389579343978],[-77.04458129628402,38.923866788322286],[-77.0445532929936,38.92384279182374],[-77.04453430249363,38.92382879112163],[-77.04448730283578,38.92379979321796],[-77.04446029758748,38.92378578654626],[-77.04434129760273,38.92372879106447],[-77.04411529891918,38.92362679429125],[-77.04390830023812,38.9235347891798],[-77.04371630041861,38.92345378626061],[-77.0436792929414,38.92343279269063],[-77.04367291855257,38.923437362292724],[-77.04332229592146,38.92329766561715],[-77.04233242334047,38.92290327466606],[-77.04265507327172,38.922689425847146],[-77.042686289194,38.922668767369885],[-77.04268454403324,38.92266233606406],[-77.04267029380469,38.922609786705905],[-77.04264530017839,38.92252579320691],[-77.04256729372169,38.92224678879828],[-77.04240129869557,38.92173178915082],[-77.04205429468846,38.92068978630766],[-77.04202229869482,38.92059878668712],[-77.04201963037436,38.92059108552671],[-77.04173829310893,38.9197787883021],[-77.04171930098212,38.91971979053056],[-77.04171229775241,38.91969378598514],[-77.04170643593358,38.91966743871531],[-77.04170629717774,38.91966679016517],[-77.04170621624213,38.91966642085256],[-77.0417013027604,38.91964479360826],[-77.04169329732399,38.919600790777565],[-77.0416872954306,38.91955178760852],[-77.04168329692432,38.919477794618686],[-77.04168329921394,38.91875178628709],[-77.04168329189389,38.91868007997849],[-77.04168330224962,38.91826378698448],[-77.04168129185041,38.91819779266607],[-77.04167629488829,38.918131790403756],[-77.04167229795208,38.918099794235594],[-77.04166798495925,38.918079454960925],[-77.04166530234014,38.91806679020326],[-77.04165530207108,38.91800278957206],[-77.0416512930364,38.91796979348193],[-77.04164930252554,38.91793778758849],[-77.04165026683047,38.917831696119585],[-77.04165029914026,38.917827786491976],[-77.04165059239776,38.9177573412305],[-77.04165330098824,38.917103785728294],[-77.04165629185913,38.91699279298719],[-77.04165689317462,38.91697597421426],[-77.04166029685247,38.916880790948746],[-77.04165838841442,38.916791843342466],[-77.04165829379914,38.91678778962597],[-77.04165629453814,38.91666179077302],[-77.04165813910377,38.91632557205637],[-77.04165829583765,38.916297790296746],[-77.0416602990412,38.91558178908699],[-77.04166229971558,38.91484178957419],[-77.04166329897616,38.91418378421163],[-77.04166429918003,38.91409979011019],[-77.04205029396438,38.914100786882045],[-77.04235466256458,38.914098487919695],[-77.0423548124607,38.91409848786538],[-77.04244729798617,38.914097787685904],[-77.0434312965997,38.9140967864745],[-77.04344657455809,38.91409691591961],[-77.04344705883787,38.91409691573953],[-77.04380129986069,38.91409979226464],[-77.04415929744785,38.914098792710654],[-77.04487629700151,38.91409878977751],[-77.04512829491193,38.91409779188536],[-77.04576829458453,38.91409878609384],[-77.04592629282806,38.914092787602364],[-77.04602130329249,38.9140917863264],[-77.04610029682888,38.91423178980517],[-77.04616830026653,38.91438678744447],[-77.04619729589976,38.91450578513509],[-77.0462212942272,38.91459978665618],[-77.04623630122892,38.91467979277263],[-77.0462502982487,38.9147847884135],[-77.04625429979592,38.914838791811306],[-77.04629429628866,38.91529578691525],[-77.04632530159928,38.91564979322936],[-77.04633629592493,38.91583579298575],[-77.04634729711749,38.91599678559328],[-77.04637330007476,38.91610478521529],[-77.0463982925945,38.916183787400406],[-77.04642229575173,38.91623079236658],[-77.04650030318942,38.91635678795245],[-77.04660030202811,38.9165207898864],[-77.04669429569086,38.91668778489694],[-77.0467063028859,38.916710787383366],[-77.04674229817283,38.916774786211604],[-77.04677630129946,38.91684278552577],[-77.04702929389974,38.91733879091659],[-77.04723729577223,38.917747793421775],[-77.04752429998983,38.91831278772597],[-77.04757130069954,38.918398789157536],[-77.04759930202135,38.91843879276215],[-77.04763329757876,38.91847578513379],[-77.04765230079737,38.918492785115],[-77.04769330403934,38.91852479300367],[-77.04771530405678,38.918539791901786],[-77.04773829442739,38.9185527905416],[-77.04779129769862,38.91857879394392],[-77.04781530015939,38.91858779245556],[-77.04786529798335,38.91860278887346],[-77.04794230393492,38.918620791982754],[-77.04817829669804,38.918681789419615],[-77.04823630003959,38.91870079108478],[-77.04828291881697,38.91871495094382],[-77.04831529362512,38.91872479267589],[-77.04846630183829,38.918768789885306],[-77.04852229481106,38.91878179269383],[-77.04858437849161,38.91879801792561],[-77.04861029379428,38.91880479042066],[-77.04865529823029,38.91881878865251],[-77.04868930051758,38.918830791602495],[-77.04873430438765,38.91886078859941],[-77.04875230270223,38.91887478904567],[-77.04880130397203,38.91891579252862],[-77.0488182984101,38.918928793459195],[-77.04887430483114,38.918994792101344],[-77.04891954131205,38.919077847994515],[-77.04894130518883,38.91911779082581],[-77.04894372948503,38.91912176248404],[-77.04896029543893,38.919148789543065],[-77.04901130254225,38.91923878840288],[-77.04902729608962,38.91927178821473],[-77.04905520325393,38.91932409688266],[-77.04905930216401,38.919331788275564],[-77.0490602025117,38.919333103113715],[-77.04912430048051,38.9194267898395],[-77.04915229568097,38.919472792615046],[-77.04919030377123,38.91954078950967],[-77.04971983433268,38.920449262549276],[-77.04975196495839,38.92050437984102],[-77.04995330494762,38.920849790336035],[-77.05013529850463,38.92116478764509],[-77.05014729469517,38.92118588900743],[-77.05019330515245,38.921266791052794],[-77.05021830071573,38.92130878614097],[-77.0503913021233,38.92160778810228],[-77.05041345755342,38.92164473069987],[-77.05041809875215,38.921652448832916],[-77.05041829503294,38.92165279106466],[-77.05058830456463,38.921535789514635],[-77.05065504681563,38.92148271957632],[-77.05067129728583,38.92146979459074],[-77.05079329730589,38.92138179333313],[-77.05085047797394,38.92134271736857],[-77.05085330185189,38.92134078835783],[-77.05090130332269,38.92130178842892],[-77.05098530240076,38.92122479367353],[-77.05105929471567,38.92115179391825],[-77.05110994937854,38.92109832536968],[-77.0511133025442,38.921094792638804],[-77.05111544586622,38.921092620694445],[-77.05118429709704,38.92102279403804],[-77.05126530529118,38.92092479296775],[-77.05133230527494,38.92084678747268],[-77.05140729936468,38.92075678833731],[-77.05147199949347,38.92067218066703],[-77.05147229903379,38.92067179317699],[-77.05152930075265,38.920609790759094],[-77.0515763060351,38.920565791364574],[-77.05164329604351,38.92050679326232],[-77.05172530495646,38.92043878915396],[-77.05177029997962,38.92040578973854],[-77.05180329794082,38.92038278586081],[-77.05189929789226,38.9203197930642],[-77.05193796889657,38.92029629117018],[-77.0519397785442,38.92029520035809],[-77.05197829967842,38.92027178860054],[-77.0520603010049,38.920225791603976],[-77.05214429862981,38.92018179350752],[-77.05225629871907,38.92012779259445],[-77.05235829595108,38.920082786368],[-77.05246730417196,38.9200377859127],[-77.0525133013532,38.9200197936345],[-77.05266530342048,38.91996579236054],[-77.05275229883705,38.919937791266],[-77.05281130331613,38.91991979299734],[-77.05287329514204,38.91990279327166],[-77.05292930287328,38.91988678713997],[-77.05303630636774,38.919860515376484],[-77.0530605755488,38.91985455886149],[-77.05315330568045,38.91983178870282],[-77.05325929743624,38.919809787143116],[-77.05331330303747,38.91979979029519],[-77.05342030092338,38.91978178782846],[-77.05352830349408,38.919765793660915],[-77.05364029812534,38.91975278832639],[-77.05364048260715,38.91975276121673],[-77.05390129943756,38.91970678880166],[-77.05396330234997,38.919689788491795],[-77.05403429592243,38.919667793377215],[-77.05410429547058,38.91964278989759],[-77.05417229776492,38.91961478752801],[-77.05420930053478,38.91959778966625],[-77.05424629948389,38.919575792171415],[-77.05431530347047,38.919530790534836],[-77.05441329963561,38.91945878640359],[-77.05447630329199,38.91940878784162],[-77.05450529625584,38.91938278528917],[-77.05465530378386,38.91925778769852],[-77.05488430467138,38.91906378505705],[-77.05489882539504,38.919052499805886],[-77.05512230564584,38.91887878604497],[-77.05525321877063,38.91878801032187],[-77.0552593039933,38.91878379154529],[-77.05526036437776,38.91878316046066],[-77.05534730460306,38.918731789841864],[-77.05545830532785,38.91868878548911],[-77.05562129999262,38.91863079345426],[-77.05574030617258,38.91859178472097],[-77.05574235826815,38.91859119820051],[-77.05607930412803,38.91849379203826],[-77.05621330273665,38.91845779341697],[-77.05638414333617,38.91837806844387],[-77.05639330723481,38.91837379407229],[-77.05643930471918,38.91835879100828],[-77.05648305473574,38.918345212328994],[-77.05671329832143,38.918273790850506],[-77.05686330178919,38.918223784764805],[-77.05699130604667,38.918176788992355],[-77.05710829630374,38.91812778960448],[-77.05726830447703,38.91805878854234],[-77.05738430776945,38.918001789961274],[-77.0574732983446,38.917950786086806],[-77.05756430431857,38.91789679038473],[-77.05762629934708,38.91785878970447],[-77.0576423030924,38.91784279202004],[-77.05767630117693,38.91781978597815],[-77.05772688137964,38.91778309708599],[-77.05772729625014,38.9177827905977],[-77.05773037293758,38.91778018566944],[-77.05781929708618,38.917704786995984],[-77.0579042965902,38.91763878589016],[-77.05799940805099,38.91754368278609],[-77.05800330237345,38.91753978925302],[-77.05800334846094,38.917539744188474],[-77.0580061828224,38.91753695019815],[-77.05806230557178,38.91748179132348],[-77.05813130373387,38.91740678966596],[-77.0581783004954,38.91734578886533],[-77.05822616716213,38.917276986394555],[-77.05822630537207,38.91727678814233],[-77.05828230466072,38.91716978625867],[-77.05829730336282,38.91713779018236],[-77.0583103071883,38.91710578609109],[-77.05832045466319,38.91707786419924],[-77.05832441240392,38.917066971147754],[-77.05833430679107,38.91703978806426],[-77.05836330683292,38.91694079000533],[-77.0583713037157,38.91690578863151],[-77.0583774246345,38.9168751662447],[-77.05837889456018,38.916867796692664],[-77.05838530260955,38.91683578687822],[-77.05839230044302,38.916791786675134],[-77.05839629852838,38.91675978707234],[-77.05840430061971,38.91666079048186],[-77.05840369858662,38.91660150693065],[-77.05840357280194,38.91658871515782],[-77.05840329707189,38.91656178938227],[-77.05839929782678,38.91649378745954],[-77.05839230220629,38.91642778688364],[-77.05838130621667,38.91636278823055],[-77.05836730151954,38.91629879100385],[-77.0583493063594,38.91623378683389],[-77.05832830169891,38.916168793171146],[-77.05830229932256,38.916097784429304],[-77.05827229664055,38.91602778660946],[-77.05823830273714,38.91595579091982],[-77.0582072968965,38.91589979253583],[-77.0581733062633,38.915845786471465],[-77.05813530298943,38.91579179140152],[-77.05809430177423,38.91573778880099],[-77.0580745291189,38.9157126203298],[-77.05806956576198,38.915706307952725],[-77.05805030100404,38.915681787825115],[-77.05802729828919,38.91565479225802],[-77.05797830725496,38.915601784500105],[-77.05790030699092,38.915522793039926],[-77.05787230086547,38.91549679083789],[-77.05781855253252,38.915449523678284],[-77.05781430620787,38.91544578731962],[-77.05780604478697,38.91543907118771],[-77.05770130015277,38.91535378698466],[-77.05760629676422,38.91527978533068],[-77.05748530453154,38.91519278834851],[-77.05738630527834,38.915124788032216],[-77.05728330669275,38.915058789442966],[-77.05724029962693,38.91503278543236],[-77.05715330709708,38.91498278670122],[-77.05706429843323,38.914934788740524],[-77.05691256539838,38.91486039081739],[-77.05660130258816,38.914707787627535],[-77.05638330007764,38.91459878403768],[-77.05622129792832,38.914513787353776],[-77.05606230406013,38.914426789149616],[-77.05584430301816,38.914302785664866],[-77.05579730582217,38.91427479218418],[-77.05570430158674,38.914216786825754],[-77.05561330225409,38.91415678959565],[-77.05552529944013,38.914094791018876],[-77.05544030467493,38.91403079109671],[-77.05513529814304,38.913773792376425],[-77.0550194522481,38.91366952140397],[-77.0550152984193,38.913665784898946],[-77.0550393036822,38.913574789362585],[-77.05504629781116,38.91350879097018],[-77.0550453348894,38.91348620751566],[-77.0550453112098,38.91348540578459],[-77.05504430136769,38.913461786392986],[-77.05503030027752,38.91341278761849],[-77.05501329522312,38.91338578862278],[-77.05495950344152,38.913307540469965],[-77.05495830293214,38.9133057844083],[-77.05495709149628,38.9133048120774],[-77.0548563000534,38.913223784379255],[-77.05482629812636,38.91320879056608],[-77.05471630498391,38.91315679193636],[-77.05463434403234,38.91312223826217],[-77.05462231402339,38.913117163182655],[-77.05461429786872,38.91311378880218],[-77.05452930114276,38.91307478635284],[-77.05442129858692,38.91301678696038],[-77.05410688781673,38.91283109091054],[-77.05410130465955,38.91282778743476],[-77.05409847869187,38.91282640145875],[-77.05395829940332,38.91275778668734],[-77.05390529594234,38.91272878627797],[-77.053827184291,38.91267539381798],[-77.05382629600683,38.912674790668326],[-77.05369429945505,38.91261579271711],[-77.05361130531958,38.91258578800961],[-77.05334830365872,38.91248178998022],[-77.05330860530746,38.91246660201901],[-77.053097300122,38.9123857853127],[-77.05293330100805,38.912316783762236],[-77.05273830170586,38.912237787709905],[-77.05256330545642,38.91215579156443],[-77.05233630359643,38.91201978642638],[-77.05226709111092,38.9119766043909],[-77.05221129436784,38.91194178506992],[-77.05205443576168,38.911859023351234],[-77.0520482993829,38.91185579209005],[-77.0518743010039,38.911700790854596],[-77.05176530295361,38.91159979261629],[-77.0516122948409,38.91145079024716],[-77.05149829564891,38.911336785916895],[-77.05104129736603,38.91086178731832],[-77.05104156246462,38.91086166108569],[-77.05104145862413,38.910861562039294],[-77.05050547514367,38.91028872011868],[-77.0504376165328,38.91010176321387],[-77.05040729636818,38.91007378737035],[-77.05040129896484,38.91005479135748],[-77.05039130257748,38.91000579027068],[-77.05038729559593,38.90998078483199],[-77.05038486866472,38.9099564363209],[-77.05038472936522,38.90995510314582],[-77.05038231398466,38.90993078165461],[-77.05038712512452,38.909935328794326],[-77.05039300568099,38.909886879375776],[-77.05038129934096,38.909881785700726],[-77.05038229559725,38.909855787185684],[-77.05038630511235,38.90980278935902],[-77.05039129818441,38.90975479073941],[-77.05039830378752,38.90971579058858],[-77.05042230256291,38.90964178568053],[-77.0504482938181,38.90956478913535],[-77.05047129769409,38.90951879159311],[-77.05053130011345,38.90943978948576],[-77.050552440298,38.90941600731466],[-77.0505549863281,38.90941313255053],[-77.0505873014097,38.90937678790217],[-77.05062230312207,38.90934078439771],[-77.05067229641675,38.90929278427219],[-77.05070630065553,38.90926478959478],[-77.05076030175698,38.909226786956275],[-77.05078829455076,38.90920878512271],[-77.0508431879555,38.90917724104221],[-77.05084941143114,38.90917366202008],[-77.05087529648114,38.90915878697918],[-77.05090529752297,38.909143784022326],[-77.05095229982615,38.909121792175796],[-77.05098230226572,38.909108789051416],[-77.05101329696066,38.90909678541261],[-77.05107529928743,38.90907478696597],[-77.05113929835741,38.90905578739187],[-77.05116797927765,38.90904899154919],[-77.05117239389493,38.90904726001308],[-77.05117412317522,38.909047025038625],[-77.05117080355859,38.9090483146862],[-77.05117909197844,38.90904635624448],[-77.05118206612535,38.909045652290544],[-77.05127429920624,38.909023784624345],[-77.05135629956574,38.9090097856706],[-77.05141229404768,38.9090027885833],[-77.05149629548235,38.908997787989435],[-77.05153429721389,38.90899778925016],[-77.05168229471468,38.90900178664084],[-77.05186029748103,38.90901278803155],[-77.05232185380828,38.909045895112065],[-77.05234830423272,38.90904778402501],[-77.05247629940054,38.909053789223464],[-77.05260430095043,38.90905278578483],[-77.05268929464953,38.909048783813034],[-77.05273830427873,38.9090447890196],[-77.05277230227895,38.90904078297041],[-77.05283830216979,38.90903078990869],[-77.05290329673063,38.90901778847694],[-77.05293504350522,38.909009846752014],[-77.05293656513813,38.90900946771201],[-77.05296729749028,38.90900178767999],[-77.05303129673426,38.90898378699545],[-77.05309329908475,38.908962787403674],[-77.05318329571297,38.90892678514924],[-77.05323029791039,38.90890578330332],[-77.05327330153938,38.908887783041365],[-77.05335629800433,38.908849783991656],[-77.0534318802902,38.908811058597536],[-77.05344216076693,38.90880579302051],[-77.05347730107893,38.90878778727135],[-77.05355530049398,38.90874379080713],[-77.05359329633178,38.908720784080884],[-77.05364830082118,38.90868578843084],[-77.05368530355449,38.908660791285534],[-77.05372130242775,38.90863478565508],[-77.05375430434995,38.9086097993356],[-77.05375802628069,38.908606978010205],[-77.0537913047308,38.90858178436089],[-77.05389229806907,38.908497789024096],[-77.05395630095815,38.90843979076362],[-77.05404130241033,38.90835578466332],[-77.05415129694416,38.908237787427964],[-77.05418578646758,38.90819844999588],[-77.05418857418816,38.90819525974756],[-77.05422230338017,38.9081567874585],[-77.05428929586719,38.90807378945645],[-77.05430330127197,38.90805478434009],[-77.05432929897552,38.908022783606896],[-77.05437630281034,38.907959784372615],[-77.05442029660769,38.907895786594],[-77.05446130266915,38.90782979033729],[-77.05448629952043,38.90778579091315],[-77.05467430575825,38.90740378509412],[-77.05475029846424,38.90724178838167],[-77.05477329651296,38.90719279019351],[-77.05489729986226,38.906914788346555],[-77.05501730394384,38.906654786922516],[-77.05514424575578,38.906377296877736],[-77.0552432986009,38.906160788397656],[-77.05533929534255,38.90595878471966],[-77.05541229674687,38.90580878807524],[-77.05547630385126,38.90568678460434],[-77.05555830049316,38.905540783298036],[-77.05564230442381,38.905396789836914],[-77.05572630351017,38.90526178665054],[-77.05582381547104,38.90511355268109],[-77.05582630279204,38.90510978600067],[-77.05582990741927,38.90510473059172],[-77.05583157730766,38.90510240563846],[-77.0559262995271,38.90496978438953],[-77.05602552118984,38.904841611029745],[-77.05617966822027,38.904642488408754],[-77.0561832961334,38.90463778430307],[-77.05621846704808,38.90458895111058],[-77.05637177200589,38.90437602783203],[-77.05638129594604,38.904362789962725],[-77.05638494490262,38.904355572509324],[-77.0564253021122,38.90427578404074],[-77.05648329561093,38.90414878324997],[-77.05651530430508,38.904081781639626],[-77.05653730230131,38.90402478413926],[-77.05655629605884,38.903944789756714],[-77.05657330009792,38.903841788992786],[-77.05658529614706,38.90377678789553],[-77.05660930129562,38.90364878554375],[-77.05666630660424,38.90329478355048],[-77.05666647867633,38.9032937024642],[-77.0566832956224,38.903187783055145],[-77.05675323929344,38.902954657858565],[-77.05675529745639,38.90294778348208],[-77.05686829610157,38.902651785969795],[-77.05691130074135,38.90253978213149],[-77.05694555963083,38.902447961260556],[-77.05695830602248,38.902413786344304],[-77.05711530595609,38.902000784555895],[-77.05711558204895,38.902000045735484],[-77.05715729691742,38.90189078997314],[-77.05718129517172,38.90181378378422],[-77.05719730625148,38.90175378928242],[-77.05721630106324,38.901676785534],[-77.05723629538848,38.901566783670816],[-77.05724327882277,38.90147709302091],[-77.05724330163389,38.90147678672553],[-77.05724335816267,38.9014753994104],[-77.05724629727669,38.90140278158234],[-77.05724530007909,38.90132378776338],[-77.05724230445209,38.90123978627434],[-77.0572293027851,38.90112778269426],[-77.05722029719689,38.9010247855137],[-77.05720830108122,38.90098778504423],[-77.05720693876329,38.90098532642892],[-77.05717629798629,38.90092978687032],[-77.05714329980802,38.90085278153279],[-77.05701230221747,38.9004907905016],[-77.05697429591082,38.900392789064064],[-77.05685429760896,38.90007378937332],[-77.05678334246518,38.89987227979973],[-77.05677929845528,38.899860787095115],[-77.0567442952893,38.89975478468653],[-77.05674109467465,38.899745588703134],[-77.05670729785977,38.89964878323359],[-77.0566713018977,38.89954078142459],[-77.05663529769934,38.899436788327954],[-77.05656430090161,38.899224783875916],[-77.05652929757476,38.89911778146288],[-77.05645630548709,38.89890378705057],[-77.05642230541558,38.898796784114644],[-77.05639383890558,38.89868981452902],[-77.0563932954881,38.89868778790945],[-77.05639320292954,38.89868736456099],[-77.05637929603732,38.89862378123094],[-77.0563623054906,38.898523787577645],[-77.05635630445188,38.898471785185066],[-77.05635130240302,38.8984147826674],[-77.05634930236977,38.89836378728018],[-77.0563492955304,38.898223788286785],[-77.05634930701561,38.89822373423103],[-77.05634935198869,38.89822229287097],[-77.05635229796249,38.898142783620976],[-77.05636129582672,38.89803378707086],[-77.05637229951078,38.897924789549926],[-77.05638123149541,38.89784919604506],[-77.05638529667996,38.89781478212671],[-77.05639929910846,38.897707783008684],[-77.05642529812266,38.89746478779994],[-77.05643630150723,38.89738478819294],[-77.05644729750728,38.89725178335948],[-77.05645829491576,38.89704778358308],[-77.05645895849604,38.89693947566768],[-77.05645935622108,38.896873957622304],[-77.05646029474677,38.89671978797298],[-77.05646008050262,38.89669669963109],[-77.05645930095665,38.89661478692314],[-77.05646229612195,38.89605878900821],[-77.05646229490394,38.89583878663258],[-77.05646354988448,38.8956329718224],[-77.05646430462009,38.895508782080675],[-77.05646530501687,38.89496678402768],[-77.05646330430311,38.89488578173021],[-77.05646130181073,38.89486078447073],[-77.05645330405969,38.89479078429039],[-77.05644529592871,38.89473678297967],[-77.05642729971272,38.89464678003596],[-77.05639929592226,38.894539783124806],[-77.05639029875816,38.894517789027056],[-77.05637830258664,38.8944787885718],[-77.0563613004153,38.89443578180554],[-77.05632030350479,38.89434078128197],[-77.05627029996727,38.89424078543547],[-77.05626030394492,38.89422378244543],[-77.05622529840699,38.894168785176575],[-77.05620388652783,38.894132203476445],[-77.05620130094039,38.8941277816101],[-77.05616386928628,38.894065813009675],[-77.05607929913143,38.89392578247121],[-77.05605109173939,38.89388139374542],[-77.05601830241203,38.89382978249575],[-77.05595430329977,38.893726784420096],[-77.05577529912797,38.89343378263813],[-77.05564730250047,38.893227786169106],[-77.05557129837635,38.89310178620702],[-77.0554708581379,38.89293258463331],[-77.05546037783515,38.89291491518143],[-77.05546029704077,38.892914780094195],[-77.05545895990313,38.892914780729065],[-77.05543529486637,38.892914782954165],[-77.05543336717534,38.892911342670395],[-77.05436456152256,38.89276748581963],[-77.0543623016903,38.89276678421823],[-77.05431230222179,38.8927427821452],[-77.05395929405923,38.89267578832624],[-77.05354329952816,38.89258878770621],[-77.0532262961062,38.892527783746466],[-77.05317430118173,38.89251678117829],[-77.05294830424381,38.892471787921366],[-77.0525802969547,38.89239778821616],[-77.05244330066164,38.892368779781584],[-77.052098295084,38.89230078582142],[-77.051780297061,38.89223178795128],[-77.05149129709798,38.892172784739174],[-77.05116529763085,38.892115787875376],[-77.05110929338989,38.89210678600272],[-77.05099729790697,38.8920907820303],[-77.05088430177892,38.892077787183446],[-77.05083347642179,38.892073323143045],[-77.05082744726245,38.89207250600468],[-77.0508217528202,38.89207230128984],[-77.05077029345227,38.89206778344756],[-77.05058630314058,38.89205478311532],[-77.05037229306213,38.89205278565984],[-77.05029729896526,38.8920527819433],[-77.05016129349849,38.89210278285626],[-77.05010742854284,38.89210327441114],[-77.0493932941962,38.89210978534739],[-77.04886755128707,38.89210978127389],[-77.04885129833197,38.89210978807244],[-77.04884008268341,38.89210985582122],[-77.04869830217535,38.89211077982185],[-77.04806381310578,38.89210903376023],[-77.04797429486307,38.89210878229338],[-77.04667830001739,38.89210878490731],[-77.04494030537471,38.89210878188521],[-77.04347929114518,38.89210878535544],[-77.041733296264,38.89210778270722],[-77.0406782948169,38.892107785541405],[-77.03948329891615,38.892107781211216],[-77.03932561039878,38.89210734795578],[-77.03912529525905,38.892106784639616],[-77.03891929711084,38.89210578146339],[-77.03859833041075,38.89210652756309],[-77.03848929740872,38.89210678875174],[-77.03817555729202,38.89210606294331],[-77.0376252960084,38.89210478213425],[-77.0370362588511,38.89210478121524],[-77.03673629380579,38.89210478585915],[-77.03665376083816,38.892104361368915],[-77.03654329806542,38.892103783411024],[-77.03605311541745,38.89210305292023],[-77.03587029833146,38.892102784904566],[-77.03581572974247,38.892102486356656],[-77.03550429457589,38.89210078877077],[-77.03510674264274,38.892100782818794],[-77.03392729670895,38.892100789042004],[-77.03365529457241,38.892097786868455],[-77.03363432692265,38.89209739653967],[-77.03363206762558,38.89209735214832],[-77.03344029260302,38.89209378584384],[-77.03327229836317,38.89209178891818],[-77.03268829766839,38.89208978279696],[-77.03235629194083,38.89209878452083],[-77.03216329628263,38.89209778384439],[-77.0319662910547,38.89210078366433],[-77.03171229360557,38.892096781116486],[-77.03136628920659,38.892094784602286],[-77.03036428962098,38.892096787997666],[-77.03003229088505,38.89209578381967],[-77.02997229285269,38.892094781284754],[-77.02971729394855,38.89209378345262],[-77.0290782877102,38.892093782132015],[-77.02876829389801,38.892092786898054],[-77.02813929303618,38.89209278698438],[-77.02754829603671,38.89209178380537],[-77.02617487466183,38.892090018724794],[-77.02599228820542,38.89208978924796],[-77.02595692358302,38.89208968000359],[-77.02530429190222,38.89208778732312],[-77.02508439319418,38.892088609476],[-77.0250362914292,38.892088781947216],[-77.02472829220171,38.892088784502114],[-77.02459613582579,38.89208800165296],[-77.02439028772399,38.89208678364715],[-77.02413028658668,38.89208678360085],[-77.02405775941295,38.89208733906436],[-77.02399929503966,38.89208778349371],[-77.02398032155384,38.89208724688828],[-77.02396428745608,38.89208678174376],[-77.02329570322408,38.89208678187984],[-77.02318329273238,38.89208678622916],[-77.02315834845378,38.89208669208549],[-77.02290628907272,38.89208578690252],[-77.02190229462953,38.89208578130209],[-77.02130929150736,38.892082783108066],[-77.02000031823007,38.89208372624902],[-77.01991329002907,38.89208378616096],[-77.01990938678034,38.89230596933844],[-77.0199012850964,38.892766785004596],[-77.01990287506388,38.89280536759129],[-77.01990429096614,38.89283978833947],[-77.01992528391575,38.89301278153313],[-77.01992728994928,38.89330278769404],[-77.01992632228384,38.8935938393184],[-77.019926291039,38.893605784423386],[-77.01990329064782,38.894418784739756],[-77.01990351172498,38.894426162556705],[-77.01990829399354,38.89458579004621],[-77.01990628426856,38.89473678867124],[-77.01990729375886,38.8948017838809],[-77.01990528673134,38.895003787882565],[-77.01990528415051,38.89515977679041],[-77.01990528370224,38.89524078904588],[-77.01990428474076,38.89537878840614],[-77.01990428801962,38.89555578481599],[-77.01990728620461,38.89613778788365],[-77.01990328377883,38.89658378377586],[-77.01990513634188,38.89677819300353],[-77.01990628845995,38.896899787725985],[-77.01990728583517,38.897127789282074],[-77.0199032894588,38.8973477832436],[-77.01990294615194,38.89735683670869],[-77.01990229379953,38.89737379056228],[-77.01990028708619,38.8979077887235],[-77.01990719685477,38.898172038885804],[-77.01990829212846,38.89821378345523],[-77.01990828657209,38.89831778501049],[-77.01990828672402,38.89906178567913],[-77.01990827698613,38.899068199634556],[-77.01990728776204,38.89944778514022],[-77.01991198478346,38.8997963538647],[-77.01991229077763,38.899818784630966],[-77.0199132926454,38.89993878483308],[-77.01991129441046,38.90087478979562],[-77.01991113869202,38.900895130696945],[-77.01990929299984,38.90113878910212],[-77.01991428789465,38.90127378751207],[-77.01992029324532,38.9014767898421],[-77.01991728623943,38.90164878693379],[-77.01991428775845,38.90176878777856],[-77.0199151566479,38.90199046529106],[-77.01991628625154,38.90227878657443],[-77.0199093004264,38.90252832825198],[-77.019909289026,38.90252878768008],[-77.01990929290292,38.90283178373934],[-77.01990892866813,38.9028485573601],[-77.01990891739591,38.90284947621436],[-77.01990528728572,38.90301978880697],[-77.0199062909696,38.903228791490776],[-77.01990825406249,38.903405508059045],[-77.01990808499332,38.90358455814884],[-77.01990828956404,38.90340878709421],[-77.01990829257412,38.90358478332236],[-77.01990456426272,38.90385777313195],[-77.0199045416149,38.90385924149758],[-77.01990029370486,38.904170787136266],[-77.01990051468375,38.904177705514286],[-77.01990229341436,38.90423079143958],[-77.01990099795637,38.90442224619727],[-77.01990028927524,38.90452678825757],[-77.01990165868365,38.90476560847018],[-77.01990428777823,38.905221790988556],[-77.01990334050117,38.90562813087069],[-77.01990328917809,38.905650786883136],[-77.01990228956855,38.90628278592269],[-77.01990229229999,38.9064578361828],[-77.01990229438664,38.90691978435266],[-77.01990129062828,38.90724778751942],[-77.0199012214521,38.90724778753122],[-77.0198749230378,38.90724804424198],[-77.01979728448737,38.907248787100876],[-77.01957128556136,38.90724778922066],[-77.01935728925457,38.9072487887685],[-77.01924096904587,38.90724721350674],[-77.01913529048822,38.907245789528574],[-77.01903128407265,38.9072457885015],[-77.01893929099089,38.907244785508176],[-77.01883029262541,38.90724578503808],[-77.0186462834138,38.90724378767451],[-77.01815328796998,38.90724478417368],[-77.01755228467078,38.907242786082065],[-77.01722229115855,38.90724279015515],[-77.0164532945414,38.907245234154914],[-77.01627829041642,38.9072457901643],[-77.01620627783215,38.90724507950874],[-77.0161772929386,38.907244786250644],[-77.01616987961148,38.90724503050241],[-77.01605629313973,38.90724878463404],[-77.01597128689403,38.90724778735164],[-77.01573628381254,38.90724779221899],[-77.01563228936185,38.90724978801794],[-77.01559028787686,38.907249784622486],[-77.01548929018794,38.90724778919572],[-77.01544328693133,38.9072427866444],[-77.01544467153008,38.907247750061494],[-77.01548828664052,38.90740478682692],[-77.0157482830992,38.90812278945468],[-77.01591021362437,38.908581562618814],[-77.01591028285215,38.90858178781804],[-77.01579128581047,38.90858078602067],[-77.01578976389368,38.908580732176276],[-77.01576428330864,38.90857978974109],[-77.01560929069983,38.90857779268366],[-77.01536241929507,38.90857778937523],[-77.01535628555771,38.908577790181695],[-77.0153495637924,38.90857770098162],[-77.01528029387048,38.90857679121128],[-77.01521723858876,38.908576790433536],[-77.01518428704361,38.90857678571277],[-77.01518328734433,38.90864678970276],[-77.01518528962873,38.90868278679447],[-77.01518528861882,38.90943610970275],[-77.01518528292091,38.909571793395244],[-77.01518667799238,38.90962580724938],[-77.01518729417596,38.90964978738296],[-77.01518684451557,38.9096497874414],[-77.0150922889954,38.90964979068681],[-77.01485928375838,38.909647784670135],[-77.01466829357891,38.909648790716446],[-77.01384528834336,38.909649791988514],[-77.01347628968648,38.9096477902437],[-77.01293529053825,38.90964778834112],[-77.0125072828112,38.90964678998132],[-77.01216528740447,38.90964778998908],[-77.01204729172717,38.90964679328258],[-77.01156128935385,38.9096457884155],[-77.01052728960633,38.90964678700712],[-77.00965928343781,38.90964579001272],[-77.00922228294998,38.909647789149695],[-77.00905329108352,38.90964579350828],[-77.00905328101163,38.910383793086304],[-77.00905328808814,38.910802789139645],[-77.00932828200988,38.91092778528298],[-77.00981929031545,38.911130793079415],[-77.00985028459739,38.91114278958188],[-77.00987528315233,38.91115378665712],[-77.01005728322029,38.91122879260301],[-77.010258286441,38.91131278692251],[-77.01124428500042,38.9117327911799],[-77.01145328252781,38.91182379115582],[-77.01215928767544,38.912124787565816],[-77.01248628327589,38.91225878817223],[-77.01298728573319,38.91247478958269],[-77.0133102842496,38.91261278802202],[-77.01354428647122,38.91271378965756],[-77.0136062893971,38.912738789603715],[-77.01393428272105,38.912875785804225],[-77.01408729119636,38.912942789499105],[-77.01411005396155,38.912952786008766],[-77.01421028400159,38.9129967886059],[-77.01448717322576,38.91311371887369],[-77.01455128730092,38.91314078997278],[-77.0148589436369,38.913272363079386],[-77.01518028889377,38.91340978901508],[-77.0157082907115,38.913634792550276],[-77.01585928443569,38.91370078525287],[-77.01609828673877,38.91380279000948],[-77.01622528338305,38.91385578650981],[-77.0162555420341,38.91386802463477],[-77.01636128595301,38.91391079047015],[-77.0168198291781,38.91410859349039],[-77.01682029044386,38.91410879160741],[-77.01682019820642,38.91410881864572],[-77.01574328885928,38.91448578746352],[-77.01490428446601,38.91477879456127],[-77.01427329362059,38.914995794085854],[-77.01429329000227,38.91517978689885],[-77.01431228561869,38.915317792272944],[-77.01433428632217,38.91549078564539],[-77.01434228286347,38.915576787238344],[-77.01437629319231,38.91589378635562],[-77.01438428821582,38.9159717885387],[-77.0144162919572,38.916228792365146],[-77.01442228818168,38.91628678727822],[-77.0145032879742,38.91700278659677],[-77.01456829211237,38.91758778860384],[-77.01457328517107,38.917644792703264],[-77.0145772861563,38.917699788067736],[-77.01458029036645,38.91772979444475],[-77.01461728605837,38.91803079419818],[-77.01462128361361,38.91806879083747],[-77.0146272892292,38.91811478662266],[-77.01463829399222,38.91819078853027],[-77.01469228942324,38.9186707906279],[-77.01474328987801,38.91910678734867],[-77.01475128504265,38.91918178968691],[-77.01480429215479,38.91967079108965],[-77.01487529359471,38.92023679331606],[-77.01492829293645,38.92062579313609],[-77.01493728647134,38.92067578819881],[-77.01463228632953,38.9207197874255],[-77.01456128885646,38.92073079546156],[-77.01442028595861,38.92075479311361],[-77.01428028661155,38.92078079032119],[-77.01407029395648,38.92082379452215],[-77.01393128723325,38.920855790736915],[-77.01378529321937,38.920892787231715],[-77.01363928828941,38.92093379225019],[-77.0135672892936,38.92095578995649],[-77.01342428326367,38.92100179397841],[-77.01328328429072,38.92105178828514],[-77.01321428402541,38.92107779413744],[-77.0130702883692,38.92113778776679],[-77.01297629031043,38.921179795058094],[-77.01288428747193,38.92122379289342],[-77.01273828706262,38.92129679435492],[-77.01270828334343,38.921305787930905],[-77.01267628411112,38.92131179095164],[-77.01264428416412,38.92131379426728],[-77.01225928897644,38.921314790179245],[-77.01215029173638,38.92131379263242],[-77.01215028696215,38.921488788358516],[-77.01214828832921,38.92200879410581],[-77.01214828278306,38.9223823332646],[-77.01214828286132,38.92238279268912],[-77.01214869796983,38.92245025598077],[-77.01214929083966,38.922545789188526],[-77.01214848539084,38.92275927752192],[-77.01214728285252,38.92307879384383],[-77.012148097476,38.92332520740456],[-77.01214829213922,38.92338478842564],[-77.01214829133455,38.923447747587076],[-77.01214828809641,38.92363178759835],[-77.01214756017961,38.92382662865573],[-77.01214629245499,38.92416979176247],[-77.01214629065989,38.924700796200966],[-77.01214328393422,38.9258027931551],[-77.01214428947662,38.92628979169849],[-77.01214467004579,38.92628978265064],[-77.01241629216801,38.92628079082824],[-77.01246829178378,38.926279794376285],[-77.01251928789846,38.92627778907726],[-77.01267329161638,38.92627479072266],[-77.01384528709285,38.926271793087416],[-77.01389129020184,38.92627279655909],[-77.0140302925038,38.92628178826868],[-77.01416728938915,38.92629678860358],[-77.01426628691354,38.92631179342335],[-77.01442428733198,38.92634078981529],[-77.01447628960283,38.92635279147094],[-77.0148822939855,38.92648379346035],[-77.01498029405653,38.92652479580381],[-77.01507628864249,38.926570788930924],[-77.01516829374793,38.92661979127442],[-77.01609028739715,38.92715278910856],[-77.016669290895,38.92749178994555],[-77.01675128865023,38.927543792230686],[-77.0169142904292,38.92768679376535],[-77.01701329396067,38.92776479139809],[-77.01706628707915,38.92781478882478],[-77.01716729117078,38.927913793422135],[-77.01726628957307,38.92801578898708],[-77.01734729183065,38.928095788836316],[-77.01736329187915,38.92811279415692],[-77.01739629485772,38.92814479578805],[-77.01745129400254,38.928189793123785],[-77.01747029187601,38.9282037892049],[-77.01750929099757,38.92823179021569],[-77.01755128842224,38.928258790840225],[-77.01757328460859,38.92827179553947],[-77.01773429188144,38.928357791603155],[-77.01782228545953,38.928397793144995],[-77.01788928593925,38.92842378990847],[-77.01795628596646,38.92844779579623],[-77.01798628503435,38.9284567904879],[-77.01801529219983,38.92841978887616],[-77.01804428906988,38.92838779588093],[-77.01807428951706,38.92835679363757],[-77.01810628536198,38.92832679099999],[-77.01816029290997,38.92827979525513],[-77.01824329067361,38.9282207958886],[-77.01828829584426,38.92819279101439],[-77.01833528487182,38.928165794742604],[-77.01838429286516,38.92814178889443],[-77.01843528497633,38.92811979156663],[-77.01854628900284,38.92808079502713],[-77.01860129597618,38.928064796526606],[-77.01865729499883,38.92804978875626],[-77.01874228622776,38.92803079463782],[-77.01902729030078,38.927971789163024],[-77.01917829513388,38.927954792814035],[-77.01926628812838,38.92794879681908],[-77.01933128569034,38.927945795324526],[-77.01937329000685,38.9279537967598],[-77.01941329036049,38.92797178873349],[-77.01944928915565,38.927990790290714],[-77.01949329140655,38.92800879057905],[-77.01953429106159,38.928011792509615],[-77.01973428658246,38.92799379632808],[-77.01993529520155,38.92796979108579],[-77.02005729081634,38.927937790694514],[-77.02011829293826,38.92791679083582],[-77.02017929247724,38.927886791639516],[-77.02022928977054,38.92785679431625],[-77.020294296612,38.92780579598455],[-77.02034129044974,38.927758791436425],[-77.0203752874721,38.92771378898166],[-77.02040629491502,38.92765978773225],[-77.02045228794178,38.92754178878257],[-77.02046029136729,38.92750079053965],[-77.02046828703317,38.92743279437654],[-77.02044629633767,38.92723879514603],[-77.02042428985737,38.927069793983655],[-77.02041429499907,38.927002791876546],[-77.02056729344731,38.926988793150265],[-77.02082829072116,38.92696279396389],[-77.02116228706619,38.926930790467196],[-77.02181828624369,38.926870791550215],[-77.02207529299159,38.92684679016938],[-77.02260229191396,38.92679979213227],[-77.02289828768056,38.9267697908631],[-77.02291028639443,38.926856790830435],[-77.02296629450542,38.92723379587514],[-77.0230232892935,38.92762879027704],[-77.02306429710922,38.92790679679951],[-77.02309729555036,38.92813079102537],[-77.02311903718281,38.92828049589618],[-77.02315729615957,38.92854379232016],[-77.02316320217915,38.92858304937938],[-77.0231822956015,38.92870979256054],[-77.02323129375392,38.92904879266758],[-77.02323524718844,38.92907697889146],[-77.0233122933879,38.92962579495873],[-77.02336364664076,38.92996819061553],[-77.02337229223926,38.93002579703533],[-77.02340488932826,38.93025088117134],[-77.02345629372506,38.93060578927957],[-77.02346527431958,38.93066455769032],[-77.02346729697692,38.93067779049127],[-77.02352329159689,38.9310657941477],[-77.02354229678299,38.93120078883982],[-77.02354231991794,38.93120099602625],[-77.02355528921841,38.93128878839085],[-77.02355865377737,38.93131415511006],[-77.02356429609891,38.93135679029757],[-77.02358618915142,38.9315050536311],[-77.02363428714858,38.93183079334399],[-77.02366314332306,38.932038546104586],[-77.02366428786303,38.93204678847417],[-77.02371529653018,38.93241779427327],[-77.02375929543327,38.93272579735545],[-77.0237752884582,38.93281779593469],[-77.02380329170879,38.93302479209786],[-77.0238051024196,38.93302462957955],[-77.02389431615421,38.93364956255285]]]},"properties":{"NAME":"Cardozo","GIS_ID":"dcps_454","DCPS_ID":"dcps_454","SHAPE.AREA":0,"SHAPE.LEN":0,"GLOBALID":"{6A362853-FD8C-4081-9DDE-D9D729621A53}","CREATED":1725410751000,"EDITED":1725410818000,"OBJECTID":339}},{"type":"Feature","id":340,"geometry":{"type":"Polygon","coordinates":[[[-77.01459660744523,38.97535906912009],[-77.02662363090697,38.984752039201624],[-77.02660635892899,38.98445974459321],[-77.02660008501947,38.98428729275678],[-77.02658812218549,38.98383959618273],[-77.02658130108277,38.983839804922205],[-77.02657530000306,38.983686801739026],[-77.02656029047257,38.98280580154112],[-77.0265583011884,38.98273279939643],[-77.02655759396238,38.98269328050541],[-77.02654630035323,38.982057807307186],[-77.02652830046844,38.98145080152266],[-77.02651075670043,38.980921149152216],[-77.02649229114174,38.9803638056561],[-77.02648818871019,38.980225359217286],[-77.02648129298099,38.979992804504064],[-77.02646377641638,38.97947234035158],[-77.02646129086204,38.9793988067828],[-77.02642829794235,38.97834880654426],[-77.02642829538595,38.9783108008399],[-77.02642729961762,38.97823979822787],[-77.02642829040597,38.978141806520256],[-77.0264312952262,38.97805980395727],[-77.02643518236162,38.97799187204321],[-77.02643513545304,38.97798986321931],[-77.02643529702442,38.97798986318278],[-77.02643529700102,38.9779898001252],[-77.02694664762437,38.977990512173186],[-77.02787529121926,38.97799179887973],[-77.02788444304488,38.97799169760743],[-77.02796429358388,38.97799080474256],[-77.02863929268264,38.97799080353436],[-77.02947825311958,38.97799321646168],[-77.02968329900547,38.97799380418033],[-77.02972207598242,38.977993424994175],[-77.02978529630234,38.97799280535821],[-77.03013529456499,38.97799280577427],[-77.0303322504528,38.97799364666994],[-77.0310722949894,38.9779968034429],[-77.03184630235405,38.977995802505106],[-77.03204629267769,38.97799480200967],[-77.03251530028487,38.97799579857704],[-77.03283230291699,38.977994800178095],[-77.03283312234379,38.977994863005655],[-77.03286129436533,38.97799680086979],[-77.03289029874078,38.978001801290155],[-77.03291830045531,38.978009801724994],[-77.0329452990498,38.978019802262075],[-77.03296929796436,38.978031803464894],[-77.03314436462456,38.9778666421907],[-77.03318130202254,38.9778318059108],[-77.03322797532513,38.977787364083056],[-77.03341029598162,38.977613804673034],[-77.03351730049017,38.97751280083184],[-77.03376230331037,38.97727880469609],[-77.03406730167634,38.97699080426004],[-77.03468229572013,38.976406800159296],[-77.03492251693906,38.97618055904248],[-77.03495729553869,38.976147803735024],[-77.03505579393627,38.97605417873794],[-77.03526029927363,38.97585980071523],[-77.03554829495305,38.97558879998818],[-77.03592629417227,38.97523080545131],[-77.03616630393486,38.975012804320905],[-77.03618729870209,38.97499579929177],[-77.03626529385397,38.97493879806089],[-77.03636359564054,38.97487359297305],[-77.03636629515748,38.97487179949532],[-77.03636629493678,38.97487136710023],[-77.03948830556416,38.973829029773015],[-77.03963051137968,38.97378154430331],[-77.03972810865595,38.9737858081153],[-77.03992063740228,38.97379421028964],[-77.04056256179864,38.9738222482224],[-77.04060829910242,38.973585802218004],[-77.0406132020107,38.9734614508375],[-77.04061832089707,38.973331370140905],[-77.04062130131184,38.97325579901755],[-77.04061930315976,38.97317179791376],[-77.04060846871526,38.97285069409384],[-77.04060830436802,38.97284580267855],[-77.04060429985645,38.972703798228984],[-77.04060629840971,38.97264680242155],[-77.04061330244294,38.97258480530368],[-77.0406192959351,38.97255179704208],[-77.04062586871872,38.97252282426886],[-77.04062734212627,38.97251632881812],[-77.04063629764619,38.97247679756244],[-77.04064930225739,38.972434796641345],[-77.04066630023628,38.97239380325237],[-77.04068330218666,38.97235980025128],[-77.04072429921638,38.97229180081401],[-77.04073570329862,38.97227628465717],[-77.04073713312707,38.97227432937154],[-77.04076029872826,38.972242801476355],[-77.04081229712217,38.97218179757202],[-77.04086230534345,38.972131802405684],[-77.04091729813771,38.97208080555906],[-77.0409462949681,38.97205579754941],[-77.04097798128227,38.972032040735066],[-77.04097830425818,38.972031797399445],[-77.04101229953066,38.97200979637292],[-77.04104830271942,38.97198780363983],[-77.04112029978818,38.97194779978458],[-77.04119630399148,38.97191280305341],[-77.04123630332015,38.971896799332434],[-77.04137822448115,38.971844699599735],[-77.04142369320451,38.97182800925281],[-77.04147330381782,38.971809804035296],[-77.04150330034238,38.97179780342764],[-77.04180530249305,38.97168880426537],[-77.04193430067399,38.97164079821495],[-77.04212029514059,38.97157579998402],[-77.0422113042996,38.97154779658607],[-77.04228229723675,38.97152879958696],[-77.04238330208901,38.97150480110645],[-77.04249029779602,38.97148380010546],[-77.04256167564677,38.971471901288865],[-77.04257422965797,38.97146981581566],[-77.04261029934653,38.97146380319077],[-77.04276930579499,38.9714448008162],[-77.04283930293845,38.97143980264609],[-77.04293229879914,38.97143480500082],[-77.04302730316141,38.97143079744887],[-77.04333329972322,38.97142580199054],[-77.04345230612762,38.971420803298344],[-77.04345446396155,38.971420640348185],[-77.04352030681794,38.971415796454195],[-77.04363429943221,38.97140180021171],[-77.04380729826339,38.97137480089525],[-77.04388430465316,38.97135880041341],[-77.04388456815873,38.97135570148025],[-77.04392922279276,38.971348955558845],[-77.04397139231199,38.97133562553197],[-77.04397230529622,38.97133780518256],[-77.04402930170883,38.97132180311961],[-77.04409629994703,38.97130079768476],[-77.04420206102083,38.97126268893542],[-77.04420729888656,38.97126080423335],[-77.04420952542135,38.97125978546055],[-77.04428430479086,38.971225796102615],[-77.04435829751574,38.97118879824301],[-77.0444292995102,38.97114880172882],[-77.04448930533658,38.97111080017623],[-77.04451830364769,38.971090799856135],[-77.04461930543134,38.9710088043949],[-77.04466930174733,38.97096379815704],[-77.04471830245716,38.970913801713074],[-77.04474107734096,38.970888380756136],[-77.0447416885132,38.97088769589603],[-77.04476130372679,38.97086579836579],[-77.04481930356394,38.970794800225384],[-77.04485430520678,38.97074280024982],[-77.04490830016192,38.97065279621209],[-77.0449441605563,38.97059035532739],[-77.04505930296095,38.97038979658302],[-77.04515930048174,38.970218799606684],[-77.04516604451982,38.97020838347498],[-77.04517029844013,38.97020179680741],[-77.0451719697791,38.970198805425674],[-77.04518030336399,38.970183803484225],[-77.04519130131197,38.97016680068286],[-77.04520130621991,38.97014879834949],[-77.04531429973352,38.9699827957819],[-77.04535730458436,38.96992380214967],[-77.04540430138654,38.96986379802782],[-77.04549030237062,38.969750801247244],[-77.04553730150268,38.96969479672845],[-77.04558130158642,38.96964080219725],[-77.04560430617575,38.96961480444834],[-77.04568430154032,38.969530798385996],[-77.04569729687846,38.969515803592486],[-77.04572430428584,38.96948780442511],[-77.04576430633507,38.969443801527184],[-77.04585530542163,38.969352800641296],[-77.04587130028851,38.969336795728374],[-77.04588630212105,38.969319800296205],[-77.04590229697928,38.96930380438719],[-77.04593230124735,38.96927080441911],[-77.04603122344056,38.96917358459266],[-77.04604830242894,38.96915680451922],[-77.04612636915104,38.9690719791557],[-77.04612929809187,38.96906879809034],[-77.04613097011628,38.96906696875734],[-77.0464496227153,38.968702035763364],[-77.04654000426369,38.96858703661288],[-77.04689522035697,38.968099215346065],[-77.04689930101607,38.968092799838864],[-77.0469153029551,38.96807079528468],[-77.04705829957635,38.9678478017646],[-77.04720830209428,38.96759379884787],[-77.04725230677485,38.96751579668601],[-77.04726229726738,38.96749480343442],[-77.04733330473529,38.96736680356306],[-77.04736230053764,38.967311796476345],[-77.04747629948199,38.96707579723492],[-77.04753130352375,38.96695080347532],[-77.0475622994517,38.96688479645112],[-77.04757129674212,38.96686280365898],[-77.04763630492683,38.966720798202324],[-77.04769729796845,38.96657980326709],[-77.04770530349153,38.966558801775086],[-77.0477412982896,38.96647980276466],[-77.04778430345736,38.96637580298807],[-77.04784129861655,38.96624479974924],[-77.0478733019905,38.966167802157386],[-77.04787885208836,38.96615045900601],[-77.04788994834904,38.96593822011578],[-77.0477390277482,38.96560524684767],[-77.04751826631112,38.96539616520762],[-77.04747094317293,38.965357584077815],[-77.04728914384596,38.96520939095259],[-77.0468041992435,38.96481406981567],[-77.04571859287856,38.96382305111953],[-77.04457073489426,38.962909426814065],[-77.0440948480797,38.962464779630146],[-77.04358967452268,38.9618361928043],[-77.04325128590061,38.96148098778863],[-77.04325114737735,38.96148087974077],[-77.04307430559817,38.96158180146769],[-77.04191530335443,38.962238798461065],[-77.0414912982641,38.96248180324813],[-77.04077629939285,38.962896794833185],[-77.03984629503722,38.963102800935445],[-77.03955430143058,38.96309780140826],[-77.0393412981597,38.963110800116425],[-77.03915630292003,38.96311079915823],[-77.03905430177947,38.96310779749145],[-77.03894930066318,38.96310479673512],[-77.03868530158724,38.96308279614224],[-77.03840729366908,38.96303680156738],[-77.03639029390905,38.962591799380675],[-77.03639130119754,38.96241779561749],[-77.03639529791425,38.961522797139835],[-77.03639529730798,38.96084379975704],[-77.03639530129739,38.960173801532406],[-77.03639830017892,38.959290801971264],[-77.03639729492862,38.95851979421591],[-77.03639729551647,38.958362798225096],[-77.03537929381666,38.9583597956735],[-77.03434629376609,38.958357797590864],[-77.03342830232629,38.95835880234717],[-77.03147729980311,38.95835879440233],[-77.0313292954647,38.958359798040895],[-77.03000029794713,38.958358795381045],[-77.02969829952607,38.958356800584816],[-77.02823728967465,38.95835880208786],[-77.02822929661036,38.95851080041871],[-77.02821629564706,38.958719795222414],[-77.02816829361844,38.959348799591965],[-77.0281092925599,38.96002980217922],[-77.0280552997175,38.96074480060774],[-77.02803329028973,38.96102180079377],[-77.02803087845157,38.96102082848024],[-77.02792329220483,38.96097779475532],[-77.0277382979544,38.96090679967443],[-77.0274982968533,38.960821800401646],[-77.0270632898875,38.96066979747493],[-77.02678029681454,38.960576798327274],[-77.02595229048626,38.96030880020358],[-77.02542099786922,38.96013411167463],[-77.02529228887181,38.960091800773526],[-77.02432729943597,38.95977479772617],[-77.02426048797862,38.95975357013383],[-77.02419829219897,38.959733800886],[-77.02409529378996,38.95969979796329],[-77.02389329036826,38.95963479978769],[-77.02366888926697,38.95956041018411],[-77.02352829697102,38.95951380280212],[-77.02316929423206,38.95939680315486],[-77.02307454750667,38.95936644604059],[-77.02296328857486,38.959330795236944],[-77.02244428823761,38.95916080205648],[-77.02244403437845,38.959160712022566],[-77.02244048037002,38.95915951460616],[-77.02233429867204,38.95912379917015],[-77.02207429234664,38.95903980148184],[-77.02170029320816,38.95891580072607],[-77.02140751858256,38.95882279036038],[-77.02133829727752,38.95880079583366],[-77.02123457459352,38.958766412170455],[-77.02115429891181,38.95873979830399],[-77.02084029346834,38.95863680019299],[-77.02073329438322,38.958601795098],[-77.02012829515216,38.958403800149284],[-77.0199572918997,38.958348797995626],[-77.01857429624641,38.95789580222427],[-77.01827629108043,38.957799803096584],[-77.01787629747209,38.957667794804294],[-77.0171162959152,38.95741979395776],[-77.01616129059985,38.9571068026409],[-77.01604328873024,38.95706879501273],[-77.01555828944034,38.956907801813436],[-77.01518928629226,38.95678779720296],[-77.01494729667212,38.95671079872548],[-77.0144842940918,38.95655779758485],[-77.01438429328087,38.956524794641965],[-77.01413329358282,38.95644179607977],[-77.01379329043097,38.95633180073422],[-77.01364728816571,38.95628379480847],[-77.01355429183579,38.95625379909666],[-77.01205829464647,38.95576179638763],[-77.01179828962636,38.955677802820055],[-77.01161528863905,38.9556197989037],[-77.01151029470977,38.955585794075326],[-77.01126528961669,38.95550379767694],[-77.01103328746507,38.95542179953728],[-77.01042328935704,38.95522679951904],[-77.01030328591273,38.95518679543572],[-77.010187286126,38.955147799806014],[-77.00983129231766,38.95503079488075],[-77.00977329259649,38.95501080139083],[-77.0097132855895,38.95499179894834],[-77.0096542937426,38.954971796473444],[-77.0095942868014,38.95495280297804],[-77.00941428963638,38.9548987950329],[-77.00923228581415,38.95484879564777],[-77.00915628923373,38.95483380285978],[-77.00907828599966,38.954824800676285],[-77.00904828938447,38.95482280316672],[-77.00904929180152,38.95463080086653],[-77.00904929343345,38.95455279827234],[-77.00905028864474,38.95448579469573],[-77.00905028793076,38.954116797994224],[-77.00905128586626,38.953798797003],[-77.00904728391234,38.95353680079413],[-77.00904929308368,38.953459797945854],[-77.00891129001424,38.953464799130266],[-77.00839528344738,38.95347980006831],[-77.00811928854276,38.95348880081143],[-77.00790628386711,38.953489797315235],[-77.00787228445061,38.95348679985618],[-77.00783828470605,38.95348079362505],[-77.0078052883449,38.95347179657132],[-77.00777346842973,38.953459862733986],[-77.00777328383336,38.953459799688375],[-77.00777362984428,38.95345893487142],[-77.00782803111568,38.95308495289165],[-77.00782728957105,38.95274080095178],[-77.0078296753305,38.952614477800445],[-77.00783180155149,38.95180623744657],[-77.0076694939253,38.95181021184992],[-77.00734505317786,38.95183281642982],[-77.0073177119038,38.95183686285946],[-77.0069661065585,38.951903311349575],[-77.00682047144007,38.951932407652144],[-77.00662629124514,38.95197279390136],[-77.00647028461134,38.952003800108706],[-77.00636728794102,38.95202779479554],[-77.00632328811133,38.9520367964488],[-77.00623528798128,38.95204980011428],[-77.00619028391476,38.95205280226141],[-77.00610028704939,38.952055797740115],[-77.0060562862339,38.95205380019204],[-77.0060112931027,38.95204979383364],[-77.0059672920422,38.95204479649728],[-77.00594547597048,38.95204074388649],[-77.00592428288708,38.952036799339304],[-77.0056792874329,38.95198679757186],[-77.00556428885808,38.95196479589346],[-77.00539329065941,38.95192879784364],[-77.00531229074575,38.95190879417976],[-77.00518028631828,38.95187079420242],[-77.0051272860283,38.951853797928756],[-77.00507228979316,38.95183480188105],[-77.00504853536086,38.9518260829014],[-77.00504492435108,38.95182521826316],[-77.00504063260055,38.95182318257864],[-77.00496328941587,38.95179480082083],[-77.00485628471422,38.951750799902456],[-77.00480529141241,38.95172579504414],[-77.00470728476282,38.951671794435164],[-77.00466359405112,38.95164444706923],[-77.00465959074494,38.95164254648326],[-77.00465721407903,38.95164044765033],[-77.0045922837738,38.95159979588232],[-77.00455228486422,38.95157279965194],[-77.00451328953599,38.95154379452401],[-77.00447728207465,38.95151279843997],[-77.00434528481225,38.95138379593578],[-77.00427929143778,38.95130779556478],[-77.00427893378158,38.95130738119729],[-77.00194043436107,38.95150399496535],[-76.99840140264212,38.95180155247739],[-76.99654540451212,38.9519220070582],[-76.99653828639622,38.95192279957576],[-76.99650125368092,38.95192796922265],[-76.99598878238554,38.95200417176764],[-76.99617528709331,38.95214579706751],[-76.99665329007586,38.952512799717105],[-76.99671329022405,38.952559797571894],[-76.99682028941979,38.95264179381747],[-76.99681992024344,38.95264182984052],[-76.99652628652007,38.95267080109948],[-76.99634228639952,38.952691802779974],[-76.9962202847708,38.95270779759164],[-76.99603728782611,38.95273479833315],[-76.99591628957823,38.952753801624105],[-76.99569528968321,38.95279279951449],[-76.99554929057658,38.9528208007656],[-76.99540428338607,38.95285080170944],[-76.99518728555474,38.952898798058854],[-76.99500428653765,38.95294279578987],[-76.9949442827271,38.95295880090916],[-76.99488328680036,38.95297379702784],[-76.99476327897293,38.95300679802097],[-76.99458428214612,38.95305779469921],[-76.99452128981143,38.95307779913487],[-76.99447428788763,38.95309179577647],[-76.99426728980596,38.95315579858514],[-76.9939492815247,38.953251801721144],[-76.99387955116352,38.953273895380235],[-76.9938482855514,38.95328379382906],[-76.99364527844725,38.95334379607191],[-76.99362177741386,38.95334967719313],[-76.99362128132002,38.953349794273585],[-76.9935892427484,38.953358836825146],[-76.99354327886456,38.95337179719752],[-76.99351227868283,38.95337979482594],[-76.99344028712619,38.953398798260345],[-76.99338828951498,38.953410794348166],[-76.9931252793123,38.953462801943424],[-76.99302093831783,38.95348117263428],[-76.9930172580008,38.95348182101004],[-76.99296628733492,38.95349079920085],[-76.9928212784998,38.953512797593255],[-76.99254728609132,38.953548795516795],[-76.99248378649199,38.95355587195305],[-76.99243068171232,38.95356178696125],[-76.99217927897337,38.95358979514657],[-76.99199528718493,38.953606799319076],[-76.99184528349369,38.953618796978915],[-76.99177028174412,38.95362380032281],[-76.99162027868437,38.95362979818625],[-76.99156990860939,38.95363069539304],[-76.99156427860454,38.95363080308626],[-76.99155473760766,38.953630856447255],[-76.99139428272092,38.95363179962605],[-76.99131928165647,38.953630803172985],[-76.99124328867002,38.953627797753335],[-76.99115228597574,38.95362679999381],[-76.99096927739502,38.95362079550469],[-76.99078628089764,38.953610800066464],[-76.99060328497995,38.95359679566172],[-76.9904222855473,38.95357880047041],[-76.99033128428302,38.9535678028923],[-76.99016028744775,38.953549799113624],[-76.98999028314894,38.953529795333836],[-76.98982128293571,38.95350780056641],[-76.98953827836237,38.95346779688701],[-76.98944304410013,38.953451771623676],[-76.98943728736113,38.95345079821065],[-76.9894221398943,38.95344807634378],[-76.9890762865295,38.953385797399285],[-76.98853528476944,38.95327479975032],[-76.9884030197825,38.95324679801107],[-76.98839827831763,38.95324579762269],[-76.9883969747025,38.95324552724522],[-76.98820228629408,38.95320479938979],[-76.9874062866628,38.95298079778069],[-76.98702328630951,38.95286980102773],[-76.98686508087248,38.95281826505982],[-76.98649528203548,38.95269780036225],[-76.98639228756196,38.95266979972176],[-76.98628827678503,38.952647798380156],[-76.98623527887683,38.95263880189822],[-76.98618559154548,38.952632238016776],[-76.98617261308192,38.952630524911086],[-76.98612928232404,38.952624799526454],[-76.98603749747923,38.95261872603561],[-76.98601961581797,38.95261754381537],[-76.98599327786268,38.952615802066916],[-76.9859382821954,38.952616795384245],[-76.9859102822163,38.95261880085823],[-76.9858562775101,38.95262580277369],[-76.98580228333614,38.952637795247924],[-76.98577627799851,38.952645800440926],[-76.98575282217989,38.95265424734408],[-76.98561155548971,38.95270974802391],[-76.98820955429748,38.95474060193709],[-77.00169311894567,38.96528040500714],[-77.01459660744523,38.97535906912009]]]},"properties":{"NAME":"Coolidge","GIS_ID":"dcps_455","DCPS_ID":"dcps_455","SHAPE.AREA":0,"SHAPE.LEN":0,"GLOBALID":"{A08BA8B4-5778-487F-B84D-323219D81FC5}","CREATED":1725410751000,"EDITED":1725410751000,"OBJECTID":340}}]}