{"type":"FeatureCollection","features":[{"type":"Feature","id":161,"geometry":{"type":"Polygon","coordinates":[[[-77.102466367547052,38.822634810241041],[-77.102323382782629,38.822862573308612],[-77.102177789800578,38.823103404013985],[-77.101999108111926,38.823398968441616],[-77.101952590800607,38.823462250012263],[-77.102343584580623,38.823598102753898],[-77.103908945715034,38.823996567122286],[-77.104218506474623,38.824075362496785],[-77.104844694280985,38.82423475108444],[-77.105766102227932,38.824510700503737],[-77.106322802139559,38.824767207341949],[-77.106557465949464,38.824899646653357],[-77.106644153176759,38.824883402126886],[-77.106961859513447,38.824585226189051],[-77.107296148871015,38.824299952268937],[-77.107371741507137,38.824235025310045],[-77.107498193511617,38.824126414889641],[-77.10800151658043,38.823644755287482],[-77.10823618670743,38.823309768354171],[-77.108612440018689,38.822552187621653],[-77.109128797627434,38.822664791125106],[-77.109588311892168,38.82231679708952],[-77.10971196515861,38.822401947559101],[-77.110057446369325,38.822639854943958],[-77.110076161504693,38.822635746671999],[-77.110469563010682,38.82254937951712],[-77.111231982822133,38.821859028133765],[-77.111788419731425,38.822260424286824],[-77.112092436810059,38.821995761818734],[-77.112255283978996,38.821853994024785],[-77.112410544579348,38.821718831231486],[-77.112468959260625,38.821667977910948],[-77.112620394546155,38.821536141854445],[-77.112805629320235,38.821374881138865],[-77.113074540403858,38.821567709113253],[-77.11311484611717,38.821596611265498],[-77.113116224489488,38.821595428396598],[-77.113306219888088,38.821432349201658],[-77.113801554248184,38.82100718889015],[-77.113607323273584,38.820851462985203],[-77.113207163269323,38.820530630899277],[-77.112721399356218,38.820152156321534],[-77.112564739293347,38.820026508542128],[-77.112266428063776,38.819787246295746],[-77.11216992753981,38.819709847008291],[-77.111884079541142,38.81989366912309],[-77.111427384412863,38.81968349018215],[-77.111368514052458,38.819625914900733],[-77.111458107613956,38.819530861181555],[-77.111664091157778,38.819297589973495],[-77.111942637470818,38.818984694280942],[-77.111978185292756,38.81894476315771],[-77.111983440297806,38.818938860147554],[-77.112075489528124,38.818836012984789],[-77.112273722392729,38.818614522623442],[-77.113293408407571,38.817475180531808],[-77.113320194760092,38.817445250487253],[-77.113206875841115,38.817373992291607],[-77.113053156386712,38.817277328123325],[-77.112862653184365,38.817081603959529],[-77.112075686959244,38.816273056157947],[-77.111707180609528,38.816088827712385],[-77.111362917921738,38.815982992701294],[-77.11130743988322,38.815968886754249],[-77.111274392655147,38.815961504263761],[-77.111240576876767,38.815956110069294],[-77.111230611840895,38.81595451907242],[-77.111272368330646,38.815893068610315],[-77.111296734952887,38.815857209164051],[-77.111329416530523,38.815809114142709],[-77.111494975596727,38.815557942171914],[-77.111628970054426,38.815354653060332],[-77.111724658187782,38.815209481203674],[-77.111724001631757,38.81520919143852],[-77.111640224711138,38.815172238810383],[-77.11154437517051,38.815129962807227],[-77.111692662161133,38.814739135573952],[-77.111865112461572,38.814770934263123],[-77.112077007623355,38.814810005963615],[-77.11210466079892,38.814815105394587],[-77.1121288233429,38.814819560795279],[-77.112160380275199,38.814825379397369],[-77.112206855614502,38.814833950257139],[-77.112287979275067,38.814848907788885],[-77.112344138293338,38.814859262581962],[-77.112347108069997,38.814852057685187],[-77.112509406914171,38.814440430102216],[-77.11249598726711,38.8143283348926],[-77.112539878706755,38.814326270006525],[-77.112571076443899,38.814324801888617],[-77.112665207914205,38.814320372316374],[-77.112527373469391,38.814254821982743],[-77.112519419002723,38.814251039436016],[-77.112516166964426,38.814249490990015],[-77.112522119361515,38.814240730284318],[-77.112680266325853,38.814135003675332],[-77.1134624633671,38.813212878307105],[-77.113582703487424,38.813071126779306],[-77.11655680759759,38.814021290237577],[-77.119015321519441,38.814984630675532],[-77.119093069761988,38.815008897388317],[-77.120135320147298,38.815334202280354],[-77.120956542624725,38.815706341447722],[-77.121240454653744,38.815910143128534],[-77.12172402384121,38.81614336390556],[-77.122117432617699,38.816333097432313],[-77.122436848071871,38.816487143841783],[-77.122791345485268,38.816634433209153],[-77.122848569675298,38.816658209627576],[-77.123029340737688,38.816370216580879],[-77.123076836451816,38.816280274800391],[-77.123078445969881,38.8162773529994],[-77.12308005550517,38.816274430297668],[-77.123098104056922,38.816241653947635],[-77.123098287803771,38.816241320050885],[-77.123113940533642,38.816212894182748],[-77.123127977721481,38.816187403557592],[-77.123141759586247,38.816162375723906],[-77.123151190102604,38.816145249481146],[-77.123155515179519,38.81613739623139],[-77.123238949443945,38.815985878375713],[-77.12328216319959,38.815907402162942],[-77.123323852980704,38.815833268633547],[-77.123350194268198,38.81578923761839],[-77.123377514289828,38.815745571251355],[-77.123405803522772,38.815702285637087],[-77.123435054833365,38.815659392403461],[-77.12346525759952,38.81561690493939],[-77.123477276889346,38.815600671246834],[-77.123496403519098,38.815574835760053],[-77.123518180388643,38.815546572678549],[-77.12352848310411,38.81553319916852],[-77.123561486901352,38.8154920076664],[-77.123578772965629,38.815471113888137],[-77.123587943917158,38.815459409163175],[-77.123596852375186,38.815447580631464],[-77.123605495968121,38.815435631868993],[-77.123613871138417,38.815423568239758],[-77.123621976700392,38.815411391531789],[-77.123629809113936,38.815399106208353],[-77.123637366024639,38.815386714944815],[-77.123644645026332,38.815374223118518],[-77.123651644916194,38.815361633418306],[-77.123658362153932,38.815348950307474],[-77.12366479668799,38.815336176488294],[-77.123670943792291,38.815323318211952],[-77.123676804583809,38.815310377293528],[-77.123682374388352,38.81529735728197],[-77.1236876542538,38.815284263595359],[-77.123692640622792,38.815271101597602],[-77.123697332326856,38.815257872176041],[-77.123701728094019,38.815244581622345],[-77.123703926666067,38.815237419660782],[-77.123705826738657,38.815231231724624],[-77.123709628157187,38.815217827887288],[-77.123713128792446,38.815204375474387],[-77.123716328592636,38.815190877188115],[-77.123719227489048,38.8151773366315],[-77.12371995831505,38.815175375734952],[-77.123721824261295,38.815163757394018],[-77.123724116468964,38.815150146654652],[-77.123726105228911,38.815136506228413],[-77.123727790455135,38.815122840619004],[-77.123729168607426,38.815109154289736],[-77.123730243088247,38.815095449983225],[-77.123731010322828,38.815081733964277],[-77.123731472527822,38.815068010763625],[-77.123731628517476,38.815054282169193],[-77.12373147703714,38.815040553571947],[-77.12373102030331,38.815026829502692],[-77.123730427972944,38.815015494053895],[-77.123729604197578,38.815004518070765],[-77.123728536067802,38.814993553636455],[-77.123727223462936,38.814982607056322],[-77.123725667534359,38.814971678343753],[-77.123725233234623,38.814969042485771],[-77.123659464140346,38.814786638392732],[-77.123656821281571,38.814782072026176],[-77.123650801304763,38.814772135143983],[-77.123644562040425,38.814762283981821],[-77.123638103505741,38.814752517638922],[-77.123631427882714,38.814742842447501],[-77.123624537473972,38.814733258434536],[-77.123618437723962,38.814726042374147],[-77.123615086161678,38.81472186230755],[-77.123611827602247,38.814717636482619],[-77.12360866429637,38.814713367628627],[-77.123605597395382,38.814709055759046],[-77.12360262571346,38.814704702661892],[-77.123599752687241,38.814700309278429],[-77.123596978282109,38.814695877410159],[-77.123594302463658,38.814691408858558],[-77.123591727517208,38.814686904551415],[-77.123589252274101,38.814682365375965],[-77.123586880153724,38.814677793174212],[-77.123584608818959,38.814673189720622],[-77.123582441706461,38.814668555956509],[-77.123580377664823,38.814663891868342],[-77.123578417759106,38.814659201973342],[-77.12357656315784,38.814654485384317],[-77.123574814977772,38.81464974391622],[-77.12357317088177,38.814644979343548],[-77.123571635423247,38.814640194422559],[-77.12357020518273,38.81463538731127],[-77.123568883527895,38.814630562553937],[-77.123567669307377,38.814625720136988],[-77.12356656248663,38.814620861862004],[-77.123565565333664,38.814615989557439],[-77.123564676697228,38.814611103209756],[-77.123563897659523,38.814606206435506],[-77.123563227051974,38.814601300121879],[-77.123562666008553,38.814596385183187],[-77.123562215646075,38.814591463434333],[-77.123561874795939,38.81458653576265],[-77.123561643423571,38.814581603969572],[-77.123561522628478,38.814576670770862],[-77.123561511259382,38.814571736153013],[-77.123561610432915,38.814566801931008],[-77.123561820131883,38.814561869005558],[-77.123562139118604,38.814556941866989],[-77.123617785606513,38.814281592361567],[-77.123630339657439,38.814219475206812],[-77.123731941978434,38.813716731504464],[-77.123772550222398,38.813511754126992],[-77.123774713709153,38.813500831198454],[-77.123840168144909,38.813171956910708],[-77.123849975718286,38.813118836796733],[-77.123898135770034,38.812877823563902],[-77.123900484550148,38.812878082655239],[-77.12390252308883,38.812878306574611],[-77.123990762824107,38.812577024227593],[-77.124001176229996,38.812578341910985],[-77.124187533233453,38.81260684938556],[-77.124351412151,38.812638016585815],[-77.124515235197094,38.812672108274796],[-77.124690101549447,38.812715103503002],[-77.12486870632776,38.812758141382645],[-77.125043517126201,38.812804059900422],[-77.125214793128677,38.812849787178934],[-77.125362780296427,38.812899502829225],[-77.125443175086104,38.812926510907026],[-77.125516279680397,38.812951465858326],[-77.125587577828668,38.812975804977512],[-77.12577550781927,38.813046765621458],[-77.12592313942622,38.81310403172666],[-77.12610088361626,38.813177515927045],[-77.126295319825218,38.813261775100507],[-77.126493137839375,38.813346072632811],[-77.126572318008485,38.813380280483294],[-77.126658862597949,38.813417669230816],[-77.126660735040318,38.813418450645543],[-77.126781775666146,38.813468958127274],[-77.126927416496812,38.813529730452522],[-77.127079825176622,38.813597974951769],[-77.127218818263017,38.813660211539528],[-77.127518128896128,38.813781708269872],[-77.127713802677036,38.813862660433585],[-77.127797405373613,38.81389334240928],[-77.127909651427132,38.813934537278627],[-77.128067242122313,38.813984788811652],[-77.128248030578789,38.814035310444503],[-77.128290421432581,38.814046175031088],[-77.128421201538728,38.814079691994721],[-77.128656061125625,38.814133870440308],[-77.128848737301581,38.814169404097321],[-77.129072401165288,38.814202272330846],[-77.129280774126926,38.81422588537194],[-77.129395862278628,38.814233477894561],[-77.129395267855841,38.814236868417375],[-77.129398154452105,38.814233629001144],[-77.129447548263755,38.814236888101156],[-77.12950254658449,38.814240516263467],[-77.129556076209951,38.814244047962028],[-77.12957073668727,38.814245014733139],[-77.129576313660522,38.814238800280229],[-77.129670769413721,38.8141392038752],[-77.129866754760414,38.813932553429353],[-77.130093573484558,38.813682042441641],[-77.130207292127963,38.813564267795499],[-77.130288975719722,38.813478243190424],[-77.13041146695285,38.81335094775735],[-77.130506805081509,38.813248978885206],[-77.130436757047832,38.813211038674005],[-77.130385384208907,38.813183213312534],[-77.130440722074923,38.813120323669473],[-77.130796176210609,38.812731154450425],[-77.130962534503439,38.812524335730011],[-77.131109386744541,38.812326364423214],[-77.131220523293919,38.812176384995354],[-77.131300035386488,38.812062342867364],[-77.131411342907541,38.811903288222688],[-77.131511052078935,38.811744099992509],[-77.131631011433853,38.811536738222642],[-77.131731352368618,38.811344275323172],[-77.131767702656546,38.811263010458497],[-77.131774442321174,38.811249598288413],[-77.131910768242562,38.810978305854213],[-77.132037094844549,38.810649265845953],[-77.132126398802868,38.810396333037019],[-77.132268113836545,38.809959620795055],[-77.132376587733603,38.809633851713933],[-77.132479139544174,38.809325872951511],[-77.132381881848886,38.809305809484343],[-77.132014154672731,38.809273156951129],[-77.131864786428096,38.809259893912824],[-77.131512130093171,38.809228578667323],[-77.131507994069878,38.809228211488225],[-77.131394879985663,38.809218167263651],[-77.130589855841464,38.809146676781154],[-77.130433437828032,38.80926093791647],[-77.129960030540261,38.809606754628163],[-77.129888499589157,38.809659005785868],[-77.129733372058823,38.809772321562654],[-77.129733112396906,38.809771989684435],[-77.129732852735017,38.809771657806159],[-77.129712198606626,38.809745217046675],[-77.129711911365419,38.809745425414256],[-77.129651782713438,38.809788834372306],[-77.129279230756467,38.810057789932337],[-77.129150871653508,38.810150455361203],[-77.12901558845401,38.810248118377167],[-77.129014744296484,38.810248727463197],[-77.128622665015897,38.810127859086514],[-77.128620077874871,38.810127061239236],[-77.128620348338117,38.810126585997921],[-77.128508273275429,38.810108506595384],[-77.128510823472325,38.810103098291748],[-77.12859407225136,38.809970885357053],[-77.128694656955545,38.809849860235296],[-77.128791207069355,38.809756248733287],[-77.128922951229939,38.809657555374315],[-77.129147710109748,38.809487405392915],[-77.1294963045126,38.809223504892174],[-77.129664944234321,38.809030501735684],[-77.129726507628462,38.808930988647589],[-77.129766729358906,38.808846328846286],[-77.129781442089751,38.808807680680403],[-77.129803677765338,38.808749274315055],[-77.129837249261556,38.808645315117914],[-77.129840702716848,38.808602931661788],[-77.129846413253958,38.808532831706273],[-77.129842066564706,38.808392729641959],[-77.129837039212504,38.808104330954926],[-77.129834394720064,38.807875000940527],[-77.129823616484174,38.807722201471371],[-77.12982334463419,38.807718344044773],[-77.129682832281219,38.807724941181107],[-77.129658606156852,38.807725157338062],[-77.129549442358851,38.80772613007619],[-77.129444360181665,38.807715290326854],[-77.129329090853346,38.807686483701509],[-77.129203923880496,38.80762460646865],[-77.129155611069692,38.80758147760843],[-77.129124844814385,38.807538554660262],[-77.128997429519728,38.807226756078535],[-77.128481490108314,38.807595568378524],[-77.12828582840163,38.807733332207377],[-77.128125778917635,38.807844051274195],[-77.127997965419524,38.80792082011989],[-77.127831133369796,38.808019102077779],[-77.127653982949425,38.808106277853135],[-77.12749796632049,38.808189582374155],[-77.127349385703454,38.808251004090671],[-77.127200832203741,38.808311053795585],[-77.126904010848477,38.808416051607743],[-77.1265546066561,38.8085176861279],[-77.126331517535093,38.808562252389592],[-77.12610011959535,38.808608479578652],[-77.125625129658218,38.808670195373203],[-77.125375627935853,38.808686495811706],[-77.125164803966101,38.808699128940148],[-77.124929233673598,38.808721082962293],[-77.124753367085646,38.808740990288115],[-77.124556210409651,38.808773005152666],[-77.124252786155722,38.808855951096568],[-77.124093938803199,38.808903516995159],[-77.123857235360973,38.808984498294144],[-77.123687543898868,38.809048413882721],[-77.123439603596708,38.809166332922416],[-77.123116868636757,38.8093410424515],[-77.122975333600735,38.809449363624807],[-77.122892462395228,38.809512787072187],[-77.122739207946253,38.809634562101905],[-77.122626123679595,38.809756163460008],[-77.122585110523232,38.809800265357318],[-77.122412389243365,38.810022044553676],[-77.122292747949146,38.810221105061501],[-77.122241357728285,38.810338584295117],[-77.122193555339365,38.81045198560544],[-77.122137049368305,38.810653160408968],[-77.122015252673165,38.811147401593857],[-77.122011559295032,38.811156969523473],[-77.121894693452631,38.811577123185707],[-77.121736301379372,38.812149196760075],[-77.121691561080212,38.81229164611932],[-77.121690646104582,38.812294560746629],[-77.121677138117064,38.812292609174953],[-77.121296796733461,38.812250160999731],[-77.120245254516874,38.812114965418132],[-77.119686979928815,38.81204375314033],[-77.119110791623314,38.81197508245473],[-77.116906268269958,38.811698055391794],[-77.116499351472058,38.811647027420101],[-77.116223285188056,38.811612407936273],[-77.116048118485111,38.811588257798078],[-77.115813299875754,38.811561831497897],[-77.115640748774126,38.811543881301013],[-77.115342520894629,38.811512918268967],[-77.114728764361786,38.81152340841053],[-77.114075268481088,38.811573114514701],[-77.11401953952101,38.811577352854414],[-77.114014998170873,38.811577698327348],[-77.113947007097906,38.811582869313135],[-77.113943540938635,38.81157911465472],[-77.11394047181733,38.811575789934508],[-77.113936546511013,38.811576136375493],[-77.113781437891987,38.811589864140885],[-77.113253986249546,38.81163687804117],[-77.113164867097737,38.811644963881207],[-77.113191953965156,38.811790493562526],[-77.113191138424071,38.811790566810039],[-77.113181561808233,38.811791430241691],[-77.112406025487232,38.811863516384769],[-77.11152195181721,38.811944109925932],[-77.110935506586699,38.811994758762253],[-77.109819713203805,38.812091116705957],[-77.109791160398998,38.812092637945845],[-77.109622286143221,38.812101635618419],[-77.109627456785105,38.812222906988339],[-77.109625516828544,38.812323116392008],[-77.109630594988914,38.812423409861488],[-77.109628638511509,38.812462967172301],[-77.109624827058099,38.812540050454537],[-77.109620387858797,38.812588054471888],[-77.109606618445227,38.812755402953684],[-77.109590721790724,38.812851328712917],[-77.109571528641538,38.812936229230374],[-77.109545157771961,38.813029283859414],[-77.109508020308738,38.813134569201281],[-77.109463705047958,38.813248007739084],[-77.109412027054432,38.813379207695121],[-77.109364016325046,38.813502212815727],[-77.109312310233975,38.813634785437579],[-77.109293674725976,38.813690860343982],[-77.109256375923863,38.813804381061665],[-77.109248825998904,38.813831752491495],[-77.10922232146703,38.81393167068348],[-77.109191696287908,38.814063120081101],[-77.109160778551242,38.81420967040669],[-77.109120210461043,38.814492036065602],[-77.109103887403009,38.814609925411602],[-77.10907926981109,38.814793621722387],[-77.109050690924022,38.815000612838887],[-77.109038940318797,38.815063634541559],[-77.1090121691647,38.815177279962576],[-77.108963039829561,38.815357939546786],[-77.108922178393286,38.815474163985229],[-77.108884932392044,38.81558493999168],[-77.108829794460632,38.815713352540136],[-77.108778564452606,38.815821215714422],[-77.108673179787502,38.81600670121307],[-77.108633220597056,38.816076252695524],[-77.108546338971138,38.816212526951581],[-77.108474132418337,38.816316022092479],[-77.108376589384108,38.816459035910853],[-77.108282581854198,38.816600717636675],[-77.108224704278996,38.816689279081146],[-77.108123118853314,38.816859705646458],[-77.108050111690304,38.817004382388745],[-77.107983139489633,38.817199933356484],[-77.107953042803501,38.817303928640349],[-77.107933660248051,38.81739843880986],[-77.107911414720206,38.817534357728633],[-77.10790046658083,38.817743938863906],[-77.1078987738846,38.817880570104727],[-77.107918549268931,38.817996908114786],[-77.107944841195447,38.818089214055441],[-77.108011187690025,38.818314380485717],[-77.10805970809362,38.818420616569611],[-77.108152577914865,38.818599705012559],[-77.108217288115213,38.81869561629361],[-77.10824129420152,38.818731197474662],[-77.108259544955004,38.818757006275867],[-77.108118135354502,38.818758208368124],[-77.108100053772716,38.818759146192676],[-77.107833230150746,38.818772987940896],[-77.107676786599626,38.818781103392432],[-77.107527327817223,38.818788855556228],[-77.107470636775062,38.818791796482166],[-77.107456343746321,38.818986302815155],[-77.107444492892569,38.819147570616302],[-77.107436565489223,38.819255455154],[-77.10741644481881,38.81952925140115],[-77.107403068531255,38.819711269727215],[-77.107401130836863,38.819737669730678],[-77.107395070777514,38.819820221938755],[-77.107386661382236,38.819934662340955],[-77.107384401061807,38.81996522719961],[-77.107382109711523,38.819996204323914],[-77.107368525714691,38.820179838265489],[-77.107366582293352,38.820206116569871],[-77.107365886146013,38.820215527717096],[-77.107365797074806,38.820216735731925],[-77.107365279069725,38.820223730849492],[-77.107362578418261,38.820260253853412],[-77.107360613335658,38.820286817500637],[-77.107360510600259,38.820288195632379],[-77.107360408981364,38.820289575579324],[-77.107355407807276,38.820357190916546],[-77.10734444581486,38.820505382043713],[-77.107327950317,38.820728382552282],[-77.107327614602525,38.820732925650894],[-77.107327277736616,38.820737468735864],[-77.107324524168604,38.820774699251857],[-77.107323955982224,38.82078238119589],[-77.107323387778166,38.820790064040693],[-77.106017531811489,38.819928599483539],[-77.105895423090374,38.819848686116217],[-77.105894736294076,38.819849300511578],[-77.105876373671208,38.819865707540593],[-77.105769784036312,38.819960945248312],[-77.105700730566539,38.820022644228473],[-77.105626500300218,38.820088968383828],[-77.105502452141195,38.820199796512718],[-77.105398960397054,38.82029225884483],[-77.105282643140598,38.820396182764625],[-77.105104814120352,38.820555062963521],[-77.105104379305374,38.820555451508952],[-77.104849984355184,38.820783627499914],[-77.104664883499723,38.82094964888708],[-77.104503942769483,38.82109397868669],[-77.104486936835244,38.82110922589839],[-77.104454056950829,38.821138717507793],[-77.104260112225461,38.821312650620953],[-77.104047782927793,38.821503079997967],[-77.103947078185882,38.82159339663],[-77.103808167605081,38.821719354176231],[-77.103593326516162,38.821724162064989],[-77.103593463507593,38.821727896322997],[-77.103593463958376,38.821727932366265],[-77.10314735301003,38.821744941886045],[-77.103076214739531,38.821718885603353],[-77.103068697134134,38.821716132005129],[-77.103066945235383,38.821715490396059],[-77.103011769626946,38.8216952811567],[-77.103010965717957,38.821694986886385],[-77.102878647236224,38.821919417079215],[-77.102830731620728,38.822000672482474],[-77.102742154376955,38.822150881569804],[-77.102739181275211,38.822156534754072],[-77.102612675932463,38.822397066232966],[-77.102600880405461,38.822419490009821],[-77.10259917615052,38.822422732047457],[-77.102597470761495,38.822425973170638],[-77.102466367547052,38.822634810241041]]]},"properties":{"OBJECTID":161,"STDYAREA":"BNDRY","ELEM_":null,"MID_":50,"INT_":null,"HIGH_":null,"DISTRICT":null,"MOBILITY":null,"REGION1":null,"REGION2":null,"ELEM_DESC":null,"MID_DESC":"Patrick Henry","INT_DESC":null,"HIGH_DESC":null,"TRUSTEE":null,"ADD_SCHL1":null,"ADD_SCHL2":null,"ADD_SCHL3":null,"ADD_SCHL4":null,"ADD_SCHL5":null,"created_user":null,"created_date":null,"last_edited_user":null,"last_edited_date":null,"Creator":null,"Created":null,"Editor":null,"Edited":null,"Shape.STArea()":14011914.414580911,"Shape.STLength()":32155.012306973564}},{"type":"Feature","id":162,"geometry":{"type":"Polygon","coordinates":[[[-77.048539425206073,38.841278046394386],[-77.048609611764519,38.841281671217615],[-77.048683300416585,38.841285296956833],[-77.04873586259545,38.841290109266275],[-77.048753362278163,38.84129167166018],[-77.048823488828134,38.841296670466363],[-77.04889705150724,38.8413044208747],[-77.048967176592555,38.84131217198555],[-77.04897747032112,38.841313513723783],[-77.048973598743444,38.841306259145533],[-77.048973345654318,38.841305785719726],[-77.048960558876004,38.841281821784555],[-77.048950088899517,38.841263210215971],[-77.04883461167438,38.8410579826636],[-77.048817644036802,38.841028848710003],[-77.048719238807493,38.840859877396902],[-77.048592800138707,38.840646346902489],[-77.04846622881044,38.84043286236161],[-77.048339513343194,38.840219421829907],[-77.048187857332294,38.839965345108332],[-77.04803689942753,38.839711036243756],[-77.047886611686906,38.839456452548376],[-77.047770752687242,38.839263101730545],[-77.047656910116245,38.839069074791595],[-77.04754506399577,38.838874333650125],[-77.047435221900898,38.838678901830519],[-77.047327457332059,38.838482903678731],[-77.047327412832416,38.838482825646011],[-77.047327378497428,38.838482757649537],[-77.047271037505851,38.838373318878645],[-77.047216829607834,38.838263108234365],[-77.047164823683417,38.838152250903889],[-77.047115032741857,38.838040786693142],[-77.047072211074891,38.837938326365077],[-77.047031749237789,38.837835271771262],[-77.046993663657801,38.837731664561467],[-77.046957965112895,38.837627540909622],[-77.04692466282502,38.837522900031125],[-77.046896975781152,38.83743206189218],[-77.046871115152669,38.837340913904931],[-77.046847087860996,38.837249455255211],[-77.04682489669807,38.837157718413287],[-77.046804543614115,38.837065720522403],[-77.04678603971756,38.836973481542138],[-77.04676938107265,38.836881024849475],[-77.046753154760594,38.836780357710083],[-77.046738935327681,38.836679511799453],[-77.046726721322003,38.836578501515852],[-77.046716521401436,38.836477353995697],[-77.046708336143951,38.836376097176434],[-77.046702168303156,38.836274765328874],[-77.046698369926901,38.836169225633519],[-77.046696581437914,38.836063640548609],[-77.046696809044406,38.835958044387503],[-77.04669904418374,38.835852461370052],[-77.046703290870084,38.835746920376444],[-77.046709547614768,38.835641437605197],[-77.04671781848684,38.835536039234341],[-77.046728090991749,38.835430716099197],[-77.046759822008227,38.835127256018055],[-77.046793852322168,38.834823948711488],[-77.046817872483146,38.834623530707916],[-77.046830186729935,38.834520783425766],[-77.046871555739742,38.834175218482592],[-77.046912096238017,38.833829591889007],[-77.04695181132675,38.833483921703277],[-77.046972532755703,38.833309230965419],[-77.04699122007537,38.833134359169229],[-77.047007867509336,38.832959364805959],[-77.047022480994443,38.832784239841217],[-77.047023502582945,38.832768308300189],[-77.047028591702059,38.832688840462723],[-77.047283164729905,38.83270020951376],[-77.047812970748069,38.832723869206099],[-77.04781016896078,38.832669958375995],[-77.048549579325424,38.832610044504058],[-77.049843967556981,38.832503086193149],[-77.050911721210809,38.832415178071415],[-77.051167971737442,38.83239407913014],[-77.051169974203859,38.832393938976445],[-77.051169045151553,38.832386892860107],[-77.051168959863176,38.832386267446246],[-77.0511151579135,38.831911215911958],[-77.051105338266666,38.831824513913155],[-77.051096709243581,38.831748335337323],[-77.051087548261066,38.831627169165451],[-77.051213204859167,38.831614734949589],[-77.051188987176843,38.831422932813418],[-77.05115056329609,38.831118594599822],[-77.051095882778895,38.830700604796512],[-77.050991399569057,38.830235149489688],[-77.050787677269142,38.828733309696958],[-77.050819682392742,38.828585792504668],[-77.050772853002115,38.828223153857948],[-77.050748209056394,38.828032327324266],[-77.050684596790902,38.82753785722376],[-77.050647412672717,38.827247913967398],[-77.050507576209441,38.826354044012504],[-77.05047585631074,38.826151277853555],[-77.050464671664358,38.826079780441759],[-77.050415678648818,38.825531177313209],[-77.050310050890474,38.824738607448928],[-77.050270969965553,38.824053693897774],[-77.050259965704498,38.823860848028446],[-77.050201475400968,38.822835740417077],[-77.050160664582478,38.822539224397538],[-77.050127828131536,38.822361772712199],[-77.049986226509759,38.82182560737774],[-77.049969772246726,38.821742676448991],[-77.049966720657238,38.821669365772415],[-77.0499747205955,38.821597372815162],[-77.049987663392841,38.821521795667159],[-77.049988361984433,38.821517713057403],[-77.049988992554873,38.821514033235509],[-77.050002620333203,38.821462594860854],[-77.050032197303395,38.821394413786564],[-77.050068711736174,38.821331834982729],[-77.050101358617212,38.821286146357281],[-77.050138898501231,38.821247611409291],[-77.050149320646952,38.821240340630084],[-77.050183846138196,38.821216256700602],[-77.050229098102605,38.821194754989008],[-77.050272581429368,38.821182989666582],[-77.05030150622548,38.821175163637086],[-77.05031584870315,38.821174281306476],[-77.050559373272591,38.821159299366201],[-77.050686512505578,38.821151477297605],[-77.050688042383982,38.821149458230565],[-77.050921822165336,38.821131575729311],[-77.051704890365599,38.821065346896354],[-77.052810739077259,38.820997172229781],[-77.052747228219616,38.82048207459016],[-77.0551280738256,38.820284216856138],[-77.055147009767921,38.820402695053751],[-77.055163495881416,38.820505846653731],[-77.055260499850164,38.820496190836408],[-77.055320418178738,38.82049022725144],[-77.055365860919949,38.820485704437935],[-77.05547706459177,38.820474635777245],[-77.0555007008535,38.820451310000664],[-77.055491634180058,38.820392430852316],[-77.055527421062038,38.820388202647329],[-77.055518932751269,38.820331086582662],[-77.05551152764788,38.820281268077593],[-77.05557310960387,38.820275550084425],[-77.055614092321122,38.820271744393438],[-77.055625820951548,38.820270655357255],[-77.055636199616814,38.820269691152937],[-77.055687994817873,38.820264881523087],[-77.055797101635534,38.82025474987519],[-77.055877684761271,38.820247265463657],[-77.055984973085515,38.820237303164646],[-77.0560163063369,38.820234393060389],[-77.056015625574503,38.820229760077851],[-77.056012156015939,38.820206142076337],[-77.056010430971185,38.8201943931088],[-77.056040862402867,38.820191714257341],[-77.056184559317401,38.820179067185833],[-77.05619335708046,38.820236111325457],[-77.056235855759979,38.820231883503865],[-77.056278624223637,38.82022775538853],[-77.056367066795602,38.820219556482421],[-77.056541617686264,38.820203375716893],[-77.056706249123877,38.820188114187076],[-77.056715640042029,38.820187244050906],[-77.05678106267257,38.820596984299748],[-77.056781764386329,38.820601379682259],[-77.056791332102989,38.820661398279093],[-77.057302032559562,38.820614272509296],[-77.05753969400898,38.82059234055852],[-77.057628747647556,38.820584122082586],[-77.057629615338541,38.820584040850932],[-77.057631080716078,38.820583903899312],[-77.057451998838999,38.819611670807568],[-77.057281218402366,38.818677264051374],[-77.05714186609832,38.817925860718269],[-77.057014759803778,38.817263856363098],[-77.056897936493314,38.816614334826241],[-77.056769063498066,38.815865805593923],[-77.056682133151895,38.815397405671533],[-77.05665821468213,38.815268533236285],[-77.05655576526334,38.814718117345727],[-77.056502985259129,38.81443454959183],[-77.05643388027238,38.814064049428985],[-77.056368567298279,38.813747268547814],[-77.056367734561562,38.813746989816536],[-77.056224739846471,38.813699170682021],[-77.055931424484001,38.81360108210874],[-77.055542770468136,38.813442900105329],[-77.055317094200248,38.813341474840165],[-77.055072581693238,38.813214849832924],[-77.054745153368856,38.813041820847623],[-77.054734462034631,38.813036170786887],[-77.054661939043086,38.81300271681571],[-77.054608245417199,38.812977947545903],[-77.054381130669526,38.812882904016533],[-77.054344639173891,38.812945888998236],[-77.053695794581756,38.814065803669038],[-77.053618132360114,38.814199846645685],[-77.053521377445492,38.814366844554037],[-77.053148558103004,38.815010313453854],[-77.053143570171201,38.815018050630712],[-77.052854209706666,38.815466856230678],[-77.052776022892516,38.815576888876187],[-77.052564431740095,38.815874658815744],[-77.052334933600392,38.81619762613829],[-77.052135633240411,38.816478094512924],[-77.051925378146379,38.816765938630958],[-77.051882004045808,38.816825318761595],[-77.051881437945227,38.816826093805467],[-77.051835560189517,38.816805633549926],[-77.051784525823379,38.816782874355539],[-77.051713234829066,38.816751080776193],[-77.051600822846183,38.816736264424442],[-77.051478526402121,38.816720887172153],[-77.051331294020599,38.816702374718254],[-77.051230454220359,38.816676053312555],[-77.051353755923017,38.816133657083974],[-77.04920081577221,38.815847548825353],[-77.049408218411003,38.814726459489108],[-77.049409579672883,38.814719100177527],[-77.049409649411189,38.814718726241288],[-77.04940926461893,38.814718677337083],[-77.049391183000253,38.81471637077312],[-77.049275158324505,38.814701571443777],[-77.048351438739374,38.814583747009067],[-77.045518771847625,38.814222381320327],[-77.045199108069411,38.81418249063789],[-77.045032919582155,38.814161751231666],[-77.045022871006267,38.814160497720884],[-77.045751765469248,38.810751973220228],[-77.045754010908666,38.810752258727099],[-77.045758927927466,38.810752882773585],[-77.049066182836697,38.811172575763024],[-77.050145183947691,38.811309480163089],[-77.051233999314334,38.811447617468289],[-77.051312929276435,38.811457631405894],[-77.051345781254753,38.811461799446498],[-77.053401241921733,38.811722548756926],[-77.05345674333995,38.811690140885197],[-77.053456819078093,38.811690096771102],[-77.053577729669968,38.811708811963271],[-77.053693201154005,38.811724405734033],[-77.053745831667101,38.811731512578731],[-77.053775010392016,38.811735285985293],[-77.053812727962068,38.811751229361647],[-77.053914024139388,38.811794048109086],[-77.053954044798104,38.811810965831],[-77.053959954551416,38.81181216306404],[-77.053959276604431,38.811813177295299],[-77.054076274143455,38.811862573603904],[-77.054103739392616,38.811874243426594],[-77.054124093807019,38.811845421265957],[-77.054145536367727,38.811815056557613],[-77.054155027249237,38.811801617708674],[-77.054174890934519,38.811773488634962],[-77.054186386227286,38.811757323860519],[-77.054188061799863,38.811754745245921],[-77.054188178248751,38.811754566489412],[-77.054203363512372,38.811760973828925],[-77.054513708872932,38.81189193551166],[-77.054538104224349,38.811902231289515],[-77.054524975205211,38.811921816726354],[-77.054522123627152,38.811926069251477],[-77.054490827206735,38.811972754197136],[-77.054672975784129,38.812050939916574],[-77.05473367988742,38.812076996504487],[-77.054746036279226,38.812082299488274],[-77.054779118673963,38.812096499759015],[-77.054779929286866,38.812095415981723],[-77.054846938742557,38.812005784350312],[-77.05485596677768,38.811993710101824],[-77.054937229880608,38.81188501403787],[-77.055134699274419,38.811653735857988],[-77.05516085961672,38.811787343870968],[-77.055183467334885,38.81190281779908],[-77.055183557710009,38.811903419850651],[-77.055198966303578,38.812008350407623],[-77.055199481232009,38.812007654001867],[-77.055290814986307,38.811884082573783],[-77.055462562714979,38.811651711400522],[-77.055480762765626,38.811627087976049],[-77.055507275060791,38.811591217526846],[-77.055532540883107,38.811556402063047],[-77.055538893768215,38.811547647290169],[-77.055545246651775,38.811538892516957],[-77.055621730893463,38.811433497722845],[-77.055745746277864,38.811262602757822],[-77.055788434713335,38.811203779465451],[-77.055809281555767,38.811175049572128],[-77.055883714691248,38.811072491702184],[-77.055964577366865,38.810971267954379],[-77.05598786329395,38.810942122075893],[-77.056011774159927,38.810912190140812],[-77.056023403559649,38.810897632346872],[-77.056198572641492,38.810678361590092],[-77.056211654474936,38.810662750412874],[-77.056231966227458,38.81063851144026],[-77.056417732783586,38.81041682286147],[-77.056642691609895,38.810158313810135],[-77.05683566114655,38.809944678556441],[-77.056850219913017,38.809928560217919],[-77.056873381783632,38.809902917364461],[-77.056963371219354,38.809806890202694],[-77.056990186547594,38.809778275856871],[-77.057095627268396,38.809665760109816],[-77.057109732680814,38.80965070830343],[-77.057179874124543,38.809580138493324],[-77.057446026571498,38.809312356415873],[-77.057556471519064,38.809206314806964],[-77.057591904480802,38.809172294218143],[-77.057660768425777,38.809106174465242],[-77.057680744255947,38.809087664809304],[-77.057696527845479,38.8090730371934],[-77.057711899523412,38.80905879462621],[-77.057719933276388,38.809051349670369],[-77.057880073916991,38.808902955614087],[-77.058029778535399,38.80876904480683],[-77.058104399764233,38.808703121692957],[-77.058185691041942,38.808631308055816],[-77.058318726635491,38.8085171410344],[-77.058332112906939,38.808505652543104],[-77.05830652235872,38.808486608967549],[-77.058491139232117,38.808330841406594],[-77.058523161715613,38.808303824125048],[-77.05867291408245,38.808181756184453],[-77.058773409049621,38.808103257814416],[-77.059008306150133,38.807978436953746],[-77.059504494569993,38.807647074015748],[-77.059733852309947,38.80749390264706],[-77.059990901718876,38.807322238019474],[-77.060703577992044,38.806846291737067],[-77.054632550044431,38.806061495683743],[-77.05364200420486,38.805933417183731],[-77.053464204645792,38.80591042636734],[-77.05137270681027,38.805639961706483],[-77.051369485429092,38.805639545327345],[-77.050284782864878,38.805499260493356],[-77.047034715504395,38.805078864019208],[-77.046812251307927,38.806116608397637],[-77.046722313584723,38.80619625636178],[-77.04669132620954,38.80634004410603],[-77.046481713345543,38.80733291960069],[-77.046440474373725,38.807529236831797],[-77.046411805590566,38.807665708575911],[-77.046241053375866,38.808472327528882],[-77.045996846784021,38.809613063867822],[-77.04575282813262,38.810744191293416],[-77.043522884522474,38.810457019921103],[-77.04240960421204,38.810316872374024],[-77.042287107946976,38.81030135674245],[-77.04132785391559,38.81017985234741],[-77.040303434787617,38.810047452979632],[-77.039423521080025,38.809933723181871],[-77.037641308542746,38.80969324489773],[-77.037628176192015,38.809805195849634],[-77.03761677054824,38.809936456985902],[-77.037616122317701,38.809943918770273],[-77.037463119263734,38.811704823527307],[-77.037431618459721,38.811876073681951],[-77.037391994423956,38.812096636620375],[-77.037434057677714,38.812098573686782],[-77.0376407449629,38.812120386432866],[-77.037632996005854,38.812153199220177],[-77.03765399514856,38.812157573837197],[-77.037644246413691,38.812290636758817],[-77.037643247851477,38.81234007440883],[-77.037638496747334,38.812401823756041],[-77.037632871372693,38.812504700041934],[-77.03762156069233,38.812714637719587],[-77.03758655852765,38.812711449911184],[-77.037570747734136,38.812973512383955],[-77.037562872354002,38.813013262779599],[-77.037562622437903,38.813026949751155],[-77.037567623773242,38.813123139111987],[-77.037584811050365,38.813315575843859],[-77.037585623511774,38.813446013428859],[-77.037576061921513,38.813570888916601],[-77.037581875526229,38.81380301349278],[-77.0374810009681,38.814103764148705],[-77.03742881422103,38.814255576736564],[-77.037296063827156,38.814566953109036],[-77.037276437842962,38.814666952816452],[-77.03732156345319,38.814695015367668],[-77.037409439121305,38.814856765437291],[-77.037445314977205,38.814993078250986],[-77.037622315611358,38.815092827754647],[-77.037733127767211,38.815167015368473],[-77.037847443848293,38.815243890854575],[-77.038037070007363,38.815408328264517],[-77.038087194692835,38.815535203348709],[-77.038152507595413,38.815602015982421],[-77.038313696287005,38.815959579604083],[-77.038389134013883,38.816047079013146],[-77.038420885893402,38.816212204117015],[-77.038431321643216,38.816216454197729],[-77.038433260983425,38.816294767201107],[-77.038432134972496,38.816349642308701],[-77.038441635205174,38.816401955012928],[-77.038454635914093,38.816451516543637],[-77.038470949239212,38.816512141668433],[-77.038500512413393,38.816611391970937],[-77.038497637277302,38.816754141951549],[-77.038515366241413,38.816889567900027],[-77.038518887744956,38.816916454935651],[-77.038517637992015,38.81697820551414],[-77.038506136957025,38.817024767973756],[-77.03848107566094,38.817049142989163],[-77.038487387043986,38.817083580575421],[-77.038511324708494,38.817114079785327],[-77.038527887411718,38.817163705485903],[-77.038544137750534,38.817228455294135],[-77.038573951645247,38.817316706169265],[-77.038606951081618,38.817418705700206],[-77.038633326372619,38.817502768415288],[-77.038698077292963,38.817598330491087],[-77.03873089071115,38.817708581343624],[-77.038770390848128,38.817840894344947],[-77.038809953512185,38.817963519195473],[-77.038819765654651,38.817999394131718],[-77.03881801649203,38.818084456188259],[-77.038822579299861,38.818206769500392],[-77.038807704270511,38.818247769786289],[-77.038786329003798,38.818262582041925],[-77.038778642801375,38.818296831769523],[-77.038787641226392,38.818373831641523],[-77.038795642151157,38.818498894241948],[-77.038809392634178,38.818512769057897],[-77.038830267134045,38.818521270074136],[-77.03886870491722,38.818530020426635],[-77.038899893320277,38.818548269398377],[-77.03892376762181,38.818581519244063],[-77.038933519465019,38.818620081873476],[-77.038932892948154,38.818648894836144],[-77.038943081047975,38.818669581571527],[-77.038946205583926,38.818687519821474],[-77.038945643898074,38.818714957827247],[-77.0389345179359,38.818743707623987],[-77.038916768602732,38.818755770279282],[-77.038902519091636,38.818762457246592],[-77.038895143128613,38.818780270149226],[-77.038894893446326,38.81879395710537],[-77.038912206123882,38.818806583388941],[-77.038936268731092,38.818828770901909],[-77.038974643855113,38.818840270162127],[-77.039110705896633,38.818884582300768],[-77.039092207033946,38.818929582801637],[-77.039022456558399,38.818909520333342],[-77.039015082572732,38.818924519573976],[-77.038993706779522,38.818940708525091],[-77.038929957583193,38.818967457948403],[-77.038898143311769,38.818979395018133],[-77.038848206102514,38.819018582935641],[-77.038833581098729,38.819044457437229],[-77.038826081931873,38.819071832475274],[-77.038821769310985,38.819108833392541],[-77.038814143480295,38.819140395408297],[-77.038795957765174,38.819170333033711],[-77.038798768702407,38.819204645003722],[-77.038804645094814,38.819258270252746],[-77.038821332283973,38.819305208067668],[-77.038830957613342,38.819347896413774],[-77.038858331586923,38.819382583626457],[-77.038882331512838,38.819411709546593],[-77.038885457367144,38.819429583843217],[-77.038888206631498,38.819466646567435],[-77.038901769875764,38.819488771814378],[-77.038925833454527,38.819516583117547],[-77.038970708619303,38.819552834253102],[-77.039022521048452,38.819594709036537],[-77.039116084014736,38.819656209326865],[-77.039168084670948,38.819687083883487],[-77.039216272635869,38.819735771548551],[-77.039264460298028,38.819781646396912],[-77.039295335460267,38.81981645907242],[-77.039319397874024,38.819841396218195],[-77.039340210805321,38.819854021856962],[-77.039375023514594,38.819865396444811],[-77.039403085633964,38.819869896470905],[-77.039431085058666,38.819871646886313],[-77.039462711100199,38.819873396487282],[-77.039522085874921,38.819885146130346],[-77.039553461212549,38.819895146264585],[-77.039605836917502,38.819909521536601],[-77.039654837240022,38.819918396771861],[-77.039693461238656,38.819917521519152],[-77.039714586360432,38.819910834431965],[-77.039728962049892,38.819897270120471],[-77.039814900719051,38.819989020124915],[-77.039869588555561,38.820061082667962],[-77.039893900598202,38.820072396706607],[-77.039899402410299,38.820146584289617],[-77.039963712828168,38.820262708949187],[-77.039921088843712,38.820461271390378],[-77.039934901551518,38.820472398011994],[-77.039955278727192,38.820508396172997],[-77.03997508922906,38.820570397936841],[-77.039974278545074,38.82061027145879],[-77.039958840520143,38.820677271013004],[-77.039943403338327,38.820744397610085],[-77.039906652559011,38.820826334726341],[-77.039891715621692,38.820871459839864],[-77.039869778020886,38.820915147302678],[-77.039815840354365,38.820979022546162],[-77.039754840690705,38.821042772943294],[-77.039719403580094,38.821060147484403],[-77.039637464725232,38.821116772837634],[-77.039568715344586,38.821218961562522],[-77.039496839469123,38.821300398310122],[-77.03949277799309,38.821327835984825],[-77.039464027015441,38.821360461296649],[-77.039452715256203,38.821400148245758],[-77.03944096611869,38.821458960689725],[-77.039439841198558,38.821511211255633],[-77.039446403447457,38.821535961163342],[-77.039460153486317,38.821549835878855],[-77.039484278302822,38.821570773496482],[-77.03950490293164,38.821593023485462],[-77.039508091042791,38.821606773042099],[-77.039490152943998,38.821629898998751],[-77.039486215803478,38.821647711484204],[-77.039492964630838,38.821662836074772],[-77.039524090925127,38.821686648390987],[-77.039541402577868,38.821697835720713],[-77.039551778640259,38.821704836467937],[-77.039583216590685,38.821712023667956],[-77.039611091758971,38.821726148941835],[-77.03963171742889,38.821744274334733],[-77.039648967113237,38.821759586362681],[-77.039662654402846,38.821776210895955],[-77.039673029515257,38.821787337106009],[-77.039679716518961,38.821801086954686],[-77.039697030096036,38.821813711312146],[-77.039717841380778,38.821826335948735],[-77.0397424042892,38.821826587565397],[-77.039763341797737,38.821831023157372],[-77.039787779461918,38.821839586343295],[-77.039801655592512,38.821846586475672],[-77.039815530462036,38.8218536487568],[-77.039843592140429,38.821853961909277],[-77.039864656128714,38.82185427357124],[-77.039882155192061,38.821857211309066],[-77.039892530996596,38.821865586883533],[-77.03991690570173,38.821878210776298],[-77.039941217729648,38.821886837235432],[-77.03995884413942,38.821887024120322],[-77.039983281668185,38.821891460876778],[-77.040004281592601,38.821895773770748],[-77.040032281821809,38.821897524041823],[-77.04004278215011,38.821900399003148],[-77.040067219359571,38.82190621150049],[-77.040102031407216,38.82192033556813],[-77.040130032162438,38.821924836446165],[-77.04014759397279,38.821925085565937],[-77.040122134734091,38.821960934168601],[-77.040078969154166,38.822021711806052],[-77.039938094385946,38.822216275001196],[-77.040097158268694,38.822336275022536],[-77.039672281822348,38.822685274507428],[-77.040000721406287,38.822933775001623],[-77.040081471145413,38.823102275769109],[-77.039269094158882,38.823521964105076],[-77.039380219911095,38.823583777285606],[-77.040971601332359,38.82335365011712],[-77.040960726612411,38.823371399806483],[-77.040946538553115,38.823378087787852],[-77.040928914181819,38.823383337457464],[-77.040904164215604,38.823388524650952],[-77.040886476178272,38.823395150185362],[-77.040868851466399,38.823401776504554],[-77.040851163827639,38.823405774847195],[-77.040840412842755,38.823416526527183],[-77.040808287283312,38.823443588225764],[-77.040786975733866,38.823455776244785],[-77.040779475754817,38.823477651021683],[-77.040779226712431,38.823489963109722],[-77.040761412592289,38.823504774957335],[-77.040750789445454,38.823508837710229],[-77.040682975089865,38.823561525659628],[-77.040651100033529,38.823574838219351],[-77.040633288460512,38.823592525935119],[-77.040615351765837,38.82360877596625],[-77.040604662155573,38.823616901196829],[-77.040590536941892,38.823620776227813],[-77.040562413224137,38.823621838252848],[-77.040530662264558,38.823631025939328],[-77.040516412353497,38.82364052588877],[-77.040474224861285,38.823644025749616],[-77.040439100000597,38.823644963726437],[-77.040421288248538,38.823658463758882],[-77.040389600270714,38.82366358797259],[-77.040378786776813,38.823674463165524],[-77.040346972927196,38.823686402445063],[-77.040325912605809,38.82368752704803],[-77.04029072410475,38.823689838148979],[-77.040280036116869,38.823700713993254],[-77.040272850023712,38.823708838629237],[-77.040251599538507,38.823715464801566],[-77.040212973344723,38.823717651128135],[-77.040191849338058,38.82372015157771],[-77.040181162162625,38.823726964105752],[-77.040160036822044,38.823730776326911],[-77.040142410950054,38.823731900377581],[-77.040124786105238,38.823738525683758],[-77.040110599226466,38.823743901786202],[-77.040093037008077,38.823743650859548],[-77.040071785582356,38.823754400669614],[-77.040057660605513,38.823756901680035],[-77.040022536100224,38.823760651425147],[-77.039994534948093,38.823754775666366],[-77.039963098459083,38.8237475273447],[-77.039935036040191,38.823747214220937],[-77.039924410750672,38.823751151640082],[-77.039885909915256,38.823747964307564],[-77.039854285611369,38.823746214865153],[-77.039836785589301,38.823745963773128],[-77.039808722001837,38.823745651505575],[-77.039797909671464,38.823756464494458],[-77.039766222739033,38.823761589454783],[-77.039751972813363,38.823771027146442],[-77.039737848040701,38.823777651802999],[-77.039716470578469,38.82378983880993],[-77.039698847261775,38.823795027044746],[-77.039684596505566,38.823803088956069],[-77.03967384557653,38.823816714585817],[-77.039666410562333,38.823834526785134],[-77.039676597418705,38.823855151238412],[-77.039679533548252,38.823882713826805],[-77.039668658523013,38.823900402130256],[-77.039668222223426,38.8239195906961],[-77.039664409936478,38.823934714474156],[-77.039660722369533,38.823944215127348],[-77.039642910603277,38.823956402348443],[-77.039621595812164,38.823967090024404],[-77.039603970730724,38.823973778317416],[-77.039596598009965,38.823991527319322],[-77.039578908872073,38.823996777784473],[-77.039557722885917,38.824003339766371],[-77.039536346459059,38.824015527654879],[-77.039522158779917,38.824024902125821],[-77.039507910242747,38.824032964944685],[-77.039490346029837,38.824035526692739],[-77.039469346111986,38.824033902173319],[-77.039444722117992,38.82403627694039],[-77.039430471248679,38.824044340621882],[-77.039412846490393,38.824049652227657],[-77.039381221530192,38.824050590207143],[-77.039352971593516,38.82405852738114],[-77.03933534576899,38.824063777697013],[-77.039314158395086,38.824066215936185],[-77.039275596891017,38.824065777372155],[-77.039250971252343,38.824069590907257],[-77.0392331586919,38.824080340129136],[-77.039215408172865,38.82409115318773],[-77.039197783116236,38.824093590703725],[-77.039166158731533,38.824096027825775],[-77.039145095621947,38.824098527945701],[-77.039120407095908,38.824100902742678],[-77.039099220083656,38.824106152835782],[-77.039081596089133,38.824112840163735],[-77.039067220404732,38.824127715287652],[-77.039059969992536,38.824138652739983],[-77.039052720643724,38.824150839832967],[-77.039038406868869,38.824161652406282],[-77.039027594718647,38.824175278116599],[-77.039027407769154,38.824186278280798],[-77.039019970035696,38.824205403101182],[-77.039012657683813,38.824220403097215],[-77.039008907044533,38.824232715734311],[-77.038991157266466,38.824240715078773],[-77.038980594737026,38.824246090222026],[-77.038962782405889,38.824255465446321],[-77.038959094948481,38.824263653384634],[-77.038944782793806,38.82427721478787],[-77.038930657565899,38.824283966377955],[-77.038916406757878,38.824291965129717],[-77.038902032508702,38.824309653040501],[-77.038898220467729,38.824323340671484],[-77.0388944077405,38.824339778916695],[-77.038894095377643,38.824354903903753],[-77.038893782679381,38.824367215196709],[-77.038879595068366,38.824379465447905],[-77.038875782798996,38.824394465770084],[-77.038868345891515,38.824409528174193],[-77.038864532132976,38.824425903338387],[-77.038853719909966,38.824439529031864],[-77.038835969042225,38.824451653823544],[-77.038825095227352,38.824467966303295],[-77.038814282787399,38.824482903784379],[-77.038813969590279,38.824496653899651],[-77.038817220097769,38.824509091547839],[-77.038827532758347,38.824522903699453],[-77.038837907209029,38.824528528719],[-77.038848283832706,38.824534216831701],[-77.038858720280928,38.824541153514268],[-77.038865533000248,38.824549465885056],[-77.038865346358648,38.824559091191304],[-77.038861595342595,38.824572778679439],[-77.038847408688426,38.824576715805286],[-77.038829782902638,38.824580654253168],[-77.038815531558214,38.824590090914242],[-77.03880140882265,38.824596716386232],[-77.03878709675719,38.824608966878536],[-77.038783281836402,38.824625341124225],[-77.038783032316218,38.824637716270082],[-77.038789783188662,38.824648841564716],[-77.038778906826749,38.824666465802117],[-77.038778720989313,38.824677465979008],[-77.038778408265188,38.824693965821297],[-77.038785033185462,38.824711903487859],[-77.038774158503614,38.824726841090886],[-77.038770471480859,38.824737778750062],[-77.038766533079453,38.824759654504525],[-77.038762658791867,38.824773342256179],[-77.038759033500241,38.824781529159949],[-77.038751845862123,38.824789715851011],[-77.038744594968946,38.824797841389817],[-77.03874447152721,38.824807529648524],[-77.038744157295483,38.824821216682835],[-77.038747471153954,38.824833654219901],[-77.038750596376758,38.824850154527205],[-77.038746783606157,38.824866591864819],[-77.038739346879026,38.824885716678729],[-77.038735658672991,38.824896655222773],[-77.03873522066695,38.824917216821547],[-77.038738158913176,38.824944716389865],[-77.038741283784276,38.824962592454327],[-77.038741033601781,38.82497771641161],[-77.038726596620407,38.824996780181834],[-77.038712157815098,38.825014405098827],[-77.038694220339309,38.825034842480385],[-77.038676158029418,38.825057904595127],[-77.038661720808747,38.825078280148247],[-77.038657783974088,38.825097529627044],[-77.038661095303098,38.825111279829002],[-77.038660721028222,38.82512503008256],[-77.038650033525201,38.825137217580277],[-77.038640283722458,38.82527028016824],[-77.038639784171266,38.825292279827458],[-77.038632472442558,38.825308654666834],[-77.038621533142873,38.825327780000549],[-77.038614095639161,38.82534965541813],[-77.038617096388279,38.825371592354671],[-77.038623722618638,38.825393654625621],[-77.038630408135774,38.825408842429951],[-77.038630096507546,38.825425343184058],[-77.038629533985059,38.825451342308227],[-77.038622160383269,38.825470530065346],[-77.038628722443875,38.825491218477474],[-77.038638910156394,38.825507779707429],[-77.038638597734646,38.825522904689691],[-77.038644097178036,38.825598467078983],[-77.038654284759346,38.82561509227326],[-77.038653910394189,38.825634279800468],[-77.038653472210257,38.825654905361468],[-77.038649596820875,38.825672718576385],[-77.038645596289683,38.825698718131157],[-77.038631033864732,38.825726031291779],[-77.038612784230182,38.825760155717134],[-77.038608722954905,38.825784781455233],[-77.038608347311865,38.825804031131838],[-77.038604409159689,38.825824531118364],[-77.038604097541963,38.825841030970068],[-77.038603786376299,38.825856093800759],[-77.038613909619855,38.825876843678543],[-77.038606535289219,38.825894593496749],[-77.038548222123595,38.825999593699656],[-77.03854428647297,38.826018781020224],[-77.038547472747155,38.826035281187622],[-77.038557535765065,38.826057406080736],[-77.038564098672595,38.826079469364203],[-77.038563721656786,38.826100030815923],[-77.038559723109188,38.826121968876109],[-77.038555910359193,38.826138343137323],[-77.038548472959548,38.826158906755673],[-77.038548035232054,38.8261780934914],[-77.038554723581271,38.82619603105271],[-77.038543723306006,38.826219219834968],[-77.038525910917741,38.826231343814648],[-77.03851509871744,38.826243593714182],[-77.038504223275012,38.826259969208387],[-77.038500411315738,38.826277718337749],[-77.038480223017402,38.826405156842611],[-77.038479723068193,38.826428531351425],[-77.038472348288096,38.826447656915761],[-77.038450848310603,38.826472094285506],[-77.038443223825482,38.826499469504128],[-77.038442786043575,38.826522844786687],[-77.038442285727129,38.826543407403513],[-77.038438222657732,38.826574906510956],[-77.038427098710756,38.826603657150478],[-77.038419599520111,38.826622782062586],[-77.038415786350839,38.826640532074059],[-77.038415472707314,38.826655657938062],[-77.038417474062229,38.82673121999732],[-77.03841691132061,38.826757282177802],[-77.038395474819509,38.826776219084465],[-77.038380723769961,38.826810406866073],[-77.038383723461592,38.826836469269836],[-77.038386786804779,38.826855783397747],[-77.03837228742529,38.826878907858507],[-77.038354411253309,38.826896532261216],[-77.038347036621843,38.826914345124216],[-77.038339349277479,38.826944408006852],[-77.038342474504987,38.826965095063642],[-77.038335223465637,38.826977345155314],[-77.038324349154564,38.826993657578967],[-77.038309975039553,38.827008532628746],[-77.038302724089135,38.827019533092226],[-77.038298974465434,38.827031782647495],[-77.038305286407649,38.827067532854436],[-77.038304849610867,38.827086783565569],[-77.038307974259439,38.827110158169859],[-77.038325225294557,38.827124095517206],[-77.038338912956362,38.82714209503991],[-77.038352601180222,38.82715740791442],[-77.038359350498126,38.827171220760107],[-77.038369600313786,38.827183721264646],[-77.038369161845765,38.82720565770687],[-77.038365098796774,38.827231720434277],[-77.03836472515404,38.827252282823558],[-77.038364286647464,38.827274221066851],[-77.03834985052255,38.827291970302063],[-77.038328412999988,38.827309534125369],[-77.038307038509743,38.827328470887203],[-77.038299412709065,38.827355846977341],[-77.038299099995172,38.827372283742633],[-77.038295288369781,38.827387408379003],[-77.038287975868982,38.827401034363561],[-77.038272037089556,38.827491408120011],[-77.038278537976083,38.827517595219255],[-77.038257225457997,38.827532409064638],[-77.038246412670333,38.827546033791442],[-77.038228538126461,38.827560909375755],[-77.038203599917779,38.827579844973997],[-77.038189038423113,38.827605784126987],[-77.038188725664526,38.827622221791714],[-77.038174100494771,38.827649534108723],[-77.038145474958554,38.82767522148152],[-77.038134412485675,38.827701221333143],[-77.038137413510483,38.82772597106095],[-77.038140537789943,38.827746533775787],[-77.038136600650944,38.827765784125781],[-77.038139725645564,38.827783596228372],[-77.038149725522658,38.82780984674126],[-77.038156351030182,38.827830534155879],[-77.038159600189729,38.827844284489274],[-77.038159100239881,38.827867596824234],[-77.038155225778269,38.827885409127163],[-77.03814791390873,38.827900471235289],[-77.038147414302202,38.827922408714194],[-77.038147100249077,38.827938909428575],[-77.03812916351346,38.827957908803107],[-77.038128601208868,38.827986659436434],[-77.038131664221325,38.828007346619941],[-77.038120663436459,38.828030596616522],[-77.038113288377886,38.828049723051819],[-77.038088164025325,38.828075472044546],[-77.038070226786473,38.828091721683911],[-77.038062849772615,38.828109472330723],[-77.038051914265154,38.828129910347101],[-77.03805503807456,38.828151910082518],[-77.038068601551075,38.828174035366366],[-77.038068288213481,38.828187784566921],[-77.038060914294647,38.828206910111859],[-77.038050038837326,38.828221908899394],[-77.038035788782651,38.828236785460525],[-77.038024912145787,38.828251785131982],[-77.038017601713051,38.828265472389518],[-77.03801703892826,38.828291472394085],[-77.038020164585362,38.828310722432832],[-77.038030163690408,38.828335598082788],[-77.038040350837107,38.828354972129944],[-77.038050476573162,38.828375722072821],[-77.038046600916374,38.828389347610219],[-77.038028913656518,38.828400160380994],[-77.038007288675786,38.828424534845084],[-77.038006976190886,38.828443785296834],[-77.038013602434305,38.82846172210477],[-77.038013351380499,38.828475409914326],[-77.038002601655492,38.828484909923148],[-77.037998789221376,38.828498597511533],[-77.037965163630616,38.828599785781783],[-77.037978664280757,38.828624660009901],[-77.037981790178847,38.828642597357309],[-77.037981414097672,38.828663160610532],[-77.037970413296009,38.828686347524133],[-77.037962977530739,38.828708223812562],[-77.037951915553464,38.828731473029123],[-77.03794791415045,38.828754722816299],[-77.037944289698089,38.828762910602364],[-77.037947288731701,38.82878628634549],[-77.037950478332121,38.828802848725999],[-77.037946415524445,38.828827473508461],[-77.037932039776862,38.828846536136894],[-77.037928227310104,38.828860223721797],[-77.037924352737676,38.82887803601291],[-77.037887915330003,38.828943473503969],[-77.037884040019662,38.828964036404763],[-77.037880227669902,38.828977660922419],[-77.037851977674549,38.828986911346043],[-77.037844664830999,38.829000598561699],[-77.03783372799252,38.829021035638419],[-77.037836789554987,38.829043036401679],[-77.037846915700811,38.82906241060271],[-77.03784985204743,38.829087223492515],[-77.037845977983963,38.829107724241148],[-77.037842039745399,38.829131036976328],[-77.037824102187173,38.829147286573978],[-77.03782041516483,38.82915684843595],[-77.03780604073404,38.8291704116265],[-77.037784665552124,38.829189348284885],[-77.037770289715951,38.829204224147198],[-77.037762914720886,38.829222036063136],[-77.037762414969265,38.82924397443427],[-77.037769226829411,38.829256473589787],[-77.037793103813272,38.829291098437238],[-77.037803289886597,38.829306286642435],[-77.037799478149893,38.829321349991929],[-77.037785039841651,38.829341724516013],[-77.03777404151198,38.829363537481733],[-77.03777372738503,38.829380037288786],[-77.037752414842728,38.829392161688759],[-77.037752103483001,38.829407224504585],[-77.037762291302343,38.829423911025202],[-77.037765478440463,38.829441724806316],[-77.037758039844931,38.829460848622325],[-77.037740352988365,38.829468911636539],[-77.037729665664145,38.82947284989271],[-77.0377119770707,38.829483599533326],[-77.037704415138876,38.829506912157747],[-77.037707478291978,38.829531661760086],[-77.037714042099978,38.82955091229752],[-77.037710104589891,38.829575599895264],[-77.037709665466039,38.829594786598079],[-77.03770941574362,38.829607161727168],[-77.037719666945421,38.829619662295656],[-77.037733478011276,38.829629412452839],[-77.037740353947797,38.829639162687812],[-77.037742479720848,38.829707849263144],[-77.037742041805402,38.829731162360865],[-77.037741542303323,38.829751787138086],[-77.037758791205079,38.829767099386295],[-77.037772478431876,38.829783724094447],[-77.037772040411596,38.829807099356444],[-77.037771730187401,38.829822163085886],[-77.037757353416069,38.829839849918343],[-77.037739479839232,38.829853287514162],[-77.037735667216765,38.829871163635012],[-77.037738729532762,38.829890412884929],[-77.037745292671559,38.829912413128959],[-77.037744854304748,38.829937162344393],[-77.037737417937151,38.829956287086318],[-77.037733729691851,38.829965849830096],[-77.037733105693704,38.829996037607749],[-77.037739854363068,38.83000847561047],[-77.037743042022086,38.830023663108115],[-77.037747667157049,38.830141788363683],[-77.037768292557956,38.830164038598681],[-77.037778417433074,38.830184726377254],[-77.0377922933788,38.830193162837922],[-77.037806167341984,38.830200226214764],[-77.037820166569404,38.83020447566215],[-77.037830480784478,38.830214226383433],[-77.037830169102321,38.830230663150672],[-77.037819043254672,38.830255225148392],[-77.037808104915513,38.830275726168296],[-77.037811355732472,38.830292225341125],[-77.037821543342844,38.830306100865194],[-77.037835293595577,38.830319975728145],[-77.037841981000952,38.830337913298223],[-77.037841606280082,38.83035716296606],[-77.037830669101709,38.830377663101238],[-77.037823230876086,38.830395350798504],[-77.037822917907519,38.830411850615974],[-77.03785704410484,38.830460288658685],[-77.037874106782695,38.830483850423022],[-77.037863168203842,38.830505663236529],[-77.037859231398784,38.830527601124089],[-77.037872732242278,38.83055253841836],[-77.037896980607414,38.830569288378911],[-77.037917669453378,38.830587412994348],[-77.037945232081114,38.830611101054807],[-77.037966044237336,38.830625037751105],[-77.037972857279883,38.830633414127817],[-77.037993606895554,38.830648725799968],[-77.038014107515536,38.830677850529419],[-77.038020669195248,38.83070128775897],[-77.038020295417496,38.83072185103098],[-77.037998732154776,38.830744913564622],[-77.038081108699885,38.83083660207582],[-77.038094670388475,38.830858727313924],[-77.038118858218112,38.8308782883555],[-77.038136046624174,38.830897663999323],[-77.038138983967983,38.830923850839447],[-77.038145734864159,38.830937601534899],[-77.038159546584524,38.830950163527177],[-77.03818010864461,38.830973788652059],[-77.03819723419474,38.830995914121978],[-77.038210983022111,38.831011226844268],[-77.038224610017878,38.831030600458199],[-77.038241985098907,38.831040413860606],[-77.038259171850967,38.831057101912215],[-77.038258859785827,38.831074976597307],[-77.038258360209497,38.831096913159492],[-77.038254422800321,38.831117414023737],[-77.038254296978494,38.831127102238817],[-77.038274671708109,38.831158914702193],[-77.038291797236113,38.831181101421159],[-77.038308984033435,38.831197789464895],[-77.038322796539077,38.831207600827312],[-77.038343672138524,38.831217414566133],[-77.038354047869291,38.831225851507661],[-77.038374985463378,38.831231601800347],[-77.038399423560563,38.831237350637572],[-77.038409672793762,38.831249852012988],[-77.038409361239687,38.831266288777805],[-77.038409235438465,38.8312759769927],[-77.038419236374679,38.831300789541153],[-77.038425797776341,38.831321477021135],[-77.038439360604215,38.831344914020491],[-77.038456611057242,38.831360289240067],[-77.038470173429275,38.831385164155492],[-77.038490861973116,38.831406038375398],[-77.038511549342658,38.831422726735532],[-77.038528798207082,38.831435352206441],[-77.038538924518619,38.831456102092076],[-77.038542049886971,38.83147803964701],[-77.038545236289423,38.831490414314672],[-77.038555674285973,38.831498851111476],[-77.038555300052778,38.831512540080155],[-77.03860386271775,38.831543414229081],[-77.038627988245793,38.831565601569537],[-77.038616986737964,38.831590226447545],[-77.038623737336565,38.831605414132376],[-77.038644487554038,38.831615227154472],[-77.038661924585654,38.831626477385974],[-77.038682549873968,38.831643164940708],[-77.038696175496611,38.83166397640241],[-77.038699300453402,38.831687351871764],[-77.038709300618962,38.831710851688854],[-77.038723299360939,38.831713727058975],[-77.038744050786462,38.831727727720455],[-77.038764863421363,38.831741664271419],[-77.038803425494805,38.831742164223272],[-77.038820676102873,38.831757540288613],[-77.038816801039289,38.83177804014128],[-77.038830364188996,38.831800226567637],[-77.038847675516323,38.831812789699519],[-77.038857739215686,38.831836227226553],[-77.038875050795212,38.83184747676372],[-77.03889905212398,38.83187385194266],[-77.038902176802011,38.831894414617125],[-77.038919552404252,38.831902915227374],[-77.03895055251877,38.831933476876067],[-77.038971427168647,38.831943351751029],[-77.038988739593634,38.831955977040558],[-77.038999053529992,38.831964289721149],[-77.0390021158114,38.831984976848162],[-77.039005427034581,38.831995977295009],[-77.039008801962794,38.832005601874471],[-77.039018802745559,38.83203185228713],[-77.039039364576993,38.832054102386728],[-77.039060116293896,38.832068039925957],[-77.039087866200362,38.832087664917175],[-77.039105115127981,38.832101602090489],[-77.039129302707622,38.832121039475354],[-77.039153490879386,38.832141976953594],[-77.039170677779012,38.83216003972165],[-77.039198115707649,38.832189227149563],[-77.039232742044746,38.832214414606796],[-77.039274240590927,38.832243727474236],[-77.039322991905848,38.832264914781405],[-77.039343742474358,38.832278914419959],[-77.039361054834202,38.832292852343294],[-77.039409553961207,38.832323664987406],[-77.039454618705619,38.832353040190526],[-77.039506617998256,38.832385290130979],[-77.039569056150611,38.832419040303115],[-77.039621180268767,38.832449915084354],[-77.039676681381749,38.832482165276268],[-77.039700681747703,38.83250991512714],[-77.039735306206737,38.832535041141725],[-77.039773431662212,38.832557540273974],[-77.039804932281058,38.832563353258514],[-77.039864306611435,38.832577852272692],[-77.03988887132428,38.832580914815878],[-77.039916933758803,38.832581227006301],[-77.039944744856001,38.832592539432369],[-77.0404129976733,38.832875789723921],[-77.040454998323014,38.832883164735286],[-77.040482810773483,38.832894477047311],[-77.04055199729676,38.832944727812432],[-77.040558872781958,38.832954477860319],[-77.040583247664728,38.832962976962335],[-77.04059362389259,38.832971414603136],[-77.040614436847932,38.832981290211599],[-77.040642374368915,38.83298985252263],[-77.040663124487779,38.83300797738827],[-77.040673498857444,38.833014977074036],[-77.040683749187451,38.833026039425604],[-77.040711561855659,38.833041539324647],[-77.040742811545812,38.833058352299545],[-77.040770688301066,38.833071040198767],[-77.040826062199642,38.833110165239447],[-77.041183313475372,38.833323352377064],[-77.041682754142812,38.833626102460833],[-77.041762567717257,38.83367241492018],[-77.041832256001925,38.833698039928407],[-77.041860192666476,38.833706664999035],[-77.041895069176846,38.833716665550256],[-77.041944067799108,38.833725477493189],[-77.041975631016783,38.833725915565736],[-77.042031817833887,38.833726539700081],[-77.042081131409503,38.833720352797293],[-77.042112694164345,38.833717977145099],[-77.042147944817131,38.833711538940719],[-77.042197319083797,38.833701227270787],[-77.042239819334512,38.833683914468281],[-77.042278756712449,38.833667852970194],[-77.042314258193983,38.833650476635782],[-77.04236044413156,38.833622227828961],[-77.042403008597162,38.833600726325535],[-77.042428070581792,38.833577727179588],[-77.042460132742377,38.833553413980383],[-77.0425031333654,38.833508664212694],[-77.042539508020425,38.833448663668342],[-77.042557696035743,38.833417351610173],[-77.042565632012767,38.833370787906496],[-77.042573571110367,38.833326850524188],[-77.042570756664915,38.83329253874421],[-77.042571258049051,38.833266476741152],[-77.042565008336524,38.833229288796993],[-77.042558881414692,38.833188038169247],[-77.042552069670876,38.833174225727532],[-77.042552381908536,38.833161851385157],[-77.042552818393105,38.833138476123928],[-77.042549570082684,38.833126162976484],[-77.042542882111533,38.83310960145554],[-77.042529194426194,38.833092914265862],[-77.042522506499409,38.833076350942186],[-77.042519256113863,38.833063913436042],[-77.042519631414194,38.83304616297729],[-77.042523381024012,38.833032475385281],[-77.042516882168698,38.833009038320604],[-77.042496256782357,38.832986788963716],[-77.042493131155865,38.832966163325004],[-77.042489817673285,38.832957912672853],[-77.04247613027556,38.832939851523093],[-77.042455505999754,38.832917662536047],[-77.042431130153034,38.832907725889157],[-77.042428005700302,38.832887100262639],[-77.042428380090897,38.832869225460037],[-77.042428942576009,38.832843163312276],[-77.042415380612795,38.832819662844898],[-77.042412380597995,38.832793475365548],[-77.042409193291562,38.832775662639833],[-77.04240956753047,38.83275910052641],[-77.042399568467076,38.83273428836948],[-77.042396255538236,38.832723288006015],[-77.042385942894043,38.832712163767027],[-77.042386192991216,38.832699787750656],[-77.042368879394417,38.832688600883898],[-77.042355005524684,38.832681601130147],[-77.042341255779235,38.832664913144491],[-77.042338566698135,38.832626475633688],[-77.042318253865574,38.832585037978042],[-77.042297628741878,38.832568288014919],[-77.042290817107101,38.832554475556009],[-77.042291191261924,38.83253797560662],[-77.04229169247408,38.83251328845428],[-77.042274442251056,38.832496600226577],[-77.042274629876403,38.832485600093044],[-77.042257690241854,38.832459288113824],[-77.042251003838956,38.83244135083303],[-77.042244317170272,38.832424788405916],[-77.04224100312797,38.832413788022976],[-77.04223781660437,38.832398662849194],[-77.042238191308968,38.832379413190921],[-77.042221253023627,38.832351788530417],[-77.042214566045857,38.832331100623527],[-77.042215067141839,38.832307725259277],[-77.042219129239982,38.832280349740124],[-77.042222940782622,38.832268037781908],[-77.042216254675836,38.832248725644028],[-77.042202440592789,38.832237538072221],[-77.042195690290626,38.832227912205774],[-77.042192503265426,38.832209976043451],[-77.042192690920857,38.832198975008573],[-77.042193127747709,38.832179786485057],[-77.042186565342107,38.832157786530175],[-77.042166066350759,38.832127286827649],[-77.042145690902657,38.832095411996157],[-77.042146064768033,38.832074786567496],[-77.04214656562722,38.832051537332632],[-77.042143503767619,38.832029536711786],[-77.042143752716044,38.832017162481108],[-77.042144189936252,38.831996536938036],[-77.042144502460772,38.831977287406509],[-77.042130877737392,38.831957911592809],[-77.04211075250906,38.831912412012009],[-77.042104127355628,38.831894412413433],[-77.042083815200527,38.831857099287419],[-77.04205606418121,38.831838912022448],[-77.042049438809073,38.831821037650265],[-77.042028876694673,38.831796036566487],[-77.041999312774379,38.831696786734348],[-77.041996563849565,38.831659662053582],[-77.041993251032125,38.831648661675914],[-77.041996938778325,38.831639099702819],[-77.041997126170102,38.831629474422002],[-77.041980063803919,38.831607349410341],[-77.041959125940409,38.831601536695977],[-77.041955813387659,38.831589162363343],[-77.041963062849035,38.831578286901589],[-77.041973750639173,38.831572911242858],[-77.041974000163762,38.831557787302231],[-77.041970688231686,38.83154816179249],[-77.041971125480458,38.831527537148517],[-77.041971375534473,38.83151522329409],[-77.04197856375292,38.831505661564329],[-77.041978876667088,38.83149053570812],[-77.041993251046023,38.831474349336226],[-77.042007624379636,38.831459348606884],[-77.042032625699676,38.831437661479761],[-77.04204687556674,38.831428286579204],[-77.042071376334519,38.831432724535539],[-77.042106563505314,38.831427599158296],[-77.042110250971675,38.831419411134938],[-77.042107001036953,38.831404349133287],[-77.042103939037361,38.831383662098752],[-77.04210437682697,38.831360285942914],[-77.042108188755165,38.831345287341932],[-77.042129625388128,38.831327723731377],[-77.042324188009601,38.831258723577569],[-77.042387938045266,38.831229285629185],[-77.042402001768195,38.831229472916476],[-77.042423001517022,38.831231098681258],[-77.042440439441094,38.831240910432506],[-77.042454251578135,38.831249349141871],[-77.042471626421602,38.83125778614793],[-77.042496189906728,38.831259473277456],[-77.042506752529917,38.831256911501868],[-77.042521064269749,38.83124334877153],[-77.042542501751242,38.831227098690206],[-77.042567191472671,38.831219161565741],[-77.042588316188642,38.831218035533311],[-77.042605093955103,38.831216960025884],[-77.042605878221124,38.831216910302167],[-77.042644502315284,38.831217348500445],[-77.042665688996181,38.831210785958142],[-77.04269381439363,38.831209785581223],[-77.04272550323401,38.831204660725803],[-77.042757190808501,38.831199598012162],[-77.042785252956108,38.831198535562976],[-77.042813315719798,38.8312002237314],[-77.04283781623603,38.831206034581143],[-77.042858691577337,38.831213223023234],[-77.042886752958452,38.831216285113648],[-77.042907628288944,38.831224723171793],[-77.04293200448933,38.831236036394031],[-77.042953066381443,38.831237722298397],[-77.042973880146562,38.83124891109761],[-77.04300162926674,38.83126441057491],[-77.043029254973675,38.831288036030742],[-77.04304656552516,38.831301972484376],[-77.043060379413561,38.831313223925321],[-77.043081003976411,38.831332660403163],[-77.043098129324562,38.831352035418377],[-77.043122566272672,38.831359222978939],[-77.043146879594687,38.831374660848645],[-77.043167318097616,38.831403723509283],[-77.043177443944373,38.831421723257179],[-77.043201818870131,38.831434410362391],[-77.043215442631649,38.831453786039901],[-77.043270318031531,38.831517598033969],[-77.04327363066156,38.831530036295696],[-77.043283630743417,38.831556224154767],[-77.043293631099857,38.831581036257603],[-77.043303818054468,38.831599035850701],[-77.04331050696338,38.831616972202958],[-77.04331338244485,38.831645848369504],[-77.043327006949681,38.831667972855605],[-77.043330319226328,38.83167628473619],[-77.043336755618355,38.831702410337215],[-77.043336381958099,38.831724348461385],[-77.043349945305991,38.831746536152885],[-77.043359882499743,38.831776848696272],[-77.043359444853863,38.831796036310955],[-77.043362569435615,38.831816723181795],[-77.043369132042827,38.831838786137993],[-77.04337238213445,38.831853911168423],[-77.043441758009379,38.831894535875087],[-77.043462569401214,38.831907160675478],[-77.043462132560222,38.831927786223865],[-77.043461321226417,38.831968973225408],[-77.043460632977855,38.832004660522593],[-77.043466695073377,38.832050035778174],[-77.043469570653286,38.832078911037229],[-77.043489757713417,38.832124473305193],[-77.043496008144743,38.832160225091741],[-77.043512322367349,38.832220850107227],[-77.043525884014741,38.832247160522833],[-77.043535571436294,38.832289849968483],[-77.043542134548062,38.832310473191562],[-77.043541820319604,38.832328348743225],[-77.043541509254268,38.832342036695387],[-77.043541133747695,38.832361286343691],[-77.043540695639862,38.832383224565554],[-77.043547571965291,38.832390224731206],[-77.043557634312805,38.832410912100698],[-77.043567822602881,38.83242891168161],[-77.043581384607705,38.83245378777292],[-77.043594947144939,38.832475912352677],[-77.043594509717963,38.832500600296825],[-77.043592947153428,38.832576099847373],[-77.043606697677006,38.832590037077679],[-77.043613322337919,38.832607912245152],[-77.043613133395525,38.832620350285609],[-77.043608698102716,38.832664161837961],[-77.043625823413436,38.832685037754658],[-77.043636009565461,38.832702975135405],[-77.043646010985384,38.832729225135147],[-77.043656073166645,38.8327512873486],[-77.043662760058467,38.832769162383556],[-77.043662260582082,38.832792537765727],[-77.043665197322582,38.832821412871503],[-77.043664947591054,38.832833724924242],[-77.04367163590976,38.832848974593517],[-77.043678322554641,38.832868225381958],[-77.043677823100978,38.832891599862904],[-77.04371519782589,38.832953850217876],[-77.043732448884072,38.832967849787764],[-77.043738886336058,38.832996662015809],[-77.043741886843122,38.833022849459994],[-77.04375888727715,38.833047787110502],[-77.043782949274103,38.833075537766611],[-77.043785949237005,38.83309891332236],[-77.043785699046012,38.833113975082519],[-77.04377119912094,38.83313578747233],[-77.043756949031177,38.833145224742999],[-77.043760073895143,38.833165849432149],[-77.043766761204068,38.833181037816708],[-77.043787637994029,38.833190913647897],[-77.043815574953513,38.833198162499492],[-77.043829574189843,38.833201037259556],[-77.043843199737111,38.833219100180969],[-77.043842950672797,38.833234163756515],[-77.043821574562173,38.833247600250395],[-77.043800325636852,38.833257037178534],[-77.04378951097199,38.833270537139228],[-77.043795573688499,38.833320100005572],[-77.043788261645503,38.833333725412999],[-77.043773576295351,38.83336234942216],[-77.043780261976252,38.83338028839956],[-77.043794137817045,38.833390100785294],[-77.043821824198744,38.833408288619616],[-77.043839075625485,38.833420913318463],[-77.043863575921407,38.833426662672935],[-77.04389151281498,38.833435225996823],[-77.043912263205385,38.833450600564149],[-77.043915451189434,38.833465786966777],[-77.043939639324321,38.83348522604193],[-77.043942824994218,38.833500413315818],[-77.043956638075912,38.83351428820832],[-77.043974013516916,38.833522788052719],[-77.044012513636488,38.833527412785109],[-77.044033513840802,38.833530414015449],[-77.044065076878141,38.833532163314693],[-77.044086202466644,38.833529663060204],[-77.044107264446012,38.833528538671445],[-77.044138888751661,38.83352891385411],[-77.044170451790919,38.833530663125046],[-77.044194765403617,38.833543350147004],[-77.044211952859811,38.833560100367968],[-77.044218763789686,38.833573913598514],[-77.044232453096981,38.833591851128332],[-77.044249889431711,38.833594850457757],[-77.044267265744608,38.833606036915263],[-77.044298390099826,38.833627038613876],[-77.044312203751872,38.833638162855777],[-77.044322515180767,38.833652038417874],[-77.044332703253829,38.833667226040632],[-77.044339327730668,38.833686601246136],[-77.04434257812855,38.833701725342344],[-77.044366641730733,38.833722600704867],[-77.044390828166769,38.833746224595991],[-77.044400827932535,38.833771099642547],[-77.044431828910817,38.833800351615736],[-77.044434829260169,38.833823663184894],[-77.044444954142207,38.833844413407085],[-77.044448016575743,38.833867787911416],[-77.044451203276665,38.833884350938909],[-77.044454516927232,38.833893913322392],[-77.044475141085883,38.833914788348793],[-77.044481766675929,38.833935475347893],[-77.044488517110594,38.833946538097166],[-77.044502203792419,38.833965975648816],[-77.044501766894129,38.833989288733896],[-77.044512017953068,38.834000350748546],[-77.044538643130053,38.834072101402157],[-77.044538266730171,38.834091351031482],[-77.044537954713832,38.834105038065552],[-77.044551642572571,38.834124476525673],[-77.044572329497882,38.834142600796312],[-77.044582393070883,38.834166038691656],[-77.044606268492515,38.834197913220486],[-77.044623392986864,38.834221475611749],[-77.044629955273052,38.834242163616977],[-77.044629517039567,38.834266851540335],[-77.044639393514203,38.83429997597284],[-77.044642518084828,38.834317788746837],[-77.044649142482271,38.834338538785417],[-77.044659018378084,38.834368851329771],[-77.044676017852595,38.83439653853231],[-77.044689330847532,38.834435100487063],[-77.044706269151135,38.834462851794626],[-77.044727018747935,38.834479538888907],[-77.044726269138977,38.83451385054763],[-77.044729144622977,38.834546852120944],[-77.044728956564612,38.834556414319941],[-77.04472851884276,38.834578350733373],[-77.04473858216187,38.834603227432368],[-77.044759144419771,38.834624101634226],[-77.044779830987864,38.834646288262086],[-77.044779205727863,38.834673727180295],[-77.044778706983536,38.83470128929585],[-77.044781770205532,38.83472054012708],[-77.04480245840027,38.834739977057787],[-77.044812519608925,38.834764789755013],[-77.04481545815608,38.834792352143822],[-77.044825332481949,38.834826727052437],[-77.04482864518576,38.834834976719968],[-77.044835458075497,38.834844726628361],[-77.044835207148211,38.83485841441756],[-77.044849083857272,38.834865476968282],[-77.04485583240799,38.834882039093394],[-77.044862395973155,38.83490272709664],[-77.04485845761063,38.83492466515321],[-77.044865082252684,38.834945352111426],[-77.044878771268642,38.834960539838903],[-77.04487827069461,38.8349853522177],[-77.044888333897148,38.835005977295857],[-77.044895020853176,38.8350253523341],[-77.044894708682406,38.835040414219449],[-77.04489789679802,38.83505691507996],[-77.044904146526363,38.835095476822062],[-77.044907271089286,38.835113351750145],[-77.044906896024102,38.835132540126416],[-77.04490627121595,38.835164164880119],[-77.044906021907209,38.835175102075311],[-77.044912584143944,38.83519716491336],[-77.04495452267733,38.835207352098486],[-77.044947084119912,38.835227789919188],[-77.044960271164541,38.835269227917813],[-77.044970460427692,38.835287103035739],[-77.04498427187545,38.835299664183367],[-77.044987210401729,38.83532853925319],[-77.044986960851631,38.835340853102871],[-77.044989959843377,38.835365664718012],[-77.044992960294977,38.83538904023019],[-77.045006335221046,38.83542354050136],[-77.045005585609061,38.835459165743622],[-77.045012334125559,38.835475790922622],[-77.045011771622029,38.835500478198988],[-77.045011522849734,38.835515539066684],[-77.045018085221614,38.835536291009831],[-77.045017896983154,38.835547228060236],[-77.045021024113282,38.835563728158739],[-77.045016960504768,38.835591164988735],[-77.045020272095982,38.835599415535896],[-77.045034209571497,38.835609228526472],[-77.045037335682409,38.835624415020625],[-77.045040584911348,38.83564091573087],[-77.045043648046388,38.835661540503416],[-77.045046648527773,38.835684916012603],[-77.045046272255632,38.835704165636152],[-77.045042524138822,38.835717853314335],[-77.045038523940249,38.835738352683379],[-77.045038148475626,38.835760290763439],[-77.045037772200828,38.835779540386639],[-77.045058274208159,38.835805852837318],[-77.045068711813684,38.835811478047738],[-77.045082335649994,38.835830915638638],[-77.045088961573583,38.835851603494689],[-77.045092086430003,38.835868103561594],[-77.045109336154908,38.835883353414978],[-77.045130086022056,38.835900165662018],[-77.045143836418461,38.835914041423166],[-77.045147023515,38.835930540457767],[-77.045128837017842,38.835961915978011],[-77.045118211035373,38.83596729088783],[-77.045107398279498,38.835980916219569],[-77.045096524161664,38.835997228335202],[-77.045082086903363,38.836014916183096],[-77.045067773455614,38.836029790983901],[-77.045049772741166,38.836051541201236],[-77.045028086641381,38.836082915667156],[-77.045027587928388,38.836104853118499],[-77.045037586983867,38.836131040771079],[-77.045058335754604,38.836149103539583],[-77.045065148370014,38.836161603137619],[-77.045078837534078,38.836176853902593],[-77.045085462569872,38.836196165989193],[-77.045095586804578,38.836216917029958],[-77.045109149135058,38.836240417154407],[-77.045119399047479,38.836254227901037],[-77.045119211936139,38.836263916241492],[-77.045122400069729,38.836281728878852],[-77.04512514961776,38.836318854332049],[-77.045128462298862,38.836327167053447],[-77.045134774065858,38.836361541904253],[-77.045144962373826,38.836378166464208],[-77.045148025125073,38.836401541836942],[-77.045147587715277,38.836422104290115],[-77.045147211466329,38.836441353910601],[-77.045146836690066,38.836459166527867],[-77.045157150263677,38.836470292315823],[-77.045177713672544,38.836495291908783],[-77.04519483851449,38.836514666565684],[-77.045221213187062,38.836600166956011],[-77.04521396341049,38.836612478722621],[-77.045213651069233,38.83662891635673],[-77.045213401251772,38.836642666319655],[-77.045220088378414,38.836656416676568],[-77.045230400858273,38.836667541542532],[-77.045236964694624,38.836688229516035],[-77.045233275738767,38.83669916731872],[-77.045229525956529,38.836708729511962],[-77.045222213416437,38.836725104703355],[-77.045221963726206,38.836738791600759],[-77.045221651152588,38.836755354464046],[-77.045238526678773,38.836785729370305],[-77.045241839182822,38.83679541694034],[-77.045241026812747,38.836835167761429],[-77.045247338340744,38.836870980519997],[-77.045256964834195,38.836916416909894],[-77.045263152376691,38.836957667187463],[-77.045275840041086,38.837022354354353],[-77.045278777374264,38.837052605144173],[-77.045285339686259,38.837076042804171],[-77.045291965819743,38.837096728841232],[-77.045295028111624,38.83711598053457],[-77.045298152438576,38.837136605148977],[-77.04530808983877,38.837168292326965],[-77.045325215063158,38.837185042486105],[-77.045324714740659,38.837211043212918],[-77.045324277371449,38.837230355139042],[-77.045316902069032,38.837250792857667],[-77.045302652306887,38.837261605173715],[-77.045295340878809,38.837277980381785],[-77.045277589957152,38.837284604913258],[-77.04527027768404,38.83729829256464],[-77.04526652743472,38.837310605363619],[-77.045266339440644,38.837320167557159],[-77.045259027269481,38.837333793043264],[-77.045262340953201,38.837343480625755],[-77.045269215514736,38.837351793341888],[-77.045279528313159,38.837361543349097],[-77.045282776857121,38.837375355590119],[-77.04530334111584,38.837397542385297],[-77.045313778761596,38.837404542424359],[-77.045327403787439,38.837426668435121],[-77.045326652844551,38.837463730665235],[-77.045322217092931,38.837680606385987],[-77.045325216634239,38.837703980061029],[-77.045328342734535,38.837727418371237],[-77.045345529279274,38.837744105315736],[-77.045355842042426,38.837755168003348],[-77.045376591655014,38.837770544068832],[-77.045394028407699,38.83777766868343],[-77.045414717649052,38.837797105492108],[-77.045417904138105,38.837810855693448],[-77.045421279111849,38.837819169174409],[-77.045420717673935,38.837845231305671],[-77.045437778793939,38.837868793659119],[-77.045441029802191,38.837882543758148],[-77.045440779288029,38.837893543998298],[-77.045440404369089,38.837912731462808],[-77.045425906280897,38.837934544060651],[-77.04542190626114,38.837960605921083],[-77.045424967074894,38.837982606396821],[-77.045435093163306,38.838001918595467],[-77.04543478096717,38.838017043536738],[-77.045430780192291,38.838040356578645],[-77.045430343588961,38.838063668743821],[-77.045433342728884,38.838089793920183],[-77.045436468579794,38.838107731900855],[-77.045436031052503,38.838129668298336],[-77.045432155312739,38.838148856522622],[-77.045417156161804,38.838193919219663],[-77.045416842809331,38.838209044145941],[-77.045409343434386,38.838233668861285],[-77.045402030779996,38.838250044057908],[-77.045398030625904,38.838269231639799],[-77.045383780028601,38.838284169420618],[-77.045372968688326,38.838294981113044],[-77.04535878028679,38.838301731797216],[-77.045347968502455,38.838315294092617],[-77.045337155016838,38.838331669142406],[-77.045329780127432,38.838348044464148],[-77.04531871777786,38.838372607896069],[-77.045307780608695,38.838391732020931],[-77.045304155357456,38.838399920001216],[-77.045289842650206,38.838414793934206],[-77.045267468203974,38.838476357157134],[-77.045295218398564,38.838491794773262],[-77.045316030858629,38.838504420111647],[-77.04532615561132,38.838525108055933],[-77.04532934474895,38.838544356808256],[-77.045328968519286,38.838563607320353],[-77.04533203090196,38.838582858105219],[-77.045335156874827,38.838600733021337],[-77.045348781228782,38.8386214823554],[-77.045362531036943,38.83863535806767],[-77.045369281104541,38.838651982327086],[-77.045368842592808,38.838672544755752],[-77.04537196950298,38.838691795437668],[-77.045385594701713,38.838713982698586],[-77.045395593326433,38.838738794537264],[-77.045409406943776,38.838749920423687],[-77.045433844337779,38.838757107461824],[-77.045458218679215,38.838769794934194],[-77.045482468404316,38.838783857513626],[-77.045499906879456,38.838789545108504],[-77.045517094645277,38.838807607790798],[-77.04555484527711,38.838852044821209],[-77.045565157491012,38.838860357769008],[-77.045582470421664,38.838872982937339],[-77.045606970618991,38.838877357039763],[-77.045635095282876,38.838877732570545],[-77.045649220489878,38.838869670182802],[-77.045670470318896,38.838863044801222],[-77.0456983450309,38.838871607785549],[-77.045712346069564,38.838877295100836],[-77.045722720937675,38.838882857299652],[-77.045726033603799,38.838892544851198],[-77.045736282699764,38.838906420387588],[-77.045743158415405,38.838916107939205],[-77.045763846179383,38.838932794948391],[-77.045788159272874,38.83894691951263],[-77.045812471639465,38.838959544876609],[-77.045847283817437,38.838973669771015],[-77.045885596617623,38.838987920011093],[-77.045906596947674,38.83899367059221],[-77.045927284267734,38.839013169440811],[-77.04593740946666,38.839032482477805],[-77.04595109655672,38.839050544970647],[-77.045982284406605,38.839067357514644],[-77.04600303435366,38.839084107415914],[-77.046016722728709,38.839102107750662],[-77.046019972555172,38.839117232667377],[-77.046026535584218,38.839137982734805],[-77.046047160072703,38.839162919836234],[-77.046063597680728,38.839216669804124],[-77.0460740363594,38.839219483052098],[-77.046094910313428,38.839230795418018],[-77.046115597859853,38.839250232067904],[-77.0461259100707,38.839258608030782],[-77.046139723812544,38.839269795093578],[-77.046177848950933,38.839293607427685],[-77.046191723553548,38.839306170092335],[-77.046201848796727,38.839326794891946],[-77.046208598551573,38.839339294530227],[-77.046208411704328,38.839348919800095],[-77.0462079724701,38.839368107362318],[-77.046190161357245,38.839381608262869],[-77.046175661021948,38.839403357851999],[-77.046179037221307,38.839411732585901],[-77.046182224993302,38.839426795462991],[-77.046192474253687,38.83944067095775],[-77.046209786408028,38.839453232952359],[-77.04622378681654,38.839456171388456],[-77.046248224550723,38.839463357355164],[-77.046247974347139,38.839472982741015],[-77.046247661078482,38.839489420352336],[-77.04625091116354,38.839503170409344],[-77.046271788789738,38.839514420621427],[-77.046295975096541,38.839532545537757],[-77.046306162059409,38.83954648421787],[-77.046302226138522,38.839569733213104],[-77.04629697541958,38.83965341986805],[-77.046300350372036,38.839663109072582],[-77.046321099538787,38.839679795835842],[-77.046334912222108,38.839690983760939],[-77.046358662500836,38.83973104507028],[-77.046365538653106,38.839738045044335],[-77.046393350694302,38.839752170464784],[-77.046407037476683,38.839767358854566],[-77.046413912106843,38.839777108515051],[-77.04640985006877,38.839804482314847],[-77.046409475445088,38.839822358887787],[-77.04641616409593,38.839837482230706],[-77.046443913202651,38.839857108077204],[-77.046464851810086,38.839861483836017],[-77.04648228909717,38.839869920972717],[-77.046502976137845,38.839886608734268],[-77.046506227228249,38.839900483126044],[-77.046505851601154,38.839918296619445],[-77.046487977001377,38.83993310856561],[-77.046473664296997,38.839946670850907],[-77.046473226744155,38.839970046060245],[-77.046462414019302,38.839980921800311],[-77.046448351290465,38.839986233548977],[-77.046444351319266,38.840005421158494],[-77.04644422568505,38.840014983217294],[-77.046443913485746,38.840031483906458],[-77.046443663431347,38.840041046226268],[-77.046432788959535,38.840056108827731],[-77.046415163406337,38.84005998357663],[-77.046411539348881,38.840068171602134],[-77.046404227133337,38.840081796249876],[-77.046386789341284,38.840077421492694],[-77.046362226304836,38.840074421635755],[-77.046341163907897,38.840074108524817],[-77.046326976397523,38.840080859337412],[-77.046309225264721,38.840092983441565],[-77.046291537485658,38.840096858302296],[-77.046274101893417,38.84009254572139],[-77.046253163511182,38.840086733813358],[-77.046246224894546,38.840079859193331],[-77.046232289051488,38.84007554670746],[-77.046190600308435,38.840053046195209],[-77.046142162808593,38.840018109107746],[-77.046117911793928,38.840001296050268],[-77.046100475367197,38.839994295890136],[-77.046086725049292,38.839981733856817],[-77.046062163209811,38.839978733951298],[-77.04602378830441,38.839968546307588],[-77.045995662781564,38.839969670951376],[-77.04598503677289,38.839972234066657],[-77.045956599924949,38.839992483877332],[-77.045956286480248,38.840008983650236],[-77.045935161372086,38.840011483365338],[-77.045903536593897,38.840011047432078],[-77.045847286783413,38.840014485027886],[-77.045842911427044,38.840055609776243],[-77.04586916160163,38.840147984453274],[-77.045950350002911,38.840299984567629],[-77.045981162133771,38.840337422464444],[-77.046032101225791,38.840424609829512],[-77.046209976890509,38.840484421864801],[-77.046288477603071,38.841075110052515],[-77.046304416901208,38.841195485536865],[-77.046328916533426,38.841199985602188],[-77.046388479363358,38.841204736109603],[-77.046444542001652,38.841210985671459],[-77.04650066631568,38.841214360129541],[-77.046560292486888,38.841217860811646],[-77.046616417838734,38.841221298293753],[-77.046676043072097,38.841223423150709],[-77.047469108178433,38.841249734788562],[-77.048265611346451,38.841276046645234],[-77.048395548382473,38.841274921996735],[-77.048469299564204,38.841275796234626],[-77.048539425206073,38.841278046394386]]]},"properties":{"OBJECTID":162,"STDYAREA":"BNDRY","ELEM_":null,"MID_":90,"INT_":null,"HIGH_":null,"DISTRICT":null,"MOBILITY":null,"REGION1":null,"REGION2":null,"ELEM_DESC":null,"MID_DESC":"Jefferson-Houston","INT_DESC":null,"HIGH_DESC":null,"TRUSTEE":null,"ADD_SCHL1":null,"ADD_SCHL2":null,"ADD_SCHL3":null,"ADD_SCHL4":null,"ADD_SCHL5":null,"created_user":null,"created_date":null,"last_edited_user":null,"last_edited_date":null,"Creator":null,"Created":null,"Editor":null,"Edited":null,"Shape.STArea()":38200666.831958309,"Shape.STLength()":51878.97518379151}},{"type":"Feature","id":163,"geometry":{"type":"MultiPolygon","coordinates":[[[[-77.038412230722699,38.804562937169393],[-77.03837685548676,38.804746499812161],[-77.03818185693315,38.805709377398202],[-77.037998984225396,38.806588564877245],[-77.037622924983424,38.808684756882769],[-77.037420300476228,38.809497758226364],[-77.037662113979167,38.809515882533582],[-77.037641308542746,38.80969324489773],[-77.039423521080025,38.809933723181871],[-77.040303434787617,38.810047452979632],[-77.04132785391559,38.81017985234741],[-77.042287107946976,38.81030135674245],[-77.04240960421204,38.810316872374024],[-77.043522884522474,38.810457019921103],[-77.04575282813262,38.810744191293416],[-77.045996846784021,38.809613063867822],[-77.046241053375866,38.808472327528882],[-77.046411805590566,38.807665708575911],[-77.046440474373725,38.807529236831797],[-77.046481713345543,38.80733291960069],[-77.04669132620954,38.80634004410603],[-77.046722313584723,38.80619625636178],[-77.046812251307927,38.806116608397637],[-77.047034715504395,38.805078864019208],[-77.04701550124571,38.805076378149309],[-77.046816871253654,38.80505068211027],[-77.04651270383313,38.805011331447012],[-77.043790349019375,38.804659109071302],[-77.04363095555675,38.804638485037145],[-77.043622414841636,38.804637379844252],[-77.043511438987707,38.804624182390349],[-77.039729200908852,38.804174320371629],[-77.038503867268957,38.80408637274877],[-77.038412230722699,38.804562937169393]]],[[[-77.057451998838999,38.819611670807568],[-77.057631080716078,38.820583903899312],[-77.058183875513436,38.820532269804147],[-77.05819193851454,38.820531517475139],[-77.058191193293936,38.82052773601891],[-77.058189708429097,38.820520182184481],[-77.058175054171286,38.820445631872055],[-77.058166699806449,38.820403134769101],[-77.05811472756406,38.820138752300366],[-77.058114320753774,38.820136987735765],[-77.058114034012902,38.820135208429384],[-77.058113863778786,38.820133419743179],[-77.058113815717903,38.820131626251616],[-77.058113885098123,38.820129834203108],[-77.058114076470659,38.820128046356551],[-77.058114387388144,38.820126269889506],[-77.058114815475392,38.82012450837658],[-77.058115361793369,38.820122766335579],[-77.058116023930836,38.820121049142621],[-77.058116798343121,38.820119361258925],[-77.058117686091194,38.820117707202293],[-77.058118683594316,38.820116093235434],[-77.058119787362202,38.820114521117311],[-77.058120994983568,38.820112996224097],[-77.058122301762339,38.82011152300278],[-77.058123706456868,38.820110105942945],[-77.058125203255813,38.820108747676031],[-77.058126790917498,38.820107452691524],[-77.058128460158414,38.820106224479147],[-77.058130210924375,38.820105065741132],[-77.058132036216662,38.820103980896285],[-77.058133932526815,38.82010297260431],[-77.058135891759036,38.820102042567633],[-77.058137911538253,38.820101194360937],[-77.058139987204598,38.820100430629729],[-77.058142108377638,38.820099752147506],[-77.058144272700247,38.820099161588068],[-77.058147939167497,38.820098380465147],[-77.058292928644121,38.820083560983768],[-77.058305135997145,38.82008231448966],[-77.058387552504044,38.820073891368374],[-77.058449317578919,38.820067577687915],[-77.058505632116947,38.820061822279385],[-77.058508134045098,38.820061567412267],[-77.058511967741993,38.820061175743163],[-77.058569304762941,38.820055314839969],[-77.058624101707011,38.820049715517527],[-77.058659208585112,38.820046125795237],[-77.058670544643391,38.820044967665766],[-77.058748767307591,38.820036972986117],[-77.058806772458425,38.820031044493561],[-77.058856947471043,38.820025917155718],[-77.058868325099255,38.820024753211023],[-77.058871612941431,38.820024416992077],[-77.05892812705261,38.820018641308778],[-77.058935117039809,38.820017926204955],[-77.058992564759293,38.82001205474284],[-77.059022261749746,38.820009120140284],[-77.059121552835506,38.81999900451769],[-77.059120236897343,38.819991120317056],[-77.059153115379999,38.81998499842846],[-77.059173150312247,38.819983247925265],[-77.059188477023881,38.81998190990506],[-77.059302733522287,38.819971929237738],[-77.059442301821861,38.819959739240005],[-77.059580816785868,38.819947639756244],[-77.05972157905444,38.819935345158079],[-77.059860093924385,38.819923245344597],[-77.060000646148779,38.819910967655865],[-77.060140741457602,38.819898730141304],[-77.060277988273711,38.819886741310647],[-77.060283551707556,38.819886294226144],[-77.060369898298021,38.81987936757529],[-77.060457091555392,38.819872372865099],[-77.060659798142694,38.819854553815055],[-77.060692399261811,38.819851687750102],[-77.060728317255055,38.819848529908299],[-77.060736406955428,38.81984781917707],[-77.060905125585421,38.819832986616731],[-77.061047156882964,38.819820500579901],[-77.061183104693626,38.819808549722396],[-77.061324469062413,38.819796121843787],[-77.061499274336512,38.819780753112838],[-77.061523707247886,38.819778604747526],[-77.0616710880048,38.819765647469545],[-77.061732512163786,38.819761030693073],[-77.061788474997385,38.819756823550939],[-77.06192001698949,38.819745643115418],[-77.062061546993064,38.819733614603749],[-77.062058692848623,38.819719827453866],[-77.062057383296334,38.819713506524373],[-77.062056653429153,38.819709983856519],[-77.062828212786329,38.819646149220823],[-77.062874808875463,38.819642294433194],[-77.062957750460896,38.81963543139468],[-77.062960036774598,38.819651877491502],[-77.063019613328564,38.82008047494493],[-77.063026845263323,38.820079925633593],[-77.063033832672147,38.820079394950206],[-77.063428050466243,38.820049438813811],[-77.064077821321547,38.820000060735758],[-77.06401867281825,38.819594725464896],[-77.064016235853359,38.819578026181446],[-77.064014812873182,38.819568269448986],[-77.064100754613094,38.819561045900613],[-77.064397728111999,38.819536085159754],[-77.064625536932155,38.819517377136989],[-77.064798460092433,38.819502986850026],[-77.064969906598449,38.819488719699713],[-77.064972507915286,38.819488502849879],[-77.065146098823888,38.819474058052819],[-77.065322254097495,38.819459397492352],[-77.065495071987641,38.8194450157064],[-77.065644153918555,38.819432608518014],[-77.065725625952524,38.819425547176174],[-77.065731532087355,38.81946738760859],[-77.065736786276759,38.819501679985109],[-77.065736938078899,38.819502728749491],[-77.065909829569648,38.819488122013723],[-77.065924533319418,38.819594322406985],[-77.065943699784597,38.819732761221253],[-77.065958357290285,38.819838629486732],[-77.066359913427149,38.81980415384399],[-77.066366738968142,38.819838957305237],[-77.066076593956211,38.817819367197316],[-77.065891480556203,38.817736930694529],[-77.063185388516246,38.816531771465691],[-77.062527795739243,38.816286678384323],[-77.062507889080507,38.816279257491558],[-77.06247769700289,38.816268004052205],[-77.062440152658695,38.816254010815719],[-77.060858005311118,38.815664310786651],[-77.056464158983474,38.813787532695429],[-77.056374709914849,38.813749322628532],[-77.056368567298279,38.813747268547814],[-77.05643388027238,38.814064049428985],[-77.056502985259129,38.81443454959183],[-77.05655576526334,38.814718117345727],[-77.05665821468213,38.815268533236285],[-77.056682133151895,38.815397405671533],[-77.056769063498066,38.815865805593923],[-77.056897936493314,38.816614334826241],[-77.057014759803778,38.817263856363098],[-77.05714186609832,38.817925860718269],[-77.057281218402366,38.818677264051374],[-77.057451998838999,38.819611670807568]]],[[[-77.047023502582945,38.832768308300189],[-77.047022480994443,38.832784239841217],[-77.047007867509336,38.832959364805959],[-77.04699122007537,38.833134359169229],[-77.046972532755703,38.833309230965419],[-77.04695181132675,38.833483921703277],[-77.046912096238017,38.833829591889007],[-77.046871555739742,38.834175218482592],[-77.046830186729935,38.834520783425766],[-77.046817872483146,38.834623530707916],[-77.046793852322168,38.834823948711488],[-77.046759822008227,38.835127256018055],[-77.046728090991749,38.835430716099197],[-77.04671781848684,38.835536039234341],[-77.046709547614768,38.835641437605197],[-77.046703290870084,38.835746920376444],[-77.04669904418374,38.835852461370052],[-77.046696809044406,38.835958044387503],[-77.046696581437914,38.836063640548609],[-77.046698369926901,38.836169225633519],[-77.046702168303156,38.836274765328874],[-77.046708336143951,38.836376097176434],[-77.046716521401436,38.836477353995697],[-77.046726721322003,38.836578501515852],[-77.046738935327681,38.836679511799453],[-77.046753154760594,38.836780357710083],[-77.04676938107265,38.836881024849475],[-77.04678603971756,38.836973481542138],[-77.046804543614115,38.837065720522403],[-77.04682489669807,38.837157718413287],[-77.046847087860996,38.837249455255211],[-77.046871115152669,38.837340913904931],[-77.046896975781152,38.83743206189218],[-77.04692466282502,38.837522900031125],[-77.046957965112895,38.837627540909622],[-77.046993663657801,38.837731664561467],[-77.047031749237789,38.837835271771262],[-77.047072211074891,38.837938326365077],[-77.047115032741857,38.838040786693142],[-77.047164823683417,38.838152250903889],[-77.047216829607834,38.838263108234365],[-77.047271037505851,38.838373318878645],[-77.047327378497428,38.838482757649537],[-77.047327412832416,38.838482825646011],[-77.047327457332059,38.838482903678731],[-77.047435221900898,38.838678901830519],[-77.04754506399577,38.838874333650125],[-77.047656910116245,38.839069074791595],[-77.047770752687242,38.839263101730545],[-77.047886611686906,38.839456452548376],[-77.04803689942753,38.839711036243756],[-77.048187857332294,38.839965345108332],[-77.048339513343194,38.840219421829907],[-77.04846622881044,38.84043286236161],[-77.048592800138707,38.840646346902489],[-77.048719238807493,38.840859877396902],[-77.048817644036802,38.841028848710003],[-77.04883461167438,38.8410579826636],[-77.048950088899517,38.841263210215971],[-77.048960558876004,38.841281821784555],[-77.048973345654318,38.841305785719726],[-77.048973598743444,38.841306259145533],[-77.04897747032112,38.841313513723783],[-77.049037176034602,38.84132129545322],[-77.049107239939218,38.841331733263985],[-77.049177240397057,38.84134223331511],[-77.049243677541924,38.841355420968448],[-77.049289115314693,38.841366983197538],[-77.049338054041499,38.841378546333196],[-77.04938342952876,38.841390170822208],[-77.049428802803916,38.841403045787622],[-77.049474178398739,38.841415920763929],[-77.049523053462281,38.8414302958072],[-77.04954032885631,38.841435720395815],[-77.04956647400644,38.841447225197534],[-77.04961877233923,38.841470237585192],[-77.049704330622788,38.841487138924585],[-77.04972262299043,38.841490752524848],[-77.04981900600194,38.841530903254849],[-77.049912234650279,38.841568899498874],[-77.049989829210688,38.841592761199763],[-77.050063327428376,38.841609427697449],[-77.050133560166756,38.84162036790449],[-77.050201480328511,38.841626541398504],[-77.050278064438785,38.84162845404839],[-77.050350751091599,38.841625356069414],[-77.050427505921633,38.841616816985429],[-77.050501265470217,38.841603315357922],[-77.050572259492938,38.84158511080112],[-77.050643391301435,38.841561277854908],[-77.050710178173475,38.841533197286019],[-77.050792932259938,38.841489403915695],[-77.051386006429837,38.841084782788776],[-77.052057742751998,38.840637889742574],[-77.052248249805743,38.840541229614765],[-77.052290750515709,38.840522542839018],[-77.052315625742708,38.840510479583969],[-77.052382938259882,38.840479729633657],[-77.052400287674303,38.84047485503433],[-77.051169045151553,38.832386892860107],[-77.051169974203859,38.832393938976445],[-77.051167971737442,38.83239407913014],[-77.050911721210809,38.832415178071415],[-77.049843967556981,38.832503086193149],[-77.048549579325424,38.832610044504058],[-77.04781016896078,38.832669958375995],[-77.047812970748069,38.832723869206099],[-77.047283164729905,38.83270020951376],[-77.047028591702059,38.832688840462723],[-77.047023502582945,38.832768308300189]]]]},"properties":{"OBJECTID":163,"STDYAREA":"BNDRY","ELEM_":null,"MID_":91,"INT_":null,"HIGH_":null,"DISTRICT":null,"MOBILITY":null,"REGION1":null,"REGION2":null,"ELEM_DESC":null,"MID_DESC":"Jefferson-Houston","INT_DESC":null,"HIGH_DESC":null,"TRUSTEE":null,"ADD_SCHL1":null,"ADD_SCHL2":null,"ADD_SCHL3":null,"ADD_SCHL4":null,"ADD_SCHL5":null,"created_user":null,"created_date":null,"last_edited_user":null,"last_edited_date":null,"Creator":null,"Created":null,"Editor":null,"Edited":null,"Shape.STArea()":12965992.380206227,"Shape.STLength()":27178.534464414017}},{"type":"Feature","id":164,"geometry":{"type":"Polygon","coordinates":[[[-77.063378613721852,38.844950916600474],[-77.063406739651683,38.844951290560651],[-77.063431301249778,38.844951541608481],[-77.063459363796014,38.844951916582268],[-77.063483926472429,38.844952228896837],[-77.063512052430895,38.844951104553679],[-77.063540177088967,38.844950102716972],[-77.063564801804219,38.844949041826396],[-77.063592865362224,38.84494804193222],[-77.06361755220415,38.844945603338658],[-77.063645678985438,38.844943228456195],[-77.063673864615524,38.844940791220694],[-77.063698365943154,38.844938353943931],[-77.063726552597075,38.844934540959059],[-77.063751241554584,38.844930729316857],[-77.063779428111047,38.84492697848362],[-77.063804115767653,38.844921791966108],[-77.063828803566309,38.844916540576889],[-77.064393431296907,38.844776602730413],[-77.064619305863516,38.844718914961128],[-77.064710103265952,38.844696958237968],[-77.064711056042043,38.844696726631931],[-77.064799306378916,38.844674414354088],[-77.06486293053392,38.844651914443787],[-77.065673996644065,38.844304789180974],[-77.066111673095932,38.844118386700373],[-77.066466114032622,38.84398443020627],[-77.066771342601399,38.84391476711756],[-77.067149798705003,38.843828390811979],[-77.067201051686268,38.843816692368051],[-77.067227315840199,38.843810698210447],[-77.067237791088303,38.843810886438334],[-77.067252141575622,38.843811144490786],[-77.06781356501476,38.843821217762425],[-77.068394863289484,38.843830442404538],[-77.068833936870419,38.843848054112506],[-77.069045533315673,38.843864110236026],[-77.069502485746966,38.843898780627654],[-77.069524458919886,38.843900447584851],[-77.069677267169936,38.84391260666542],[-77.069893631043044,38.843929823911381],[-77.070349750293715,38.843966107054797],[-77.070871987733668,38.843951319549134],[-77.071348313060341,38.84393742505506],[-77.071812875896811,38.843923524259623],[-77.072143495402699,38.843912138518718],[-77.072542447111928,38.843860144657363],[-77.072916478262059,38.843807517621713],[-77.073855584621143,38.843685547892171],[-77.074304449193647,38.843626427067477],[-77.074309900079911,38.843625933785738],[-77.074903056955037,38.843572264267785],[-77.075355362291504,38.843549884022053],[-77.075777872029164,38.843541038531448],[-77.076047439728768,38.84354424777235],[-77.076316700300808,38.843554811607916],[-77.076605849664162,38.843577116602276],[-77.076887467511767,38.843622242463894],[-77.077049434195587,38.843633800239047],[-77.077165747594918,38.843663390045862],[-77.077178921630974,38.843692198060651],[-77.077179534039615,38.843693965935145],[-77.077269976408033,38.843719591397218],[-77.077374668046758,38.843749655474959],[-77.077402602381838,38.843758279144701],[-77.077427102972166,38.843764029515256],[-77.077451603504485,38.843769841144436],[-77.077476039488346,38.843775654688962],[-77.077500477895128,38.843781404290446],[-77.077524978014992,38.843785841954507],[-77.077549478624547,38.843791592299524],[-77.077574040574575,38.843794654055145],[-77.077601977164647,38.84379915406857],[-77.077626478528202,38.843803529560986],[-77.077650978272374,38.843806591447589],[-77.077675540293583,38.84380959191828],[-77.077703602806082,38.843811341940345],[-77.077728104877536,38.843814402938001],[-77.077752667627706,38.843816029456796],[-77.077777166952302,38.843817717367273],[-77.07780522841604,38.843819404286002],[-77.077829854078558,38.843819716167943],[-77.07787197892219,38.843820278800905],[-77.077893041490114,38.843820465514085],[-77.07791760377053,38.843820778411533],[-77.077938666978866,38.843819653345143],[-77.077959730186507,38.843818528274973],[-77.077980854357847,38.843817466104902],[-77.078005479586992,38.843816404000265],[-77.07802660458978,38.843813903920356],[-77.078047666243947,38.84381140306926],[-77.078068792812516,38.843810277846188],[-77.078093417203064,38.843806466022187],[-77.078114542182092,38.843803966827181],[-77.078135728990333,38.843800090829127],[-77.078156855850906,38.84379621680398],[-77.078177980441382,38.843792340945633],[-77.078199106084341,38.843788528162555],[-77.078220292865609,38.843784653049951],[-77.07824498018411,38.843779466210286],[-77.078269667516807,38.843774278464664],[-77.078290792807522,38.843769028650215],[-77.078315543076698,38.843762465910984],[-77.07833673057371,38.843757215940848],[-77.078357918814831,38.843750590229639],[-77.078382606840506,38.843744028524434],[-77.078403793824918,38.843737465856073],[-77.078425043097553,38.84373084087202],[-77.078446230880772,38.843722841195031],[-77.078467482024195,38.843714841380724],[-77.078488669718993,38.843706903860451],[-77.078509919622306,38.843698966188832],[-77.078531106331567,38.843690903417396],[-77.078552419164239,38.843681590753974],[-77.078570168902274,38.843672152952436],[-77.078591357298023,38.843662840577011],[-77.078637481619054,38.843640028544776],[-77.078662294536912,38.843628028374923],[-77.078687169405995,38.8436145279721],[-77.078708482059994,38.843601090742574],[-77.078729857015617,38.843587590296366],[-77.078754669548488,38.843574153091886],[-77.078775981043947,38.843560714935307],[-77.078797357829657,38.843545840554739],[-77.078818733393945,38.843531027419964],[-77.078840107840634,38.843516153904346],[-77.078861483405106,38.843501339860957],[-77.078872107489929,38.843494589758038],[-77.078882856189097,38.843485152736633],[-77.078904232930171,38.843470278336362],[-77.078922107150717,38.843453965059958],[-77.07894710890227,38.843430964750553],[-77.078965044785832,38.843413339534301],[-77.078986483567519,38.843394339532452],[-77.079004420149218,38.84337533947334],[-77.079022357855308,38.84335634032611],[-77.079036732757288,38.843338715235383],[-77.079054733488547,38.843318277132688],[-77.079072670748786,38.843297902226148],[-77.07909060799885,38.843277527316772],[-77.079105045796055,38.843258527232841],[-77.079119483226961,38.843238090131976],[-77.07913398359463,38.843216277143931],[-77.079148358717774,38.843195902351589],[-77.079224732818858,38.843063588455713],[-77.079294045351148,38.842936713646559],[-77.07949348462617,38.842970713736307],[-77.079776922857803,38.843019463903737],[-77.080658801780046,38.843170212879492],[-77.08173668048623,38.843356213534911],[-77.082247620568083,38.843444774883586],[-77.082723559733424,38.843526088514174],[-77.083955376608131,38.843738650120784],[-77.083972876942241,38.84374158660335],[-77.085036757360584,38.84392327413277],[-77.085516133370092,38.844010086527369],[-77.085743509247905,38.844049899325526],[-77.085773509172071,38.843598522844083],[-77.085534380619535,38.842370896087473],[-77.085272879028409,38.841030393901448],[-77.085129501255068,38.840288580224765],[-77.084982937598639,38.83952889084734],[-77.084950810928632,38.839376078600246],[-77.084934373657646,38.839318266664165],[-77.084795810861166,38.839046078539951],[-77.084724810347865,38.838907891046773],[-77.084701683440358,38.838656391142344],[-77.08469305890462,38.838560139850351],[-77.08467287244838,38.838336139853482],[-77.084644496194045,38.837818200674043],[-77.084635932537964,38.837715013695814],[-77.084634432874452,38.837613449817169],[-77.08463299499202,38.837510388405271],[-77.084634995504786,38.83740745134206],[-77.084636995420595,38.837305888214225],[-77.084647306814162,38.837141262578406],[-77.084657057133498,38.837002699991146],[-77.084666744074042,38.836864136634645],[-77.084680056676731,38.836724199803868],[-77.084700368732712,38.836585761860164],[-77.084720618956439,38.836448761977287],[-77.084756367523553,38.836237698260582],[-77.084775681117264,38.836150074321822],[-77.084794931904597,38.836063822665814],[-77.084817680345793,38.835976260856818],[-77.084840493878872,38.835890010706315],[-77.084866742894889,38.835802447848707],[-77.084915306507682,38.835654696826722],[-77.085000180936447,38.835447009240859],[-77.085154430207666,38.835101508343271],[-77.085168993368683,38.835075571727351],[-77.085180055370671,38.835048258599564],[-77.085191117899726,38.835022321224606],[-77.085202181036777,38.83499500810828],[-77.085209742995644,38.83496900871215],[-77.085220804948008,38.834941696480534],[-77.085228306456045,38.834914321507661],[-77.085235931235545,38.834886945317294],[-77.085243494992909,38.834859508928162],[-77.085250994107483,38.834832196090076],[-77.085258620003458,38.834804820812323],[-77.085262680840287,38.834777383640059],[-77.08526674390427,38.834750008659753],[-77.085270806501157,38.834721195760494],[-77.085274805050261,38.834693820902906],[-77.085279368521697,38.834638945108487],[-77.085288118313557,38.834553945222495],[-77.08529280510713,38.83449356972347],[-77.085295275044842,38.834479174416217],[-77.085296805373957,38.834470257259568],[-77.085297733462923,38.834422454230044],[-77.08529843138794,38.834386507605608],[-77.085299414996555,38.834370378075576],[-77.085303618417754,38.834301444947485],[-77.085301742695748,38.834217694523971],[-77.085299930913081,38.834132570022575],[-77.085292367264117,38.833982756577505],[-77.08529905051472,38.83386922666741],[-77.085302866950826,38.8338043818746],[-77.085290116712827,38.83356119378314],[-77.08527361528941,38.833150443523778],[-77.085235798088689,38.832261958771205],[-77.085232802319311,38.832191565780505],[-77.085233497434913,38.832157223692896],[-77.085234552733013,38.832105128249864],[-77.085272183749893,38.831986226012063],[-77.085275677048017,38.831975190959021],[-77.085274024814709,38.831892262144095],[-77.085266863325444,38.831532939642415],[-77.085258051351587,38.831089377418053],[-77.08525917589219,38.831033064554354],[-77.085263736748999,38.830978251750459],[-77.085268363998509,38.830921939666297],[-77.085272987730804,38.830865688803449],[-77.085281112326584,38.830810876612553],[-77.085289237524179,38.830754688678859],[-77.085300862423097,38.830699939402379],[-77.085308987069567,38.830645064142146],[-77.085324112889879,38.830589001136218],[-77.085335675642199,38.830534188039231],[-77.085350861928376,38.83047943844042],[-77.08538086223939,38.830380938037969],[-77.085399487773643,38.830323500913842],[-77.085418237698903,38.830266062582865],[-77.085440425679295,38.830208688212871],[-77.085462612563262,38.830151250758718],[-77.085488300287196,38.830095250165094],[-77.08551398786274,38.830039313531159],[-77.085539612153781,38.829983313062172],[-77.085568862267266,38.829927374306472],[-77.085623487528594,38.829826437145051],[-77.085918799586651,38.829271122763359],[-77.086042800234438,38.829033747313282],[-77.086213988303257,38.828718622502087],[-77.086339551535758,38.828762685142443],[-77.086393864408862,38.828679621389767],[-77.086440801234659,38.82861287144641],[-77.086487738479249,38.828547558503224],[-77.086538177083014,38.82848224626963],[-77.08658861387201,38.828418308841044],[-77.086642489755576,38.8283544335318],[-77.086685741018641,38.828300057787075],[-77.086710990717407,38.828265995164543],[-77.086743239658972,38.828232058270451],[-77.086771989424619,38.828198121573479],[-77.086800677672272,38.828165495009827],[-77.086832927695582,38.828134307801413],[-77.086865178239378,38.828101746642886],[-77.086883052548075,38.828085433965562],[-77.086897366113476,38.828070495602155],[-77.086933052918695,38.828039370472169],[-77.086965302845528,38.828008182325711],[-77.087000990231971,38.82797837076631],[-77.087036615263955,38.827948682776388],[-77.087072365397574,38.827920244997713],[-77.087111491296881,38.82789187037509],[-77.087147178039345,38.827863431810727],[-77.08718636598843,38.827835120076031],[-77.08722549123695,38.82780812025662],[-77.087264617066623,38.827782494378916],[-77.087314491611806,38.827747369436949],[-77.087339429343203,38.827728494731069],[-77.087367866272061,38.827709556730646],[-77.087399803875854,38.827692119498622],[-77.087428241837003,38.827673244562625],[-77.087456679824868,38.827657119317131],[-77.087488616303318,38.827639619882213],[-77.087516992065048,38.827623494774251],[-77.087548929041162,38.8276074323432],[-77.087580803892507,38.827591306990307],[-77.087612680391899,38.827576619563672],[-77.087644555726698,38.82756193211447],[-77.087676429985692,38.827547181577295],[-77.087708305365311,38.827532431946047],[-77.087740242328294,38.827519118259445],[-77.087772118887514,38.827507118322252],[-77.087807431656458,38.827493806501451],[-77.087839243620323,38.827481868835321],[-77.087874619256496,38.827469868632129],[-77.0879035402331,38.827461269314639],[-77.087909931958535,38.827459369543377],[-77.088352495968181,38.827803806780608],[-77.088636121979647,38.828021369271333],[-77.088746685421484,38.828107932299346],[-77.089168562261918,38.828436994205831],[-77.089369063792844,38.828594556854263],[-77.089586940288015,38.828766057521136],[-77.09046519458029,38.829452182950874],[-77.091315761559727,38.830117308613886],[-77.091696075092216,38.830414307285338],[-77.092021077161917,38.830669495699723],[-77.093224458967981,38.831609371283925],[-77.093573897270716,38.831873059342541],[-77.094063701921442,38.832245564085433],[-77.094089337122313,38.832265059558139],[-77.094333618731596,38.832450113936723],[-77.094417611736219,38.832513742952749],[-77.094971466968005,38.832933310497701],[-77.095753472242478,38.83352212284565],[-77.095995972530758,38.833688435126504],[-77.096408286805229,38.833970685456578],[-77.096498287546865,38.834034935244382],[-77.096921476948353,38.834300874182837],[-77.097344665609441,38.834564061844326],[-77.097435979186841,38.834619504509703],[-77.097757543205262,38.834814749336687],[-77.097879865104872,38.834886363815009],[-77.098048711050836,38.834827262463421],[-77.098060653935306,38.834823839179158],[-77.098150976353764,38.834798883421456],[-77.099650275184842,38.834386493002455],[-77.10011985697183,38.834252043829295],[-77.100709448946219,38.834084696764258],[-77.100822389322119,38.834054463312285],[-77.100977691782418,38.834012377361844],[-77.101708300295385,38.833815127165856],[-77.102593422734628,38.833580426583197],[-77.102761976628017,38.833535731971182],[-77.103130548245318,38.833437998069023],[-77.104613013952445,38.833032733103359],[-77.105184821755316,38.832876137531535],[-77.105223699138705,38.832862870066641],[-77.105732510964003,38.832695910974358],[-77.106179984644214,38.832564876202483],[-77.106690944873392,38.832415249273708],[-77.107488290486899,38.832181752067932],[-77.10769377732322,38.832121576152829],[-77.107755737017968,38.832103430988802],[-77.107851719321189,38.832138728024745],[-77.107822237229968,38.832083981028632],[-77.107836947984325,38.832079678736328],[-77.108027569088904,38.832022738679704],[-77.108222149833679,38.83196461548377],[-77.108277371207535,38.831948120852253],[-77.108398423944152,38.831911960762639],[-77.109928184757976,38.831417941523746],[-77.110285036138961,38.831301341107469],[-77.11138416305046,38.83092577832852],[-77.11185789906169,38.830755632725577],[-77.113055703544404,38.830284509667969],[-77.113105781834008,38.830311788376122],[-77.113067782287018,38.830279759384247],[-77.113198684247791,38.830227757759388],[-77.113481974237246,38.830119903221807],[-77.113454354813271,38.830091750326439],[-77.11338657522893,38.830022135339959],[-77.113373084631235,38.830009160903408],[-77.113377174947956,38.830007479418278],[-77.113403291220848,38.829996742407076],[-77.113468331870919,38.829967755353941],[-77.113473882178681,38.829965264948399],[-77.113468096641355,38.829959060258972],[-77.113034313920195,38.829559977354037],[-77.111098898992367,38.828175989896749],[-77.110828430496525,38.827954956106467],[-77.110569339596182,38.827743217186459],[-77.110460504962276,38.827654273744791],[-77.109156197483486,38.826588323950226],[-77.108676711796619,38.826196455779439],[-77.108527163799494,38.826074232395925],[-77.10789556716594,38.825683891552799],[-77.107653292428296,38.825534158418925],[-77.107354118229296,38.825349258580509],[-77.107077245075004,38.825192999789067],[-77.106636725249757,38.824944380112434],[-77.106600789629383,38.824924098348212],[-77.106644153176759,38.824883402126886],[-77.106557465949464,38.824899646653357],[-77.106322802139559,38.824767207341949],[-77.105766102227932,38.824510700503737],[-77.104844694280985,38.82423475108444],[-77.104218506474623,38.824075362496785],[-77.103908945715034,38.823996567122286],[-77.102343584580623,38.823598102753898],[-77.101952590800607,38.823462250012263],[-77.100858189012541,38.823081985241068],[-77.098412236581183,38.822141092627056],[-77.098418338512445,38.822139308654947],[-77.098521481619997,38.822109158731827],[-77.098537865760065,38.822104369463574],[-77.098539615948965,38.822103857905759],[-77.09854211902767,38.822103126498916],[-77.098562058673053,38.822081447260949],[-77.098741506598813,38.821886348277395],[-77.098798484697056,38.821824399218556],[-77.09884675826936,38.821771893548672],[-77.099009959873825,38.82159581740251],[-77.099070083238146,38.821530950653482],[-77.09921224805737,38.821378622546177],[-77.099418007903736,38.821158149686809],[-77.099607305978878,38.820955316995914],[-77.099734619070517,38.821044722074959],[-77.100044205338151,38.821266717702784],[-77.100082657584508,38.821294127431557],[-77.10021242327646,38.821157507807797],[-77.100415176327388,38.820944040981125],[-77.100623500175601,38.820724711100212],[-77.10087681066976,38.820458011117829],[-77.100772177984368,38.820396153948565],[-77.10062144802643,38.820307044625324],[-77.100617463133247,38.820304687970498],[-77.100501005951259,38.820235841422246],[-77.100039107857924,38.819962811865622],[-77.099834455023768,38.819921584157711],[-77.099901210960738,38.819243512892086],[-77.099991645535624,38.818654406255668],[-77.100060933826256,38.818226154051878],[-77.100046854130937,38.817703267854149],[-77.099960832795119,38.817343690626679],[-77.099840479284765,38.816859369863849],[-77.099841032183861,38.816847845207178],[-77.099849008465625,38.816681498048069],[-77.100087582972364,38.816467096018847],[-77.100517935946968,38.816173099168857],[-77.101092435872374,38.815799815963814],[-77.101192325323581,38.815647955329183],[-77.101292354245288,38.815457928438313],[-77.101327631203347,38.815390909276068],[-77.101421794038799,38.815270738657496],[-77.101425783230894,38.815265647190635],[-77.101420698484418,38.815261416085072],[-77.101403769358143,38.815247328854191],[-77.101403378382173,38.81524700435655],[-77.101202311324258,38.815076544295053],[-77.100972439852072,38.814881662533374],[-77.10087218593803,38.814796667037719],[-77.100871946873013,38.814796465977977],[-77.100871864196407,38.814796394718002],[-77.100871832486234,38.814796367311367],[-77.100773512569162,38.814713012895176],[-77.100769611733995,38.814709726559926],[-77.100768869755967,38.81470909515501],[-77.100736984154807,38.814682010742878],[-77.100713757884662,38.814662281339075],[-77.100653483857457,38.814611080468758],[-77.1005902937478,38.814557417626347],[-77.10058310711328,38.814551314465838],[-77.100553140521853,38.814525866490754],[-77.100440158600492,38.814429916403711],[-77.100439378063271,38.81442925480539],[-77.100415101605776,38.814408645197439],[-77.10025433793831,38.814272113752672],[-77.100232171086091,38.814253285224119],[-77.100198712177431,38.814224876411487],[-77.100040741745346,38.814090714146815],[-77.100038016187924,38.814088400420147],[-77.099853894927662,38.813932888673932],[-77.099847376476816,38.813927368245956],[-77.09971231536548,38.813813282688614],[-77.099705677701749,38.813807676140293],[-77.09970503423618,38.813807131494308],[-77.099677230620955,38.813783646141417],[-77.09953876342054,38.813666683530727],[-77.099483990531311,38.81362258681542],[-77.09946626170148,38.813607797814846],[-77.099409180750555,38.813560180527418],[-77.099316235625679,38.813482641554572],[-77.099294136472309,38.813464204660171],[-77.09917041393696,38.813360991336225],[-77.099093635399313,38.813296939620201],[-77.099084585205475,38.813289391511361],[-77.099023498105524,38.813238430515959],[-77.099002730490611,38.813221105019103],[-77.098938112735794,38.813167198955512],[-77.098876836620192,38.813116079758267],[-77.098734074332114,38.812996997175851],[-77.098589394799959,38.81287628241266],[-77.098584497573057,38.812872195767902],[-77.098579598026603,38.812868109996188],[-77.098551771379235,38.812844897976575],[-77.098528276553694,38.812825300953278],[-77.098443305595794,38.812754421731277],[-77.098407012749703,38.812724136984649],[-77.09836438483174,38.812688566347525],[-77.098340428959432,38.812668583575643],[-77.098300136291414,38.812634967044737],[-77.098300112466347,38.812634948741106],[-77.098244104987174,38.812588223911249],[-77.098152849471433,38.812512095223823],[-77.098036838609119,38.812415310071046],[-77.097997738192021,38.812382689713793],[-77.097934660711942,38.812330064607742],[-77.09788787664715,38.812356878216121],[-77.097878709278319,38.812365607890655],[-77.097848625959017,38.812394246380251],[-77.097804412181262,38.812436329355656],[-77.097729014612085,38.812508084526513],[-77.097716515009154,38.812519980846503],[-77.097662312342223,38.812571573745409],[-77.097568888068309,38.812660500802863],[-77.09751170252774,38.812714932912627],[-77.097494038902866,38.812731746134929],[-77.097311033206338,38.812905941144315],[-77.097223795175239,38.812988979395776],[-77.097177616445393,38.813032932443605],[-77.09713027714028,38.813077993280572],[-77.097047185364971,38.813157084360306],[-77.097011687551657,38.813190871696726],[-77.096955064075104,38.813244783203452],[-77.096890775404319,38.81330596468618],[-77.09687441516418,38.813321533874031],[-77.096554721215313,38.813111240231471],[-77.096497897328504,38.81307386207483],[-77.096380381958312,38.812996558367466],[-77.096280616364893,38.81293093960835],[-77.096135148870047,38.812835256975887],[-77.096086796590512,38.812803453255235],[-77.095975559213883,38.812730269517964],[-77.095915019476536,38.812690439260763],[-77.095898469254166,38.812679556820747],[-77.095883865464444,38.812669953598032],[-77.095866012466303,38.81265820776725],[-77.095833026021026,38.812636503697505],[-77.095687788376324,38.812540963788848],[-77.095549101951676,38.812449735684062],[-77.095488953649976,38.812410169358429],[-77.095461533660227,38.812392131115629],[-77.095409804266907,38.812358102771945],[-77.095286917072897,38.812277263154996],[-77.095142845079991,38.812182487895875],[-77.095100974067606,38.812154944476355],[-77.095083910311189,38.812143718812159],[-77.094991574621474,38.812082976440543],[-77.094990394142982,38.812080571179202],[-77.09494918797111,38.811996623495531],[-77.094911442568289,38.81191972213766],[-77.09480654149597,38.811705619632896],[-77.094787035145501,38.811665809011082],[-77.094787558716376,38.811662355628165],[-77.094834976180493,38.811352062834359],[-77.094845500483231,38.811329785818764],[-77.094925861338055,38.811159689072113],[-77.095005731735512,38.810990627894981],[-77.095005845878816,38.810990385104013],[-77.095069125344821,38.810856446106435],[-77.095087042501248,38.810818907182025],[-77.095213393926883,38.810554177203826],[-77.095331777600862,38.810346065697253],[-77.09543896984745,38.810027809381538],[-77.09543975962157,38.8100254619468],[-77.095436257068954,38.810024739796681],[-77.095489209140993,38.809878154596781],[-77.095491651276319,38.80987139245812],[-77.095491792331089,38.809871422076235],[-77.095716556051912,38.809918897979678],[-77.095931893805314,38.809962727111014],[-77.09593187167448,38.809962798922321],[-77.09598634005539,38.809973918017249],[-77.097395960921475,38.81026167752092],[-77.097432352983759,38.81026910666737],[-77.097622978539519,38.810305009783846],[-77.097673018437263,38.810314434522368],[-77.097681339498692,38.810316188127153],[-77.098128710749734,38.810410463792195],[-77.098477345225447,38.810473159301061],[-77.099158412386387,38.81059563466961],[-77.099356527594651,38.810630961271812],[-77.099562738586371,38.81066649859288],[-77.100626158538233,38.810849445303376],[-77.101080931700579,38.810927466366536],[-77.101402673663017,38.810986398036825],[-77.101587989548193,38.811023738654377],[-77.102050693746847,38.811124022852617],[-77.102458016574559,38.811224153672846],[-77.103472144665659,38.811471834043274],[-77.103474552572195,38.811472422194605],[-77.10347765212174,38.811465274010452],[-77.103600491899044,38.811181921407879],[-77.1036393153001,38.811109422721387],[-77.103748211722532,38.810944812326909],[-77.103969416802315,38.810709277511748],[-77.104356611475325,38.81090256104865],[-77.10486873989457,38.81038492963598],[-77.104940408192405,38.810310886748944],[-77.105491681389182,38.809741351267803],[-77.10578779684684,38.809457024140023],[-77.105825811789501,38.809418893592543],[-77.106045160694379,38.809176353198652],[-77.106123505242607,38.808991233273368],[-77.105824562034158,38.808842138077246],[-77.105488293984592,38.808788222633829],[-77.10516956300404,38.808729880229585],[-77.105021637733472,38.808048786666824],[-77.104272769057999,38.808149216649674],[-77.104085988869613,38.807383079068757],[-77.109466910939673,38.806517571632561],[-77.109461284137012,38.806513691216708],[-77.108829774195712,38.806078152891601],[-77.108439288119712,38.805945782292646],[-77.106898691042659,38.804565541469742],[-77.106534386403595,38.804298530770708],[-77.105854979635723,38.803298122897132],[-77.105376791082662,38.803341874322399],[-77.104902289513149,38.803380187162318],[-77.10484253828929,38.803383499325527],[-77.10475472626662,38.803389374282858],[-77.104417411432422,38.803410125533233],[-77.104051848364008,38.803438686989502],[-77.103682970163021,38.80346037593376],[-77.103314093644201,38.803477939183054],[-77.102892717143249,38.803490813657589],[-77.102467902116743,38.803499501278544],[-77.102043213603423,38.803502628193804],[-77.101204646698179,38.80349262790034],[-77.100713644878184,38.803477191606923],[-77.100222766875717,38.803454878665086],[-77.099732015081173,38.803425691805849],[-77.099220261969108,38.803389317491053],[-77.098355008669543,38.803310380519555],[-77.097045250563227,38.803168381809364],[-77.095696995223975,38.803019069344053],[-77.094968678858109,38.802933445061079],[-77.094349050945866,38.802860133669135],[-77.093708359881916,38.802779696721394],[-77.093067732891058,38.802697821805474],[-77.092574105761898,38.802637009110676],[-77.092444541642891,38.802621697045424],[-77.091866851574224,38.802551635280878],[-77.091842351551975,38.802548572562969],[-77.091821351644924,38.802545572576683],[-77.09061690726945,38.802402073826151],[-77.090399513873592,38.802375594662116],[-77.089897447722294,38.802314442203127],[-77.089766153725407,38.802298449575773],[-77.088519773136824,38.802148949948389],[-77.087462393143028,38.802022262807704],[-77.086664139023341,38.801926076419242],[-77.086422574334676,38.801897075977081],[-77.085116568765272,38.801745514232181],[-77.084987005455503,38.801730139841908],[-77.083982125096355,38.801613702753535],[-77.083554937306104,38.801563203096379],[-77.083467498043504,38.801552578235579],[-77.082511618453694,38.801438016647595],[-77.082305054199153,38.801412142478512],[-77.08158355201212,38.80133889255778],[-77.080858421992971,38.80127520658975],[-77.08031573212152,38.801209643752728],[-77.08013723113551,38.801188205620363],[-77.079587541273213,38.801122517732551],[-77.079513978342732,38.801113394047114],[-77.07941597786423,38.801102581505312],[-77.079174415115389,38.801073581404253],[-77.078166035136917,38.800957020335467],[-77.077419574027871,38.800869705293209],[-77.077409617156121,38.800868540338477],[-77.077210154605879,38.80084520829184],[-77.077126090925788,38.800835958443557],[-77.076089835920442,38.800712146310211],[-77.075806272045511,38.800675772230143],[-77.075620835324088,38.800648771476467],[-77.075438896746107,38.800619147878841],[-77.075257082424443,38.800588084876352],[-77.075078768693714,38.800554335113347],[-77.074897018523075,38.800516398027519],[-77.074718767326516,38.800478585157073],[-77.074540640854963,38.800436584980311],[-77.074051639016176,38.800322209878729],[-77.073566011374425,38.800209148601027],[-77.073496198316292,38.800193210434209],[-77.073419322441495,38.800174398772697],[-77.073373947586518,38.80016427248399],[-77.073290072521573,38.80014402327933],[-77.073272634819418,38.800139647873976],[-77.073112071064557,38.800097897848779],[-77.07294444659739,38.800051960549354],[-77.072773506262564,38.800004585279773],[-77.072606068952311,38.799954523383555],[-77.072245522749967,38.799856585668827],[-77.071806752108657,38.799737397711681],[-77.071482250250995,38.799642836277059],[-77.071409000368064,38.799621336636335],[-77.071011372854599,38.79949839959874],[-77.07036286816583,38.799285900288865],[-77.070185118634114,38.799224712118843],[-77.0699411809141,38.799139336941359],[-77.069523052096429,38.798988711582453],[-77.069429363306938,38.799112525609921],[-77.069456863842774,38.798964586736119],[-77.068770735360886,38.798702148943157],[-77.068332107915822,38.798523837683277],[-77.0680919203554,38.798427525283756],[-77.067263414071661,38.798091962010794],[-77.066010033929288,38.797593338094075],[-77.065338092073915,38.797326962903483],[-77.063844458674126,38.796736151151308],[-77.063524143636002,38.796610088634104],[-77.063019706992364,38.796426799563548],[-77.063015515683077,38.796425276951354],[-77.062938890730976,38.796396901316299],[-77.062798514057491,38.796045089314617],[-77.061789382907136,38.795093525070911],[-77.061650819315204,38.79483096389832],[-77.061556192779292,38.794649899819312],[-77.061069449901282,38.794612603390178],[-77.060809877119993,38.794592713222087],[-77.05934180748298,38.794481277134295],[-77.058800139685317,38.794109397077079],[-77.057912297527565,38.793499838883903],[-77.056901416064306,38.792813214398421],[-77.056637993023671,38.792674310919836],[-77.056488227974313,38.792595338402457],[-77.056196599821618,38.792440652419621],[-77.055936223037733,38.79230296507663],[-77.055325030983525,38.791983714193513],[-77.054573026888818,38.791688840129403],[-77.053412334491625,38.791130839957198],[-77.053134269482044,38.790998277987121],[-77.052616390266593,38.790751591033889],[-77.05207076173734,38.790490902392605],[-77.051393196578616,38.790159840083689],[-77.051240320393475,38.790083778319136],[-77.051131506988682,38.790040840369961],[-77.051129007197218,38.790039840955423],[-77.050990756131853,38.789969090501515],[-77.050785129222177,38.789863965472144],[-77.048454804110662,38.788950903305746],[-77.048316615467954,38.788896778574305],[-77.040547131179039,38.785852594307549],[-77.04035195056278,38.789071411676559],[-77.040324703996262,38.790238226823398],[-77.039744451312032,38.790302351484861],[-77.039730388254199,38.79030360172483],[-77.039716262954528,38.790306101726685],[-77.039702263008181,38.790308664553038],[-77.039691575655553,38.790312726381224],[-77.039677575707003,38.790315289204663],[-77.039663387787215,38.790319227260476],[-77.039649325350751,38.790323165075037],[-77.039638637899102,38.790328477435672],[-77.039624512879286,38.79033385150607],[-77.039613887460476,38.790339226803383],[-77.039599700363794,38.790344539733361],[-77.039589138241155,38.790349915816542],[-77.039578450497757,38.790356601237725],[-77.039567762697445,38.790363289360123],[-77.039557074651796,38.790370102712551],[-77.039546450202039,38.790376788918906],[-77.039535763095031,38.790384914986113],[-77.039525075304837,38.79039160220384],[-77.039514387078952,38.790399726453238],[-77.039507261756711,38.790407852721586],[-77.039496512170373,38.790417352878777],[-77.039489325733911,38.79042554055161],[-77.039482136803159,38.79043503999695],[-77.039474949361619,38.790443163687925],[-77.039467698110826,38.790452727225777],[-77.039460512608855,38.790462227613467],[-77.039453261485164,38.790471728084583],[-77.039446011206323,38.790482602536244],[-77.039442325102129,38.790492227585752],[-77.039435075970431,38.790503102051098],[-77.039431386523603,38.790512664892077],[-77.039427636887666,38.790523602755897],[-77.039423949305103,38.790534602657907],[-77.03942026228799,38.79054410246129],[-77.039416512648671,38.790555040324662],[-77.039416323562662,38.790566039644915],[-77.039412573921638,38.790576977508124],[-77.039412325082196,38.790587914818644],[-77.039412074960808,38.790598915180645],[-77.039411885873989,38.790609914500763],[-77.039450576677439,38.791215853257832],[-77.039454514357004,38.791276415547365],[-77.038927137936867,38.791669354663171],[-77.03893151170405,38.791801230107353],[-77.038947377761005,38.792301343867244],[-77.038948638989581,38.792341106505489],[-77.038973010940438,38.793201449511308],[-77.038987393192684,38.793709170375571],[-77.039008145250946,38.794417921435389],[-77.039008957799226,38.794548358643794],[-77.039073275939785,38.796910862017086],[-77.039078527640598,38.797167674856674],[-77.03908296518189,38.797295425408969],[-77.039091215427902,38.797578426018276],[-77.039096653829517,38.797656738773455],[-77.039115850582292,38.798246422872758],[-77.039116586168888,38.798269016467401],[-77.03912260325022,38.798453842824031],[-77.039123084310376,38.798468628207587],[-77.039127107861418,38.798592173274777],[-77.039157159061986,38.799515241337822],[-77.039162847027654,38.799750116508399],[-77.039174534973284,38.800041366623773],[-77.03918966146496,38.800504305471804],[-77.038965599502532,38.801685056835829],[-77.038503867268957,38.80408637274877],[-77.039729200908852,38.804174320371629],[-77.043511438987707,38.804624182390349],[-77.043622414841636,38.804637379844252],[-77.04363095555675,38.804638485037145],[-77.043790349019375,38.804659109071302],[-77.04651270383313,38.805011331447012],[-77.046816871253654,38.80505068211027],[-77.04701550124571,38.805076378149309],[-77.047034715504395,38.805078864019208],[-77.050284782864878,38.805499260493356],[-77.051369485429092,38.805639545327345],[-77.05137270681027,38.805639961706483],[-77.053464204645792,38.80591042636734],[-77.05364200420486,38.805933417183731],[-77.054632550044431,38.806061495683743],[-77.060703577992044,38.806846291737067],[-77.059990901718876,38.807322238019474],[-77.059733852309947,38.80749390264706],[-77.059504494569993,38.807647074015748],[-77.059008306150133,38.807978436953746],[-77.058773409049621,38.808103257814416],[-77.05867291408245,38.808181756184453],[-77.058523161715613,38.808303824125048],[-77.058491139232117,38.808330841406594],[-77.05830652235872,38.808486608967549],[-77.058332112906939,38.808505652543104],[-77.058318726635491,38.8085171410344],[-77.058185691041942,38.808631308055816],[-77.058104399764233,38.808703121692957],[-77.058029778535399,38.80876904480683],[-77.057880073916991,38.808902955614087],[-77.057719933276388,38.809051349670369],[-77.057711899523412,38.80905879462621],[-77.057696527845479,38.8090730371934],[-77.057680744255947,38.809087664809304],[-77.057660768425777,38.809106174465242],[-77.057591904480802,38.809172294218143],[-77.057556471519064,38.809206314806964],[-77.057446026571498,38.809312356415873],[-77.057179874124543,38.809580138493324],[-77.057109732680814,38.80965070830343],[-77.057095627268396,38.809665760109816],[-77.056990186547594,38.809778275856871],[-77.056963371219354,38.809806890202694],[-77.056873381783632,38.809902917364461],[-77.056850219913017,38.809928560217919],[-77.05683566114655,38.809944678556441],[-77.056642691609895,38.810158313810135],[-77.056417732783586,38.81041682286147],[-77.056231966227458,38.81063851144026],[-77.056211654474936,38.810662750412874],[-77.056198572641492,38.810678361590092],[-77.056023403559649,38.810897632346872],[-77.056011774159927,38.810912190140812],[-77.05598786329395,38.810942122075893],[-77.055964577366865,38.810971267954379],[-77.055883714691248,38.811072491702184],[-77.055809281555767,38.811175049572128],[-77.055788434713335,38.811203779465451],[-77.055745746277864,38.811262602757822],[-77.055621730893463,38.811433497722845],[-77.055545246651775,38.811538892516957],[-77.055538893768215,38.811547647290169],[-77.055532540883107,38.811556402063047],[-77.055507275060791,38.811591217526846],[-77.055480762765626,38.811627087976049],[-77.055462562714979,38.811651711400522],[-77.055290814986307,38.811884082573783],[-77.055199481232009,38.812007654001867],[-77.055198966303578,38.812008350407623],[-77.055183557710009,38.811903419850651],[-77.055183467334885,38.81190281779908],[-77.05516085961672,38.811787343870968],[-77.055134699274419,38.811653735857988],[-77.054937229880608,38.81188501403787],[-77.05485596677768,38.811993710101824],[-77.054846938742557,38.812005784350312],[-77.054779929286866,38.812095415981723],[-77.054779118673963,38.812096499759015],[-77.054746036279226,38.812082299488274],[-77.05473367988742,38.812076996504487],[-77.054672975784129,38.812050939916574],[-77.054490827206735,38.811972754197136],[-77.054522123627152,38.811926069251477],[-77.054524975205211,38.811921816726354],[-77.054538104224349,38.811902231289515],[-77.054513708872932,38.81189193551166],[-77.054203363512372,38.811760973828925],[-77.054188178248751,38.811754566489412],[-77.054188061799863,38.811754745245921],[-77.054186386227286,38.811757323860519],[-77.054174890934519,38.811773488634962],[-77.054155027249237,38.811801617708674],[-77.054145536367727,38.811815056557613],[-77.054124093807019,38.811845421265957],[-77.054103739392616,38.811874243426594],[-77.054076274143455,38.811862573603904],[-77.053959276604431,38.811813177295299],[-77.053959954551416,38.81181216306404],[-77.053954044798104,38.811810965831],[-77.053914024139388,38.811794048109086],[-77.053812727962068,38.811751229361647],[-77.053775010392016,38.811735285985293],[-77.053745831667101,38.811731512578731],[-77.053693201154005,38.811724405734033],[-77.053577729669968,38.811708811963271],[-77.053456819078093,38.811690096771102],[-77.05345674333995,38.811690140885197],[-77.053401241921733,38.811722548756926],[-77.051345781254753,38.811461799446498],[-77.051312929276435,38.811457631405894],[-77.051233999314334,38.811447617468289],[-77.050145183947691,38.811309480163089],[-77.049066182836697,38.811172575763024],[-77.045758927927466,38.810752882773585],[-77.045754010908666,38.810752258727099],[-77.045751765469248,38.810751973220228],[-77.045022871006267,38.814160497720884],[-77.045032919582155,38.814161751231666],[-77.045199108069411,38.81418249063789],[-77.045518771847625,38.814222381320327],[-77.048351438739374,38.814583747009067],[-77.049275158324505,38.814701571443777],[-77.049391183000253,38.81471637077312],[-77.04940926461893,38.814718677337083],[-77.049409649411189,38.814718726241288],[-77.049409579672883,38.814719100177527],[-77.049408218411003,38.814726459489108],[-77.04920081577221,38.815847548825353],[-77.051353755923017,38.816133657083974],[-77.051230454220359,38.816676053312555],[-77.051331294020599,38.816702374718254],[-77.051478526402121,38.816720887172153],[-77.051600822846183,38.816736264424442],[-77.051713234829066,38.816751080776193],[-77.051784525823379,38.816782874355539],[-77.051835560189517,38.816805633549926],[-77.051881437945227,38.816826093805467],[-77.051882004045808,38.816825318761595],[-77.051925378146379,38.816765938630958],[-77.052135633240411,38.816478094512924],[-77.052334933600392,38.81619762613829],[-77.052564431740095,38.815874658815744],[-77.052776022892516,38.815576888876187],[-77.052854209706666,38.815466856230678],[-77.053143570171201,38.815018050630712],[-77.053148558103004,38.815010313453854],[-77.053521377445492,38.814366844554037],[-77.053618132360114,38.814199846645685],[-77.053695794581756,38.814065803669038],[-77.054344639173891,38.812945888998236],[-77.054381130669526,38.812882904016533],[-77.054608245417199,38.812977947545903],[-77.054661939043086,38.81300271681571],[-77.054734462034631,38.813036170786887],[-77.054745153368856,38.813041820847623],[-77.055072581693238,38.813214849832924],[-77.055317094200248,38.813341474840165],[-77.055542770468136,38.813442900105329],[-77.055931424484001,38.81360108210874],[-77.056224739846471,38.813699170682021],[-77.056367734561562,38.813746989816536],[-77.056368567298279,38.813747268547814],[-77.056374709914849,38.813749322628532],[-77.056464158983474,38.813787532695429],[-77.060858005311118,38.815664310786651],[-77.062440152658695,38.816254010815719],[-77.06247769700289,38.816268004052205],[-77.062507889080507,38.816279257491558],[-77.062527795739243,38.816286678384323],[-77.063185388516246,38.816531771465691],[-77.065891480556203,38.817736930694529],[-77.066076593956211,38.817819367197316],[-77.066366738968142,38.819838957305237],[-77.066359913427149,38.81980415384399],[-77.065958357290285,38.819838629486732],[-77.065943699784597,38.819732761221253],[-77.065924533319418,38.819594322406985],[-77.065909829569648,38.819488122013723],[-77.065736938078899,38.819502728749491],[-77.065736786276759,38.819501679985109],[-77.065731532087355,38.81946738760859],[-77.065725625952524,38.819425547176174],[-77.065644153918555,38.819432608518014],[-77.065495071987641,38.8194450157064],[-77.065322254097495,38.819459397492352],[-77.065146098823888,38.819474058052819],[-77.064972507915286,38.819488502849879],[-77.064969906598449,38.819488719699713],[-77.064798460092433,38.819502986850026],[-77.064625536932155,38.819517377136989],[-77.064397728111999,38.819536085159754],[-77.064100754613094,38.819561045900613],[-77.064014812873182,38.819568269448986],[-77.064016235853359,38.819578026181446],[-77.06401867281825,38.819594725464896],[-77.064077821321547,38.820000060735758],[-77.063428050466243,38.820049438813811],[-77.063033832672147,38.820079394950206],[-77.063026845263323,38.820079925633593],[-77.063019613328564,38.82008047494493],[-77.062960036774598,38.819651877491502],[-77.062957750460896,38.81963543139468],[-77.062874808875463,38.819642294433194],[-77.062828212786329,38.819646149220823],[-77.062056653429153,38.819709983856519],[-77.062057383296334,38.819713506524373],[-77.062058692848623,38.819719827453866],[-77.062061546993064,38.819733614603749],[-77.06192001698949,38.819745643115418],[-77.061788474997385,38.819756823550939],[-77.061732512163786,38.819761030693073],[-77.0616710880048,38.819765647469545],[-77.061523707247886,38.819778604747526],[-77.061499274336512,38.819780753112838],[-77.061324469062413,38.819796121843787],[-77.061183104693626,38.819808549722396],[-77.061047156882964,38.819820500579901],[-77.060905125585421,38.819832986616731],[-77.060736406955428,38.81984781917707],[-77.060728317255055,38.819848529908299],[-77.060692399261811,38.819851687750102],[-77.060659798142694,38.819854553815055],[-77.060457091555392,38.819872372865099],[-77.060369898298021,38.81987936757529],[-77.060283551707556,38.819886294226144],[-77.060277988273711,38.819886741310647],[-77.060140741457602,38.819898730141304],[-77.060000646148779,38.819910967655865],[-77.059860093924385,38.819923245344597],[-77.05972157905444,38.819935345158079],[-77.059580816785868,38.819947639756244],[-77.059442301821861,38.819959739240005],[-77.059302733522287,38.819971929237738],[-77.059188477023881,38.81998190990506],[-77.059173150312247,38.819983247925265],[-77.059153115379999,38.81998499842846],[-77.059120236897343,38.819991120317056],[-77.059121552835506,38.81999900451769],[-77.059022261749746,38.820009120140284],[-77.058992564759293,38.82001205474284],[-77.058935117039809,38.820017926204955],[-77.05892812705261,38.820018641308778],[-77.058871612941431,38.820024416992077],[-77.058868325099255,38.820024753211023],[-77.058856947471043,38.820025917155718],[-77.058806772458425,38.820031044493561],[-77.058748767307591,38.820036972986117],[-77.058670544643391,38.820044967665766],[-77.058659208585112,38.820046125795237],[-77.058624101707011,38.820049715517527],[-77.058569304762941,38.820055314839969],[-77.058511967741993,38.820061175743163],[-77.058508134045098,38.820061567412267],[-77.058505632116947,38.820061822279385],[-77.058449317578919,38.820067577687915],[-77.058387552504044,38.820073891368374],[-77.058305135997145,38.82008231448966],[-77.058292928644121,38.820083560983768],[-77.058147939167497,38.820098380465147],[-77.058144272700247,38.820099161588068],[-77.058142108377638,38.820099752147506],[-77.058139987204598,38.820100430629729],[-77.058137911538253,38.820101194360937],[-77.058135891759036,38.820102042567633],[-77.058133932526815,38.82010297260431],[-77.058132036216662,38.820103980896285],[-77.058130210924375,38.820105065741132],[-77.058128460158414,38.820106224479147],[-77.058126790917498,38.820107452691524],[-77.058125203255813,38.820108747676031],[-77.058123706456868,38.820110105942945],[-77.058122301762339,38.82011152300278],[-77.058120994983568,38.820112996224097],[-77.058119787362202,38.820114521117311],[-77.058118683594316,38.820116093235434],[-77.058117686091194,38.820117707202293],[-77.058116798343121,38.820119361258925],[-77.058116023930836,38.820121049142621],[-77.058115361793369,38.820122766335579],[-77.058114815475392,38.82012450837658],[-77.058114387388144,38.820126269889506],[-77.058114076470659,38.820128046356551],[-77.058113885098123,38.820129834203108],[-77.058113815717903,38.820131626251616],[-77.058113863778786,38.820133419743179],[-77.058114034012902,38.820135208429384],[-77.058114320753774,38.820136987735765],[-77.05811472756406,38.820138752300366],[-77.058166699806449,38.820403134769101],[-77.058175054171286,38.820445631872055],[-77.058189708429097,38.820520182184481],[-77.058191193293936,38.82052773601891],[-77.05819193851454,38.820531517475139],[-77.058183875513436,38.820532269804147],[-77.057631080716078,38.820583903899312],[-77.057629615338541,38.820584040850932],[-77.057628747647556,38.820584122082586],[-77.05753969400898,38.82059234055852],[-77.057302032559562,38.820614272509296],[-77.056791332102989,38.820661398279093],[-77.056781764386329,38.820601379682259],[-77.05678106267257,38.820596984299748],[-77.056715640042029,38.820187244050906],[-77.056706249123877,38.820188114187076],[-77.056541617686264,38.820203375716893],[-77.056367066795602,38.820219556482421],[-77.056278624223637,38.82022775538853],[-77.056235855759979,38.820231883503865],[-77.05619335708046,38.820236111325457],[-77.056184559317401,38.820179067185833],[-77.056040862402867,38.820191714257341],[-77.056010430971185,38.8201943931088],[-77.056012156015939,38.820206142076337],[-77.056015625574503,38.820229760077851],[-77.0560163063369,38.820234393060389],[-77.055984973085515,38.820237303164646],[-77.055877684761271,38.820247265463657],[-77.055797101635534,38.82025474987519],[-77.055687994817873,38.820264881523087],[-77.055636199616814,38.820269691152937],[-77.055625820951548,38.820270655357255],[-77.055614092321122,38.820271744393438],[-77.05557310960387,38.820275550084425],[-77.05551152764788,38.820281268077593],[-77.055518932751269,38.820331086582662],[-77.055527421062038,38.820388202647329],[-77.055491634180058,38.820392430852316],[-77.0555007008535,38.820451310000664],[-77.05547706459177,38.820474635777245],[-77.055365860919949,38.820485704437935],[-77.055320418178738,38.82049022725144],[-77.055260499850164,38.820496190836408],[-77.055163495881416,38.820505846653731],[-77.055147009767921,38.820402695053751],[-77.0551280738256,38.820284216856138],[-77.052747228219616,38.82048207459016],[-77.052810739077259,38.820997172229781],[-77.051704890365599,38.821065346896354],[-77.050921822165336,38.821131575729311],[-77.050688042383982,38.821149458230565],[-77.050686512505578,38.821151477297605],[-77.050559373272591,38.821159299366201],[-77.05031584870315,38.821174281306476],[-77.05030150622548,38.821175163637086],[-77.050272581429368,38.821182989666582],[-77.050229098102605,38.821194754989008],[-77.050183846138196,38.821216256700602],[-77.050149320646952,38.821240340630084],[-77.050138898501231,38.821247611409291],[-77.050101358617212,38.821286146357281],[-77.050068711736174,38.821331834982729],[-77.050032197303395,38.821394413786564],[-77.050002620333203,38.821462594860854],[-77.049988992554873,38.821514033235509],[-77.049988361984433,38.821517713057403],[-77.049987663392841,38.821521795667159],[-77.0499747205955,38.821597372815162],[-77.049966720657238,38.821669365772415],[-77.049969772246726,38.821742676448991],[-77.049986226509759,38.82182560737774],[-77.050127828131536,38.822361772712199],[-77.050160664582478,38.822539224397538],[-77.050201475400968,38.822835740417077],[-77.050259965704498,38.823860848028446],[-77.050270969965553,38.824053693897774],[-77.050310050890474,38.824738607448928],[-77.050415678648818,38.825531177313209],[-77.050464671664358,38.826079780441759],[-77.05047585631074,38.826151277853555],[-77.050507576209441,38.826354044012504],[-77.050647412672717,38.827247913967398],[-77.050684596790902,38.82753785722376],[-77.050748209056394,38.828032327324266],[-77.050772853002115,38.828223153857948],[-77.050819682392742,38.828585792504668],[-77.050787677269142,38.828733309696958],[-77.050991399569057,38.830235149489688],[-77.051095882778895,38.830700604796512],[-77.05115056329609,38.831118594599822],[-77.051188987176843,38.831422932813418],[-77.051213204859167,38.831614734949589],[-77.051087548261066,38.831627169165451],[-77.051096709243581,38.831748335337323],[-77.051105338266666,38.831824513913155],[-77.0511151579135,38.831911215911958],[-77.051168959863176,38.832386267446246],[-77.051169045151553,38.832386892860107],[-77.052400287674303,38.84047485503433],[-77.05241118740399,38.840471791985237],[-77.052439437629729,38.840462543458457],[-77.052450000219892,38.840459917714313],[-77.052453700654198,38.840459106546028],[-77.052465436034709,38.840456534906195],[-77.052467687755978,38.840456041925904],[-77.052471253194966,38.840454898442886],[-77.052492437120947,38.840448104341924],[-77.052520688424437,38.840440229760631],[-77.052548876287773,38.840433730143708],[-77.052577063042591,38.840428542292244],[-77.052605313124829,38.840422041627249],[-77.05263350205496,38.840416916855752],[-77.052661688797087,38.840411728983931],[-77.052689876549252,38.84040660508542],[-77.052718064265193,38.840402854230263],[-77.052746252129239,38.840397667253072],[-77.052759219652089,38.840396718975811],[-77.052777877199489,38.840395354341744],[-77.052795582071354,38.840392959882792],[-77.05280606383765,38.840391542187589],[-77.05282514338468,38.840389930482736],[-77.052834190416618,38.840389166304277],[-77.052862315805712,38.840386792201521],[-77.05287085201337,38.840386052354432],[-77.052890440178615,38.840384354111904],[-77.052902539189247,38.84038397262092],[-77.052922127466971,38.840383354615639],[-77.052933468574963,38.840382396177809],[-77.052950251735439,38.840380978676144],[-77.052966862441934,38.840381201481051],[-77.052978314780034,38.840381354382771],[-77.053000385334329,38.840380521007063],[-77.053006440217402,38.840380292031924],[-77.053009042738168,38.840380397994181],[-77.053055565834995,38.840382291421527],[-77.053082568241237,38.840382592763248],[-77.053083627829864,38.840382604924351],[-77.053085507831156,38.840382721798996],[-77.053111753061387,38.840384353515226],[-77.053130124614157,38.840385461115169],[-77.053139752804626,38.84038604108958],[-77.0531423608181,38.840386331811729],[-77.053167754673694,38.840389166602471],[-77.053186724589835,38.840390307697028],[-77.053195815460583,38.840390854915874],[-77.053202285998452,38.840391894188564],[-77.053223815007954,38.840395353437103],[-77.053251817003229,38.840398415864819],[-77.053272717937148,38.840400743875861],[-77.053279878770752,38.840401542089083],[-77.053287734736799,38.840402945299914],[-77.053304379904091,38.840405917285466],[-77.053332379464138,38.840410415780816],[-77.053360379035851,38.840416228758102],[-77.053387551606335,38.840420606230339],[-77.053388316356774,38.840420729175726],[-77.053389037513909,38.840420900235237],[-77.053390693239024,38.840421227866351],[-77.053417676016707,38.840426963429465],[-77.0534283980585,38.840429400208592],[-77.053441782841972,38.840432441907815],[-77.053444526991257,38.84043306585118],[-77.053471236967511,38.840439534117287],[-77.053497799089996,38.840446365440535],[-77.053510471746904,38.840449817298172],[-77.053524205315369,38.840453558820961],[-77.053530013414971,38.840455229587363],[-77.053550445351092,38.840461110527954],[-77.053576514590759,38.840469020504891],[-77.053602402778196,38.840477283219833],[-77.05362810181542,38.840485900374951],[-77.053643306224643,38.840490913232266],[-77.05380869619286,38.840545450517119],[-77.053901223329746,38.840578163480444],[-77.053993007490675,38.84061213575611],[-77.054084018970798,38.84064735526745],[-77.054174231520079,38.840683809980504],[-77.054812713491387,38.840900760545821],[-77.054928586776086,38.840941088474267],[-77.055156631775873,38.841020456004919],[-77.055242889791913,38.841050477061032],[-77.055242934508186,38.841050373101083],[-77.055245150933615,38.84104522261601],[-77.055328560409308,38.841075286027433],[-77.055366870480711,38.841090848483823],[-77.055380871806577,38.841096866181601],[-77.055485245106311,38.841141724344055],[-77.055487512778555,38.841149541876241],[-77.055675452016175,38.841230165344889],[-77.057732836570125,38.842117727864299],[-77.060239473509299,38.843193354164711],[-77.061075778996113,38.843727046772095],[-77.061296917639226,38.843868165862872],[-77.061302408524483,38.843871603616833],[-77.06192117002179,38.844258916480292],[-77.062021732430338,38.844323291525647],[-77.062663236528039,38.844727916800807],[-77.06268054808514,38.844740541160228],[-77.062694360788115,38.844750290990426],[-77.062708298964139,38.844760103619826],[-77.062722111551565,38.844768478596556],[-77.062739486217197,38.844776916107165],[-77.062753361038673,38.84478672885627],[-77.06276723700239,38.844795103702509],[-77.062781111582908,38.844802166747975],[-77.062798549629591,38.844810604124739],[-77.06281242435891,38.844819041115905],[-77.062829800074141,38.844826103777045],[-77.06284373572916,38.844833166661694],[-77.062861112620638,38.844840228431558],[-77.062875048373897,38.844847229148122],[-77.062892487375692,38.844854353839175],[-77.062906361963783,38.844859978954489],[-77.06292379991234,38.844867041462379],[-77.062941175430566,38.84487279142121],[-77.062958675472288,38.844878478934504],[-77.062976175516809,38.844884166445169],[-77.062990050006931,38.844889854615673],[-77.063007549928187,38.844894167271491],[-77.063024925477706,38.844899916317182],[-77.063042487599716,38.844904229729202],[-77.063059925221197,38.844908604680946],[-77.063077426210782,38.844912979504862],[-77.063094861735394,38.844917229193733],[-77.063112362690973,38.844920166997916],[-77.063129863555744,38.844923166963859],[-77.063147363401328,38.844927541763212],[-77.063164799843733,38.844930479670765],[-77.063185863944469,38.844932103349116],[-77.063203363755576,38.844935041125616],[-77.06324536313879,38.844941041089534],[-77.063269925926051,38.844942729199751],[-77.063297926613899,38.84494579188739],[-77.063325988250043,38.844947478663961],[-77.063350551041424,38.844949166757303],[-77.063378613721852,38.844950916600474]]]},"properties":{"OBJECTID":164,"STDYAREA":"BNDRY","ELEM_":null,"MID_":130,"INT_":null,"HIGH_":null,"DISTRICT":null,"MOBILITY":null,"REGION1":null,"REGION2":null,"ELEM_DESC":null,"MID_DESC":"George Washington MS","INT_DESC":null,"HIGH_DESC":null,"TRUSTEE":null,"ADD_SCHL1":null,"ADD_SCHL2":null,"ADD_SCHL3":null,"ADD_SCHL4":null,"ADD_SCHL5":null,"created_user":null,"created_date":null,"last_edited_user":null,"last_edited_date":null,"Creator":null,"Created":null,"Editor":null,"Edited":null,"Shape.STArea()":230661881.61683542,"Shape.STLength()":107722.07053186891}},{"type":"Feature","id":165,"geometry":{"type":"Polygon","coordinates":[[[-77.109759536887083,38.843265817238112],[-77.109752224810876,38.843280816015088],[-77.11032728911789,38.843503192424237],[-77.110410559732458,38.843527564011616],[-77.110572228002852,38.843574879892863],[-77.110596103200137,38.843581879929083],[-77.110777415275152,38.843467316986732],[-77.110876354384061,38.84343556659001],[-77.111247293513046,38.843320504452599],[-77.111328543683101,38.843295378940958],[-77.111865480938391,38.843128689673811],[-77.112886362414287,38.842814001015022],[-77.11293229948879,38.842799439571394],[-77.114433366362974,38.842346187283368],[-77.114575817074538,38.842303101831355],[-77.115005556375962,38.842173123932255],[-77.115008554071792,38.842172219621133],[-77.115754309388009,38.841947185435686],[-77.116997625939675,38.841569120996333],[-77.117820502887653,38.841320682273505],[-77.119035445227269,38.840954618732873],[-77.120836764895586,38.840404616589147],[-77.120947442255371,38.840370689298197],[-77.121253006632983,38.840277024209421],[-77.121285327891357,38.840267116019731],[-77.121306515587918,38.840260490712332],[-77.121465017122958,38.840781366709798],[-77.121601605209506,38.841228753858431],[-77.121646768652298,38.841376680909377],[-77.121854705762644,38.841335116977291],[-77.122513833458044,38.841204178597998],[-77.123113085454349,38.841083553586749],[-77.123306900191039,38.841045990087942],[-77.123603026589095,38.840986303411448],[-77.123976650135418,38.840911052637644],[-77.124315028035355,38.840844989821683],[-77.124466592309417,38.840813802497387],[-77.124549403338349,38.841072927633128],[-77.124617967497002,38.841344178182347],[-77.12506934393042,38.84105842654872],[-77.125321657491313,38.840900738733005],[-77.125741033957809,38.840636487311258],[-77.125420407844913,38.840329299616116],[-77.125594532245117,38.840220175188293],[-77.125447594802338,38.840009738039669],[-77.125276593913867,38.839771549157007],[-77.125129592822844,38.839562486557575],[-77.125323718547961,38.839511236321975],[-77.125673220085659,38.839410986701338],[-77.125810844860695,38.839374110783872],[-77.125980345984345,38.839326673150126],[-77.125765094503834,38.838832609572783],[-77.125237342660085,38.838153672072906],[-77.124809152283618,38.837595294932846],[-77.124795341397302,38.837581420782975],[-77.125282030316029,38.837470419696196],[-77.125606406822996,38.837398732309019],[-77.12593428304308,38.837324293887221],[-77.126241157498384,38.837255106284893],[-77.126428096247437,38.837211981335571],[-77.126488033315127,38.837198918183255],[-77.126918224464788,38.837102355265536],[-77.127260225714551,38.837025354867052],[-77.127743351097905,38.836915667796561],[-77.127771601852146,38.83690916716079],[-77.127914477427893,38.836962979495318],[-77.127936039625013,38.836938542171112],[-77.128255790816397,38.836557854391138],[-77.128403104219558,38.836381040109991],[-77.128546790618415,38.836211103392948],[-77.128787292559679,38.835935164917295],[-77.128834043080275,38.835879413981367],[-77.128970481649844,38.835720352025277],[-77.129200357097986,38.835448476149139],[-77.129523731840862,38.835063662205975],[-77.129563295609103,38.835013287667067],[-77.129663358100743,38.834923850148506],[-77.130024296751102,38.834590285616379],[-77.130277984579692,38.834357098140501],[-77.130303048319675,38.834334035544558],[-77.130633903518586,38.834036208879766],[-77.130667423815666,38.834006034640915],[-77.130881924273055,38.833805282925312],[-77.13114980094349,38.833561282938227],[-77.131342926726688,38.833380969405411],[-77.131540678196359,38.833320095051462],[-77.131879677700709,38.833216969542413],[-77.132250492588312,38.833103219658803],[-77.132271680915039,38.833097906878209],[-77.132610681758123,38.832994780193388],[-77.133083870282903,38.832850655033646],[-77.133221622325806,38.832808342069512],[-77.133747812071462,38.832646903659011],[-77.13382549925673,38.832623090697581],[-77.134153875010426,38.832522591890708],[-77.134482314713921,38.83242346595182],[-77.13494494087054,38.832281902473504],[-77.135269818050062,38.832182651829363],[-77.134996377425509,38.831422963120175],[-77.134909565426099,38.83081921184472],[-77.135521879212305,38.830557211444024],[-77.135824505316378,38.830334148207292],[-77.136152070447011,38.830093521872428],[-77.136461758490256,38.829869209293179],[-77.136753697717339,38.829657083084399],[-77.137249761673303,38.829414270208147],[-77.137944764004658,38.828869018203427],[-77.138183453824908,38.82868370591585],[-77.13844014147567,38.828476642415232],[-77.138820329199092,38.828238016611245],[-77.139172143689663,38.82801276570239],[-77.139862959573435,38.827683015898252],[-77.140264211165771,38.827441889844344],[-77.140909712286955,38.827095136983253],[-77.141076277073125,38.826642574274608],[-77.141113277251975,38.826542761274617],[-77.141285464428492,38.826347073131544],[-77.141461277897577,38.826145885927936],[-77.141576154002976,38.826012635817939],[-77.141870341471957,38.825679634731124],[-77.141913404566751,38.825630759706065],[-77.141903529222432,38.825593508606175],[-77.141853091912338,38.825290884198033],[-77.141805403753082,38.825029446578895],[-77.141764341653598,38.824787319819329],[-77.141786467302211,38.82472850746128],[-77.14189340438007,38.824459257166396],[-77.142000405028682,38.824183131513536],[-77.142129529742078,38.823851006048763],[-77.142144154839542,38.823820943273496],[-77.142147905468093,38.823810005992776],[-77.142095217796452,38.82381081800402],[-77.141989841818031,38.823813693356698],[-77.141431465138041,38.823825068800801],[-77.141294526614004,38.823827632170548],[-77.141189151747326,38.823830505916845],[-77.14111190048105,38.823831006924401],[-77.140300771787082,38.823843569835617],[-77.139974145125834,38.82385075733081],[-77.13972833141942,38.823856195011011],[-77.139373642637054,38.823864382628024],[-77.138801204184716,38.823876945646631],[-77.138565826562285,38.823881134319095],[-77.138523765586797,38.82388200855398],[-77.138387952049953,38.823638758526307],[-77.138336950307576,38.823551696061628],[-77.138105950785857,38.823143945253598],[-77.13794644977385,38.822857881712522],[-77.137861386537338,38.82271138216381],[-77.137711886396005,38.822452881567038],[-77.13757257299963,38.822210943937229],[-77.137314447037525,38.821753505606267],[-77.137368060809777,38.821732582146772],[-77.137235321406962,38.821480691987681],[-77.137248743867048,38.821469541032492],[-77.137841698367652,38.820976941096916],[-77.137959386732604,38.820879503483098],[-77.13823382493959,38.820660253034575],[-77.138783140952171,38.820199751601002],[-77.139025641118366,38.819997999930521],[-77.139154079545051,38.819891062843602],[-77.139460767784996,38.819636436852058],[-77.139532079646244,38.819576874359356],[-77.138912515191493,38.819113749832518],[-77.138639075242111,38.81891018626758],[-77.138421012073294,38.818746998949337],[-77.138492325548242,38.818688747967968],[-77.138966577180398,38.818300248357986],[-77.139472829942491,38.817517996529332],[-77.139678767589416,38.817205933259665],[-77.139732892750004,38.817128306575142],[-77.140115957638784,38.817290620053129],[-77.140184332068372,38.817202182114151],[-77.140320145998984,38.817260056861002],[-77.140536022322166,38.817351806588384],[-77.141023336119503,38.817567493975353],[-77.141127961674783,38.817417681445704],[-77.141214337479326,38.817304743922342],[-77.141441025765232,38.817013554948041],[-77.141570651780413,38.816840679933151],[-77.14173615200896,38.816626991983313],[-77.141750590278804,38.816606616706309],[-77.141754214877835,38.816598429446032],[-77.142020403257987,38.816254052616472],[-77.142157215957553,38.816078552795474],[-77.14229390430782,38.815901615272622],[-77.142948657561462,38.815057925165156],[-77.14354590975114,38.814286298052011],[-77.14347047113732,38.814192048474062],[-77.14362259759335,38.814129296921195],[-77.143624222005258,38.814042798070282],[-77.143655347388361,38.813510421693344],[-77.14365697176386,38.813423921928838],[-77.143669910758433,38.813217444521847],[-77.143677097711958,38.813102921226218],[-77.143682545993656,38.812996071889998],[-77.143688221832548,38.812884733074789],[-77.143699033666692,38.812684358371612],[-77.143720721868064,38.812278169781798],[-77.143737284947633,38.811958481923938],[-77.143737785219997,38.811932355820609],[-77.143757098105326,38.811652480015759],[-77.143757410165577,38.811637418033243],[-77.143762159266473,38.811386167137236],[-77.143810785339582,38.810484602791838],[-77.14381503433215,38.810439416385194],[-77.144325411088005,38.810364289310563],[-77.144033221768481,38.8091127882116],[-77.14372809586267,38.807800785650883],[-77.14361103391505,38.807307909983976],[-77.143490970731378,38.806787471040408],[-77.143435532431056,38.806561658551999],[-77.143344218981838,38.806198094652387],[-77.143217655867744,38.805651531949167],[-77.142876218026132,38.805706657684802],[-77.142780970552238,38.805722120606994],[-77.142615590156865,38.805748969921275],[-77.142561940416272,38.805757828017683],[-77.142390338365317,38.805786158257426],[-77.142358652261976,38.80579128284046],[-77.142318776651564,38.805672720010165],[-77.141886711492901,38.804765655991012],[-77.14180239966764,38.804586156568689],[-77.14167077333498,38.804308655717762],[-77.141572959595393,38.804097467552367],[-77.141110645972503,38.803122716733164],[-77.14109033273445,38.803079903606843],[-77.141066509961988,38.803029187262922],[-77.141022895372458,38.802936341324724],[-77.14091826949165,38.802715465895936],[-77.140530393258999,38.801885776571197],[-77.140436080478977,38.801681464220046],[-77.140402205000996,38.801613776295135],[-77.140291016014089,38.801369463479134],[-77.14023701649154,38.801256213802681],[-77.140024515535202,38.800803399493695],[-77.140004390566517,38.800755150207927],[-77.139893077126786,38.800516274510848],[-77.139771513136211,38.800263587232735],[-77.137785816232537,38.800788402608418],[-77.137744675741743,38.800799065983377],[-77.137740003662415,38.800800276658492],[-77.137740254452964,38.800787902355943],[-77.13773293496898,38.800683987676763],[-77.137715378206195,38.800434713276978],[-77.137685190441729,38.799989526188348],[-77.137644253821477,38.799373962132009],[-77.137601066146601,38.798688273578932],[-77.137587503617709,38.798479397979726],[-77.137571378043944,38.798218334923391],[-77.137293438911797,38.798256334754228],[-77.136902873416787,38.798310773020908],[-77.136266058707349,38.798399524181569],[-77.135991619229529,38.798437524689341],[-77.135977557664418,38.798438712603954],[-77.135822744433412,38.79846027391298],[-77.135639742627419,38.79848564972292],[-77.135298490561127,38.798532400835398],[-77.135224617661919,38.79854121306775],[-77.135210552986905,38.798543774800635],[-77.135115553298633,38.798555025987497],[-77.13464748834177,38.798627838015953],[-77.134404480642019,38.798655695612773],[-77.134288737194922,38.798668963322001],[-77.134141048446736,38.798686463708691],[-77.13321560625225,38.798814402660817],[-77.132174164258345,38.798961528835477],[-77.132124852217885,38.798969153361007],[-77.132015850984246,38.798983029016604],[-77.131224097482189,38.799094593233228],[-77.130858713340274,38.799144436571474],[-77.130436031726234,38.799202094068463],[-77.130379718149243,38.799209719007152],[-77.130165093096352,38.799236031575944],[-77.129799278433779,38.799282532190873],[-77.129486152293836,38.799325532620792],[-77.129141399921266,38.799372344838623],[-77.128008457329329,38.799525222004362],[-77.127853581370346,38.799545408977202],[-77.126706638078119,38.799700847845209],[-77.126150760734632,38.799775410864285],[-77.121590239817735,38.800427603612768],[-77.121086737394478,38.800515104782392],[-77.12081917355026,38.800561354836844],[-77.120470296708504,38.800631417897343],[-77.120322421396708,38.800662604924028],[-77.119343042847703,38.800859794515347],[-77.118750601370053,38.801006607984064],[-77.118295787725273,38.801117983513087],[-77.118059474240283,38.801176984353745],[-77.1179572230877,38.801203233508858],[-77.117166782319984,38.801425922196557],[-77.117149219738749,38.801431234390243],[-77.117128032779448,38.801437797620885],[-77.117046781367904,38.801464360207781],[-77.116767779634429,38.801555798458423],[-77.116594779490683,38.801611422857746],[-77.116421716867279,38.801668423820537],[-77.116054340263787,38.80179179913268],[-77.116053902626547,38.801815111465515],[-77.116000902328082,38.801832361946701],[-77.115601775393927,38.801967737623343],[-77.115149461939495,38.802128488232327],[-77.115131772355809,38.802135175279915],[-77.114704084372534,38.802293488618666],[-77.114679332220049,38.802302801356213],[-77.114191393733421,38.802494803225663],[-77.114106518814808,38.802528115059459],[-77.113572266870591,38.802752489767201],[-77.113041389372285,38.802982367131577],[-77.112815387957681,38.802692741267286],[-77.112620136935703,38.802440490557757],[-77.112560011289574,38.802467303510262],[-77.112365009923323,38.802024240220305],[-77.111423130628836,38.802275304338558],[-77.110971628465407,38.802394930064231],[-77.110516751814842,38.802508930904544],[-77.110294625071433,38.802561305492695],[-77.11005843625577,38.80261611860287],[-77.10960024760908,38.802717807523862],[-77.109138682595443,38.802812556955807],[-77.108606743875882,38.802913370312744],[-77.10809261566186,38.803001995506953],[-77.107575237952034,38.803082371324166],[-77.107054423120687,38.803155809980183],[-77.106533795713801,38.803222497732548],[-77.105854979635723,38.803298122897132],[-77.106534386403595,38.804298530770708],[-77.106898691042659,38.804565541469742],[-77.108439288119712,38.805945782292646],[-77.108829774195712,38.806078152891601],[-77.109461284137012,38.806513691216708],[-77.109466910939673,38.806517571632561],[-77.104085988869613,38.807383079068757],[-77.104272769057999,38.808149216649674],[-77.105021637733472,38.808048786666824],[-77.10516956300404,38.808729880229585],[-77.105488293984592,38.808788222633829],[-77.105824562034158,38.808842138077246],[-77.106123505242607,38.808991233273368],[-77.106045160694379,38.809176353198652],[-77.105825811789501,38.809418893592543],[-77.10578779684684,38.809457024140023],[-77.105491681389182,38.809741351267803],[-77.104940408192405,38.810310886748944],[-77.10486873989457,38.81038492963598],[-77.104356611475325,38.81090256104865],[-77.103969416802315,38.810709277511748],[-77.103748211722532,38.810944812326909],[-77.1036393153001,38.811109422721387],[-77.103600491899044,38.811181921407879],[-77.10347765212174,38.811465274010452],[-77.103474552572195,38.811472422194605],[-77.103472144665659,38.811471834043274],[-77.102458016574559,38.811224153672846],[-77.102050693746847,38.811124022852617],[-77.101587989548193,38.811023738654377],[-77.101402673663017,38.810986398036825],[-77.101080931700579,38.810927466366536],[-77.100626158538233,38.810849445303376],[-77.099562738586371,38.81066649859288],[-77.099356527594651,38.810630961271812],[-77.099158412386387,38.81059563466961],[-77.098477345225447,38.810473159301061],[-77.098128710749734,38.810410463792195],[-77.097681339498692,38.810316188127153],[-77.097673018437263,38.810314434522368],[-77.097622978539519,38.810305009783846],[-77.097432352983759,38.81026910666737],[-77.097395960921475,38.81026167752092],[-77.09598634005539,38.809973918017249],[-77.09593187167448,38.809962798922321],[-77.095931893805314,38.809962727111014],[-77.095716556051912,38.809918897979678],[-77.095491792331089,38.809871422076235],[-77.095491651276319,38.80987139245812],[-77.095489209140993,38.809878154596781],[-77.095436257068954,38.810024739796681],[-77.09543975962157,38.8100254619468],[-77.09543896984745,38.810027809381538],[-77.095331777600862,38.810346065697253],[-77.095213393926883,38.810554177203826],[-77.095087042501248,38.810818907182025],[-77.095069125344821,38.810856446106435],[-77.095005845878816,38.810990385104013],[-77.095005731735512,38.810990627894981],[-77.094925861338055,38.811159689072113],[-77.094845500483231,38.811329785818764],[-77.094834976180493,38.811352062834359],[-77.094787558716376,38.811662355628165],[-77.094787035145501,38.811665809011082],[-77.09480654149597,38.811705619632896],[-77.094911442568289,38.81191972213766],[-77.09494918797111,38.811996623495531],[-77.094990394142982,38.812080571179202],[-77.094991574621474,38.812082976440543],[-77.095083910311189,38.812143718812159],[-77.095100974067606,38.812154944476355],[-77.095142845079991,38.812182487895875],[-77.095286917072897,38.812277263154996],[-77.095409804266907,38.812358102771945],[-77.095461533660227,38.812392131115629],[-77.095488953649976,38.812410169358429],[-77.095549101951676,38.812449735684062],[-77.095687788376324,38.812540963788848],[-77.095833026021026,38.812636503697505],[-77.095866012466303,38.81265820776725],[-77.095883865464444,38.812669953598032],[-77.095898469254166,38.812679556820747],[-77.095915019476536,38.812690439260763],[-77.095975559213883,38.812730269517964],[-77.096086796590512,38.812803453255235],[-77.096135148870047,38.812835256975887],[-77.096280616364893,38.81293093960835],[-77.096380381958312,38.812996558367466],[-77.096497897328504,38.81307386207483],[-77.096554721215313,38.813111240231471],[-77.09687441516418,38.813321533874031],[-77.096890775404319,38.81330596468618],[-77.096955064075104,38.813244783203452],[-77.097011687551657,38.813190871696726],[-77.097047185364971,38.813157084360306],[-77.09713027714028,38.813077993280572],[-77.097177616445393,38.813032932443605],[-77.097223795175239,38.812988979395776],[-77.097311033206338,38.812905941144315],[-77.097494038902866,38.812731746134929],[-77.09751170252774,38.812714932912627],[-77.097568888068309,38.812660500802863],[-77.097662312342223,38.812571573745409],[-77.097716515009154,38.812519980846503],[-77.097729014612085,38.812508084526513],[-77.097804412181262,38.812436329355656],[-77.097848625959017,38.812394246380251],[-77.097878709278319,38.812365607890655],[-77.09788787664715,38.812356878216121],[-77.097934660711942,38.812330064607742],[-77.097997738192021,38.812382689713793],[-77.098036838609119,38.812415310071046],[-77.098152849471433,38.812512095223823],[-77.098244104987174,38.812588223911249],[-77.098300112466347,38.812634948741106],[-77.098300136291414,38.812634967044737],[-77.098340428959432,38.812668583575643],[-77.09836438483174,38.812688566347525],[-77.098407012749703,38.812724136984649],[-77.098443305595794,38.812754421731277],[-77.098528276553694,38.812825300953278],[-77.098551771379235,38.812844897976575],[-77.098579598026603,38.812868109996188],[-77.098584497573057,38.812872195767902],[-77.098589394799959,38.81287628241266],[-77.098734074332114,38.812996997175851],[-77.098876836620192,38.813116079758267],[-77.098938112735794,38.813167198955512],[-77.099002730490611,38.813221105019103],[-77.099023498105524,38.813238430515959],[-77.099084585205475,38.813289391511361],[-77.099093635399313,38.813296939620201],[-77.09917041393696,38.813360991336225],[-77.099294136472309,38.813464204660171],[-77.099316235625679,38.813482641554572],[-77.099409180750555,38.813560180527418],[-77.09946626170148,38.813607797814846],[-77.099483990531311,38.81362258681542],[-77.09953876342054,38.813666683530727],[-77.099677230620955,38.813783646141417],[-77.09970503423618,38.813807131494308],[-77.099705677701749,38.813807676140293],[-77.09971231536548,38.813813282688614],[-77.099847376476816,38.813927368245956],[-77.099853894927662,38.813932888673932],[-77.100038016187924,38.814088400420147],[-77.100040741745346,38.814090714146815],[-77.100198712177431,38.814224876411487],[-77.100232171086091,38.814253285224119],[-77.10025433793831,38.814272113752672],[-77.100415101605776,38.814408645197439],[-77.100439378063271,38.81442925480539],[-77.100440158600492,38.814429916403711],[-77.100553140521853,38.814525866490754],[-77.10058310711328,38.814551314465838],[-77.1005902937478,38.814557417626347],[-77.100653483857457,38.814611080468758],[-77.100713757884662,38.814662281339075],[-77.100736984154807,38.814682010742878],[-77.100768869755967,38.81470909515501],[-77.100769611733995,38.814709726559926],[-77.100773512569162,38.814713012895176],[-77.100871832486234,38.814796367311367],[-77.100871864196407,38.814796394718002],[-77.100871946873013,38.814796465977977],[-77.10087218593803,38.814796667037719],[-77.100972439852072,38.814881662533374],[-77.101202311324258,38.815076544295053],[-77.101403378382173,38.81524700435655],[-77.101403769358143,38.815247328854191],[-77.101420698484418,38.815261416085072],[-77.101425783230894,38.815265647190635],[-77.101421794038799,38.815270738657496],[-77.101327631203347,38.815390909276068],[-77.101292354245288,38.815457928438313],[-77.101192325323581,38.815647955329183],[-77.101092435872374,38.815799815963814],[-77.100517935946968,38.816173099168857],[-77.100087582972364,38.816467096018847],[-77.099849008465625,38.816681498048069],[-77.099841032183861,38.816847845207178],[-77.099840479284765,38.816859369863849],[-77.099960832795119,38.817343690626679],[-77.100046854130937,38.817703267854149],[-77.100060933826256,38.818226154051878],[-77.099991645535624,38.818654406255668],[-77.099901210960738,38.819243512892086],[-77.099834455023768,38.819921584157711],[-77.100039107857924,38.819962811865622],[-77.100501005951259,38.820235841422246],[-77.100617463133247,38.820304687970498],[-77.10062144802643,38.820307044625324],[-77.100772177984368,38.820396153948565],[-77.10087681066976,38.820458011117829],[-77.100623500175601,38.820724711100212],[-77.100415176327388,38.820944040981125],[-77.10021242327646,38.821157507807797],[-77.100082657584508,38.821294127431557],[-77.100044205338151,38.821266717702784],[-77.099734619070517,38.821044722074959],[-77.099607305978878,38.820955316995914],[-77.099418007903736,38.821158149686809],[-77.09921224805737,38.821378622546177],[-77.099070083238146,38.821530950653482],[-77.099009959873825,38.82159581740251],[-77.09884675826936,38.821771893548672],[-77.098798484697056,38.821824399218556],[-77.098741506598813,38.821886348277395],[-77.098562058673053,38.822081447260949],[-77.09854211902767,38.822103126498916],[-77.098539615948965,38.822103857905759],[-77.098537865760065,38.822104369463574],[-77.098521481619997,38.822109158731827],[-77.098418338512445,38.822139308654947],[-77.098412236581183,38.822141092627056],[-77.100858189012541,38.823081985241068],[-77.101952590800607,38.823462250012263],[-77.101999108111926,38.823398968441616],[-77.102177789800578,38.823103404013985],[-77.102323382782629,38.822862573308612],[-77.102466367547052,38.822634810241041],[-77.102597470761495,38.822425973170638],[-77.10259917615052,38.822422732047457],[-77.102600880405461,38.822419490009821],[-77.102612675932463,38.822397066232966],[-77.102739181275211,38.822156534754072],[-77.102742154376955,38.822150881569804],[-77.102830731620728,38.822000672482474],[-77.102878647236224,38.821919417079215],[-77.103010965717957,38.821694986886385],[-77.103011769626946,38.8216952811567],[-77.103066945235383,38.821715490396059],[-77.103068697134134,38.821716132005129],[-77.103076214739531,38.821718885603353],[-77.10314735301003,38.821744941886045],[-77.103593463958376,38.821727932366265],[-77.103593463507593,38.821727896322997],[-77.103593326516162,38.821724162064989],[-77.103808167605081,38.821719354176231],[-77.103947078185882,38.82159339663],[-77.104047782927793,38.821503079997967],[-77.104260112225461,38.821312650620953],[-77.104454056950829,38.821138717507793],[-77.104486936835244,38.82110922589839],[-77.104503942769483,38.82109397868669],[-77.104664883499723,38.82094964888708],[-77.104849984355184,38.820783627499914],[-77.105104379305374,38.820555451508952],[-77.105104814120352,38.820555062963521],[-77.105282643140598,38.820396182764625],[-77.105398960397054,38.82029225884483],[-77.105502452141195,38.820199796512718],[-77.105626500300218,38.820088968383828],[-77.105700730566539,38.820022644228473],[-77.105769784036312,38.819960945248312],[-77.105876373671208,38.819865707540593],[-77.105894736294076,38.819849300511578],[-77.105895423090374,38.819848686116217],[-77.106017531811489,38.819928599483539],[-77.107323387778166,38.820790064040693],[-77.107323955982224,38.82078238119589],[-77.107324524168604,38.820774699251857],[-77.107327277736616,38.820737468735864],[-77.107327614602525,38.820732925650894],[-77.107327950317,38.820728382552282],[-77.10734444581486,38.820505382043713],[-77.107355407807276,38.820357190916546],[-77.107360408981364,38.820289575579324],[-77.107360510600259,38.820288195632379],[-77.107360613335658,38.820286817500637],[-77.107362578418261,38.820260253853412],[-77.107365279069725,38.820223730849492],[-77.107365797074806,38.820216735731925],[-77.107365886146013,38.820215527717096],[-77.107366582293352,38.820206116569871],[-77.107368525714691,38.820179838265489],[-77.107382109711523,38.819996204323914],[-77.107384401061807,38.81996522719961],[-77.107386661382236,38.819934662340955],[-77.107395070777514,38.819820221938755],[-77.107401130836863,38.819737669730678],[-77.107403068531255,38.819711269727215],[-77.10741644481881,38.81952925140115],[-77.107436565489223,38.819255455154],[-77.107444492892569,38.819147570616302],[-77.107456343746321,38.818986302815155],[-77.107470636775062,38.818791796482166],[-77.107527327817223,38.818788855556228],[-77.107676786599626,38.818781103392432],[-77.107833230150746,38.818772987940896],[-77.108100053772716,38.818759146192676],[-77.108118135354502,38.818758208368124],[-77.108259544955004,38.818757006275867],[-77.10824129420152,38.818731197474662],[-77.108217288115213,38.81869561629361],[-77.108152577914865,38.818599705012559],[-77.10805970809362,38.818420616569611],[-77.108011187690025,38.818314380485717],[-77.107944841195447,38.818089214055441],[-77.107918549268931,38.817996908114786],[-77.1078987738846,38.817880570104727],[-77.10790046658083,38.817743938863906],[-77.107911414720206,38.817534357728633],[-77.107933660248051,38.81739843880986],[-77.107953042803501,38.817303928640349],[-77.107983139489633,38.817199933356484],[-77.108050111690304,38.817004382388745],[-77.108123118853314,38.816859705646458],[-77.108224704278996,38.816689279081146],[-77.108282581854198,38.816600717636675],[-77.108376589384108,38.816459035910853],[-77.108474132418337,38.816316022092479],[-77.108546338971138,38.816212526951581],[-77.108633220597056,38.816076252695524],[-77.108673179787502,38.81600670121307],[-77.108778564452606,38.815821215714422],[-77.108829794460632,38.815713352540136],[-77.108884932392044,38.81558493999168],[-77.108922178393286,38.815474163985229],[-77.108963039829561,38.815357939546786],[-77.1090121691647,38.815177279962576],[-77.109038940318797,38.815063634541559],[-77.109050690924022,38.815000612838887],[-77.10907926981109,38.814793621722387],[-77.109103887403009,38.814609925411602],[-77.109120210461043,38.814492036065602],[-77.109160778551242,38.81420967040669],[-77.109191696287908,38.814063120081101],[-77.10922232146703,38.81393167068348],[-77.109248825998904,38.813831752491495],[-77.109256375923863,38.813804381061665],[-77.109293674725976,38.813690860343982],[-77.109312310233975,38.813634785437579],[-77.109364016325046,38.813502212815727],[-77.109412027054432,38.813379207695121],[-77.109463705047958,38.813248007739084],[-77.109508020308738,38.813134569201281],[-77.109545157771961,38.813029283859414],[-77.109571528641538,38.812936229230374],[-77.109590721790724,38.812851328712917],[-77.109606618445227,38.812755402953684],[-77.109620387858797,38.812588054471888],[-77.109624827058099,38.812540050454537],[-77.109628638511509,38.812462967172301],[-77.109630594988914,38.812423409861488],[-77.109625516828544,38.812323116392008],[-77.109627456785105,38.812222906988339],[-77.109622286143221,38.812101635618419],[-77.109791160398998,38.812092637945845],[-77.109819713203805,38.812091116705957],[-77.110935506586699,38.811994758762253],[-77.11152195181721,38.811944109925932],[-77.112406025487232,38.811863516384769],[-77.113181561808233,38.811791430241691],[-77.113191138424071,38.811790566810039],[-77.113191953965156,38.811790493562526],[-77.113164867097737,38.811644963881207],[-77.113253986249546,38.81163687804117],[-77.113781437891987,38.811589864140885],[-77.113936546511013,38.811576136375493],[-77.11394047181733,38.811575789934508],[-77.113943540938635,38.81157911465472],[-77.113947007097906,38.811582869313135],[-77.114014998170873,38.811577698327348],[-77.11401953952101,38.811577352854414],[-77.114075268481088,38.811573114514701],[-77.114728764361786,38.81152340841053],[-77.115342520894629,38.811512918268967],[-77.115640748774126,38.811543881301013],[-77.115813299875754,38.811561831497897],[-77.116048118485111,38.811588257798078],[-77.116223285188056,38.811612407936273],[-77.116499351472058,38.811647027420101],[-77.116906268269958,38.811698055391794],[-77.119110791623314,38.81197508245473],[-77.119686979928815,38.81204375314033],[-77.120245254516874,38.812114965418132],[-77.121296796733461,38.812250160999731],[-77.121677138117064,38.812292609174953],[-77.121690646104582,38.812294560746629],[-77.121691561080212,38.81229164611932],[-77.121736301379372,38.812149196760075],[-77.121894693452631,38.811577123185707],[-77.122011559295032,38.811156969523473],[-77.122015252673165,38.811147401593857],[-77.122137049368305,38.810653160408968],[-77.122193555339365,38.81045198560544],[-77.122241357728285,38.810338584295117],[-77.122292747949146,38.810221105061501],[-77.122412389243365,38.810022044553676],[-77.122585110523232,38.809800265357318],[-77.122626123679595,38.809756163460008],[-77.122739207946253,38.809634562101905],[-77.122892462395228,38.809512787072187],[-77.122975333600735,38.809449363624807],[-77.123116868636757,38.8093410424515],[-77.123439603596708,38.809166332922416],[-77.123687543898868,38.809048413882721],[-77.123857235360973,38.808984498294144],[-77.124093938803199,38.808903516995159],[-77.124252786155722,38.808855951096568],[-77.124556210409651,38.808773005152666],[-77.124753367085646,38.808740990288115],[-77.124929233673598,38.808721082962293],[-77.125164803966101,38.808699128940148],[-77.125375627935853,38.808686495811706],[-77.125625129658218,38.808670195373203],[-77.12610011959535,38.808608479578652],[-77.126331517535093,38.808562252389592],[-77.1265546066561,38.8085176861279],[-77.126904010848477,38.808416051607743],[-77.127200832203741,38.808311053795585],[-77.127349385703454,38.808251004090671],[-77.12749796632049,38.808189582374155],[-77.127653982949425,38.808106277853135],[-77.127831133369796,38.808019102077779],[-77.127997965419524,38.80792082011989],[-77.128125778917635,38.807844051274195],[-77.12828582840163,38.807733332207377],[-77.128481490108314,38.807595568378524],[-77.128997429519728,38.807226756078535],[-77.129124844814385,38.807538554660262],[-77.129155611069692,38.80758147760843],[-77.129203923880496,38.80762460646865],[-77.129329090853346,38.807686483701509],[-77.129444360181665,38.807715290326854],[-77.129549442358851,38.80772613007619],[-77.129658606156852,38.807725157338062],[-77.129682832281219,38.807724941181107],[-77.12982334463419,38.807718344044773],[-77.129823616484174,38.807722201471371],[-77.129834394720064,38.807875000940527],[-77.129837039212504,38.808104330954926],[-77.129842066564706,38.808392729641959],[-77.129846413253958,38.808532831706273],[-77.129840702716848,38.808602931661788],[-77.129837249261556,38.808645315117914],[-77.129803677765338,38.808749274315055],[-77.129781442089751,38.808807680680403],[-77.129766729358906,38.808846328846286],[-77.129726507628462,38.808930988647589],[-77.129664944234321,38.809030501735684],[-77.1294963045126,38.809223504892174],[-77.129147710109748,38.809487405392915],[-77.128922951229939,38.809657555374315],[-77.128791207069355,38.809756248733287],[-77.128694656955545,38.809849860235296],[-77.12859407225136,38.809970885357053],[-77.128510823472325,38.810103098291748],[-77.128508273275429,38.810108506595384],[-77.128620348338117,38.810126585997921],[-77.128620077874871,38.810127061239236],[-77.128622665015897,38.810127859086514],[-77.129014744296484,38.810248727463197],[-77.12901558845401,38.810248118377167],[-77.129150871653508,38.810150455361203],[-77.129279230756467,38.810057789932337],[-77.129651782713438,38.809788834372306],[-77.129711911365419,38.809745425414256],[-77.129712198606626,38.809745217046675],[-77.129732852735017,38.809771657806159],[-77.129733112396906,38.809771989684435],[-77.129733372058823,38.809772321562654],[-77.129888499589157,38.809659005785868],[-77.129960030540261,38.809606754628163],[-77.130433437828032,38.80926093791647],[-77.130589855841464,38.809146676781154],[-77.131394879985663,38.809218167263651],[-77.131507994069878,38.809228211488225],[-77.131512130093171,38.809228578667323],[-77.131864786428096,38.809259893912824],[-77.132014154672731,38.809273156951129],[-77.132381881848886,38.809305809484343],[-77.132479139544174,38.809325872951511],[-77.132376587733603,38.809633851713933],[-77.132268113836545,38.809959620795055],[-77.132126398802868,38.810396333037019],[-77.132037094844549,38.810649265845953],[-77.131910768242562,38.810978305854213],[-77.131774442321174,38.811249598288413],[-77.131767702656546,38.811263010458497],[-77.131731352368618,38.811344275323172],[-77.131631011433853,38.811536738222642],[-77.131511052078935,38.811744099992509],[-77.131411342907541,38.811903288222688],[-77.131300035386488,38.812062342867364],[-77.131220523293919,38.812176384995354],[-77.131109386744541,38.812326364423214],[-77.130962534503439,38.812524335730011],[-77.130796176210609,38.812731154450425],[-77.130440722074923,38.813120323669473],[-77.130385384208907,38.813183213312534],[-77.130436757047832,38.813211038674005],[-77.130506805081509,38.813248978885206],[-77.13041146695285,38.81335094775735],[-77.130288975719722,38.813478243190424],[-77.130207292127963,38.813564267795499],[-77.130093573484558,38.813682042441641],[-77.129866754760414,38.813932553429353],[-77.129670769413721,38.8141392038752],[-77.129576313660522,38.814238800280229],[-77.12957073668727,38.814245014733139],[-77.129556076209951,38.814244047962028],[-77.12950254658449,38.814240516263467],[-77.129447548263755,38.814236888101156],[-77.129398154452105,38.814233629001144],[-77.129395267855841,38.814236868417375],[-77.129395862278628,38.814233477894561],[-77.129280774126926,38.81422588537194],[-77.129072401165288,38.814202272330846],[-77.128848737301581,38.814169404097321],[-77.128656061125625,38.814133870440308],[-77.128421201538728,38.814079691994721],[-77.128290421432581,38.814046175031088],[-77.128248030578789,38.814035310444503],[-77.128067242122313,38.813984788811652],[-77.127909651427132,38.813934537278627],[-77.127797405373613,38.81389334240928],[-77.127713802677036,38.813862660433585],[-77.127518128896128,38.813781708269872],[-77.127218818263017,38.813660211539528],[-77.127079825176622,38.813597974951769],[-77.126927416496812,38.813529730452522],[-77.126781775666146,38.813468958127274],[-77.126660735040318,38.813418450645543],[-77.126658862597949,38.813417669230816],[-77.126572318008485,38.813380280483294],[-77.126493137839375,38.813346072632811],[-77.126295319825218,38.813261775100507],[-77.12610088361626,38.813177515927045],[-77.12592313942622,38.81310403172666],[-77.12577550781927,38.813046765621458],[-77.125587577828668,38.812975804977512],[-77.125516279680397,38.812951465858326],[-77.125443175086104,38.812926510907026],[-77.125362780296427,38.812899502829225],[-77.125214793128677,38.812849787178934],[-77.125043517126201,38.812804059900422],[-77.12486870632776,38.812758141382645],[-77.124690101549447,38.812715103503002],[-77.124515235197094,38.812672108274796],[-77.124351412151,38.812638016585815],[-77.124187533233453,38.81260684938556],[-77.124001176229996,38.812578341910985],[-77.123990762824107,38.812577024227593],[-77.12390252308883,38.812878306574611],[-77.123900484550148,38.812878082655239],[-77.123898135770034,38.812877823563902],[-77.123849975718286,38.813118836796733],[-77.123840168144909,38.813171956910708],[-77.123774713709153,38.813500831198454],[-77.123772550222398,38.813511754126992],[-77.123731941978434,38.813716731504464],[-77.123630339657439,38.814219475206812],[-77.123617785606513,38.814281592361567],[-77.123562139118604,38.814556941866989],[-77.123561820131883,38.814561869005558],[-77.123561610432915,38.814566801931008],[-77.123561511259382,38.814571736153013],[-77.123561522628478,38.814576670770862],[-77.123561643423571,38.814581603969572],[-77.123561874795939,38.81458653576265],[-77.123562215646075,38.814591463434333],[-77.123562666008553,38.814596385183187],[-77.123563227051974,38.814601300121879],[-77.123563897659523,38.814606206435506],[-77.123564676697228,38.814611103209756],[-77.123565565333664,38.814615989557439],[-77.12356656248663,38.814620861862004],[-77.123567669307377,38.814625720136988],[-77.123568883527895,38.814630562553937],[-77.12357020518273,38.81463538731127],[-77.123571635423247,38.814640194422559],[-77.12357317088177,38.814644979343548],[-77.123574814977772,38.81464974391622],[-77.12357656315784,38.814654485384317],[-77.123578417759106,38.814659201973342],[-77.123580377664823,38.814663891868342],[-77.123582441706461,38.814668555956509],[-77.123584608818959,38.814673189720622],[-77.123586880153724,38.814677793174212],[-77.123589252274101,38.814682365375965],[-77.123591727517208,38.814686904551415],[-77.123594302463658,38.814691408858558],[-77.123596978282109,38.814695877410159],[-77.123599752687241,38.814700309278429],[-77.12360262571346,38.814704702661892],[-77.123605597395382,38.814709055759046],[-77.12360866429637,38.814713367628627],[-77.123611827602247,38.814717636482619],[-77.123615086161678,38.81472186230755],[-77.123618437723962,38.814726042374147],[-77.123624537473972,38.814733258434536],[-77.123631427882714,38.814742842447501],[-77.123638103505741,38.814752517638922],[-77.123644562040425,38.814762283981821],[-77.123650801304763,38.814772135143983],[-77.123656821281571,38.814782072026176],[-77.123659464140346,38.814786638392732],[-77.123725233234623,38.814969042485771],[-77.123725667534359,38.814971678343753],[-77.123727223462936,38.814982607056322],[-77.123728536067802,38.814993553636455],[-77.123729604197578,38.815004518070765],[-77.123730427972944,38.815015494053895],[-77.12373102030331,38.815026829502692],[-77.12373147703714,38.815040553571947],[-77.123731628517476,38.815054282169193],[-77.123731472527822,38.815068010763625],[-77.123731010322828,38.815081733964277],[-77.123730243088247,38.815095449983225],[-77.123729168607426,38.815109154289736],[-77.123727790455135,38.815122840619004],[-77.123726105228911,38.815136506228413],[-77.123724116468964,38.815150146654652],[-77.123721824261295,38.815163757394018],[-77.12371995831505,38.815175375734952],[-77.123719227489048,38.8151773366315],[-77.123716328592636,38.815190877188115],[-77.123713128792446,38.815204375474387],[-77.123709628157187,38.815217827887288],[-77.123705826738657,38.815231231724624],[-77.123703926666067,38.815237419660782],[-77.123701728094019,38.815244581622345],[-77.123697332326856,38.815257872176041],[-77.123692640622792,38.815271101597602],[-77.1236876542538,38.815284263595359],[-77.123682374388352,38.81529735728197],[-77.123676804583809,38.815310377293528],[-77.123670943792291,38.815323318211952],[-77.12366479668799,38.815336176488294],[-77.123658362153932,38.815348950307474],[-77.123651644916194,38.815361633418306],[-77.123644645026332,38.815374223118518],[-77.123637366024639,38.815386714944815],[-77.123629809113936,38.815399106208353],[-77.123621976700392,38.815411391531789],[-77.123613871138417,38.815423568239758],[-77.123605495968121,38.815435631868993],[-77.123596852375186,38.815447580631464],[-77.123587943917158,38.815459409163175],[-77.123578772965629,38.815471113888137],[-77.123561486901352,38.8154920076664],[-77.12352848310411,38.81553319916852],[-77.123518180388643,38.815546572678549],[-77.123496403519098,38.815574835760053],[-77.123477276889346,38.815600671246834],[-77.12346525759952,38.81561690493939],[-77.123435054833365,38.815659392403461],[-77.123405803522772,38.815702285637087],[-77.123377514289828,38.815745571251355],[-77.123350194268198,38.81578923761839],[-77.123323852980704,38.815833268633547],[-77.12328216319959,38.815907402162942],[-77.123238949443945,38.815985878375713],[-77.123155515179519,38.81613739623139],[-77.123151190102604,38.816145249481146],[-77.123141759586247,38.816162375723906],[-77.123127977721481,38.816187403557592],[-77.123113940533642,38.816212894182748],[-77.123098287803771,38.816241320050885],[-77.123098104056922,38.816241653947635],[-77.12308005550517,38.816274430297668],[-77.123078445969881,38.8162773529994],[-77.123076836451816,38.816280274800391],[-77.123029340737688,38.816370216580879],[-77.122848569675298,38.816658209627576],[-77.122791345485268,38.816634433209153],[-77.122436848071871,38.816487143841783],[-77.122117432617699,38.816333097432313],[-77.12172402384121,38.81614336390556],[-77.121240454653744,38.815910143128534],[-77.120956542624725,38.815706341447722],[-77.120135320147298,38.815334202280354],[-77.119093069761988,38.815008897388317],[-77.119015321519441,38.814984630675532],[-77.11655680759759,38.814021290237577],[-77.113582703487424,38.813071126779306],[-77.1134624633671,38.813212878307105],[-77.112680266325853,38.814135003675332],[-77.112522119361515,38.814240730284318],[-77.112516166964426,38.814249490990015],[-77.112519419002723,38.814251039436016],[-77.112527373469391,38.814254821982743],[-77.112665207914205,38.814320372316374],[-77.112571076443899,38.814324801888617],[-77.112539878706755,38.814326270006525],[-77.11249598726711,38.8143283348926],[-77.112509406914171,38.814440430102216],[-77.112347108069997,38.814852057685187],[-77.112344138293338,38.814859262581962],[-77.112287979275067,38.814848907788885],[-77.112206855614502,38.814833950257139],[-77.112160380275199,38.814825379397369],[-77.1121288233429,38.814819560795279],[-77.11210466079892,38.814815105394587],[-77.112077007623355,38.814810005963615],[-77.111865112461572,38.814770934263123],[-77.111692662161133,38.814739135573952],[-77.11154437517051,38.815129962807227],[-77.111640224711138,38.815172238810383],[-77.111724001631757,38.81520919143852],[-77.111724658187782,38.815209481203674],[-77.111628970054426,38.815354653060332],[-77.111494975596727,38.815557942171914],[-77.111329416530523,38.815809114142709],[-77.111296734952887,38.815857209164051],[-77.111272368330646,38.815893068610315],[-77.111230611840895,38.81595451907242],[-77.111240576876767,38.815956110069294],[-77.111274392655147,38.815961504263761],[-77.11130743988322,38.815968886754249],[-77.111362917921738,38.815982992701294],[-77.111707180609528,38.816088827712385],[-77.112075686959244,38.816273056157947],[-77.112862653184365,38.817081603959529],[-77.113053156386712,38.817277328123325],[-77.113206875841115,38.817373992291607],[-77.113320194760092,38.817445250487253],[-77.113293408407571,38.817475180531808],[-77.112273722392729,38.818614522623442],[-77.112075489528124,38.818836012984789],[-77.111983440297806,38.818938860147554],[-77.111978185292756,38.81894476315771],[-77.111942637470818,38.818984694280942],[-77.111664091157778,38.819297589973495],[-77.111458107613956,38.819530861181555],[-77.111368514052458,38.819625914900733],[-77.111427384412863,38.81968349018215],[-77.111884079541142,38.81989366912309],[-77.11216992753981,38.819709847008291],[-77.112266428063776,38.819787246295746],[-77.112564739293347,38.820026508542128],[-77.112721399356218,38.820152156321534],[-77.113207163269323,38.820530630899277],[-77.113607323273584,38.820851462985203],[-77.113801554248184,38.82100718889015],[-77.113306219888088,38.821432349201658],[-77.113116224489488,38.821595428396598],[-77.11311484611717,38.821596611265498],[-77.113074540403858,38.821567709113253],[-77.112805629320235,38.821374881138865],[-77.112620394546155,38.821536141854445],[-77.112468959260625,38.821667977910948],[-77.112410544579348,38.821718831231486],[-77.112255283978996,38.821853994024785],[-77.112092436810059,38.821995761818734],[-77.111788419731425,38.822260424286824],[-77.111231982822133,38.821859028133765],[-77.110469563010682,38.82254937951712],[-77.110076161504693,38.822635746671999],[-77.110057446369325,38.822639854943958],[-77.10971196515861,38.822401947559101],[-77.109588311892168,38.82231679708952],[-77.109128797627434,38.822664791125106],[-77.108612440018689,38.822552187621653],[-77.10823618670743,38.823309768354171],[-77.10800151658043,38.823644755287482],[-77.107498193511617,38.824126414889641],[-77.107371741507137,38.824235025310045],[-77.107296148871015,38.824299952268937],[-77.106961859513447,38.824585226189051],[-77.106644153176759,38.824883402126886],[-77.106600789629383,38.824924098348212],[-77.106636725249757,38.824944380112434],[-77.107077245075004,38.825192999789067],[-77.107354118229296,38.825349258580509],[-77.107653292428296,38.825534158418925],[-77.10789556716594,38.825683891552799],[-77.108527163799494,38.826074232395925],[-77.108676711796619,38.826196455779439],[-77.109156197483486,38.826588323950226],[-77.110460504962276,38.827654273744791],[-77.110569339596182,38.827743217186459],[-77.110828430496525,38.827954956106467],[-77.111098898992367,38.828175989896749],[-77.113034313920195,38.829559977354037],[-77.113468096641355,38.829959060258972],[-77.113473882178681,38.829965264948399],[-77.113468331870919,38.829967755353941],[-77.113403291220848,38.829996742407076],[-77.113377174947956,38.830007479418278],[-77.113373084631235,38.830009160903408],[-77.11338657522893,38.830022135339959],[-77.113454354813271,38.830091750326439],[-77.113481974237246,38.830119903221807],[-77.113198684247791,38.830227757759388],[-77.113067782287018,38.830279759384247],[-77.113105781834008,38.830311788376122],[-77.113055703544404,38.830284509667969],[-77.11185789906169,38.830755632725577],[-77.11138416305046,38.83092577832852],[-77.110285036138961,38.831301341107469],[-77.109928184757976,38.831417941523746],[-77.108398423944152,38.831911960762639],[-77.108277371207535,38.831948120852253],[-77.108222149833679,38.83196461548377],[-77.108027569088904,38.832022738679704],[-77.107836947984325,38.832079678736328],[-77.107822237229968,38.832083981028632],[-77.107851719321189,38.832138728024745],[-77.107755737017968,38.832103430988802],[-77.10769377732322,38.832121576152829],[-77.107488290486899,38.832181752067932],[-77.106690944873392,38.832415249273708],[-77.106179984644214,38.832564876202483],[-77.105732510964003,38.832695910974358],[-77.105223699138705,38.832862870066641],[-77.105184821755316,38.832876137531535],[-77.104613013952445,38.833032733103359],[-77.103130548245318,38.833437998069023],[-77.102761976628017,38.833535731971182],[-77.102593422734628,38.833580426583197],[-77.101708300295385,38.833815127165856],[-77.100977691782418,38.834012377361844],[-77.100822389322119,38.834054463312285],[-77.100709448946219,38.834084696764258],[-77.10011985697183,38.834252043829295],[-77.099650275184842,38.834386493002455],[-77.098150976353764,38.834798883421456],[-77.098060653935306,38.834823839179158],[-77.098048711050836,38.834827262463421],[-77.097879865104872,38.834886363815009],[-77.098174106826477,38.83505862405552],[-77.098229670613762,38.835089499127953],[-77.098285295788784,38.83511906132717],[-77.098691735611922,38.83533943549417],[-77.099216487411894,38.835618936735528],[-77.099883678660191,38.835975624203783],[-77.100393724277637,38.836246951404227],[-77.100554305663223,38.836332373963479],[-77.100564680772436,38.836337999745808],[-77.100575182296282,38.836345000075376],[-77.100582056202171,38.836353312172243],[-77.100588869054576,38.836361624441658],[-77.100592180909771,38.836371312154178],[-77.100595494842992,38.836382311667926],[-77.100598806759777,38.836391937215723],[-77.100598619998109,38.836402937333922],[-77.100594931785636,38.836412499237966],[-77.100591244706322,38.83642206205635],[-77.100587432060749,38.836431625179294],[-77.100454492972318,38.836589312751158],[-77.100317930718461,38.836751124738335],[-77.100307242637854,38.836759186869273],[-77.100300056265993,38.836767374547719],[-77.10028949344553,38.836771374907364],[-77.10027886843433,38.836775374524372],[-77.100264743016567,38.836777999896235],[-77.100250805286848,38.836776375042781],[-77.100233242368461,38.836774813264157],[-77.100219243524577,38.836773250744244],[-77.100201680625219,38.836771688060097],[-77.100187618952987,38.836772875373271],[-77.100173555245988,38.836772749082158],[-77.100155992900696,38.836773875719736],[-77.100141930075637,38.836775063013675],[-77.100131306519643,38.836777687792143],[-77.100117243303075,38.836780312987344],[-77.100106680800934,38.836782937590854],[-77.100092554283819,38.836785500763803],[-77.100078429442391,38.836790813640285],[-77.100064305707875,38.836796187792608],[-77.100053679902828,38.836798750372047],[-77.100043056026095,38.83680274998143],[-77.100032429198876,38.836809500140888],[-77.100018241886858,38.836816125843455],[-77.100007554776496,38.836824313190455],[-77.099996804697668,38.83683106277752],[-77.099986242687478,38.836836437962432],[-77.099975554224045,38.836845875802631],[-77.099964866346141,38.836852625227799],[-77.099957679150236,38.836859375867988],[-77.099950554953239,38.836867562465173],[-77.09994336660283,38.836874313090732],[-77.099936117338657,38.836885250583272],[-77.099928992027714,38.836893375901617],[-77.099921804525579,38.836901500477666],[-77.099918116435887,38.836909750585654],[-77.099910930064965,38.836917876075503],[-77.099907242033552,38.83692606401862],[-77.099903617377763,38.836934250915782],[-77.099899929362238,38.836942437957894],[-77.099896242479957,38.836950625914362],[-77.099892554067921,38.836960250860308],[-77.099888867183878,38.836968438816555],[-77.099888679572743,38.836978000113504],[-77.099884991535717,38.83698618805581],[-77.09988480381098,38.83699581421947],[-77.099881116959381,38.837004000373909],[-77.099880867227029,38.83701775122659],[-77.099880617529749,38.837031500277803],[-77.099880429804287,38.837041126441328],[-77.099883741673153,38.837050751107078],[-77.099883492258215,38.837063127120807],[-77.09988667991442,38.837076876634335],[-77.09989005508443,38.837086563319218],[-77.099893429480986,38.837094812986876],[-77.099893241835034,38.837104376085065],[-77.099896553947431,38.837112688976745],[-77.099903429834896,38.83712237597814],[-77.099906804234664,38.837130625645358],[-77.099910117184919,38.83714031338917],[-77.099913429378873,38.837148563215074],[-77.0999203044192,38.837156876263563],[-77.09992718061271,38.837165189325354],[-77.099930554956913,38.837173501156343],[-77.099937366976064,38.837180438609465],[-77.099944243173866,38.837188751670212],[-77.099951117342925,38.8371957511281],[-77.099957993561347,38.837204063287267],[-77.099968367343038,38.837211001781696],[-77.099975304936081,38.837217938928454],[-77.099982180245078,38.837224939298927],[-77.099992617663546,38.837230564071028],[-77.0999994930106,38.837237562639025],[-77.10000993047494,38.837243126145786],[-77.100020304539086,38.837248751060578],[-77.100030805715264,38.837252937780079],[-77.100041180916534,38.837258563607456],[-77.100051681162199,38.837261439438599],[-77.100065680699885,38.837265688604269],[-77.100076117528175,38.837268626742876],[-77.100086555333775,38.837272814503308],[-77.100104055790183,38.837275813466],[-77.100114556058458,38.837278688390711],[-77.10013205654252,38.837281626986147],[-77.100149555911415,38.837284563763788],[-77.100166993325729,38.837286188023576],[-77.100184617699824,38.837286376601924],[-77.100198680313312,38.837286564141756],[-77.100216243977485,38.837285376247927],[-77.100233806429387,38.837284250502194],[-77.100251368905674,38.837283064390846],[-77.100268993951303,38.837280500576874],[-77.100279556520704,38.837277875959053],[-77.100293680807084,38.837275313637171],[-77.100304244544077,38.837272688130092],[-77.10031486847582,38.837268688497545],[-77.100325556382742,38.837261939041163],[-77.100336118044169,38.837258001730277],[-77.1003467451538,38.837255375173299],[-77.100360806900355,38.837254188741937],[-77.100374807052717,38.837255689094],[-77.100385307346414,38.837258563093805],[-77.10039924469578,38.837262812378825],[-77.10077012201856,38.837510313042984],[-77.101137435004716,38.837760438607972],[-77.101490812411043,38.838003564164872],[-77.101851314338617,38.838242626435886],[-77.101920562883933,38.83829431416153],[-77.101958626540807,38.838322188712702],[-77.101993189417868,38.838350064798341],[-77.102027752080915,38.838379313910529],[-77.102062314736983,38.838408564813811],[-77.102096814096072,38.838437814051559],[-77.1021313777036,38.838468438885478],[-77.102162378408948,38.838499001455162],[-77.102193377988925,38.838529564002734],[-77.102224377595377,38.8385601265419],[-77.102255315823669,38.838592127150029],[-77.102286315212382,38.838624064510689],[-77.102313752511918,38.838657376630238],[-77.102334441077502,38.838676814015209],[-77.102341253795643,38.8386878767556],[-77.102351565021308,38.838698938811213],[-77.102361877595698,38.838708689106589],[-77.10236875483325,38.83871975171256],[-77.102379065991968,38.838730876830901],[-77.102385878739668,38.838741938667837],[-77.102396192190042,38.838753064712797],[-77.102402941581971,38.83876412669516],[-77.102409816510232,38.838775190171894],[-77.102416566789429,38.838787627005388],[-77.102423379513183,38.838798690641433],[-77.102430128662746,38.838811126559648],[-77.102436941408428,38.838822189294106],[-77.102443755022236,38.838834627780862],[-77.102450566638041,38.838845689600063],[-77.102457316930867,38.838858126430985],[-77.102460629810153,38.83887050251149],[-77.102467378879737,38.838883002393246],[-77.102470692064514,38.838894001833722],[-77.10247744234789,38.838906439564084],[-77.102480754098664,38.838918814729418],[-77.102497067123124,38.838982189502758],[-77.102507004844981,38.839012502082639],[-77.102516941139328,38.839044190386645],[-77.102526880029856,38.839074502978072],[-77.102536754358184,38.839104877865793],[-77.102550255077375,38.839135252683512],[-77.10256369365689,38.839165565495257],[-77.102577129828276,38.839196002606791],[-77.102590630639739,38.839226315254741],[-77.102607504630811,38.839260878174322],[-77.102621067601078,38.839285690391151],[-77.102634567502648,38.839314690346093],[-77.102651442609513,38.839343753005565],[-77.102668505492304,38.839372816095867],[-77.102733693103247,38.839453190583782],[-77.10278500700322,38.83951969020822],[-77.102791880241838,38.839528065220847],[-77.102798756086969,38.839535004158726],[-77.10280900675761,38.839550253038283],[-77.102815881547755,38.839557127995484],[-77.102822819567237,38.839564128035249],[-77.102829694284651,38.839571066056791],[-77.10283656902098,38.839578003177223],[-77.102843444892741,38.839584941211719],[-77.102857256783864,38.839597502616556],[-77.102864131507857,38.839604440636045],[-77.102871069611894,38.839611377607632],[-77.102881444224849,38.839617003167142],[-77.102888382331813,38.83962394013772],[-77.102902194537833,38.839635065435466],[-77.102912569156587,38.839640690992141],[-77.102919507251329,38.839647628861591],[-77.102936820264546,38.839658815645656],[-77.102954194581855,38.839668628315771],[-77.102971571149681,38.839678503175151],[-77.102982006913308,38.839684065486288],[-77.102999320109717,38.839693941389022],[-77.103009758455926,38.839698127986317],[-77.10308631922544,38.83973337869238],[-77.103162883288505,38.839770003326478],[-77.103316008502588,38.839841815400455],[-77.103556135535143,38.839954567023639],[-77.103796135816111,38.840065877828067],[-77.104370200748349,38.84034044048876],[-77.104415826756423,38.840341002815229],[-77.105014266918857,38.840805316949528],[-77.105763081312773,38.840215564968986],[-77.105784882904388,38.840199055573976],[-77.105834393861059,38.840161564386229],[-77.105868369277957,38.840198932764409],[-77.105941432992751,38.840279290840179],[-77.106121951664264,38.840477831454841],[-77.10623314579442,38.840600126999469],[-77.106564084771918,38.840918440536505],[-77.107018713214586,38.841374190534033],[-77.10702552473316,38.841383940295088],[-77.107028900116589,38.841392191550618],[-77.107032213144464,38.841401816004655],[-77.107032024997821,38.841412878257017],[-77.107031835987954,38.841422441329357],[-77.10702815085817,38.841430628613978],[-77.107024463243775,38.841440190708532],[-77.107020775737098,38.841448441030728],[-77.107013587429734,38.841456566018486],[-77.106679773537394,38.841648942004817],[-77.106612461919795,38.841679691291738],[-77.106681581577746,38.841854703784939],[-77.106706211887882,38.841917067545701],[-77.106721044065651,38.841955112054833],[-77.106731046665089,38.841980769825703],[-77.106783086705192,38.84211425413789],[-77.106886836050535,38.84237775552247],[-77.106940400053858,38.842512880431308],[-77.107032088237702,38.84249475595751],[-77.107109587980588,38.8424791929002],[-77.107187152311099,38.842462317884326],[-77.107261276816885,38.84244531731381],[-77.107338902381102,38.842427004118875],[-77.107391776381874,38.842413941617522],[-77.10743059085496,38.842404755723024],[-77.10746590111566,38.842394192144162],[-77.107504714551624,38.842383692638066],[-77.10754359042987,38.842371755053897],[-77.107578965342881,38.842359816468303],[-77.107617839972903,38.842347941911029],[-77.107653215012661,38.84233462936664],[-77.107692027572497,38.842321380110569],[-77.107727403754637,38.842308066656642],[-77.107762839963257,38.842293379966023],[-77.107798216284053,38.842278691653505],[-77.107837152405835,38.842262691434577],[-77.107851277439153,38.842260066942607],[-77.107861841544761,38.842257504724472],[-77.107875902901881,38.842257629152535],[-77.107889904045109,38.84225925473676],[-77.107900404255659,38.842262066783476],[-77.10791084103252,38.842264942043855],[-77.107921278706527,38.842270503925995],[-77.107931716311214,38.842276128872427],[-77.107938591711175,38.842283129655421],[-77.107945467218244,38.842290065571397],[-77.107948841527389,38.842298379850185],[-77.108058778694627,38.842421817247228],[-77.108579719774781,38.842720441622326],[-77.10913884627864,38.843041504499752],[-77.109149659426066,38.843026567064946],[-77.109160347342083,38.843019817714151],[-77.1091709105701,38.843015817462934],[-77.109185034359669,38.843014629798681],[-77.109303346344973,38.843069567430874],[-77.109310222024376,38.843076505067046],[-77.109320598521492,38.843084879740083],[-77.10933097276974,38.843093192220465],[-77.109341348203728,38.843100254205545],[-77.109351723590919,38.843108567598456],[-77.109362160361215,38.843112879730441],[-77.109372598118043,38.843119817220064],[-77.109546723639994,38.843194630234393],[-77.109553910964223,38.843183754506903],[-77.109759536887083,38.843265817238112]]]},"properties":{"OBJECTID":165,"STDYAREA":"BNDRY","ELEM_":null,"MID_":140,"INT_":null,"HIGH_":null,"DISTRICT":null,"MOBILITY":null,"REGION1":null,"REGION2":null,"ELEM_DESC":null,"MID_DESC":"Francis C. Hammond MS","INT_DESC":null,"HIGH_DESC":null,"TRUSTEE":null,"ADD_SCHL1":null,"ADD_SCHL2":null,"ADD_SCHL3":null,"ADD_SCHL4":null,"ADD_SCHL5":null,"created_user":null,"created_date":null,"last_edited_user":null,"last_edited_date":null,"Creator":null,"Created":null,"Editor":null,"Edited":null,"Shape.STArea()":131308641.38476087,"Shape.STLength()":97293.827067232269}}]}