{"type":"FeatureCollection","features":[{"type":"Feature","id":1,"geometry":{"type":"Polygon","coordinates":[[[-77.105279183050655,38.917325228901419],[-77.105290556703224,38.917327807869277],[-77.105301031515452,38.917331419658261],[-77.105311480700266,38.917336349236152],[-77.105320154095324,38.917342218845704],[-77.10532792918471,38.917349093823113],[-77.105334810773755,38.917356727082975],[-77.105342607756626,38.917362476447288],[-77.105350403138999,38.917368308172911],[-77.105365990170228,38.917380163800289],[-77.105372901664893,38.917386259636395],[-77.105380691713336,38.917392365899524],[-77.105387601608726,38.917398544096621],[-77.105395388456373,38.917404815082477],[-77.105402296218671,38.917411103094537],[-77.105416106941917,38.9174239262029],[-77.10542991339905,38.91743696894126],[-77.10543681369316,38.917443641306591],[-77.105442834367494,38.917450358152429],[-77.105449733062471,38.917457112878793],[-77.105455752671418,38.917463884631829],[-77.10546177121374,38.917470711292474],[-77.105468666175383,38.917477658195402],[-77.105474679915332,38.917484731940938],[-77.105479816704218,38.917491712897593],[-77.105491843122095,38.917505915295088],[-77.105496975643334,38.917513115882578],[-77.105502985652066,38.917520381804295],[-77.105508116573873,38.917527664753145],[-77.105513246429027,38.917535002609689],[-77.105528594452494,38.917557345208223],[-77.10553375625102,38.917564848204606],[-77.105538002218239,38.917572450173225],[-77.105543126741267,38.917580062567907],[-77.105551614943565,38.917595458681909],[-77.105646810316244,38.917761350090416],[-77.105665813891505,38.917868670714007],[-77.105788243094466,38.918262805506579],[-77.10587142922077,38.918321459095054],[-77.105898262368271,38.918387682131254],[-77.106077001554169,38.918595754710758],[-77.106121472588754,38.91869121758311],[-77.107590386279142,38.918210143393743],[-77.108145489315007,38.917244487222597],[-77.108153675356334,38.917239256894717],[-77.10816186192929,38.917233999112327],[-77.108170014424701,38.917228686005139],[-77.108178131244031,38.917223399935075],[-77.108186249127826,38.917218058956529],[-77.108194331868319,38.917212717561135],[-77.10820237999846,38.917207348294959],[-77.10821042919298,38.917201924120342],[-77.108218443777091,38.917196472074913],[-77.108226422152384,38.917191074520616],[-77.108234366982799,38.917185594187607],[-77.108242276670026,38.917180113437823],[-77.108250187421646,38.917174577779541],[-77.10825806303005,38.917169041704511],[-77.108265904560824,38.917163450304763],[-77.108273745024718,38.917157913812453],[-77.108281551943861,38.917152294541403],[-77.108289323719703,38.917146674853612],[-77.10829706088515,38.917141027295187],[-77.108304763440159,38.917135351865973],[-77.108312467059477,38.917129621528375],[-77.108320134470077,38.917123945681915],[-77.108327767270211,38.917118241964758],[-77.108335401667432,38.917112455885224],[-77.108342965779514,38.917106668972764],[-77.108350530423053,38.917100854605849],[-77.108358059923432,38.917095039822186],[-77.108365554813403,38.917089197167897],[-77.108373015092909,38.917083326642924],[-77.1083804759039,38.917077428663497],[-77.108387901571746,38.917071530267407],[-77.108395293161905,38.917065576546676],[-77.108402649608877,38.917059622409298],[-77.108410006054612,38.917053668271436],[-77.108417293280681,38.917047658392804],[-77.108424580505556,38.917041648513703],[-77.108431797978028,38.917035610347817],[-77.108439051123966,38.917029545143656],[-77.108446233984836,38.917023479106689],[-77.108453417377106,38.917017385615317],[-77.108460531017073,38.917011263837146],[-77.108467644655832,38.917005142058578],[-77.108474724216862,38.91699896495544],[-77.108481768634746,38.916992787435667],[-77.108488814116825,38.91698655500749],[-77.10849578878117,38.916980349200614],[-77.108502763976929,38.91697411593929],[-77.108509704562366,38.916967854807396],[-77.108516610537293,38.916961565804961],[-77.10852344622721,38.916955275969826],[-77.108530317590535,38.916948959096437],[-77.108537119201586,38.916942613936357],[-77.108543920811357,38.916936268775864],[-77.108550687810748,38.916929895744872],[-77.108557385057836,38.916923494427195],[-77.108564082836423,38.91691706565517],[-77.10857074547188,38.916910636466575],[-77.108577373496928,38.916904179407524],[-77.108584002053519,38.916897694894061],[-77.108590560325112,38.916891209547991],[-77.10859711859554,38.916884724201509],[-77.108603608178996,38.91687815566047],[-77.108610097228592,38.916871614573054],[-77.108616551667836,38.91686504561514],[-77.108622970964035,38.916858476240762],[-77.108629391324371,38.916851851958064],[-77.10863574139978,38.916845226842739],[-77.108642056332215,38.916838601310978],[-77.108648336654255,38.91683194790874],[-77.108654617507753,38.916825267052211],[-77.108660863750856,38.916818558325211],[-77.108667039709175,38.916811848765668],[-77.1086732156663,38.916805139205742],[-77.108679357545768,38.916798374321424],[-77.108685464282146,38.916791609020713],[-77.108691536408273,38.916784815849574],[-77.108697573391353,38.916778022262008],[-77.108703575231502,38.916771228258007],[-77.108709578135773,38.916764379345693],[-77.108715510755289,38.916757529600922],[-77.108721443906219,38.916750652401852],[-77.108727306772423,38.916743774370239],[-77.108733170170169,38.916736868884435],[-77.108738963815753,38.916729935112102],[-77.108744757460229,38.916723001339456],[-77.108750515961773,38.916716067150467],[-77.108756240385645,38.916709077637123],[-77.108761929134005,38.916702115161407],[-77.10876758380472,38.91669509736132],[-77.10877320386507,38.91668805169089],[-77.108778787717426,38.916681060512055],[-77.10878433749204,38.916674014008954],[-77.108789852656415,38.916666939635483],[-77.10879536781971,38.916659865261749],[-77.108800813230985,38.916652762601643],[-77.108806224032008,38.916645632071187],[-77.108811598624996,38.916638556032389],[-77.108816975347267,38.916631370177384],[-77.108822281252372,38.916624210944001],[-77.108827587156497,38.916617051710318],[-77.10883282330856,38.916609864190299],[-77.108838059992195,38.916602649216081],[-77.108843226391329,38.916595433409462],[-77.108848392789383,38.916588217602595],[-77.108853525109794,38.916580946471541],[-77.108858587145775,38.916573674508086],[-77.108863649180648,38.916566402544412],[-77.108868676605383,38.91655910271043],[-77.108873633745674,38.916551802044175],[-77.108878591417536,38.916544473923686],[-77.108883513946637,38.916537145386897],[-77.10888836672386,38.916529788563892],[-77.108893219500146,38.91652243174061],[-77.108898037133713,38.916515074501085],[-77.108902820157169,38.916507689391359],[-77.108907533428777,38.916500275995318],[-77.108912246699433,38.916492862599043],[-77.108916925359978,38.916485421332624],[-77.108921568877875,38.916477979649912],[-77.108926142643966,38.916470509681005],[-77.108930716409148,38.91646303971185],[-77.108935255031682,38.916455569326509],[-77.108939759044134,38.916448071070938],[-77.108944193304879,38.916440544529152],[-77.108948627564686,38.916433017987202],[-77.108953026149422,38.91642551848301],[-77.108957356047455,38.916417935784629],[-77.108961685412098,38.916410380540022],[-77.108965979634192,38.916402824879263],[-77.108970204104594,38.916395240932296],[-77.108974429106624,38.916387629531215],[-77.108978618966162,38.916380017713912],[-77.108982738541513,38.916372405064415],[-77.108986823506925,38.916364764544738],[-77.108990908471412,38.916357124024927],[-77.108994958293508,38.916349483088929],[-77.108998938363925,38.916341813866801],[-77.109002918433561,38.916334144644495],[-77.109006828751646,38.916326447136036],[-77.109010703927225,38.916318749211378],[-77.109014579634533,38.916311023832677],[-77.109018385057837,38.916303297621759],[-77.109022155871216,38.916295543540734],[-77.109025891009651,38.916287816497544],[-77.109029626147318,38.916280089454233],[-77.109033292066002,38.916272306670834],[-77.109036922842378,38.916264523471234],[-77.10904051847632,38.916256739855541],[-77.109044079500435,38.916248928369747],[-77.109047569708196,38.916241143505772],[-77.109051096121718,38.916233304149792],[-77.109054516577274,38.916225490999622],[-77.109057350807973,38.916217094243791],[-77.109060325604162,38.916208699151902],[-77.109063404759326,38.916200360215861],[-77.109066659621419,38.916192023359642],[-77.109070018842473,38.916183742659278],[-77.109073482954827,38.916175490660812],[-77.10907708709999,38.916167267780146],[-77.109080831277907,38.916159074017273],[-77.10908471495614,38.916150936826213],[-77.109088704057953,38.916142800882938],[-77.109092832127573,38.916134748965412],[-77.10909710076227,38.916126698711672],[-77.109101473755516,38.916118704613687],[-77.109105951107409,38.91611076667143],[-77.109109163364565,38.916102813753575],[-77.109112340479484,38.91609486041974],[-77.109115552735219,38.916086907501708],[-77.109118729848731,38.916078954167624],[-77.109121871820037,38.91607100041746],[-77.109125048932142,38.916063047083114],[-77.109128190902069,38.916055093332751],[-77.109131368012768,38.916047139998255],[-77.109134510513798,38.916039158793666],[-77.109137617340195,38.916031204627004],[-77.109140759839775,38.916023223422265],[-77.109143866664766,38.916015269255404],[-77.109147009162967,38.916007288050437],[-77.109150115986594,38.915999333883335],[-77.109153188200509,38.915991351846259],[-77.109156295555209,38.915983370225021],[-77.109159367235335,38.915975415641675],[-77.109162474588643,38.915967434020274],[-77.109165546799815,38.915959451982786],[-77.109168583868893,38.915951469529197],[-77.109171656611153,38.915943460037504],[-77.109174692614033,38.915935532491758],[-77.109177730213503,38.915927522583921],[-77.109180732138498,38.915919539713997],[-77.109183804878043,38.915911530221976],[-77.109186841943085,38.915903547767833],[-77.109189843866048,38.915895564897625],[-77.109192846320795,38.915887554573374],[-77.109195883383748,38.915879572118982],[-77.109198850695748,38.915871561378559],[-77.109201852616039,38.915863578507995],[-77.109204819926703,38.915855567767423],[-77.109207787236684,38.915847557026744],[-77.109210753481221,38.915839601193937],[-77.10921372132232,38.915831562999095],[-77.109216688630326,38.915823552258139],[-77.109219655937679,38.915815541517105],[-77.109222552961668,38.91580752994404],[-77.109225485126373,38.915799518786876],[-77.109228417290396,38.915791507629621],[-77.109231314312439,38.915783496056321],[-77.109234247007606,38.915775457444859],[-77.109237143495946,38.915767473325381],[-77.109240041048466,38.915759434297804],[-77.109242938067922,38.915751422724163],[-77.109245799945398,38.915743410734478],[-77.109248662354631,38.915735371290701],[-77.10925155937214,38.915727359716826],[-77.109254421780093,38.915719320272899],[-77.109257249046138,38.915711280412914],[-77.109260110920403,38.915703268422796],[-77.109262938185168,38.91569522856269],[-77.109265765449265,38.915687188702464],[-77.109268592180371,38.915679176296138],[-77.109271419443232,38.915671136435769],[-77.109274246705425,38.915663096575301],[-77.109277038825738,38.915655056298846],[-77.109279830945397,38.915647016022248],[-77.109282623064459,38.915638975745608],[-77.109285414650515,38.915630962922869],[-77.109288172691862,38.915622867322142],[-77.109290929667765,38.915614826629323],[-77.10929372178434,38.915606786352342],[-77.109296443617808,38.915598745243422],[-77.10929920112423,38.915590677096354],[-77.109301958097731,38.915582636403201],[-77.109304680461662,38.915574567840061],[-77.109307402292686,38.915566526730821],[-77.10931012412307,38.915558485621503],[-77.109312846485182,38.915550417058135],[-77.109315533705555,38.915542348078738],[-77.10931825606643,38.915534279515178],[-77.109320908676722,38.915526182665737],[-77.109323594830471,38.915518168594062],[-77.109326282048372,38.915510099614394],[-77.109328934124434,38.915502030218697],[-77.109331621341127,38.915493961238823],[-77.109334273416053,38.915485891842977],[-77.109336925490325,38.915477822447052],[-77.109339542422859,38.915469752635161],[-77.109342195028304,38.915461655785073],[-77.109344811959659,38.915453585972983],[-77.109347428890416,38.915445516160872],[-77.109350045820591,38.915437446348655],[-77.109352663282536,38.915429349082352],[-77.109355245070361,38.915421278854076],[-77.109357827389942,38.915413181171751],[-77.109360408644235,38.915405138397311],[-77.109362991495018,38.915397013260836],[-77.109365608421669,38.915388943448178],[-77.109368120456651,38.915380844933743],[-77.109370667632248,38.915372746835104],[-77.109373179133669,38.915364675774498],[-77.109375761449257,38.91535657809164],[-77.109378308623079,38.91534847999278],[-77.109380820655204,38.915340381478032],[-77.109383332686775,38.915332282963156],[-77.109385844717778,38.915324184448167],[-77.109388356748212,38.915316085933192],[-77.109390868778036,38.915307987418082],[-77.109393345666277,38.915299888487048],[-77.109395822553893,38.915291789555901],[-77.109398299440969,38.915283690624712],[-77.109400776859815,38.915275564239458],[-77.109403218604712,38.915267464892224],[-77.109405695490068,38.915259365960836],[-77.109408137766223,38.915251239159495],[-77.109410579509415,38.915243139812013],[-77.109413022316758,38.915234985556573],[-77.109415428385461,38.915226913247118],[-77.109417870659385,38.915218786445493],[-77.109420277259346,38.915210686681867],[-77.109422684391092,38.91520255946422],[-77.109425056381227,38.915194431830614],[-77.109427462979539,38.915186332066867],[-77.109429834968594,38.915178204433118],[-77.109652921678489,38.914368019802907],[-77.109721337340318,38.914102464493666],[-77.109723324311219,38.914094249915912],[-77.109725416171059,38.914086064039466],[-77.10972747288983,38.914077877747218],[-77.109729529608174,38.914069691454891],[-77.109731586325992,38.914061505162515],[-77.109733678183929,38.914053319285891],[-77.109735805181771,38.91404513382502],[-77.1097379321792,38.914036948364036],[-77.109740059176147,38.914028762903065],[-77.109742220780859,38.914020605311798],[-77.109744347776783,38.914012419850671],[-77.109746614801949,38.914004263506676],[-77.109748812077811,38.913996078877048],[-77.109750973680519,38.913987921285518],[-77.109753170423218,38.91397976410974],[-77.109755437978563,38.913971580311511],[-77.109757705001115,38.913963423967203],[-77.109759972023213,38.913955267622825],[-77.109762239044741,38.913947111278397],[-77.109764541206204,38.913938955349721],[-77.109766842834958,38.913930826874953],[-77.109769180135828,38.913922671361881],[-77.109771517436187,38.913914515848774],[-77.109773854203738,38.913906387789588],[-77.109776226111265,38.913898260146155],[-77.10977863369078,38.913890105464425],[-77.109781005597213,38.91388197782085],[-77.109783377503049,38.913873850177197],[-77.109785854829582,38.913865723780823],[-77.109788297547354,38.913857569514619],[-77.109790739200221,38.913849470156315],[-77.109793216525077,38.913841343759728],[-77.10979569384935,38.913833217363077],[-77.109798205781274,38.913825118836158],[-77.109800718244841,38.913816992855132],[-77.109803230175643,38.913808894328049],[-77.109805777778391,38.913800768762655],[-77.10980832484843,38.913792670651254],[-77.109810907058247,38.913784572955478],[-77.109813489267466,38.913776475259638],[-77.109816106616478,38.913768377979494],[-77.109818723964906,38.913760280699293],[-77.109821340780499,38.913752210873028],[-77.109823993268094,38.913744114008438],[-77.109826645755021,38.913736017143776],[-77.109829297709268,38.913727947732994],[-77.109831985335362,38.913719851283986],[-77.109834671896508,38.913711809742836],[-77.109837394661753,38.913703713709381],[-77.109840116894134,38.913695645129842],[-77.109842874266306,38.913687576966026],[-77.109845631637782,38.913679508802105],[-77.109848389008661,38.913671440638112],[-77.109851180987079,38.9136634003438],[-77.109853973497025,38.913655332595383],[-77.109856801146648,38.913647265262618],[-77.109859628263507,38.913639225383832],[-77.109862455379655,38.913631185504926],[-77.109865317635524,38.913623146041701],[-77.109868179890711,38.913615106578398],[-77.109871077817687,38.913607040076741],[-77.109873974679729,38.913599028482999],[-77.109876871541076,38.913591016889178],[-77.109879804074197,38.913582978257026],[-77.109882771746925,38.913574940040498],[-77.109885703746613,38.913566928862181],[-77.10988867088588,38.913558918099469],[-77.109891673164753,38.913550907752487],[-77.109894675442945,38.91354289740535],[-77.109897677720483,38.913534887058177],[-77.109900715137513,38.913526877126571],[-77.109903752553947,38.913518867194945],[-77.109906789437503,38.913510884717191],[-77.109909861992762,38.913502875201097],[-77.109912934015213,38.913494893138932],[-77.109915004037589,38.913489645251907],[-77.109916041177215,38.913486911492363],[-77.109919989042908,38.913479077093477],[-77.109923935843497,38.913471297602491],[-77.109927883175402,38.913463490657335],[-77.109931865646558,38.913455684127769],[-77.109935848116905,38.91344787759806],[-77.109939830054259,38.913440098522166],[-77.109943847130907,38.913432319861897],[-77.109947864738871,38.913424513747451],[-77.109951881813785,38.913416735086813],[-77.109955899419916,38.913408928972082],[-77.109959950569035,38.913401205634919],[-77.109964037921713,38.913393427805325],[-77.109968090133307,38.913385649559821],[-77.10997217695207,38.913377899183935],[-77.109976264302105,38.91337012135385],[-77.109980386259224,38.913362371393326],[-77.10998450821549,38.913354621432696],[-77.109988630170832,38.913346871471859],[-77.109992752125365,38.913339121510852],[-77.109996908686981,38.913331399419441],[-77.110001100919931,38.913323650289534],[-77.110005257479756,38.913315928197804],[-77.110009449178861,38.913308206521606],[-77.110013641409125,38.913300457391244],[-77.110017833106369,38.913292735714705],[-77.110022024802731,38.91328501403801],[-77.110026321386428,38.913277321062296],[-77.110030513080986,38.913269599385231],[-77.110034809662835,38.91326190640919],[-77.110039071635768,38.913254185563233],[-77.110043333075723,38.913246492171091],[-77.110047629654844,38.913238799194531],[-77.110051926233012,38.913231106217729],[-77.110056223342397,38.913223385786814],[-77.11006055452674,38.913215720679418],[-77.110064885710159,38.913208055571857],[-77.11006921689264,38.913200390464084],[-77.110073583746384,38.91319269831785],[-77.110077950067108,38.913185033625417],[-77.110082316386908,38.913177368932899],[-77.110086752985865,38.913169705071475],[-77.110091118771663,38.913162067832552],[-77.110095520228711,38.913154403555112],[-77.110099991432875,38.913146767562829],[-77.110104357747915,38.913139102869387],[-77.11010882895016,38.913131466876763],[-77.110113265011393,38.913123830468287],[-77.110117736211748,38.913116194475307],[-77.11012217227109,38.913108558066497],[-77.110126713217525,38.913100950358491],[-77.110131219555001,38.913093314780639],[-77.110135725359541,38.913085706656652],[-77.11014023116303,38.913078098532395],[-77.110144772105642,38.913070490823657],[-77.110149313047273,38.913062883114726],[-77.110153853987939,38.913055275405604],[-77.110158430067656,38.913047668111986],[-77.110163005614325,38.913040088272155],[-77.110167616300089,38.913032508847813],[-77.110172192376851,38.913024901553563],[-77.11017680359268,38.91301729467483],[-77.110181448883395,38.913009743119545],[-77.110186059033225,38.913002191148429],[-77.110190704854077,38.912994612138739],[-77.110195385281813,38.912987060998539],[-77.110200031100703,38.912979481988501],[-77.110204606106649,38.912971929600907],[-77.110209181643583,38.912964349759143],[-77.11021382692752,38.91295679820248],[-77.110218472210477,38.912949246645638],[-77.1102231526324,38.912941695504216],[-77.110227832521289,38.912934171816609],[-77.110232582689108,38.912926648960109],[-77.110237332323933,38.912919153557418],[-77.110242117097727,38.912911658570174],[-77.110246972150307,38.91290416441398],[-77.110251756390085,38.912896696880274],[-77.110256646048597,38.912889230593336],[-77.110261535174132,38.912881791760128],[-77.110266424298615,38.91287435292675],[-77.110271418841819,38.912866915340054],[-77.110276377712125,38.912859504791506],[-77.110281406861219,38.912852095073966],[-77.110286435477263,38.91284471281022],[-77.110291499764173,38.912837303507857],[-77.110296562986036,38.912829949113309],[-77.110301696486673,38.912822595549805],[-77.110306829986271,38.912815241985996],[-77.110311998624653,38.912807888837612],[-77.110317201869947,38.912800563558605],[-77.110322404582149,38.912793265733342],[-77.110327678105023,38.91278594128508],[-77.11033295109489,38.912778644290604],[-77.110338223551665,38.912771374749873],[-77.110343566287142,38.912764106040107],[-77.110348908489499,38.9127568647841],[-77.110354356110435,38.912749624774619],[-77.110359733982477,38.91274235647974],[-77.110365145397424,38.912735170962186],[-77.110370592483093,38.912727958405966],[-77.110376109847365,38.912720746680662],[-77.110381626678546,38.912713562409131],[-77.110387142976691,38.912706405591315],[-77.110392729553382,38.912699249604465],[-77.110398316128951,38.912692093617295],[-77.110403937311332,38.912684965499508],[-77.110409593632426,38.912677837796942],[-77.11041521428055,38.912670737132594],[-77.110420975486917,38.91266363813029],[-77.110426665880553,38.912656565750552],[-77.110432426552663,38.912649494201638],[-77.110438221831515,38.912642450522043],[-77.110444017109245,38.912635406842234],[-77.110449812385838,38.912628363162021],[-77.11045571254877,38.912621348182313],[-77.110461577038848,38.912614360240696],[-77.110467477199464,38.912607345260376],[-77.110473376295104,38.912600385187716],[-77.110479380808925,38.912593426361546],[-77.110485350181804,38.912586467119446],[-77.110491354161397,38.912579535746566],[-77.110497393279587,38.912572604788984],[-77.110503467004492,38.912565701700679],[-77.110509540728259,38.912558798611983],[-77.110515649058641,38.912551923392577],[-77.110521792527692,38.912545048588406],[-77.110527935463608,38.912538201237922],[-77.110534078398416,38.912531353887083],[-77.110540326219336,38.912524535236571],[-77.110546574039091,38.912517716585725],[-77.110552821325825,38.912510925388553],[-77.110559103751044,38.9125041346066],[-77.110565421314803,38.912497344239817],[-77.110571772953435,38.912490609196304],[-77.110578125122672,38.912483846698365],[-77.11058451083484,38.912477166977695],[-77.110590933281131,38.912470405310181],[-77.110597318990898,38.912463725588736],[-77.110603810650517,38.912457019659591],[-77.11061019476233,38.912450422299521],[-77.110616613480829,38.9124438528086],[-77.110623032198106,38.912437283317338],[-77.110629486053924,38.912430714241239],[-77.110636009124292,38.91242420090385],[-77.110642462445881,38.912417659281019],[-77.110648986045746,38.91241111848889],[-77.110655543188543,38.912404660473968],[-77.110662136001636,38.912398175420151],[-77.110668728813607,38.912391690365922],[-77.110675355700394,38.912385260634899],[-77.110682018257492,38.912378803864968],[-77.110688644609994,38.912372401587177],[-77.110695376380349,38.912366000555522],[-77.110702108149582,38.912359599523398],[-77.110708839385723,38.91235322594499],[-77.110715605228535,38.912346880235681],[-77.110722406209803,38.912340534941485],[-77.110729242329512,38.912334190062353],[-77.110736077916187,38.912327872636858],[-77.110742948109532,38.91232158308042],[-77.110749817769857,38.912315320977612],[-77.11075672310038,38.912309031835854],[-77.110763662505775,38.912302798017244],[-77.110770637049612,38.912296564613619],[-77.110777611592226,38.912290331209661],[-77.110784620209699,38.912284153128738],[-77.110791629357706,38.912277947593402],[-77.110798707720193,38.912271797796606],[-77.110805786081443,38.912265647999355],[-77.110812864441499,38.912259498201692],[-77.110819977408184,38.912253376273043],[-77.110827124981498,38.912247282213464],[-77.11083430769321,38.912241188568935],[-77.110841489871945,38.912235122377957],[-77.110848707189035,38.912229056601994],[-77.110855923973133,38.912223018279569],[-77.110863175363875,38.9122170078262],[-77.110870461893015,38.91221099778781],[-77.110877783028727,38.912205015618412],[-77.110885104163245,38.912199033448594],[-77.110892424764756,38.912193078732273],[-77.110899815644274,38.912187124846412],[-77.110907205459029,38.912181225868139],[-77.110914630943896,38.912175299850794],[-77.110922055364128,38.912169428740988],[-77.110929514922603,38.912163558046153],[-77.110936974479941,38.912157687350827],[-77.110944468112152,38.912151871978466],[-77.11095199688269,38.912146057021104],[-77.110959560791542,38.912140242478642],[-77.110967124167502,38.912134455389705],[-77.110974686478798,38.912128723208333],[-77.110982320131399,38.912122936949274],[-77.110989917579772,38.912117205182298],[-77.11099758477431,38.912111501699691],[-77.111005287107261,38.912105798631998],[-77.111012953767641,38.912100122602382],[-77.111020690174229,38.912094474857128],[-77.111028427111307,38.912088799657297],[-77.111036162983766,38.912083179364991],[-77.111043969134059,38.912077559902976],[-77.111051774751445,38.91207196789447],[-77.111059579835924,38.912066403339459],[-77.111067420058745,38.912060839199327],[-77.111075294888195,38.912055302928067],[-77.111083169184695,38.912049794110253],[-77.111091078619538,38.912044285707282],[-77.111098987521473,38.912038804757884],[-77.111106931030079,38.912033351677266],[-77.111114909676942,38.912027899011534],[-77.111122887790984,38.91202247379924],[-77.111130901043296,38.912017049001783],[-77.111138913762716,38.912011651657807],[-77.111146961088764,38.912006282182631],[-77.11115504302154,38.912000940576341],[-77.111163124953023,38.91199559896944],[-77.111171242022834,38.911990257777362],[-77.111179358028139,38.911984971492771],[-77.1111875091717,38.911979685622931],[-77.111195659782481,38.911974427206609],[-77.111203845531534,38.911969169205022],[-77.111212064823974,38.911963993980265],[-77.11122028571009,38.911958736392869],[-77.111228505000184,38.911953561166932],[-77.111236829707423,38.911948387186484],[-77.111245118742417,38.911943240244099],[-77.111253407244661,38.911938120755167],[-77.111261695745654,38.911933001265666],[-77.111270053992783,38.911927910060193],[-77.111278412238775,38.911922818854158],[-77.111286804559811,38.911917782970896],[-77.111295196879666,38.911912747087044],[-77.111303589198329,38.911907711202552],[-77.111312050731527,38.911902731056131],[-77.111320477124124,38.911897750493836],[-77.111329008402279,38.911892798630873],[-77.111337469400411,38.911887845936661],[-77.111345965005228,38.911882921111115],[-77.111354495216688,38.911878024154333],[-77.111363024895482,38.911873154650934],[-77.111371589180948,38.911868313016242],[-77.111380189136256,38.911863444342224],[-77.111388788027298,38.911858630575601],[-77.111397422056555,38.911853817223609],[-77.111406055553161,38.911849031324998],[-77.111414688517016,38.911844272879812],[-77.111423356087613,38.911839542303248],[-77.111432058796481,38.91183481214135],[-77.111440760972698,38.911830109432834],[-77.111449498287129,38.911825407138934],[-77.111458234537409,38.911820759752452],[-77.111467005925945,38.911816112780578],[-77.111475776781802,38.91181149326205],[-77.111484582775944,38.91180687415816],[-77.111493387705934,38.911802309961608],[-77.111502192634731,38.911797745764424],[-77.111511033233413,38.911793154527835],[-77.111519906844265,38.911788673521869],[-77.11152881612486,38.911784165476497],[-77.111537689733495,38.911779684469231],[-77.11154659794893,38.911775231330523],[-77.111555541302607,38.911770778606396],[-77.112237389225371,38.911408120128002],[-77.112317625091421,38.911439274140712],[-77.11280195312213,38.911293961803047],[-77.113289793099369,38.911148688936819],[-77.113365715214343,38.911126080690309],[-77.113514877167688,38.911450387944583],[-77.113682324647982,38.911679185851803],[-77.11373419708589,38.91175218322735],[-77.113779070525339,38.911809061189913],[-77.113833014081877,38.911871291057821],[-77.113870965716316,38.911911693524779],[-77.113910481571253,38.911951180782083],[-77.113951527569284,38.91198969750549],[-77.113994033962797,38.912027215410419],[-77.114036472984338,38.912075496938087],[-77.114086386024852,38.912129880413772],[-77.114137791450162,38.912183430200628],[-77.11419065465266,38.91223611842824],[-77.114279578194697,38.912319795230985],[-77.114370497350109,38.912402067561906],[-77.114427635466754,38.912451812919592],[-77.114508878104218,38.912518291201494],[-77.114585320509704,38.912576721880612],[-77.114656179493537,38.912627617478165],[-77.114720742149203,38.912671491345002],[-77.114779874539181,38.912719914481443],[-77.114833920694792,38.912760533824759],[-77.114889968681055,38.912799419283076],[-77.11493957811345,38.912831363744118],[-77.11501655521819,38.912876701879505],[-77.115060592283911,38.912900534740551],[-77.115105457213602,38.912923361312245],[-77.115435558698437,38.913076717993263],[-77.116258175549262,38.913451355848984],[-77.1165099160106,38.913569780445663],[-77.11657612618184,38.913513315676042],[-77.116861978485161,38.913269538607913],[-77.117133490880477,38.91304204077931],[-77.117369331817017,38.912841610298152],[-77.117590850901422,38.912654740977345],[-77.117776699950426,38.912494911890221],[-77.117994597127321,38.912313491261592],[-77.118219714945539,38.912123917070339],[-77.118237461180172,38.912113141664754],[-77.118304966883642,38.912075491155214],[-77.118599851039519,38.911911450902558],[-77.119022663064626,38.911674770884439],[-77.119314030001334,38.911510687520462],[-77.120326580039432,38.910946492935352],[-77.120337238465112,38.910940549374274],[-77.120468854377592,38.910867952091635],[-77.120546829345017,38.910824931180294],[-77.120334604423533,38.910529355800328],[-77.120067614094438,38.910157511182206],[-77.120005949281975,38.910074406076546],[-77.119578077630877,38.90947898362819],[-77.119386323676096,38.909215857774072],[-77.119521143263754,38.909074849279378],[-77.119543837966219,38.909066677048315],[-77.119713680952898,38.909005513873055],[-77.119883541097408,38.908947096684862],[-77.120028610742807,38.908896626162225],[-77.120111382538653,38.908795995280741],[-77.120341863563709,38.90850762300277],[-77.120299353120117,38.908342362066058],[-77.120378136427405,38.908266316034762],[-77.120527106343445,38.908122608106453],[-77.120615734945105,38.908037049251412],[-77.120639551056442,38.908014059705494],[-77.121986149272928,38.906706275918445],[-77.121993479468941,38.906699743965845],[-77.122000914019608,38.906693268157376],[-77.122008383178425,38.906686820214603],[-77.122015921554905,38.906680428003853],[-77.122023494012055,38.906674091112912],[-77.122031171351296,38.906667782911974],[-77.122038883298657,38.906661502576739],[-77.12204666446371,38.906655277973435],[-77.122054479709433,38.906649108689919],[-77.12206239930974,38.906642995550392],[-77.122070318381262,38.906636909864453],[-77.122078341807381,38.906630880322496],[-77.122086364704714,38.906624878234076],[-77.122094527093566,38.906618932701761],[-77.122102723563131,38.906613042489141],[-77.122110954113438,38.906607207596267],[-77.122119254408801,38.906601400981074],[-77.122127588784863,38.906595649685627],[-77.122135992378716,38.906589954121934],[-77.122135940509864,38.906589795616924],[-77.122086901472272,38.906439609929016],[-77.12207757129886,38.906430194892472],[-77.122051371493995,38.906403752267707],[-77.12198313007687,38.90633488121815],[-77.121943859534554,38.906295248479772],[-77.121906195948853,38.906274757240901],[-77.121843933417395,38.906240885735308],[-77.121744860987263,38.906245325414908],[-77.121662782447174,38.906249003276628],[-77.121664953575447,38.906172943128681],[-77.121665591488039,38.906150606511467],[-77.121667510321174,38.906083445687173],[-77.121660799861942,38.906050414600472],[-77.121777103740101,38.905942871497601],[-77.121821361635241,38.90590194794823],[-77.12187991814541,38.905847801782706],[-77.121880231209275,38.905847970216847],[-77.121908692953127,38.905809832200468],[-77.122040434614206,38.905633160128495],[-77.122050235066851,38.905620034064391],[-77.122075894613943,38.905585630350437],[-77.122332143146423,38.90546245546561],[-77.122099925571618,38.905328087433283],[-77.122084666877001,38.905319258474393],[-77.122062135132168,38.905306220014602],[-77.122059392548024,38.905306975614479],[-77.121915920991682,38.905346519256],[-77.12182021091796,38.905300751220167],[-77.121541840363065,38.905135826518595],[-77.121571070478495,38.905087532131645],[-77.121602584975335,38.905035463003486],[-77.121614728389346,38.905015401559368],[-77.121634056317347,38.904983465443706],[-77.121659704377279,38.904940971187628],[-77.12166891450191,38.904925873099131],[-77.121701618173461,38.904871236626775],[-77.121722194869051,38.904836950127958],[-77.121736650121804,38.904812825923692],[-77.121748883766756,38.904792408539976],[-77.121763125719539,38.904768638813955],[-77.121773289765443,38.904751676025818],[-77.121787052916005,38.904728703893809],[-77.121798288014915,38.904709955018156],[-77.121812373333697,38.90468644775401],[-77.121828682561315,38.904659226826169],[-77.121844437985189,38.904632934766106],[-77.121866994466174,38.904595286983003],[-77.121893726325581,38.904550672065831],[-77.121904543888121,38.9045326168035],[-77.121918193429664,38.904509837261571],[-77.121935292265505,38.904481298904749],[-77.121950269298807,38.904456303780556],[-77.121968924798708,38.904425168083947],[-77.121991065833086,38.904388215641262],[-77.121995635955997,38.904380480816933],[-77.122006115852955,38.904362620671613],[-77.122021567164722,38.904336488065866],[-77.122051506615477,38.904285879764643],[-77.12207752790259,38.904241767918613],[-77.122108301164928,38.904189598995906],[-77.122112854703047,38.90418615636213],[-77.122119035238967,38.904181486799033],[-77.122122939165166,38.904177672696719],[-77.122134715976216,38.904166160784705],[-77.122154960969638,38.904146376227175],[-77.122175315697447,38.904126481395586],[-77.122209992317764,38.904092590155031],[-77.122250556193833,38.904052942928921],[-77.122304564358885,38.904000159128678],[-77.12233400726582,38.903971382744174],[-77.122366129616481,38.903939987853043],[-77.122385513547698,38.903908762804441],[-77.122394142474747,38.90389486266416],[-77.122406463653633,38.90387501603913],[-77.122421615816322,38.9038506081558],[-77.122436285199313,38.90382697722832],[-77.12245626286817,38.903794798019049],[-77.122483285129888,38.903751267621267],[-77.122502972676429,38.903719553543681],[-77.122518444356601,38.903694631080754],[-77.122531965133049,38.90366607127752],[-77.122552580547023,38.903622524094992],[-77.122578784207633,38.903567170993497],[-77.122606354536458,38.90350893169763],[-77.122628131315665,38.903461634338491],[-77.122641202863747,38.903433244314556],[-77.122669970350046,38.903370762690159],[-77.122694369167817,38.90331776886724],[-77.122643877614763,38.903282400129605],[-77.122592163771785,38.903246174349931],[-77.122534856202222,38.903206029933493],[-77.122500142743959,38.903183654652899],[-77.122315229958545,38.903219702486695],[-77.122191464475534,38.903243830297093],[-77.122101532356268,38.903261361011623],[-77.122031499867404,38.903275012889637],[-77.12203051091268,38.903271611656805],[-77.122027251309561,38.903260410804357],[-77.122021801428275,38.903241685877823],[-77.122015434642066,38.903219811138456],[-77.122009267780314,38.903198620102714],[-77.122000428605418,38.903168243137451],[-77.121987412776988,38.903123524083945],[-77.121981565305347,38.903103430056397],[-77.121977676133241,38.903095503325105],[-77.121973291904652,38.903087735548567],[-77.121968412092343,38.903080154180842],[-77.121963071831473,38.903072759634014],[-77.121957270594805,38.903065579362107],[-77.121950972719731,38.90305864040711],[-77.12194428361191,38.903051944005369],[-77.121937131946041,38.90304554424074],[-77.121929658790378,38.903039415307646],[-77.12192175873939,38.903033555969564],[-77.121913500481028,38.903028049413116],[-77.121904920205338,38.903022841142125],[-77.121895981194683,38.903018013106653],[-77.121886789909453,38.903013511635045],[-77.121877275551753,38.903009363356915],[-77.121867542999553,38.903005596962835],[-77.121857592252582,38.903002212452755],[-77.12184742331084,38.902999209826596],[-77.121837071309287,38.902996589496539],[-77.121826569800433,38.902994434237129],[-77.121815955501731,38.902992662097994],[-77.121805227885503,38.902991300533387],[-77.121794457221853,38.902990350367503],[-77.121783573240378,38.902989810776077],[-77.121772715953881,38.902989710861959],[-77.121761850754595,38.902990022758765],[-77.12175104738499,38.902990774745085],[-77.121740271237343,38.902991938954585],[-77.121729592581744,38.902993516211716],[-77.121719011418008,38.902995506516447],[-77.121708598543847,38.902997883239159],[-77.121698353431441,38.903000673833994],[-77.121688276080747,38.903003878301035],[-77.121683741344484,38.90298874251625],[-77.121671763622885,38.902948763926609],[-77.121668654924804,38.902937829138551],[-77.121653402446654,38.902885271339095],[-77.121623105868068,38.902780516876796],[-77.121601704747462,38.90270651764515],[-77.121583310604706,38.902642918245746],[-77.121573008580668,38.902607298033878],[-77.121549836024272,38.902527190392441],[-77.121691536289106,38.902468440265984],[-77.121592600282497,38.902402274000721],[-77.121507642911624,38.902345457155661],[-77.12111547486235,38.902088219733066],[-77.12102737422218,38.902100915784096],[-77.120981815625271,38.901927063404237],[-77.120935700539164,38.901751093450635],[-77.120664267175229,38.901794589325803],[-77.120651251575396,38.901742261869558],[-77.120638007342365,38.901698169826751],[-77.120582291226057,38.901488817066635],[-77.120556031615322,38.901392397541642],[-77.120536270956023,38.901323514659708],[-77.120513155302788,38.901246354274456],[-77.120509853070686,38.901235331361804],[-77.120486948673516,38.901147189314123],[-77.120444125449566,38.900998400598525],[-77.12044077043798,38.900990123097202],[-77.120401408008931,38.900844121033543],[-77.120394856948209,38.900819302331278],[-77.120368491698372,38.900728401030157],[-77.120348784206811,38.900656772690724],[-77.12021034913576,38.900495892240968],[-77.12017691666864,38.900457039626623],[-77.120085711380838,38.900349441052136],[-77.119998281208396,38.900246216901778],[-77.119836803480737,38.900052123162261],[-77.11976286969734,38.899968121733536],[-77.119680501964069,38.899874540468801],[-77.119668293685507,38.899860666844042],[-77.119551481188708,38.899721992453102],[-77.119503403812715,38.89966376073329],[-77.119451866005946,38.899602742289389],[-77.119355658811742,38.899489024158733],[-77.119214875041692,38.899317122106353],[-77.119032857185971,38.899098038798755],[-77.118941827014055,38.898988481333447],[-77.118945899183785,38.898987672787896],[-77.118996520421774,38.898977609852153],[-77.119406099940946,38.898887631015995],[-77.11954516425395,38.898859663031132],[-77.119659069733444,38.898837056092049],[-77.119772309457204,38.898812518995875],[-77.119884848811921,38.898786023877548],[-77.120047129794898,38.898744021215137],[-77.120207589976616,38.898698015191798],[-77.120448385247911,38.898639057473062],[-77.120686155410283,38.898572924051905],[-77.12079891053466,38.898538824079601],[-77.121043085406782,38.898450247646721],[-77.121512092831921,38.898292061085762],[-77.121887677313879,38.898167678818481],[-77.1220412663628,38.898111539213957],[-77.12239726957641,38.897981982774361],[-77.123086581779575,38.897733310221319],[-77.123601404502011,38.897567716370126],[-77.123440802359568,38.897385145357468],[-77.123130856909853,38.897037709214437],[-77.123003486856462,38.896899738242865],[-77.122909620956591,38.896792091691438],[-77.122907120084093,38.896788739670022],[-77.122888961889601,38.896764464658176],[-77.12280581131823,38.896653298271687],[-77.122715638454409,38.896536358325484],[-77.122633744676463,38.896427478885116],[-77.122382769224274,38.89604723038368],[-77.122310602658715,38.895944231446819],[-77.122042518387332,38.895540165551495],[-77.12173022546807,38.895077913467098],[-77.121711654095961,38.895045923904213],[-77.121691171411427,38.895014653341136],[-77.121656868570369,38.894969298196962],[-77.121625131397522,38.894933062533212],[-77.121578072555295,38.894876765751278],[-77.121408056410672,38.894672662134099],[-77.121307159456634,38.894570945483679],[-77.121251572269699,38.89451778878658],[-77.121187626777399,38.894458904572176],[-77.121147454868819,38.89441910975232],[-77.121104828363926,38.894380878805933],[-77.121059850017957,38.894344350238505],[-77.120841579483752,38.894181062061961],[-77.120640098292,38.894041943537125],[-77.120566523013991,38.89399233733775],[-77.120487011715142,38.893935301992265],[-77.120432740129232,38.893894187987847],[-77.120379716658093,38.893852127502754],[-77.120320611352199,38.893802910776614],[-77.120270261356254,38.893758877032681],[-77.120193084394558,38.893690115850205],[-77.12012350636634,38.893624546906175],[-77.120063034432519,38.893564192529354],[-77.119972100859982,38.89346896252281],[-77.11992801032541,38.893421047866291],[-77.119885659198246,38.893372219975532],[-77.119839387761743,38.893315300108945],[-77.119800833209197,38.893264567105646],[-77.119798598921761,38.893261070544618],[-77.119753760481089,38.893190859483454],[-77.119703595840917,38.893106186267985],[-77.11965643799229,38.893020477406374],[-77.119616245546752,38.892941660558236],[-77.11948188227737,38.892638291650194],[-77.119455019868411,38.892544226114694],[-77.119429105797664,38.892441054861735],[-77.119408433595936,38.89232295182903],[-77.119391411559661,38.892195939599063],[-77.119384531340771,38.892128031523995],[-77.119380594438752,38.892040468930233],[-77.119373845054994,38.891952983117996],[-77.119389155088314,38.891668673226633],[-77.119387267535174,38.89134681501357],[-77.119360189638485,38.891110611781222],[-77.119352482845599,38.89096333336721],[-77.119336891731791,38.890842324270814],[-77.119283956558874,38.890489110261854],[-77.119245181113598,38.890258261521765],[-77.119241916569635,38.890245316747702],[-77.119090042461451,38.889665489378842],[-77.11904998392329,38.889501354267402],[-77.119019629113936,38.88938072070205],[-77.11891828824929,38.889023367368935],[-77.118910311980997,38.888999657609631],[-77.118879159549067,38.888920479861326],[-77.118841367378565,38.888821177909342],[-77.118728559044413,38.888548542240606],[-77.118724481108785,38.888541354570414],[-77.11864167603197,38.888389348343566],[-77.118446819795324,38.887998491292812],[-77.118353206290521,38.887805716237189],[-77.118259118099829,38.887601127516326],[-77.118104377101048,38.887260225416654],[-77.117942879325469,38.886945495749799],[-77.117933334570566,38.886930280188274],[-77.117761922319787,38.886594531009052],[-77.117694097709787,38.886461677178254],[-77.117690328964315,38.886454295732719],[-77.11784067428755,38.886323412216235],[-77.117926508527489,38.886254123518533],[-77.118012579214479,38.886174375107558],[-77.118105231730652,38.886077596211017],[-77.11820861103017,38.88597295244972],[-77.118303492365001,38.885862579233745],[-77.118449056574207,38.885696480735],[-77.118508302088372,38.885624874238843],[-77.118585595855691,38.885522806663481],[-77.11864032014843,38.885445133082804],[-77.118665358494496,38.885405637361842],[-77.118691511299943,38.885370301271649],[-77.118375642504631,38.88538177157217],[-77.117874373720539,38.885394821489605],[-77.117488026629076,38.885406201437448],[-77.117243184300349,38.885403868311919],[-77.117166267838897,38.885402413520673],[-77.116430419002711,38.885427523775071],[-77.116169227809095,38.885434881586569],[-77.11511276325345,38.885451537256927],[-77.114143407930598,38.885487609840247],[-77.113127983800482,38.885544000416893],[-77.112219122269067,38.885558555923531],[-77.110952577387323,38.885591914052561],[-77.109996603194915,38.885608064552379],[-77.109716197617743,38.885627812455553],[-77.109525238561275,38.885655126814328],[-77.109389685725759,38.885687929938996],[-77.109235309705753,38.885732949622863],[-77.109116469947139,38.885771744504765],[-77.108978897403745,38.885825338298929],[-77.108832182101182,38.885886567500577],[-77.108670300806708,38.885954399606433],[-77.108602202644192,38.885981932120053],[-77.10853199259607,38.886006034472508],[-77.108429071976971,38.886035570852414],[-77.108386997986827,38.886045534794128],[-77.108344291190988,38.886053706290312],[-77.10830112669376,38.886060114875669],[-77.108257576349416,38.886064679019555],[-77.108213744476458,38.886067454878727],[-77.108169808309796,38.886068362171621],[-77.107857733379177,38.886072352483225],[-77.107240290448274,38.886082332388689],[-77.106858184220613,38.886088510227417],[-77.10632220048015,38.886101236448759],[-77.105893286894499,38.886111414163786],[-77.10546751293009,38.886108281782988],[-77.105042287582535,38.886107653281137],[-77.104625353229494,38.886107066820927],[-77.104037444725691,38.886103266074542],[-77.103661759523177,38.886100832312451],[-77.102531339254426,38.886071460438821],[-77.101952477278985,38.886063198443132],[-77.101310161136084,38.886029738072565],[-77.100669676892934,38.885992451533028],[-77.100178862826709,38.885973421750329],[-77.100046668639649,38.885977887442053],[-77.09974930119391,38.885977171002082],[-77.099715397811522,38.885978881258396],[-77.099681677859394,38.885981994179403],[-77.099624945987088,38.885990434667832],[-77.099579883960246,38.886000414763267],[-77.099536026460783,38.886013484784762],[-77.099474726899615,38.886034530045251],[-77.099441626665211,38.886043691606439],[-77.099407921474892,38.886051445456701],[-77.09937375183749,38.886057793271128],[-77.099339188544235,38.886062708432931],[-77.099304336977369,38.886066192198619],[-77.099269303054982,38.886068218370511],[-77.099263855196455,38.886068318161406],[-77.099234192159486,38.886068788205279],[-77.099199109137118,38.886067930413837],[-77.099164090188793,38.886065590506867],[-77.099129310414199,38.886061798033438],[-77.099094804406121,38.886056580866899],[-77.099060748336157,38.886049913648293],[-77.099027140597983,38.886041878740407],[-77.098994157362981,38.886032450784604],[-77.098944548721562,38.886017963980485],[-77.098888932640449,38.88600524534624],[-77.098854764263834,38.885998933714575],[-77.098820333921083,38.885993442763983],[-77.098785711328247,38.885988800786428],[-77.098750932147084,38.885984980746777],[-77.098715995840223,38.885982010098957],[-77.098680972659722,38.88597988968111],[-77.098645897731117,38.885978619912215],[-77.098606762857983,38.885978345190914],[-77.097767056075142,38.886035024600595],[-77.097589855101518,38.886046611679099],[-77.097571640148601,38.886047382761717],[-77.097555515380762,38.886047272601928],[-77.097541506801974,38.886046748340419],[-77.097527464706715,38.88604614129536],[-77.097513423685029,38.886045479340268],[-77.097499418863706,38.886044762894713],[-77.097485415115969,38.886043991539218],[-77.09747137785196,38.886043137400179],[-77.097457376251683,38.886042256224798],[-77.097443376261893,38.886041292685306],[-77.097429377345819,38.886040274235846],[-77.097415414630348,38.886039201295944],[-77.09740141786196,38.886038073026626],[-77.097387457294204,38.886036890266816],[-77.097373497800405,38.886035652597101],[-77.097359539917235,38.886034332563277],[-77.097345617698068,38.886032985493202],[-77.097331661962912,38.886031555639512],[-77.097317742428544,38.886030071295366],[-77.097303823968289,38.886028532041308],[-77.09691281084099,38.885997828939907],[-77.096793725937118,38.885978721662291],[-77.096719789855015,38.885970369032449],[-77.096652765403363,38.885973302845493],[-77.096584762891624,38.885981332596451],[-77.096570758848316,38.885982373524662],[-77.096556755341695,38.885983386997033],[-77.09654278749835,38.885984373433395],[-77.096528785065018,38.885985331994156],[-77.096514748578784,38.885986235225275],[-77.096500748292939,38.885987083966199],[-77.096486748006782,38.885987932705419],[-77.096472714204879,38.885988698660825],[-77.096458715529309,38.885989465034285],[-77.096444682800978,38.885990176078074],[-77.096430650609406,38.885990859666045],[-77.09641661895472,38.88599151579816],[-77.096402588373991,38.885992117020372],[-77.096388558330048,38.885992690786757],[-77.09637452936019,38.885993209643168],[-77.096360500390119,38.885993728497937],[-77.096345633213787,38.885993990188538],[-77.09633157180231,38.885994371349362],[-77.096317546054465,38.885994725474177],[-77.096303486254101,38.885995024269242],[-77.096289427527921,38.885995268154346],[-77.09627536987594,38.885995457129496],[-77.096261348424903,38.885995591614517],[-77.096247292384291,38.885995698223894],[-77.096233237955119,38.88599572246919],[-77.096219184063116,38.885995719258688],[-77.096205131245469,38.885995661138196],[-77.096191079502205,38.885995548107815],[-77.096177028296168,38.885995407621522],[-77.096162978701798,38.885995184771211],[-77.096148929644684,38.885994934465074],[-77.09613488166211,38.885994629248998],[-77.096120834754018,38.885994269122925],[-77.096106788920522,38.885993854086983],[-77.096092744161666,38.885993384141024],[-77.096078699940193,38.885992886739274],[-77.096064692457276,38.885992307393323],[-77.096050650385166,38.885991700171658],[-77.096036609387767,38.885991038040096],[-77.096022604591752,38.885990321418468],[-77.09600860033332,38.885989577341007],[-77.095994562560264,38.885988750479598],[-77.095980560451494,38.885987896582279],[-77.095966559954817,38.885986960320878],[-77.095952559995808,38.885985996603665],[-77.095938560574467,38.885985005430669],[-77.095924597892008,38.885983932313529],[-77.09591060115784,38.885982803866561],[-77.095896640088171,38.885981648383691],[-77.095882680093482,38.885980437990888],[-77.095868721173886,38.885979172688174],[-77.095854763329456,38.885977852475527],[-77.095840806560119,38.885976477352969],[-77.09582688545531,38.885975075194544],[-77.095812965425694,38.885973618126222],[-77.095799047008668,38.885972078693854],[-77.095785129129567,38.885970511805681],[-77.09577121178836,38.88596891746176],[-77.095757331186547,38.885967241173766],[-77.095743451122743,38.885965537429968],[-77.095729572671601,38.885963751322123],[-77.095717376538971,38.885962177551164],[-77.095715729885214,38.885961938178539],[-77.095701887636935,38.885960097579179],[-77.095688047001417,38.885958174615794],[-77.095674207441448,38.885956196742448],[-77.095660403546262,38.885954191833427],[-77.095646600726653,38.885952132014438],[-77.09563279898255,38.885950017285644],[-77.095619033440798,38.885947848066891],[-77.095605268437239,38.885945651392483],[-77.095591504509372,38.885943399808127],[-77.095577777321239,38.885941066279848],[-77.095564050671442,38.885938705295807],[-77.095550324559966,38.885936316856032],[-77.095536635188353,38.885933846472277],[-77.095522946355118,38.885931348632823],[-77.095509293724334,38.88592879630351],[-77.095495642169439,38.885926189064392],[-77.095482026817095,38.885923527335478],[-77.095468376876539,38.885920837730772],[-77.095454798802706,38.885918066602216],[-77.095441186140746,38.885915267597881],[-77.095427609143911,38.885912441557906],[-77.09541406888728,38.885909533574065],[-77.095400529169183,38.885906598134547],[-77.09538702619129,38.885903580751112],[-77.095373523752045,38.885900535912036],[-77.095360021851448,38.885897463617248],[-77.09534655669114,38.885894309378607],[-77.095333127196128,38.885891128104404],[-77.095319698777331,38.885887891920397],[-77.095306271434765,38.885884600826593],[-77.095292879757622,38.88588128269727],[-77.095279524820924,38.885877882624079],[-77.095258863902018,38.885872582770304],[-77.095245398750819,38.885869428520053],[-77.095231970340066,38.885866192325999],[-77.095218578132204,38.885862901642277],[-77.095205187538284,38.885859528594608],[-77.095191868811483,38.885856074023337],[-77.095178551161112,38.88585256454234],[-77.095165270251357,38.88584897311754],[-77.095152025544721,38.885845327203128],[-77.095138782452125,38.88584159892487],[-77.095125611226891,38.885837789123023],[-77.095112476204804,38.885833924831587],[-77.095099342796914,38.885829978176325],[-77.095086245592299,38.885825977031473],[-77.095073220255145,38.885821894363154],[-77.095060196532287,38.885817729330952],[-77.095047244139366,38.885813510229511],[-77.095034292823158,38.885809236218307],[-77.095021413374567,38.885804880683665],[-77.095008535540444,38.885800442785239],[-77.094995729036299,38.885795950817531],[-77.094982959273267,38.885791376906262],[-77.094970190587134,38.885786748085359],[-77.094957493768817,38.885782037741016],[-77.094944868818175,38.885777245873413],[-77.094932244406891,38.885772426550325],[-77.094919657274517,38.885767497829555],[-77.094907140934666,38.885762542493786],[-77.094894661873809,38.885757477760357],[-77.094882218478972,38.885752385991729],[-77.094869811825447,38.885747212279618],[-77.094857477039881,38.885741957044317],[-77.094845178458058,38.885736647319703],[-77.094832916079994,38.885731283105756],[-77.094820725569946,38.885725837368696],[-77.094808571263698,38.885720337142331],[-77.094796453698976,38.885714754972533],[-77.094784372338097,38.885709118313535],[-77.094777305642666,38.885705765957091],[-77.094772362307594,38.88570342758559],[-77.094760424145264,38.885697655334546],[-77.094748522186791,38.885691828594275],[-77.094736656970014,38.885685919910735],[-77.094724863083655,38.885679957158253],[-77.094713105401226,38.885673939916636],[-77.094701383922867,38.885667868185848],[-77.094689769439185,38.88566171535242],[-77.094678156032998,38.88565550760952],[-77.094666614495168,38.885649218343715],[-77.094655143750032,38.885642902463246],[-77.094643709746776,38.885636504639571],[-77.094632347074096,38.885630052747125],[-77.093723283859774,38.885057602911132],[-77.093569092312464,38.884949374316911],[-77.093408498874567,38.884845133006209],[-77.093051580000875,38.884577620782146],[-77.092951705873901,38.884483827229964],[-77.092453218553402,38.884496554818568],[-77.091719676789296,38.884511404954822],[-77.09074075141497,38.88453371395466],[-77.089831666160677,38.884542024660462],[-77.089299060428488,38.884558420844314],[-77.088827746373809,38.884566763682287],[-77.088725022053055,38.88457349294054],[-77.087740788186579,38.884579786019934],[-77.087790261804415,38.884797319676359],[-77.087881384563985,38.885040892424435],[-77.087976366592059,38.88533833424956],[-77.088054591294565,38.885612507614283],[-77.088076666450704,38.885753014253233],[-77.08809680594976,38.885893689836927],[-77.088116041464204,38.886042812406679],[-77.088132239906059,38.886183797583591],[-77.088231119100172,38.88703324372775],[-77.088305371085838,38.887563027037416],[-77.088347769979279,38.887908166906776],[-77.087893516189339,38.887691259928594],[-77.087451202497263,38.887474796814466],[-77.087235874008741,38.887374632618581],[-77.087210618854741,38.887362884635905],[-77.086537028734597,38.887043926418897],[-77.086030786399235,38.886825744499085],[-77.086028060266216,38.886824566916054],[-77.086025871908873,38.886823624073394],[-77.085989246899473,38.886807842969041],[-77.085988685075733,38.886807602790093],[-77.085867761715207,38.88675549755586],[-77.085814978653531,38.886735162478779],[-77.085811090575987,38.886733665400868],[-77.085419676588614,38.886582866609004],[-77.085236207397358,38.886510460589996],[-77.084980426691601,38.886409516546649],[-77.084931769584671,38.886395007798143],[-77.084922059092804,38.886392113849858],[-77.084890377715823,38.886382673571298],[-77.084819277481841,38.88636418718373],[-77.084747327668111,38.886347804981931],[-77.08467466769288,38.886333583565786],[-77.084601333218401,38.886321495903125],[-77.084548525554794,38.886314351339081],[-77.08449525142278,38.886309480359692],[-77.084441685367835,38.886306939989247],[-77.08438803814532,38.8863067327677],[-77.084345142875478,38.886308275293914],[-77.084302393983904,38.886311302441676],[-77.08425986172152,38.886315815058062],[-77.084217616339245,38.886321813990016],[-77.084175763214759,38.886329300508315],[-77.08414467946092,38.886335873333344],[-77.084124644775386,38.886340935144617],[-77.084041464794723,38.886361952346512],[-77.08395745729554,38.886379722593674],[-77.083904360189607,38.886389023155211],[-77.083861649415667,38.886395455718457],[-77.083818710087954,38.886401006770946],[-77.083764806314406,38.886406672742645],[-77.083611945688617,38.886491467648916],[-77.083446119066977,38.8865755207243],[-77.083289494245065,38.886392619821265],[-77.08293985083823,38.886476907382011],[-77.082830146024961,38.886466878707559],[-77.082783778882842,38.886485871184028],[-77.082726277883808,38.886508216788641],[-77.082629206304077,38.886543430699973],[-77.082267102843232,38.88666787808981],[-77.081759276038525,38.886851774542556],[-77.081359793266586,38.886993589736207],[-77.081293895340423,38.887017645624773],[-77.081016431274975,38.887118863811828],[-77.080915902568819,38.887160020969375],[-77.080880673882547,38.887173722092072],[-77.080408197874263,38.887207763366945],[-77.078896018284183,38.887316701576239],[-77.07861804551311,38.887336954062079],[-77.076246472999927,38.887509763341924],[-77.075138163514268,38.887586970757837],[-77.074888358352212,38.887605908512818],[-77.074276105638418,38.887650680802921],[-77.073927709448824,38.887676657900244],[-77.073748232428542,38.88769095499169],[-77.073491365934757,38.887709804036362],[-77.073340045245487,38.88772169640847],[-77.073128953346071,38.887735608535152],[-77.072244490991309,38.887798509775571],[-77.072238755388426,38.887798934345021],[-77.071938209884408,38.887823290372651],[-77.071773171508738,38.887836665014696],[-77.071773433208563,38.887789212751571],[-77.071768182939309,38.887726428769675],[-77.071754609145287,38.887644046504477],[-77.067734100025845,38.887958282227274],[-77.067722420716677,38.887958991085213],[-77.067364612991554,38.887980989497336],[-77.06678343034288,38.888026596091393],[-77.06653301125705,38.88805847006924],[-77.066331719973789,38.88808995461175],[-77.066146986302471,38.888136826701889],[-77.064207926248883,38.88848811109829],[-77.064416776092315,38.889241414998573],[-77.064478869832797,38.889472843621256],[-77.064482245835507,38.889481480074522],[-77.064483827554383,38.889490231901583],[-77.064485405428258,38.889499175906352],[-77.064486804766744,38.88951704244932],[-77.064485745828236,38.889526064070168],[-77.064481879779478,38.88954367403565],[-77.064478193364465,38.889552306554968],[-77.064474510794014,38.88956074689635],[-77.064469954960984,38.889568929418608],[-77.064464560993343,38.889576854550889],[-77.064459102261509,38.889584504284635],[-77.064451928836775,38.889591803532895],[-77.064444762552242,38.889598745879169],[-77.064438460738614,38.889606385307673],[-77.064432153430005,38.889614299275458],[-77.064425842823837,38.889622377966674],[-77.064420408774737,38.889630549753164],[-77.064415849634841,38.889638896996928],[-77.064411288296441,38.889647354056407],[-77.064406724210102,38.889655948385396],[-77.064399344757078,38.889673542866177],[-77.064393714573214,38.889691515715839],[-77.064390042423867,38.889699434429012],[-77.064385493714326,38.889707260046158],[-77.064378152158341,38.889722960202015],[-77.064373602896623,38.889730813272671],[-77.064369055831463,38.889738556527213],[-77.064365384775797,38.889746420331633],[-77.064360837708762,38.889754163585849],[-77.064356292838312,38.889761797024086],[-77.064351744670532,38.889769595185832],[-77.064333562428189,38.889800266205789],[-77.064329018650724,38.889807844734911],[-77.064323596663471,38.889815412529366],[-77.064319052884002,38.889822991058097],[-77.064313668220564,38.889830449465627],[-77.064309088761291,38.889838055018515],[-77.064303667868472,38.889845567904104],[-77.064299127930894,38.889852954254231],[-77.064293707585321,38.889860439685364],[-77.064282870187327,38.889875245823106],[-77.064261202520498,38.889904501193911],[-77.064250372251763,38.889918950426924],[-77.064244078630864,38.889926178035019],[-77.064233251652084,38.88994046254269],[-77.064226960225341,38.889947580333917],[-77.064221546458441,38.889954736314067],[-77.064210712877454,38.889969350267016],[-77.06420617072466,38.889976846429192],[-77.06420075036003,38.889984331855793],[-77.064196206556886,38.889991910379429],[-77.064191660554954,38.889999598718745],[-77.064187991664312,38.890007352701211],[-77.064183444561593,38.890015095948065],[-77.064179771823035,38.890023042107984],[-77.064176977295105,38.890030999003365],[-77.064173305104475,38.890038917709042],[-77.064170508926821,38.89004695696611],[-77.064166832888375,38.890055067849325],[-77.064164913272805,38.890063200203684],[-77.064162113796456,38.890071404184226],[-77.064160192531517,38.89007961890038],[-77.064154423788793,38.890104510134108],[-77.064153379086093,38.890112817947667],[-77.064152332185301,38.890121235577034],[-77.064151287482119,38.890129543390543],[-77.064151119343066,38.890137944301664],[-77.064150072991112,38.890146334476967],[-77.064149904302383,38.890154762842002],[-77.064150614376189,38.890163174488819],[-77.06415044623698,38.890171575399876],[-77.064151157959415,38.89017990468475],[-77.064151868033605,38.890188316331489],[-77.064155816693543,38.890342144376305],[-77.064154768141236,38.890350644367089],[-77.064154428565999,38.890367610912065],[-77.064155138092943,38.890376050012378],[-77.064155846521146,38.890384544020513],[-77.064156556597908,38.890392955666812],[-77.064159732634664,38.890409827884667],[-77.064161322576737,38.890418167904677],[-77.064163792383908,38.890426436298469],[-77.064167142056462,38.890434633065929],[-77.064169615161674,38.890442736735785],[-77.064173811769905,38.890450751631512],[-77.064177201518575,38.890458701742475],[-77.064181436553994,38.890466552343547],[-77.064185673238768,38.890474320582655],[-77.064190791987642,38.890481907379367],[-77.064195911287058,38.890489466721831],[-77.064201036082139,38.890496751524537],[-77.064207074773677,38.890504020037802],[-77.064213083282809,38.890511041035722],[-77.064219023184094,38.890517978812625],[-77.064225951635109,38.890524681527076],[-77.064232847156575,38.890531273995819],[-77.064239747074808,38.890537646832556],[-77.06424752960757,38.890543810772222],[-77.064255314888854,38.890549837441604],[-77.064263106215222,38.890555562116973],[-77.064270864611885,38.890561176546569],[-77.06427957697943,38.890566528029694],[-77.064288258065559,38.890571686905062],[-77.064295163486847,38.890577785198893],[-77.064302947127558,38.890583894226978],[-77.064309850903015,38.8905900748818],[-77.064317632898067,38.890596266270698],[-77.064345241424022,38.890621318331434],[-77.064353020129104,38.890627674441703],[-77.064359918968506,38.890634102179121],[-77.064366819457334,38.89064044755419],[-77.064372838431993,38.890646946918551],[-77.064379736725641,38.890653402108761],[-77.064400427768334,38.890672959854463],[-77.064406445100616,38.890679541578869],[-77.064413339554775,38.890686188944706],[-77.064419355790605,38.890692825576373],[-77.064426249697846,38.890699500395371],[-77.064432264287873,38.89070621938825],[-77.064439158197644,38.890712894206459],[-77.064451185186016,38.890726442006319],[-77.064458075253924,38.890733309001071],[-77.064476111353912,38.890753850328935],[-77.064488131763937,38.89076772757231],[-77.064494140322651,38.890774748555387],[-77.064500150530606,38.890781687176286],[-77.064505280321541,38.890788724879606],[-77.064511287235646,38.890795828223617],[-77.064517295798993,38.890802849205464],[-77.064522424494456,38.890809941815853],[-77.064528431412057,38.890817045158947],[-77.064533557912299,38.890824247584696],[-77.064539563184226,38.890831433289051],[-77.064544654557778,38.890838635284965],[-77.064550694960829,38.890845821418083],[-77.064566070632281,38.890867620869095],[-77.064571193843989,38.890874988016797],[-77.064576318704724,38.890882272802422],[-77.064581442467855,38.890889612495684],[-77.064586564034769,38.890897062004584],[-77.064591687250712,38.890904429151341],[-77.064596809369078,38.890911851205757],[-77.064601052716796,38.890919289981518],[-77.064606172090635,38.890926849305295],[-77.064611294212099,38.890934271359065],[-77.064615535914726,38.89094179249615],[-77.064620656390318,38.890949296911302],[-77.064624896446929,38.890956900409861],[-77.064629173281276,38.890964421975667],[-77.064634256433791,38.890972035776763],[-77.064638496493174,38.890979639274796],[-77.064581024055499,38.891217844728921],[-77.064574719916877,38.891225593977438],[-77.064571070753004,38.891234117109391],[-77.064569977219989,38.891243110843781],[-77.064570710397788,38.891252126901968],[-77.064574016237145,38.891260762490056],[-77.064580009464663,38.891268552178474],[-77.064587780570307,38.891275292627455],[-77.064597338892554,38.891280517119462],[-77.064607808950882,38.891284077651953],[-77.064739981219034,38.891351598376538],[-77.064926762071494,38.892026666743305],[-77.064927448090444,38.892036286355143],[-77.064929892229671,38.892045845064921],[-77.064934101629248,38.892054985971306],[-77.064939229338535,38.892063890951007],[-77.064945141979351,38.892072201385851],[-77.064952930761933,38.892079820764863],[-77.064961573637092,38.892086901364834],[-77.064971112324386,38.892093114167452],[-77.064970932194854,38.892102119062379],[-77.06497162975316,38.89211116214085],[-77.06497320609796,38.892120188494985],[-77.064973622310688,38.892122546614992],[-77.064974784090666,38.892129132487192],[-77.064977241968691,38.892138004847098],[-77.064979703691492,38.892146685029275],[-77.064983043103339,38.892155403394923],[-77.064987266245367,38.892163857950401],[-77.064991491035912,38.892172230143892],[-77.064996599007813,38.892180365981176],[-77.065001710825044,38.892188309640503],[-77.065007705274766,38.89219604439743],[-77.065014584004743,38.89220348788983],[-77.065021485251563,38.892209805770037],[-77.065028381557227,38.892216370735348],[-77.065035242185488,38.892222962724979],[-77.065042170328269,38.892229692842292],[-77.065049061146283,38.892236532345827],[-77.065055073177774,38.892243388573903],[-77.065067090654509,38.892257430476441],[-77.06507910099721,38.892271829279004],[-77.065084224911018,38.892279168947745],[-77.065094468348747,38.892294067916112],[-77.065104705201222,38.892309296330907],[-77.065108943742118,38.892316982171195],[-77.065113180636558,38.892324750373142],[-77.065121650584373,38.892340478954218],[-77.065125005946911,38.892348401150876],[-77.065129237353787,38.892356443891671],[-77.065132590521443,38.892364475903925],[-77.065135942591624,38.892372562823894],[-77.065138414225729,38.892380748831179],[-77.065141764100886,38.892388945566765],[-77.065146704077478,38.892405482304717],[-77.065148295825836,38.892413739945269],[-77.065150764168123,38.892422090675957],[-77.065157053837041,38.892812108778436],[-77.065079841410437,38.892981421601114],[-77.065143621658223,38.89330623639313],[-77.065194889103225,38.893378260325413],[-77.065201036568453,38.893422272452582],[-77.065264763904722,38.893574084420791],[-77.065245955695474,38.893634268107178],[-77.065254608119261,38.893730486050053],[-77.065762735392468,38.89450284332554],[-77.065766138680317,38.894508377007227],[-77.065768444135969,38.894514336654446],[-77.065770082105601,38.894516773190091],[-77.065771897375399,38.894519129508623],[-77.065773854814665,38.894521405181116],[-77.065775918743768,38.894523627232509],[-77.065778125391262,38.894525741183955],[-77.065780473659331,38.894527801943219],[-77.065782929515038,38.894529754173512],[-77.065785527540228,38.894531625757736],[-77.065788198022432,38.894533388384026],[-77.065791011222984,38.894535042910285],[-77.065793896331655,38.894536615932566],[-77.065796889576859,38.894538052971839],[-77.06579995473021,38.894539408507207],[-77.065803092889311,38.894540627630597],[-77.065806304054334,38.894541710342182],[-77.065809587676256,38.89454268409574],[-77.065812908624451,38.894543548462458],[-77.065816302578426,38.894544276417236],[-77.06581973385866,38.894544894985088],[-77.06582320301392,38.894545376712124],[-77.065826674913609,38.894545721169379],[-77.065830184688323,38.894545928785803],[-77.065833696658501,38.894546026586383],[-77.06583721192186,38.894545959663212],[-77.065840693701105,38.894545809949221],[-77.065844213904185,38.894545495940456],[-77.06584766604135,38.894545071257994],[-77.065851121471553,38.894544481851838],[-77.065854508286961,38.894543809225908],[-77.065857863264739,38.894542971447343],[-77.065861149627622,38.894542050449054],[-77.065864404152904,38.894540964298194],[-77.0659522719385,38.894520645224908],[-77.066004275575636,38.894606902357722],[-77.065883426175148,38.894696815960948],[-77.065624025027759,38.89476197070654],[-77.065619585372417,38.894764333028853],[-77.065616948365872,38.89476616815093],[-77.065614554529901,38.894768143545583],[-77.065612367635893,38.894770313691623],[-77.065610494174109,38.894772624968198],[-77.065608864431908,38.894775049063476],[-77.065607582703805,38.894777642172258],[-77.065606582021914,38.894780238712954],[-77.065605931001087,38.894782921905382],[-77.065605559928628,38.894785663437638],[-77.065605575843847,38.894788382234921],[-77.065605872256469,38.894791131918055],[-77.065606556205893,38.894793831412301],[-77.065607522299587,38.894796479430582],[-77.065608771635638,38.894799021065097],[-77.065610373926646,38.894801484627735],[-77.065612224878166,38.894803813923644],[-77.065614360169889,38.89480598192781],[-77.065613541180369,38.894808278620296],[-77.065616283028177,38.89480998720051],[-77.065618989196352,38.894811722805578],[-77.065621695364626,38.89481345841061],[-77.065624400435198,38.894815248923436],[-77.065627070923966,38.894817011553243],[-77.065629705184236,38.894818828661933],[-77.065632339444562,38.89482064577048],[-77.065634973705087,38.894822462879027],[-77.065637572285979,38.894824307012421],[-77.065640135187209,38.894826178170739],[-77.065642662957799,38.894828048900003],[-77.065692477355924,38.894867376669509],[-77.065696270937266,38.894867450452033],[-77.065699784020836,38.89486749334872],[-77.065703332784125,38.894867509220312],[-77.065706812383652,38.894867469326023],[-77.065710327662885,38.894867402406717],[-77.065713843491025,38.894867308033298],[-77.065717360416954,38.894867158751957],[-77.065720843309876,38.894866954133661],[-77.065724361333608,38.894866749944214],[-77.065727845324275,38.894866490417876],[-77.065731329863908,38.894866203437523],[-77.065734850083203,38.894865889432012],[-77.065738301138552,38.894865519660691],[-77.065741787873662,38.894865122864282],[-77.065745275157596,38.894864698613802],[-77.065748728408494,38.894864219026417],[-77.065752182208243,38.894863711984989],[-77.065755601974871,38.894863149606664],[-77.065759057421133,38.894862560203229],[-77.065762478285507,38.894861942916862],[-77.065765899698647,38.89486129817643],[-77.065769287078666,38.894860598099065],[-77.065772675007523,38.894859870567672],[-77.065776063485217,38.8948591155823],[-77.065779417380881,38.894858332713909],[-77.065782772374263,38.894857494937561],[-77.065786092785586,38.894856629278294],[-77.065789414294628,38.894855708711027],[-77.065792700672702,38.894854787714713],[-77.065795988148508,38.894853811810506],[-77.065839606319358,38.894830453616507],[-77.065848763861851,38.894795992485385],[-77.065851379454287,38.894793470580858],[-77.065853773833425,38.894791467727529],[-77.065856271958197,38.894789548522645],[-77.065858942992605,38.894787768731987],[-77.065861752354664,38.894786100472693],[-77.065864664364653,38.89478457076973],[-77.065867714153526,38.894783180052059],[-77.065870830910669,38.894781954915722],[-77.065874050864707,38.894780840881751],[-77.065877337787171,38.894779892429142],[-77.0658807268088,38.894779109986736],[-77.065884113086128,38.894778464813967],[-77.065887601462748,38.89477798565138],[-77.065891086546202,38.894777671212331],[-77.065894568885483,38.89477749404282],[-77.065898082513598,38.89477750947966],[-77.065901592848689,38.894777689639959],[-77.065905100439622,38.894778007069895],[-77.065908533927072,38.894778515819389],[-77.0659119652193,38.894779134384542],[-77.065915322408102,38.894779944269295],[-77.065918606042459,38.894780918019784],[-77.065921817219916,38.894782000728114],[-77.065924954294118,38.894783274756101],[-77.065927983780711,38.894784657312997],[-77.06593086945125,38.894786202877881],[-77.065933682665005,38.894787857400601],[-77.065939687305303,38.894793340453354],[-77.066000508018462,38.89491490975383],[-77.066086688861617,38.894998343711535],[-77.066299564288343,38.895423808366303],[-77.067098661340822,38.896935682197977],[-77.067101999587919,38.896944482854423],[-77.067106219422811,38.896953129500872],[-77.067110443097491,38.896961583969706],[-77.067115550005525,38.896969802066565],[-77.067121540695595,38.896977756337506],[-77.067128449751422,38.896985474664838],[-77.067135295125524,38.896992862687618],[-77.067143059413979,38.89699998731259],[-77.067150831929652,38.897006700128195],[-77.067159489873063,38.897013066755548],[-77.067168155495224,38.897019049027229],[-77.067177709835349,38.897024520386921],[-77.067186348005592,38.897030117873861],[-77.067194175949922,38.897035815319917],[-77.067201964376693,38.897041731968329],[-77.067209746772832,38.89704795060932],[-77.067216650324056,38.897054185990953],[-77.067223548392988,38.897060695911357],[-77.067230444269796,38.897067315647064],[-77.067237335212724,38.897074182467676],[-77.067243345665389,38.897081148390939],[-77.067249353925845,38.897088224129604],[-77.067255358349129,38.897095492045395],[-77.067260482281768,38.89710285906407],[-77.067265602925445,38.897110390806063],[-77.067270721925212,38.897118004909593],[-77.067274959337283,38.89712577302398],[-77.067279194556946,38.897133650953997],[-77.067283393000608,38.897141610817052],[-77.067286782313403,38.897149615732523],[-77.067290134850012,38.897157702581119],[-77.067292606894796,38.897165888533088],[-77.067295077295171,38.897174156846738],[-77.067297546051122,38.897182507522075],[-77.067300012066056,38.897190995466985],[-77.06730160307184,38.897199307976145],[-77.067302312488252,38.897207774496565],[-77.067303898559757,38.897216334090928],[-77.067304607428298,38.897224828065276],[-77.06730409858568,38.897250305305576],[-77.067300954292548,38.897275777863065],[-77.067299029904134,38.897284157338937],[-77.067297102225311,38.897292701538305],[-77.06729429405182,38.89730134484109],[-77.067293243028047,38.897309982114294],[-77.06729131150955,38.897318718491007],[-77.067289205622203,38.89733618521479],[-77.067288680871798,38.897362458618026],[-77.067290791575331,38.897388736703967],[-77.067295542122309,38.89741479984108],[-77.06729800595167,38.897423397601187],[-77.067302936353826,38.897440455851651],[-77.067306281777633,38.897448899600164],[-77.067309628847212,38.897457260986812],[-77.067312977562523,38.897465540011595],[-77.067520215649907,38.897998057069806],[-77.067523560577058,38.898006528264858],[-77.067526907697967,38.898014889644145],[-77.067531136967162,38.898023069556324],[-77.067535367333775,38.898031194560502],[-77.067540480945482,38.898039083189651],[-77.0675455972995,38.898046834548964],[-77.06755159580247,38.898054404440934],[-77.067557600337224,38.898061672339438],[-77.067563601035616,38.898069132415102],[-77.067569596801164,38.898076839575673],[-77.067574712064598,38.898084645841507],[-77.067579824587995,38.898092589376674],[-77.067584090096688,38.898100714807356],[-77.067588283696779,38.898108921742811],[-77.067592509140965,38.898117293830012],[-77.067595819497967,38.898125737140447],[-77.06759831961665,38.898134280413252],[-77.067600783507032,38.898142878165423],[-77.067603245205134,38.898151585733217],[-77.067606409238877,38.898169116718385],[-77.06760851460038,38.898195669332324],[-77.067608338075885,38.898204509493723],[-77.067607283787396,38.898213311491268],[-77.067605184529285,38.898230448769695],[-77.067604326025275,38.898273441603692],[-77.067605740017072,38.898290621721515],[-77.067606448931954,38.898299115691643],[-77.067607155654144,38.898307719477465],[-77.067608742882783,38.898316224157419],[-77.067609449605428,38.898324827943199],[-77.067611036834705,38.898333332623089],[-77.067612625708989,38.898341754941235],[-77.067615090704649,38.898350297784845],[-77.067616679579785,38.898358720102912],[-77.067619146769317,38.898367153130664],[-77.067621615604082,38.89837550379665],[-77.067707044897674,38.89884886775166],[-77.067710388242034,38.89885742130128],[-77.067711972205984,38.898866090702136],[-77.067712674012824,38.89887494157125],[-77.067712498047669,38.89888375427735],[-77.067711442665612,38.898892611182177],[-77.067709512799993,38.898901265200401],[-77.067706706805936,38.898909798693772],[-77.067702150747806,38.898917981321802],[-77.067696722946025,38.898925823793469],[-77.067690423948477,38.898933298654732],[-77.067684133720661,38.898940334253076],[-77.06767609836136,38.8989467719001],[-77.067667197287932,38.898952567397181],[-77.067658307725253,38.898957786361443],[-77.067648553545055,38.898962308267649],[-77.067637935295622,38.898966105661621],[-77.067627333491416,38.898969079437293],[-77.067616744843491,38.89897139431816],[-77.067608729210562,38.898976843619714],[-77.067599829772618,38.898982556749921],[-77.067592679849596,38.898988648200294],[-77.067585524443075,38.89899501418931],[-77.067578329516564,38.899001599380817],[-77.067571199372168,38.899008459967781],[-77.067565820387983,38.89901561651385],[-77.067559489525451,38.899022926216041],[-77.067554945504639,38.899030504852064],[-77.067549519871179,38.899038237501053],[-77.067545848688226,38.899046101386126],[-77.067542174763275,38.899054102540582],[-77.067538496999774,38.899062295872326],[-77.067535695365024,38.899070609730025],[-77.067533770955905,38.899078989205883],[-77.067531844901566,38.899087451043428],[-77.067530796621469,38.89909595104529],[-77.06752971211165,38.899104505526537],[-77.067529540509454,38.899113098600516],[-77.067549381785554,38.89917537403354],[-77.067541801398974,38.89928572811138],[-77.067536614264029,38.899325510181647],[-77.067536553807273,38.899365492069798],[-77.067541698527151,38.899405262824033],[-77.067552022071084,38.899444382752655],[-77.067575976041923,38.899499568570292],[-77.067638136507668,38.899564941298031],[-77.067678170129454,38.899603297586367],[-77.067746637760749,38.899669598433277],[-77.06780791141658,38.899679077950701],[-77.067877424508055,38.899693024118356],[-77.067966289239038,38.899718108004492],[-77.068027179811338,38.899745020210844],[-77.068071180884914,38.89977828959227],[-77.068109021529139,38.899842020040296],[-77.068140761390481,38.89992970412667],[-77.068395085669465,38.900198979231867],[-77.06877514429145,38.900463277524061],[-77.068851880328694,38.900536214044564],[-77.068963143394882,38.900557203792673],[-77.06912192403415,38.90057440599584],[-77.069293091152844,38.900638359437892],[-77.069673636779655,38.900822118793492],[-77.070299462995948,38.901073641765109],[-77.070576977152101,38.901169149072494],[-77.070773973247327,38.901187418147806],[-77.070977969006989,38.901178915606323],[-77.071045707984283,38.901130310580719],[-77.071316274427971,38.901133601422615],[-77.071555294560582,38.901131015942248],[-77.0716368328562,38.901093562599179],[-77.072196008720127,38.901072899677715],[-77.073078306992585,38.901061651508002],[-77.073729232383556,38.901377114448501],[-77.073912877456792,38.901329887497397],[-77.073907562280425,38.901420470250279],[-77.074100289184202,38.901450270253797],[-77.07438565881742,38.901412542867106],[-77.074543796498048,38.901434068663768],[-77.075426614039586,38.901554235267085],[-77.075498888569669,38.901629255148492],[-77.076833608036182,38.902018868084816],[-77.076891593518837,38.902107444237181],[-77.080861958441687,38.902328631522096],[-77.08186582584031,38.902384534737678],[-77.081901448408061,38.902360277758667],[-77.081940314116579,38.902349735249068],[-77.082034689078014,38.902375588863997],[-77.082164470067752,38.902388139472421],[-77.082280197253453,38.902400520335419],[-77.082410032589266,38.902410325276946],[-77.082480790145979,38.902386464631583],[-77.082637479075998,38.902284005281587],[-77.082680310642402,38.902248823384411],[-77.082820794609844,38.90225326424644],[-77.082813388001753,38.902272397248566],[-77.082784195479036,38.902326966084615],[-77.082805059262071,38.902338201980051],[-77.082885326436525,38.90236663076665],[-77.083004024821108,38.902406507257922],[-77.083080778686295,38.902434893531343],[-77.083143749898369,38.902449383276021],[-77.083224614369456,38.902447585020781],[-77.083347748320932,38.902440831804903],[-77.083442395002152,38.902452957308292],[-77.083494934337153,38.902461828974182],[-77.08367309112765,38.902516151948326],[-77.083816384493716,38.902556324128156],[-77.083889842174401,38.902573685932495],[-77.083966379774637,38.902613053210821],[-77.084072054961993,38.902600596690952],[-77.084201728336055,38.90261863584066],[-77.084251044403217,38.902610992023476],[-77.084293674712697,38.902589537369749],[-77.084353512118383,38.902584766350309],[-77.08446561816686,38.902602593513976],[-77.084584534520246,38.902631486820304],[-77.084623039264073,38.902637442833445],[-77.084746100206971,38.902636179368614],[-77.084872639486164,38.902634957674891],[-77.084931501981089,38.902679603499742],[-77.084964260649173,38.902622331058986],[-77.085084097344023,38.902604579570415],[-77.085174960839907,38.902630360890178],[-77.085209229176556,38.902674710374356],[-77.08534257888698,38.902684554387449],[-77.085531873598939,38.902708802102325],[-77.085636520095335,38.902748506715689],[-77.085864192754642,38.902786946176505],[-77.086101810826818,38.90285571142271],[-77.086216835981702,38.902903778567392],[-77.086328726558094,38.902932585539872],[-77.0868291550224,38.903040182698412],[-77.086940341869138,38.903104734158781],[-77.086903855250597,38.903172919015674],[-77.0869176393728,38.903186787596375],[-77.086998557581794,38.903182296254769],[-77.087086341089119,38.903186098109281],[-77.087192070654368,38.903170893387667],[-77.087434664568804,38.903165572458718],[-77.087571204634173,38.903191928571943],[-77.087724663665298,38.903251440486869],[-77.087853906731851,38.903291438782205],[-77.087962068874731,38.903331183552119],[-77.08812947450555,38.903396354653452],[-77.088290123573614,38.903447714085409],[-77.088317853482422,38.903467269633104],[-77.088408448546687,38.903506802888216],[-77.088586071428111,38.903588572373238],[-77.088655639655869,38.903625106764238],[-77.088749694617391,38.90366742736223],[-77.088867210153339,38.903767696663643],[-77.09152739953042,38.905029820669078],[-77.091531669781475,38.905037862853511],[-77.091535875152587,38.905045629655461],[-77.091540995677363,38.905053325047518],[-77.09154612105516,38.905060773353519],[-77.091552129685567,38.905067985104324],[-77.091559020490564,38.905075015207736],[-77.091565038288081,38.905081760240165],[-77.091572817199236,38.905088306701884],[-77.091579723102754,38.905094568092643],[-77.09158839281568,38.905100493642379],[-77.091596188981683,38.905106161575155],[-77.091604870018088,38.905111510590181],[-77.09161355806377,38.905116502702768],[-77.09162316611588,38.905121176318474],[-77.091632710905117,38.905125492189235],[-77.091642297300311,38.905129479032688],[-77.091651892321607,38.905133026611701],[-77.091662372752126,38.90513622781819],[-77.091672859652192,38.905139099576026],[-77.091683355177963,38.905141532069166],[-77.091704352161074,38.90514609505901],[-77.091725339444238,38.905151152216703],[-77.091734951721534,38.905153821261514],[-77.091745440244196,38.905156610650884],[-77.091755925533519,38.905159564763231],[-77.09176553188388,38.905162535799363],[-77.091775978804819,38.905165654212603],[-77.091785578688672,38.905168954694815],[-77.091796056974331,38.905172265705268],[-77.091805654164986,38.905175703455782],[-77.09181524920055,38.905179251021366],[-77.091824842620056,38.905182880948153],[-77.091835310129696,38.905186741034683],[-77.091844864103237,38.905190590170513],[-77.091854485655006,38.905194577417703],[-77.091863192592555,38.905198608622406],[-77.091872776315441,38.905202732716901],[-77.09188235572762,38.905207076442402],[-77.093328549375173,38.905834022962395],[-77.093339000908074,38.905838706533842],[-77.093349469671736,38.905842511576843],[-77.093360833536792,38.905845476062808],[-77.093372215708726,38.905847507112284],[-77.093383615648719,38.905848632179243],[-77.093395913380988,38.90584877941879],[-77.093407352086132,38.905847927796721],[-77.093418808557985,38.905846170192127],[-77.093430283334428,38.905843479150981],[-77.093434003315366,38.90583479127239],[-77.093441135433125,38.905827736950208],[-77.093451761945929,38.905823497967205],[-77.09346319849287,38.905822756155615],[-77.093474567204822,38.90582547354478],[-77.093483237162616,38.905831398953616],[-77.093489227209531,38.905839571493281],[-77.093489925804846,38.905848751639923],[-77.093486205291569,38.905857466974254],[-77.093479073713681,38.905864493845101],[-77.093468448811549,38.905868650468584],[-77.093465625151254,38.905878227812842],[-77.093463674516357,38.905888090213452],[-77.093463480701047,38.905897973647072],[-77.093465924808115,38.905907751360466],[-77.093469253248273,38.905917237596505],[-77.093474347124058,38.905926305601618],[-77.093481211281443,38.905934708289855],[-77.09363701044596,38.906054653264853],[-77.094057533798747,38.906295846136892],[-77.096736422928117,38.907765237627473],[-77.096877520786578,38.907842627714423],[-77.096881760427109,38.907850477100972],[-77.096886879577312,38.907858282070364],[-77.096892002488175,38.907865894861601],[-77.096897127548431,38.907873397836674],[-77.096902255295134,38.907880763541584],[-77.096908265237346,38.907887947559189],[-77.096914276254893,38.907895076668488],[-77.096921171079416,38.907901941728355],[-77.096928068053543,38.907908696971845],[-77.096934967714247,38.907915314944987],[-77.096941872746839,38.907921658377916],[-77.096949657827267,38.907927929938964],[-77.096957447742511,38.907933954413615],[-77.096965241418445,38.907939786709811],[-77.09698259531234,38.907950978109554],[-77.096991270650207,38.90795665617037],[-77.096999030805009,38.907962405682788],[-77.097007737523768,38.907968276339894],[-77.097015529596405,38.907974190994672],[-77.097023319522222,38.907980215464875],[-77.097031107838276,38.907986322296566],[-77.097039773517835,38.907992494525431],[-77.097047558614491,38.907998766079871],[-77.09705446527613,38.908005027144071],[-77.097070028494969,38.908017927152194],[-77.097076930327319,38.908024435300923],[-77.097084743587047,38.908031064174189],[-77.097091607599566,38.908037709172341],[-77.097105399996295,38.908051302000409],[-77.097205419326414,38.90814860766114],[-77.097240092158074,38.908170989966258],[-77.097246137295983,38.908178174385554],[-77.09725302949478,38.908185176695341],[-77.097259047014788,38.908191976338664],[-77.097266825172085,38.908198604780054],[-77.097273765398825,38.908204948612479],[-77.097281518623063,38.908211055007705],[-77.097290190794467,38.908216897769904],[-77.097297989360541,38.908222482957804],[-77.097306671736177,38.908227804093187],[-77.097316236847703,38.908232916083755],[-77.097324930501202,38.908237660684136],[-77.097334507427391,38.908242168685582],[-77.097344090260762,38.908246374692425],[-77.097352780696312,38.90825128401459],[-77.097362346351147,38.908256368547434],[-77.097371028198779,38.908261717131928],[-77.097378826776009,38.908267302314421],[-77.097387500572822,38.908273062707501],[-77.09739529217299,38.908279004790629],[-77.097403079479392,38.908285166505109],[-77.097410860881411,38.908291630212879],[-77.097417727633399,38.908298137921584],[-77.097424659293125,38.908304921008707],[-77.097431554205883,38.90831178603792],[-77.097437565847841,38.908318887665658],[-77.097445346182866,38.908325406279054],[-77.097460912762713,38.908338141510455],[-77.097468697933692,38.908344413036431],[-77.097476486864068,38.908350492383953],[-77.097485153699679,38.908356609671458],[-77.097493823757844,38.908362562234423],[-77.097501617523974,38.90836839449441],[-77.097510291342857,38.908374154878281],[-77.097518966773677,38.908379832899499],[-77.097536324081432,38.908390859492265],[-77.097545884936409,38.908396191095797],[-77.097554568425139,38.908401457304613],[-77.097564131967019,38.908406651636774],[-77.097572820826571,38.908411643304419],[-77.097582388665643,38.908416618003173],[-77.097591958653311,38.908421482885224],[-77.097601566463993,38.908426210915977],[-77.097611106684681,38.908430800837181],[-77.097620702442796,38.908434347925677],[-77.097630296591433,38.908437977375343],[-77.097640767572486,38.908441699671471],[-77.097650356355203,38.90844560365931],[-77.097659909464483,38.908449534680969],[-77.097668649577173,38.908453703141376],[-77.097678231921634,38.908457936574749],[-77.097687847794532,38.908462252788645],[-77.097696512804063,38.908466667494025],[-77.097706053572935,38.908471229953491],[-77.097714786176184,38.908475782766217],[-77.097724356180734,38.908480647637433],[-77.09773304881773,38.908485447115225],[-77.097741739308859,38.908490356408315],[-77.097750426043888,38.908495457878658],[-77.097759111706665,38.908500614256283],[-77.097766916781055,38.908505869964863],[-77.097784277914641,38.908516704342674],[-77.09779987519012,38.908527874651483],[-77.097807670609257,38.908533624528978],[-77.097815463882768,38.908539484221969],[-77.097823256084069,38.908545398822284],[-77.09783104613976,38.908551423238023],[-77.097838834586597,38.908557530015266],[-77.097845741371103,38.908563791032044],[-77.097853526600232,38.908570062532135],[-77.097860431777093,38.908576405909997],[-77.097867335345043,38.908582831649341],[-77.097874237304111,38.90858933975025],[-77.097881137117596,38.908595957666662],[-77.097887157951817,38.90860259255318],[-77.097894054010865,38.908609402646732],[-77.097900070553834,38.908616257164432],[-77.097906963931962,38.908623204527096],[-77.097912978867228,38.908630141406057],[-77.097918990583537,38.908637243008606],[-77.097924123319984,38.908644361581644],[-77.09793013342852,38.908651545545503],[-77.097935036749263,38.908668602040592],[-77.097937544605685,38.908676952466067],[-77.097940862778628,38.908685202720037],[-77.097945131819657,38.908693354479652],[-77.097949370017261,38.908701286187835],[-77.097954488271014,38.908709146016939],[-77.097959611355961,38.908716758759951],[-77.097965617717406,38.908724134899749],[-77.09797250628219,38.908731329344228],[-77.097978519086197,38.908738376035608],[-77.09798541785031,38.908745048853611],[-77.0979931977447,38.908751594884002],[-77.09800098515376,38.908757756558089],[-77.098009656913234,38.908763626720386],[-77.098017453448108,38.90876932167567],[-77.098027016535909,38.908774543423611],[-77.098035705472228,38.908779535056553],[-77.09804527929559,38.908784207723308],[-77.098054860096511,38.908788523487544],[-77.098064448948136,38.908792427441234],[-77.098074921613374,38.90879606733639],[-77.098085406085474,38.908799103243005],[-77.098095881972498,38.908802578412413],[-77.098106384949034,38.908806465809889],[-77.098116808528587,38.908810819085595],[-77.098126382897988,38.908815464291727],[-77.098135950292715,38.908820466398879],[-77.09814463065652,38.908825897287429],[-77.098154183029052,38.908831668104582],[-77.098161971533813,38.90883777485989],[-77.098170598519502,38.908844138762667],[-77.098177531912953,38.908850839442451],[-77.098185302177711,38.908857879631618],[-77.098191310720537,38.908865145943707],[-77.09819819234589,38.908872697276472],[-77.098203313858619,38.908880392370456],[-77.09820843000665,38.908888362004042],[-77.098213541326572,38.908896578723272],[-77.098219532704974,38.908904723561307],[-77.098225529450531,38.908912593859156],[-77.098232411084027,38.908920145189803],[-77.098240178142262,38.908927350099113],[-77.098248831698513,38.908934153678921],[-77.098257492231738,38.908940600356296],[-77.09826616081493,38.908946635223309],[-77.098275716432653,38.908952241306523],[-77.098291303684874,38.908963933174512],[-77.098298217523151,38.908969837262248],[-77.098306009274481,38.908975779283935],[-77.098313764816041,38.908981775793798],[-77.09832071004007,38.908987872477276],[-77.098328498575981,38.908993979221307],[-77.098335409200999,38.909000048030741],[-77.098342317681045,38.909006226655663],[-77.098350104611214,38.909012415760166],[-77.098363917821771,38.909024965185729],[-77.098377728891094,38.90903762442553],[-77.09839843879783,38.909056956456901],[-77.09840530571266,38.90906346410663],[-77.098411362845653,38.909070044476678],[-77.098425163738511,38.909083225336445],[-77.098431183054444,38.909089942556143],[-77.0984380818945,38.909096615346982],[-77.098456136633843,38.909116931727134],[-77.098463032259886,38.909123769240338],[-77.098469048900355,38.909130623727947],[-77.098481078965904,38.909144497426226],[-77.098486213940348,38.909151506157784],[-77.098498240257399,38.909165572032038],[-77.098504252076523,38.909172673603656],[-77.098509385445837,38.909179764696098],[-77.098515397267235,38.909186866267127],[-77.098520528492813,38.909194067175015],[-77.098826606410327,38.909538226569424],[-77.098860851349585,38.909582571572635],[-77.098871379153209,38.909585196017836],[-77.098881858947422,38.909588478938552],[-77.09889144795099,38.90959238282398],[-77.098901905757955,38.90959679135613],[-77.098910594854786,38.909601782923289],[-77.098919272153879,38.909607378477382],[-77.098927062416962,38.909613402818835],[-77.098934842491474,38.909619948785362],[-77.098941738211508,38.909626786269548],[-77.098947745286466,38.909634134903477],[-77.098952903681138,38.90964174802037],[-77.098957106371685,38.90964970672524],[-77.098961339374711,38.90965791293479],[-77.098969101223105,38.909665392334361],[-77.098975973353816,38.909673437791625],[-77.098981954694139,38.909682104214703],[-77.098987049534259,38.909691171971971],[-77.098989502031586,38.909700565205071],[-77.098991985913798,38.909710151034929],[-77.098992637241935,38.909719989616107],[-77.098991604612607,38.909729670814961],[-77.098994875762259,38.909740336987134],[-77.099003455737375,38.909749116777498],[-77.099015692221599,38.909754233018099],[-77.09902973897087,38.909754839881543],[-77.099039301727458,38.909760088999768],[-77.09904886555799,38.909765283209197],[-77.099058431534971,38.909770367601929],[-77.099067999122099,38.909775369631937],[-77.099077568319302,38.909780289299235],[-77.099088017585061,38.909785137078288],[-77.099097588393704,38.909789974381987],[-77.099107162957338,38.909794619507061],[-77.099117615444669,38.90979930255957],[-77.099127193228256,38.909803782959116],[-77.09913764893561,38.909808301285956],[-77.099142777586962,38.909815639435401],[-77.099148784162082,38.909823015512629],[-77.099153913888074,38.909830298753626],[-77.09916593776876,38.909844501826925],[-77.099171952928216,38.909851438639258],[-77.099178846548227,38.909858385925055],[-77.099184864927395,38.909865158012785],[-77.099191761767258,38.909871940573971],[-77.099198662361914,38.90987853095681],[-77.099205564030228,38.909885066431301],[-77.099212467844637,38.909891492089436],[-77.099220253337393,38.909897763496801],[-77.099227195509897,38.909904024849141],[-77.09923494962031,38.909910103658738],[-77.099242739942795,38.909916127978775],[-77.099250531875157,38.909922069936371],[-77.099258327562126,38.909927819715485],[-77.099303417708086,38.909958563692456],[-77.09930943449892,38.90996541813557],[-77.099316331896375,38.909972173235289],[-77.099322351906551,38.909978862953807],[-77.099336152605517,38.909992071157411],[-77.099342176372318,38.909998568697091],[-77.099349077529126,38.910005131616906],[-77.099355981904097,38.910011529812444],[-77.099362887352584,38.910017873099605],[-77.099370708010625,38.910024144915695],[-77.099377579931669,38.910030405421161],[-77.099385367062325,38.910036594455399],[-77.099392277341067,38.910042690654969],[-77.099400068227325,38.910048687510397],[-77.099406981725281,38.910054618985193],[-77.099414774222424,38.910060533477726],[-77.099422532654614,38.910066392642811],[-77.099438159227262,38.910077892596249],[-77.099446836625091,38.910083488110693],[-77.09945463556204,38.91008907315274],[-77.099462471246966,38.910094576251169],[-77.099471116726946,38.910100006621043],[-77.099478920492487,38.910105344575612],[-77.099496288705012,38.91011584924825],[-77.099504097299032,38.910120940115299],[-77.09951278542907,38.910125986545175],[-77.099521474632525,38.910130978066491],[-77.099538859476027,38.910140631659388],[-77.09954846710923,38.910145386982805],[-77.099557126539779,38.910150103542819],[-77.0995658237903,38.910154683251093],[-77.099575401649375,38.91015916361367],[-77.09958410051037,38.910163660958638],[-77.09959368212418,38.910167949141893],[-77.09960238581192,38.910172199399675],[-77.099611968500113,38.910176432673445],[-77.09962155976622,38.910180226682741],[-77.099631147281031,38.910184212869076],[-77.099640731580635,38.910188363778516],[-77.099650309448876,38.91019284413499],[-77.099659885174148,38.910197434306575],[-77.099668578148723,38.910202233639041],[-77.099678145299976,38.910207263072799],[-77.099686831308617,38.91021241930558],[-77.099695511958274,38.910217850077579],[-77.099703310929172,38.910223435102928],[-77.099711985149213,38.910229195321456],[-77.099719777690467,38.910235109793454],[-77.099727567552989,38.910241161534785],[-77.099734475200464,38.91024739498382],[-77.099742257561459,38.910253831079899],[-77.099749157707421,38.910260448883747],[-77.099756056782667,38.910267121595169],[-77.099762950499198,38.910274068845943],[-77.09976896360844,38.910281115442871],[-77.099774975646881,38.910288216947343],[-77.099781877943144,38.910294724933337],[-77.099788783456574,38.910301068194983],[-77.099796532297589,38.910307421506687],[-77.099803474560105,38.910313682824288],[-77.099819052173686,38.91032589611104],[-77.099826844734281,38.910331810575769],[-77.099834638368122,38.910337670132009],[-77.099842399008423,38.910343419453071],[-77.099850231535171,38.910349087249166],[-77.099858908997987,38.910354682732766],[-77.099866709604356,38.910360185385102],[-77.099875391893406,38.910365533781658],[-77.099884076327527,38.910370772361659],[-77.099892762370771,38.910375928579072],[-77.099901449487149,38.910381029887816],[-77.099910140356371,38.91038593901812],[-77.100027575321178,38.910491687776677],[-77.100035332547918,38.910499414189978],[-77.100042197911534,38.910507816484859],[-77.100048174627275,38.910516729937626],[-77.100052382619538,38.910526226443068],[-77.100054828854283,38.910535949099618],[-77.100059065786425,38.9105439630899],[-77.100064182259274,38.910551932639208],[-77.100069300876839,38.910559792372396],[-77.10007442271079,38.910567487381492],[-77.100080426229397,38.910575028133522],[-77.100086431892791,38.910582459069339],[-77.10009244077267,38.910589725280914],[-77.100099330265834,38.910596892143182],[-77.100126905399819,38.910624681060895],[-77.100131140737673,38.910632777410321],[-77.100137140516722,38.910640510337153],[-77.100143147799031,38.910647858908028],[-77.100150043197218,38.910654723773462],[-77.100158705716609,38.910661087945904],[-77.100166499413319,38.910666947479605],[-77.100176063982246,38.910672114142109],[-77.100185641948514,38.910676594454337],[-77.100196111245666,38.910680426336491],[-77.100206597690487,38.910683379690397],[-77.100216200844045,38.91068656966312],[-77.100225797032778,38.910690116536756],[-77.100235389471678,38.910693855587482],[-77.100244977625081,38.910697814269248],[-77.100254596095979,38.910702020454657],[-77.100263261534053,38.910706434968169],[-77.100272834152307,38.910711189813036],[-77.100281525086956,38.910716098915415],[-77.100290212807977,38.910721172741049],[-77.100298016702098,38.910726510640366],[-77.10030665910665,38.910732105671713],[-77.100314490105191,38.910737855798232],[-77.100322280608211,38.910743880045388],[-77.100329191034746,38.91074997618874],[-77.10033609664039,38.910756319417487],[-77.100342999032634,38.910762827369695],[-77.100349897675656,38.910769527499319],[-77.10035591463452,38.910776381887423],[-77.100361928379897,38.910783400999044],[-77.100367938911816,38.91079058483426],[-77.100373068830805,38.910797868020147],[-77.100449142087484,38.910861933056644],[-77.100511374203748,38.910914849030497],[-77.100520065179381,38.910919758114972],[-77.100529667089205,38.910924815350995],[-77.100538317571392,38.91092999855536],[-77.100546999979457,38.910935346901496],[-77.100555680781753,38.9109407776089],[-77.10056435997825,38.910946290677622],[-77.100572157488941,38.910951958006152],[-77.100580830259801,38.910957800521359],[-77.100588622416169,38.910963742388574],[-77.100596413502473,38.910969739163242],[-77.100604202447343,38.910975845753278],[-77.100611988179466,38.910982117066652],[-77.100619772305961,38.910988470741437],[-77.100626674746252,38.910994978676591],[-77.100634455125729,38.91100152452821],[-77.100641354354636,38.911008197186376],[-77.100648251442124,38.911014979659996],[-77.100655145316964,38.911021926857089],[-77.100661160719184,38.911028863591021],[-77.100668052989647,38.911035893149261],[-77.100674063037744,38.911043104422305],[-77.100944398120077,38.911238546298783],[-77.100982354889538,38.911274696731425],[-77.101117790846615,38.91135869039902],[-77.101126472278864,38.911364093609713],[-77.10113603968729,38.911369122923183],[-77.10114561298731,38.911373850242178],[-77.101155194320697,38.911378165750691],[-77.101165662165627,38.911382079907682],[-77.10117613697274,38.911385637162041],[-77.101186620348273,38.911388755151805],[-77.101197076617396,38.911391460912604],[-77.101207611732889,38.9113937282455],[-77.101218998220162,38.911395593807995],[-77.10123036650289,38.911398392804649],[-77.101241719794203,38.911401960511625],[-77.101253061842485,38.911406104751045],[-77.101262633013434,38.911410941876348],[-77.101273070885043,38.911416393446572],[-77.101282618500036,38.911422438545252],[-77.101291278000119,38.911428967356791],[-77.101299047243543,38.911436089697254],[-77.101305929442745,38.911443640842904],[-77.101312803076794,38.911451631251801],[-77.101319690633034,38.911458907856876],[-77.101325702923731,38.911466009279863],[-77.101333476993247,38.911472884532159],[-77.101340375797093,38.911479584602404],[-77.101348158435883,38.91148602059004],[-77.101356822768182,38.91149230231084],[-77.10136461504689,38.911498244125745],[-77.101373289554516,38.911504004219715],[-77.101382848968157,38.911509445322608],[-77.101391533650883,38.911514683789626],[-77.10140110323951,38.911519603265454],[-77.101410677647849,38.911524275654671],[-77.10142025901726,38.911528591141384],[-77.101430723686406,38.9115326699985],[-77.101440313624011,38.911536546219928],[-77.101449901421176,38.911540532256481],[-77.101458609132976,38.911544590197366],[-77.101468195861543,38.911548631140398],[-77.10147778044977,38.911552781898557],[-77.101486486558599,38.911556922199324],[-77.101505652528488,38.911565388435683],[-77.101514355428421,38.911569693458247],[-77.101523936810153,38.911574008936476],[-77.101541338868046,38.911582811156094],[-77.101550917041223,38.911587291355993],[-77.101568312681863,38.911596423019347],[-77.101577851972095,38.911601094976618],[-77.10158658359623,38.911605729859801],[-77.101603972286952,38.911615218419527],[-77.101621357770497,38.911624871700546],[-77.101638740046994,38.911634689702851],[-77.101656119116527,38.911644672426434],[-77.101663893426291,38.911649735275752],[-77.101672616497495,38.911654809416135],[-77.101681302289535,38.911659992953545],[-77.101689110136206,38.911665138581327],[-77.101697829464143,38.911670404897635],[-77.101706477444338,38.911675725284887],[-77.101714283153484,38.911680980726871],[-77.101722086187493,38.911686373438236],[-77.101730767169641,38.911691804057796],[-77.101738569670815,38.911697224221982],[-77.101746370567412,38.91170272674762],[-77.101755049947656,38.911708239727282],[-77.101770648535535,38.911719409499668],[-77.101794041609395,38.911736411240121],[-77.101801871231075,38.911742243627934],[-77.101809631645878,38.911748020270885],[-77.101817426666017,38.911753824785492],[-77.10182433999303,38.911759783569401],[-77.101839925222563,38.911771639681909],[-77.101846838017934,38.911777625918461],[-77.101854628762624,38.911783650062375],[-77.101861539419573,38.911789746113953],[-77.101869329096431,38.911795825164852],[-77.101876238150183,38.911802003577478],[-77.101884025688818,38.91180819244326],[-77.101890934745043,38.911814370855019],[-77.101904749649933,38.91182689240113],[-77.101918561348526,38.911839578669444],[-77.101939308693161,38.911858883026682],[-77.1019461761976,38.911865390464726],[-77.101952199823003,38.911871915321349],[-77.101966001370513,38.911885123209522],[-77.101972023929022,38.911891702973087],[-77.101978957972165,38.911898403423223],[-77.101984978927533,38.911905065548034],[-77.101990927464584,38.911911836652187],[-77.101997859906021,38.911918619463123],[-77.102003878724219,38.911925391402796],[-77.10200989593811,38.911932245704115],[-77.102078997484313,38.911993480647247],[-77.102217414959412,38.912104968817488],[-77.102282681868388,38.912182634220102],[-77.102330646647943,38.912246363592466],[-77.102458737108861,38.912346744476935],[-77.102467413411901,38.912352422126915],[-77.102476981581205,38.912357423875989],[-77.102487444291469,38.912361612454013],[-77.10249792358691,38.912364949957812],[-77.102509298492748,38.912367419382271],[-77.102520692122894,38.912368927916482],[-77.102532102337065,38.91236958537624],[-77.102542615872522,38.912371165821483],[-77.102553082499981,38.91237334983532],[-77.102563604429037,38.912376303395504],[-77.102573199355092,38.91237993243783],[-77.102582782513565,38.912384165466861],[-77.102592352299908,38.912389084844541],[-77.102600154407114,38.912394532404555],[-77.102608826447749,38.91240042967582],[-77.102615728669477,38.912406964945696],[-77.102621744377473,38.912413901576741],[-77.102627753667633,38.912421167655232],[-77.102632911048616,38.912428862966969],[-77.102636235819347,38.912436811086444],[-77.102639590916226,38.91244500670954],[-77.102666579352103,38.912502994392632],[-77.102670813482831,38.912511173008497],[-77.102675930386241,38.912519142440004],[-77.102681934341746,38.912526683055262],[-77.102687946856804,38.912533784406584],[-77.102695690846929,38.91254041206313],[-77.102703517420409,38.912546409113503],[-77.102713075469197,38.912551932468624],[-77.102721768398553,38.912556759026202],[-77.102732230082438,38.912561002490179],[-77.102742706744039,38.912564477241851],[-77.102753198383027,38.912567183281212],[-77.102770577833624,38.91257716583754],[-77.102778387462891,38.912582229029745],[-77.102787075586576,38.912587302668285],[-77.102795761572111,38.912592486122065],[-77.102803569600241,38.912597631674529],[-77.102812253983657,38.912602897489016],[-77.102820062014118,38.91260804304035],[-77.102828744795474,38.912613391215544],[-77.102836551223746,38.912618619127706],[-77.102844353909305,38.912624039217192],[-77.102853037229238,38.912629359936581],[-77.102868642606367,38.912640200112776],[-77.102877321651491,38.912645740462175],[-77.102885123273438,38.912651215456847],[-77.102908521728679,38.912667969885483],[-77.102931880241854,38.912684970977331],[-77.102939711664035,38.912690720925951],[-77.102946628918176,38.912696487464522],[-77.1029700124285,38.912714010592055],[-77.102976927013373,38.912719914398735],[-77.1029847195597,38.912725856104309],[-77.102991632007814,38.912731869725981],[-77.102999423487077,38.912737866338524],[-77.103006335937593,38.912743879959301],[-77.103014125815093,38.912749958932807],[-77.103027947513453,38.912762150896071],[-77.103035735255716,38.912768339683964],[-77.103049554287495,38.912780668914543],[-77.103070277229236,38.912799451024],[-77.103084088786531,38.912812164606052],[-77.103104802121109,38.912831440880851],[-77.103110825933044,38.912837965676452],[-77.103117730381555,38.912844391100172],[-77.103124631088178,38.912851008701331],[-77.103130655438278,38.912857506041888],[-77.1031375566821,38.912864096188322],[-77.103143578895597,38.912870703344083],[-77.103150478002974,38.9128774033056],[-77.103156500753485,38.912883983006758],[-77.103162519762094,38.912890754885396],[-77.103169419407891,38.912897427391812],[-77.103187476444162,38.912917743024693],[-77.103205529213056,38.91293827828656],[-77.103217560833428,38.912952151486046],[-77.103222698147377,38.912959077641716],[-77.103228713960391,38.912966014240688],[-77.103234727635808,38.912973060655226],[-77.103239899023464,38.912980042135842],[-77.103245911631802,38.912987143457769],[-77.103251855030805,38.912994189035921],[-77.103262158396205,38.913008371209372],[-77.103268168870386,38.913015582345984],[-77.103273302451072,38.913022700677182],[-77.103278433359407,38.913029956278017],[-77.103288698387203,38.913044302755118],[-77.103294707263075,38.913051596252224],[-77.10329983817563,38.913058851852085],[-77.103304088451296,38.913066206824617],[-77.103309219365869,38.913073462424016],[-77.103324606234551,38.913095531214545],[-77.103328854910956,38.913102968548046],[-77.103333982088117,38.913110416324116],[-77.103338231835679,38.913117798749305],[-77.103343358480174,38.913125273978935],[-77.103347605556365,38.913132793673633],[-77.103352731133626,38.913140323810751],[-77.103365472370456,38.913162882893225],[-77.103369717847272,38.913170484948964],[-77.103374841825655,38.913178097446973],[-77.103379087304376,38.913185699502371],[-77.103382454283135,38.913193291115199],[-77.103399429794621,38.913224028782189],[-77.103402795173437,38.91323170275632],[-77.103407037450523,38.913239469534425],[-77.103410400692383,38.913247253324165],[-77.103414642971231,38.913255020101964],[-77.103418006749251,38.913262776437506],[-77.103422249029819,38.913270543215013],[-77.103425610670939,38.913278409366157],[-77.103428974451262,38.913286165701322],[-77.103435698271781,38.913301870549155],[-77.103439058846618,38.913309791607858],[-77.103442420491419,38.913317657758419],[-77.10344914111019,38.913333527329193],[-77.103452503291805,38.91334136602552],[-77.103455861731931,38.91334939689952],[-77.103458343808327,38.913357307515732],[-77.103461703853654,38.913365256027603],[-77.10346418432745,38.913373249005566],[-77.10346754277036,38.913381279879196],[-77.103470024314561,38.913389217949003],[-77.103473381155069,38.913397331184385],[-77.103478341573435,38.913413344593529],[-77.103499013268362,38.913478094600798],[-77.10349980626647,38.913529427378371],[-77.103471620485138,38.913577999214986],[-77.103471646596446,38.913665103682362],[-77.103457441724942,38.913674381198263],[-77.103457287757578,38.913682287942272],[-77.103457448862699,38.913899638335721],[-77.103471249473756,38.913912928402013],[-77.10347107893466,38.913921686218629],[-77.103471413339648,38.913956068803479],[-77.103471956682455,38.914011986198069],[-77.103473581656786,38.91401878821204],[-77.103499297246557,38.914097081175697],[-77.103499214384186,38.914101336540959],[-77.10349938686582,38.914182730988536],[-77.103514032515506,38.914195948710741],[-77.103513818679076,38.914206930298263],[-77.103513719996997,38.914304056284998],[-77.103527609437705,38.91431278898451],[-77.103528282136509,38.91432336920353],[-77.10352822943392,38.914506583838644],[-77.10352761751912,38.914583135938209],[-77.103514256384926,38.914592396028453],[-77.103514145723963,38.914598078999397],[-77.103514260667751,38.914727555770781],[-77.103515936983356,38.914731722202276],[-77.103563665819095,38.914852840255627],[-77.103568825220208,38.914858640780189],[-77.103858770500821,38.915176342188559],[-77.10386383855564,38.915186837327383],[-77.10397162108039,38.91542801125722],[-77.103978599357276,38.91561122698117],[-77.103978866979688,38.915687762044875],[-77.103992756210602,38.915696522140244],[-77.103993197534749,38.915764134665309],[-77.103997378033085,38.915775086076259],[-77.104105288021842,38.916054925456592],[-77.104113886350675,38.916064638711326],[-77.104190384862434,38.916152459347487],[-77.104189945629301,38.916175026500738],[-77.104193372680939,38.916179543241107],[-77.104249068074608,38.916252645127734],[-77.104540856015021,38.916467060869238],[-77.104547910472846,38.916474833533464],[-77.105087341495832,38.917068202487343],[-77.105094235848512,38.917075176866938],[-77.105100287863692,38.917082086325813],[-77.105107142805039,38.917089279919082],[-77.105113154340756,38.917096463499654],[-77.105119162673674,38.917103811803642],[-77.105124289788733,38.917111286947758],[-77.105130294386086,38.917118827428823],[-77.10514054007794,38.917134216979065],[-77.105145694863509,38.917142076894706],[-77.10514990028274,38.917149953000596],[-77.105158375534103,38.917166008039658],[-77.105162609690296,38.917174214009648],[-77.105165965297502,38.917182409550435],[-77.105172673310321,38.917198965355404],[-77.105175147165696,38.917207315190602],[-77.105180091674285,38.917224179584572],[-77.105182561793555,38.917232721597244],[-77.105185030845462,38.917241318517767],[-77.105186622949063,38.917249822647477],[-77.105187332764331,38.917258508525968],[-77.105188922732694,38.917267122471372],[-77.105186125285556,38.917275409732923],[-77.105185078532514,38.917284047299617],[-77.105186668501176,38.91729266124505],[-77.105190024116681,38.917300856784856],[-77.105196030872676,38.917308287446431],[-77.10520293487042,38.917314767648001],[-77.105211624272911,38.917319813647026],[-77.105222099613968,38.917323397989087],[-77.105232607527412,38.917325307639025],[-77.105244028700056,38.917325443209485],[-77.105255478705942,38.917324096265283],[-77.105267783235661,38.917323995176183],[-77.105279183050655,38.917325228901419]]]},"properties":{"OBJECTID":1,"MS_Name":"Dorothy Hamm Middle School","Website":"https://dorothyhamm.apsva.us/","School_Year":"2022-2023","Shape__Area":118468278.42022188,"Shape__Length":55211.433035455419}},{"type":"Feature","id":2,"geometry":{"type":"Polygon","coordinates":[[[-77.037841052040534,38.86579201389246],[-77.037843517967929,38.865800282890397],[-77.037845107662832,38.865808458593754],[-77.037847573591264,38.865816727591564],[-77.037850749627026,38.865833243722115],[-77.037853215556936,38.865841512719733],[-77.0378548052539,38.865849688422898],[-77.037857271184848,38.865857957420431],[-77.037858859204562,38.865866215485489],[-77.037861326814593,38.865874402120923],[-77.037864502856081,38.865890918250827],[-77.037866968789558,38.865899187248054],[-77.037868559048675,38.8659073354969],[-77.037871024983218,38.865915604493999],[-77.03787261468382,38.865923780196802],[-77.037875080619372,38.865932049193816],[-77.037875824168538,38.865940379125483],[-77.037875656366595,38.865948615325628],[-77.037876329123691,38.865956971836738],[-77.037876161321762,38.865965208036833],[-77.037876869754911,38.865973537531204],[-77.037877579306866,38.865981812117525],[-77.037877410386372,38.865990103225599],[-77.037878120497922,38.865998350357877],[-77.037878828931596,38.866006679852156],[-77.037879539043487,38.866014926984391],[-77.037880282594017,38.866023256915902],[-77.037880114792387,38.866031493115884],[-77.037880789788147,38.866039739810788],[-77.037881498222532,38.866048069304952],[-77.037882208335148,38.866056316437088],[-77.037882917329213,38.866064618477225],[-77.037884336995873,38.866081140195398],[-77.037885010314497,38.866089469252167],[-77.037885755544508,38.866097716821479],[-77.037887343572805,38.866105974885649],[-77.037888763800652,38.866122469149637],[-77.03788947167746,38.866130826097589],[-77.037890146675153,38.866139072792244],[-77.037891769821513,38.866147331293575],[-77.037893190051179,38.866163825557308],[-77.037894778081792,38.866172083621279],[-77.037896198312652,38.866188577884856],[-77.037897786344161,38.866196835948742],[-77.037898496460102,38.866205083080501],[-77.037900084492264,38.866213341144281],[-77.037900794049293,38.866221615730019],[-77.037903970674535,38.866238104403436],[-77.037904683028913,38.86624624171904],[-77.037907859096819,38.866262757846279],[-77.037908569214565,38.866271004977818],[-77.037910158927318,38.866279180679399],[-77.03791174696245,38.866287438742887],[-77.037913336675928,38.866295614444361],[-77.03791404679464,38.866303861575808],[-77.037915634830767,38.86631211963919],[-77.037918814260053,38.866328471041854],[-77.037920437413916,38.866336729542432],[-77.037921992012826,38.866344904806375],[-77.037923580050773,38.866353162869594],[-77.037928349760023,38.866377662518964],[-77.037929937799447,38.866385920582005],[-77.037931492400432,38.866394095845791],[-77.037933995153622,38.866402282915878],[-77.037938764869722,38.866426782564517],[-77.037941231948807,38.866434996651115],[-77.037942821668921,38.866443172351865],[-77.037944413626661,38.866451238236635],[-77.037946881266549,38.866459424869056],[-77.037948470987857,38.866467600569685],[-77.037950938628782,38.866475787201985],[-77.037952530028832,38.866483880540549],[-77.037954997670781,38.866492067172722],[-77.03795658963098,38.866500133057201],[-77.037959057273937,38.866508319689274],[-77.03796064867565,38.866516413027647],[-77.037963151436401,38.866524600096845],[-77.037964743398234,38.866532665981154],[-77.037967212721171,38.866540770250992],[-77.037969680366771,38.86654895688276],[-77.037972149690802,38.866557061152456],[-77.037973741095072,38.866565154490559],[-77.037983654074893,38.866597544551723],[-77.037985210923807,38.866605609998338],[-77.037987681929465,38.866613631905658],[-77.037995055358593,38.866637916821766],[-77.037997561483323,38.866645939166027],[-77.038000030813862,38.866654043434934],[-77.038003380303707,38.866662048819116],[-77.038005851313343,38.866670070725895],[-77.038008320645673,38.866678174994583],[-77.038010792215729,38.866686169447242],[-77.038011496756553,38.866694691117253],[-77.038011323934768,38.866703174402026],[-77.038012906957277,38.866711679549212],[-77.038013613176489,38.866720118857209],[-77.038015196199638,38.866728624004359],[-77.038016782578921,38.866736964427524],[-77.038018367280699,38.866745387212575],[-77.038020831024113,38.866753766020864],[-77.038023297005267,38.866762035013032],[-77.038025765224134,38.866770194189137],[-77.038032491508105,38.866786589748685],[-77.038035805331546,38.86679462214839],[-77.038040032755219,38.866802638462289],[-77.03804338337504,38.866810588937071],[-77.038047615834031,38.866818358164721],[-77.038052726217529,38.86682613832312],[-77.038056959797018,38.866833852642422],[-77.038062073538271,38.86684146807643],[-77.038067191195537,38.866848891332268],[-77.038254542589456,38.86730982181961],[-77.038256971821809,38.867318172730535],[-77.038258559919839,38.867326430787216],[-77.038261023711243,38.867334809589231],[-77.038263489740032,38.867343078575182],[-77.038265918974616,38.867351429485879],[-77.038270886152191,38.867367967894616],[-77.038273353860859,38.867376154518332],[-77.03827581989249,38.867384423503928],[-77.038278288161479,38.867392582673489],[-77.03828163380247,38.867400780226248],[-77.038284101513469,38.867408966849659],[-77.038287447155881,38.867417164402184],[-77.038289914868145,38.867425351025418],[-77.038293262189555,38.867433466215772],[-77.038296607834141,38.867441663767977],[-77.038299077785041,38.867449740575047],[-77.038302426786203,38.86745777340311],[-77.03830577411054,38.86746588859301],[-77.038309123672363,38.867473893966874],[-77.038313348929876,38.867482020085554],[-77.038316697934135,38.867490052913141],[-77.03832004917588,38.867497975924657],[-77.038324276113542,38.867506019680931],[-77.038327627356864,38.867513942692213],[-77.03857063187418,38.868000280187012],[-77.038574862224053,38.868008159209325],[-77.038578180078233,38.868015999413416],[-77.038586676459047,38.86803173044035],[-77.038590029433124,38.868039571081134],[-77.038594258110209,38.868047532464622],[-77.038597611085862,38.868055373105165],[-77.038601839764709,38.868063334488362],[-77.03860519274194,38.868071175128627],[-77.038609421981647,38.868079109057518],[-77.038616124026433,38.868094982515416],[-77.038620352709671,38.86810294389791],[-77.038627054759104,38.868118817355047],[-77.038630403828208,38.868126850172416],[-77.038634633073954,38.86813478410032],[-77.03863798214465,38.868142816917434],[-77.038641333452347,38.868150739918505],[-77.038664778091388,38.868206914726485],[-77.038668126050709,38.868215002450626],[-77.038670597188116,38.868223024340324],[-77.038673944589789,38.868231139518208],[-77.038677294228421,38.86823914488005],[-77.038680641631586,38.868247260057714],[-77.038683111094372,38.868255364309036],[-77.038686458498972,38.868263479486515],[-77.038689808699544,38.868271457393931],[-77.038692277605151,38.868279589099039],[-77.038695623334789,38.86828778663817],[-77.038698092800644,38.868295890889094],[-77.038701440767852,38.868303978612083],[-77.038735049058445,38.868378541418451],[-77.03879557825698,38.868511079748892],[-77.038849921475901,38.868602404571902],[-77.038904321288953,38.868690956514975],[-77.039029506557114,38.868925932163798],[-77.039144603762125,38.869138840858874],[-77.039262711634123,38.869376446794952],[-77.039445085949467,38.869735707552472],[-77.039677130878658,38.870070870874223],[-77.039885097626481,38.870381019447862],[-77.040158339871738,38.870763377546183],[-77.040298585674265,38.870949109204282],[-77.040555556924332,38.871268103896824],[-77.040741348074761,38.871459893224142],[-77.040746469129914,38.871467179084767],[-77.040752469841806,38.871474393494005],[-77.040757591457421,38.871481651900154],[-77.040763591055082,38.871488921216759],[-77.04076871378939,38.871496124714419],[-77.040773835408189,38.871503383119858],[-77.040779836684152,38.871510570073582],[-77.040784959421629,38.871517773570581],[-77.040790960699894,38.871524960523772],[-77.040796083439545,38.871532164020188],[-77.040802083045335,38.871539433334725],[-77.040807208020169,38.87154652701475],[-77.040813208744808,38.871553741420726],[-77.040818332046982,38.871560917462176],[-77.04083033406036,38.871575318818635],[-77.040835459040565,38.871582412497368],[-77.04084146032929,38.871589599447823],[-77.040846584753353,38.87159672058003],[-77.040852587719129,38.871603825168002],[-77.04085858901135,38.871611012117619],[-77.040863713438654,38.87161813324898],[-77.040875719378363,38.871632342422799],[-77.040880844367095,38.871639436099429],[-77.040898852730663,38.871660777310872],[-77.040903979956624,38.871667761170542],[-77.040909982375794,38.87167489320943],[-77.040915986470836,38.871681942886063],[-77.040921989450609,38.871689047470355],[-77.040927994664429,38.871696042238369],[-77.040933120779329,38.871703081004696],[-77.040939123762556,38.871710185588064],[-77.040963141847627,38.871738301924559],[-77.04096914818598,38.871745241782449],[-77.04098115751701,38.871759286221199],[-77.040987163858873,38.871766226078122],[-77.040993167969148,38.871773275750641],[-77.040999209990915,38.871780188589348],[-77.041005214661709,38.871787210807298],[-77.04102920493537,38.871814969791693],[-77.041036981211221,38.871821245113949],[-77.041043879503235,38.871827509527101],[-77.041051655781729,38.871833784848349],[-77.04105855463439,38.871840021806655],[-77.041066328682859,38.871846406942808],[-77.041073225305368,38.871852753716141],[-77.041081001589177,38.871859029035399],[-77.041094794282259,38.871871750033876],[-77.04110253377614,38.871878107277283],[-77.041109463849835,38.871884536846693],[-77.041117238465802,38.871890894525436],[-77.041124133422656,38.871897323657592],[-77.041131029497024,38.87190369788145],[-77.041138802442575,38.871910137920679],[-77.041159486770042,38.871929452766089],[-77.041167258046528,38.8719359751653],[-77.041174153012193,38.871942404294487],[-77.041187974159868,38.871955455165725],[-77.041195711996622,38.871961894764802],[-77.041202604734877,38.871968433708155],[-77.041209496358164,38.871975027559067],[-77.041223282399031,38.871988077989769],[-77.041237065096325,38.872001293142667],[-77.041243958400216,38.87200780462959],[-77.041257741105099,38.872021019779979],[-77.041264629948046,38.872027750897388],[-77.041278413218635,38.87204093859134],[-77.041292192587747,38.872054318461444],[-77.04129908311134,38.872060967214921],[-77.041305973636213,38.872067615967964],[-77.041311985616034,38.872074281267999],[-77.041318872794946,38.872081094744111],[-77.041325762765538,38.872087770949932],[-77.04133533860292,38.872091926654868],[-77.041344036452884,38.872096071452667],[-77.041353610618259,38.872100309517982],[-77.041362306796131,38.872104536676346],[-77.041371879289571,38.87210885710212],[-77.04138057212127,38.872113248982934],[-77.04138923150866,38.872117558064986],[-77.041398835218686,38.872122071102588],[-77.041407528053625,38.872126462981448],[-77.041424906472329,38.872135603638881],[-77.041434472835391,38.872140226053233],[-77.041460536290117,38.872154142937156],[-77.041469255324103,38.872158974511208],[-77.041477905794096,38.872163722850324],[-77.041486589710814,38.872168553986874],[-77.041512636446029,38.872183294478404],[-77.041520439029782,38.872188279431228],[-77.041537796274312,38.872198463322839],[-77.041545597187508,38.872203530635936],[-77.041562951091421,38.872213879247646],[-77.04157074866022,38.872219111282874],[-77.041579424220316,38.872224354222091],[-77.041595014900039,38.872235037921619],[-77.041603688789934,38.872240363220953],[-77.0416192410094,38.872251211204912],[-77.041627068126445,38.872256718212242],[-77.041635738115687,38.872262235687039],[-77.041651318768984,38.872273413550502],[-77.041674684736634,38.872290427427565],[-77.041682471721188,38.872296181080763],[-77.041689380157933,38.872301951283745],[-77.041712735543399,38.872319486778629],[-77.041719641195243,38.872325394249685],[-77.041727424281788,38.872331340077686],[-77.041734328262208,38.872337329909719],[-77.041742109677514,38.872343358098696],[-77.041749013102432,38.872349375383848],[-77.041756758284833,38.8723554580436],[-77.041763695158068,38.872361558125974],[-77.041777495321426,38.872373922140959],[-77.041785271723285,38.87238019741276],[-77.041792171808012,38.872386379419183],[-77.041799068546595,38.872392726149052],[-77.041805966960055,38.872398990516537],[-77.041819759885442,38.872411711428114],[-77.041825777520572,38.872418102161518],[-77.041832672033664,38.872424558705283],[-77.041839565432255,38.872431070156544],[-77.041846460505724,38.872437499245478],[-77.041852473682439,38.872444109609276],[-77.041859367084726,38.872450621059357],[-77.041865380263744,38.87245723142248],[-77.041872271994848,38.872463825233687],[-77.041884295569304,38.872477183228128],[-77.041891185072629,38.872483886854134],[-77.041897196583818,38.872490579577487],[-77.041903206980408,38.872497327208485],[-77.041909215146745,38.872504184655114],[-77.041915224987775,38.872510959739465],[-77.04192123315643,38.872517817185397],[-77.041927239652679,38.872524756992952],[-77.04193328294339,38.87253161487434],[-77.041945225702179,38.872545493615704],[-77.041950387655092,38.872552505318218],[-77.041962397313242,38.872566549653776],[-77.041967522476128,38.872573643281278],[-77.041973527308045,38.872580665448311],[-77.041978687035026,38.872587786965433],[-77.041983775407758,38.8725949625181],[-77.041989776896159,38.872602149408088],[-77.04200002332874,38.872616528838321],[-77.042005144594214,38.872623814641976],[-77.042010268092,38.872630990629496],[-77.042015387686121,38.872638358794589],[-77.042020509512525,38.872645617143576],[-77.042110315047637,38.872720876570327],[-77.042189752127143,38.872787768935254],[-77.042195756998737,38.872794791090477],[-77.042201763544725,38.872801730883523],[-77.042208648089257,38.872808681576096],[-77.042214654637647,38.872815621368446],[-77.042220662860402,38.872822478798604],[-77.042227549081957,38.872829347128089],[-77.042233557307085,38.872836204557515],[-77.042240443531171,38.872843072886219],[-77.042246451758686,38.872849930314977],[-77.042260228117314,38.872863474792638],[-77.042266238021554,38.872870249858408],[-77.042280017176367,38.872883657063788],[-77.042286029315008,38.872890322312628],[-77.042299809035057,38.872903702061684],[-77.042313592106439,38.872916917085213],[-77.042320485595965,38.872923428507384],[-77.042327411975947,38.872930050181083],[-77.042334305467975,38.872936561602465],[-77.042341200076649,38.8729430181155],[-77.042348093571178,38.872949529536072],[-77.042355866739214,38.872955969493077],[-77.04236965652305,38.872968855062147],[-77.04237655392636,38.872975174303164],[-77.042384326542049,38.872981641712215],[-77.042391225063213,38.872987906044429],[-77.042398999354617,38.8729942910905],[-77.042412796960789,38.873006792298803],[-77.04242057348678,38.873013067527566],[-77.042443934301176,38.873030355788138],[-77.042459504651944,38.873042055167751],[-77.042467288435134,38.873047973491737],[-77.042474193661548,38.873053908371254],[-77.042481977447238,38.873059826694252],[-77.042489759003701,38.873065854832568],[-77.042496662560779,38.873071872072664],[-77.042504443562166,38.873077927663999],[-77.042511344891182,38.873084054719136],[-77.042519124779872,38.873090165217398],[-77.042526025553698,38.873096319725612],[-77.04253380544499,38.873102430222872],[-77.042547602537809,38.873114958868946],[-77.042555379087304,38.8731212340886],[-77.042562277636819,38.873127498410547],[-77.042582967716626,38.873146565913636],[-77.04259675813546,38.87315942400145],[-77.042610544656142,38.873172474265452],[-77.042616560195171,38.873178974773019],[-77.042623453179772,38.873185513631043],[-77.042637236364882,38.873198728615641],[-77.042643248563081,38.873205393845652],[-77.042650137649659,38.873212124879849],[-77.042656150407751,38.87321876265522],[-77.04266304061197,38.873225438780686],[-77.042675060000732,38.873239016323474],[-77.042681946863297,38.87324585717159],[-77.042699971776997,38.873266429387066],[-77.042709509385801,38.873270749266688],[-77.042719113333249,38.873275262195037],[-77.04272780137083,38.873279901060613],[-77.042737361837439,38.873284825361239],[-77.0427460409568,38.873289903489059],[-77.042754714502095,38.87329525615602],[-77.04276250893011,38.873300652834502],[-77.042771174672595,38.87330638985582],[-77.042778960740236,38.873312198342838],[-77.042786742349008,38.873318226461137],[-77.042794522286556,38.87332433694079],[-77.042802297207771,38.87333069450569],[-77.042809190781384,38.873337205898551],[-77.042816082126208,38.873343827106915],[-77.042822970684796,38.87335058558471],[-77.042828977337933,38.873357525344716],[-77.042834980089751,38.873364657282202],[-77.042841016847916,38.873371844563152],[-77.042847014584666,38.873379223585758],[-77.04285209808296,38.873386646185125],[-77.042857214472491,38.873394179035976],[-77.042862328075614,38.873401849156515],[-77.042867438334909,38.873409684000578],[-77.042871670032909,38.87341753540354],[-77.042875021496855,38.873425485727346],[-77.042879248179233,38.873433584215704],[-77.042882595742398,38.873441726717083],[-77.042889487661526,38.873448320466998],[-77.042903267601218,38.873461700143359],[-77.042910159524169,38.873468293891989],[-77.042917927224138,38.873475008350695],[-77.042924815247432,38.873481794276266],[-77.04293174062208,38.873488470821272],[-77.042938593527779,38.873495256310292],[-77.042945483227342,38.873501959872691],[-77.042951493807223,38.873508707448316],[-77.042958381836925,38.873515493371862],[-77.042965268195559,38.87352236165696],[-77.042972156227876,38.873529147579681],[-77.042979042589153,38.873536015863912],[-77.042985931181533,38.873542774331831],[-77.042991939538865,38.873549631721197],[-77.042998825903993,38.873556500004227],[-77.043005710598138,38.873563450648774],[-77.043012596965937,38.873570318931002],[-77.04301860365581,38.873577258680925],[-77.043025488353877,38.873584209324264],[-77.043031495046151,38.873591149073491],[-77.04304526444875,38.873605050358194],[-77.043051271144705,38.873611990106376],[-77.043058154734425,38.873618995655676],[-77.043064159203126,38.873626045219027],[-77.04307104223804,38.87363307822153],[-77.043083051738932,38.87364714989269],[-77.043089934777697,38.873654182894057],[-77.043095938137682,38.87366128736371],[-77.043097502407221,38.873670753316709],[-77.043100826595335,38.873680048878185],[-77.043105035481418,38.873689025885078],[-77.043111010418528,38.873697530506504],[-77.043117872841279,38.873705579303085],[-77.043125591531208,38.873712979661242],[-77.043134272964252,38.873719677979906],[-77.043143814008872,38.873725563135956],[-77.043154249227925,38.873730663018755],[-77.043162029241472,38.873736773473418],[-77.043169807584192,38.873742966289548],[-77.0431767101487,38.873749038396582],[-77.043192266283356,38.873761451480213],[-77.043199165507346,38.873767688309776],[-77.043206943856646,38.873773881123398],[-77.043213842525759,38.873780145406016],[-77.043229396444161,38.873792668300524],[-77.043236294559705,38.873798960035813],[-77.043244071243535,38.873805235208827],[-77.04325096824688,38.873811581851101],[-77.043258744933382,38.873817857023099],[-77.043272538946297,38.873830550305584],[-77.043280311735415,38.873837017653976],[-77.043287208745014,38.873843364294125],[-77.043294104083841,38.873849793295783],[-77.043301879106266,38.873856150826754],[-77.043308809568032,38.873862580263186],[-77.043315667560975,38.873869118643803],[-77.043322562904862,38.873875547643735],[-77.043330336260652,38.873881987534709],[-77.043344123053544,38.873895037710263],[-77.043351912017968,38.873900708888534],[-77.043360542202265,38.873906472883824],[-77.043376151356796,38.873918007851209],[-77.043384814993715,38.873923854642229],[-77.043392600063427,38.873929717995615],[-77.04340816742031,38.873941581970648],[-77.043423731438608,38.873953610667428],[-77.043447072181806,38.873971914521377],[-77.04345397256273,38.873978096427706],[-77.043461749285015,38.873984371585998],[-77.043469527680458,38.873990564381856],[-77.043476424721547,38.873996911010657],[-77.043484201447839,38.874003186167442],[-77.043491098491444,38.87400953279532],[-77.043498871876878,38.87401597267494],[-77.043512662069645,38.874028858106421],[-77.043520435459101,38.874035297984555],[-77.043523396649377,38.874038142587693],[-77.043527326936598,38.874041919150045],[-77.04354111435326,38.874054941847909],[-77.043548009177954,38.874061398288305],[-77.043554902889412,38.874067909636238],[-77.043562676286896,38.874074349511496],[-77.043576466502316,38.87408723493531],[-77.043583398682671,38.874093581993264],[-77.043590258951596,38.874100010541511],[-77.043598034027355,38.874106368052502],[-77.043604928304887,38.87411285194348],[-77.043611825926916,38.874119171110131],[-77.043619602678291,38.874125446257786],[-77.043626499745628,38.874131792877549],[-77.043634274828051,38.874138150386102],[-77.043648072312166,38.874150678899632],[-77.04365584907012,38.874156954044793],[-77.043662747815247,38.874163218300467],[-77.043670524575859,38.87416949344464],[-77.043677424995025,38.874175675337497],[-77.043685201758251,38.874181950480732],[-77.043692945073786,38.874188142825901],[-77.043699880617297,38.87419432515297],[-77.04370765961319,38.874200490478756],[-77.043715439724792,38.874206600896045],[-77.043722340151419,38.874212782786287],[-77.043737900381089,38.874225003618392],[-77.043744803040028,38.874231075691341],[-77.043760363277514,38.874243296520447],[-77.043775927420285,38.874255325169656],[-77.043782831199664,38.874261342332339],[-77.043806177148767,38.874279399027813],[-77.043813961177221,38.874285317260679],[-77.043932257139474,38.874341705890906],[-77.044223538923305,38.874529305155399],[-77.044500328393624,38.874738692743819],[-77.044611358170968,38.874808721042754],[-77.044957410881395,38.875065621929537],[-77.045275904641983,38.875297493036783],[-77.045476768485543,38.875440059015652],[-77.045484560012198,38.875445620234437],[-77.045492352096574,38.875451153998725],[-77.045501061785615,38.875456479440913],[-77.045508822646738,38.875461820591319],[-77.045517498886554,38.875467063235376],[-77.045526176240614,38.875472250970901],[-77.045533979460785,38.875477235652916],[-77.045542660712655,38.875482231209375],[-77.045551343635154,38.875487144403266],[-77.04556871616137,38.875496641341464],[-77.045578284352317,38.8755012085064],[-77.045587010747724,38.875505710323068],[-77.045596547158624,38.875510112327731],[-77.045605207208993,38.875514421095218],[-77.045614817203329,38.875518659244506],[-77.045623515715789,38.875522803721807],[-77.045642675483506,38.875530784975105],[-77.045652259820457,38.875534555968819],[-77.045661844714857,38.875538299507809],[-77.045671432392425,38.875541905776075],[-77.04569061331469,38.875548843770638],[-77.045700207115758,38.875552148042885],[-77.045709802586941,38.875555369952451],[-77.04572027831621,38.875558492918898],[-77.04572987768401,38.875561522649008],[-77.045740358422734,38.875564398527963],[-77.045749962799803,38.875567181170652],[-77.045760446878518,38.875569892323995],[-77.045770055151849,38.875572482787206],[-77.045780544239634,38.875574946852986],[-77.045791035553677,38.87557730110187],[-77.045801528537538,38.875579572987938],[-77.045811145159348,38.875581751638236],[-77.045821643708265,38.875583748982805],[-77.045832142814135,38.875585718872436],[-77.045842609581129,38.875587551056334],[-77.045853148260321,38.875589301747233],[-77.045863654600538,38.875590914732413],[-77.045874163722999,38.875592390446776],[-77.045884673958597,38.875593811252237],[-77.045895186976338,38.875595094786931],[-77.045905702776167,38.8755962410508],[-77.045916220245374,38.875597304951775],[-77.045926741052895,38.875598204127982],[-77.045937263529652,38.875599020941372],[-77.045947787675644,38.875599755391875],[-77.045959191522925,38.875600418351368],[-77.045969756353784,38.875600878695025],[-77.045980252054903,38.875601283260096],[-77.045990785102632,38.875601578443181],[-77.046001321488276,38.875601708901485],[-77.046011859542872,38.875601756996929],[-77.046022364701386,38.875601694840626],[-77.046033820916094,38.875601507154528],[-77.046044364533586,38.875601280707308],[-77.046065461225155,38.875600361092516],[-77.04607601374282,38.875599695378874],[-77.046086567372853,38.875598974756343],[-77.046097122671455,38.875598171770953],[-77.046107681863703,38.875597176606796],[-77.046118242168191,38.875596126533765],[-77.046128804697389,38.875594966643867],[-77.046139370563751,38.875593642029159],[-77.046149938654722,38.875592207597599],[-77.046160507857778,38.875590718257143],[-77.046171079285344,38.875589119099899],[-77.046181653493647,38.875587382671789],[-77.046192229926348,38.875585536426854],[-77.046202843148464,38.875583608253791],[-77.046212511432941,38.875581503616431],[-77.046223093426207,38.87557938282896],[-77.04623367819994,38.875577124770679],[-77.046243388834654,38.875574663663869],[-77.046253977500498,38.875572213425933],[-77.046263691471083,38.875569587593631],[-77.046274285141337,38.875566890268047],[-77.046284002447635,38.875564099710203],[-77.046293721977946,38.875561199335728],[-77.046304322320111,38.875558172559714],[-77.046314046854505,38.875555025097704],[-77.046323773056585,38.875551795273012],[-77.046333500926309,38.875548483085559],[-77.046343265584909,38.875545088970121],[-77.046352963337156,38.875541529260559],[-77.046516078235015,38.87546665788566],[-77.046821623512187,38.875297435900059],[-77.046829649198216,38.875291438904576],[-77.04684570390215,38.875279280188103],[-77.046852853223825,38.87527318996392],[-77.046868911811544,38.875260839066407],[-77.046876064465224,38.875254584116895],[-77.046884095145614,38.875248340031824],[-77.046891247796736,38.875242085081368],[-77.046899278474399,38.875235840995295],[-77.046906433346763,38.875229476227965],[-77.046914465689568,38.875223149778833],[-77.046935934742606,38.875203835840892],[-77.046943970415597,38.875197344665871],[-77.046958286814728,38.875184285677435],[-77.04696544612419,38.875177701274637],[-77.046972604320487,38.875171171779265],[-77.046979765851063,38.875164477559615],[-77.046986890591413,38.875157865266921],[-77.046993209213639,38.875151160616852],[-77.047000370184364,38.875144493849909],[-77.047007533377439,38.87513771726659],[-77.047014688230419,38.87513135249251],[-77.047022722220433,38.875124943673896],[-77.047029880406257,38.875118414174977],[-77.047037041926217,38.875111719951754],[-77.047043327086342,38.875104932502431],[-77.047050493606818,38.875097991192526],[-77.04705678209983,38.875091039018585],[-77.047063109603926,38.875083895100971],[-77.047069403097538,38.875076695840491],[-77.047080206691049,38.875061890801327],[-77.047086505184026,38.875054444454037],[-77.047091052071693,38.875046756747928],[-77.047096476983853,38.875039079904873],[-77.047101024981274,38.875031337290309],[-77.047105575201229,38.875023484859675],[-77.047110126531948,38.875015577520848],[-77.047114680085159,38.875007560365916],[-77.047122034474086,38.874991339605401],[-77.047125713334921,38.874983146862967],[-77.047129393862519,38.874974871758468],[-77.047132196364728,38.874966585790773],[-77.04713780470243,38.874949849131362],[-77.047143406367141,38.874933441919325],[-77.047145331397942,38.874925117634319],[-77.047147257540033,38.874916738441335],[-77.047149353775396,38.874899958329323],[-77.047150404116138,38.874891458457377],[-77.047150575877296,38.874882975176483],[-77.047149867947383,38.874874563394627],[-77.047150040264398,38.874866052659726],[-77.047148454311497,38.874857630014894],[-77.047147746382095,38.874849218232981],[-77.04714615876226,38.874840877950056],[-77.047143693119892,38.874832526804198],[-77.047141225810506,38.874824258020176],[-77.047138756834116,38.874816071597984],[-77.04713540816806,38.874807956674722],[-77.047132056167555,38.87480000647529],[-77.047127790468608,38.874792072432093],[-77.04712359167722,38.874784303981663],[-77.047119356098193,38.874776617458586],[-77.047114239162738,38.874769084795965],[-77.04710911889309,38.874761716857087],[-77.047103118379027,38.874754447870664],[-77.047100651077002,38.874746179085641],[-77.04709571313937,38.874729806239245],[-77.047092366149869,38.874721608952605],[-77.047089897182545,38.874713422529247],[-77.047079850661731,38.87468910520829],[-77.047073149464353,38.874673067535724],[-77.047068919456223,38.874665106470665],[-77.047065566913872,38.874657183723045],[-77.047061336907504,38.874649222657702],[-77.047057982699059,38.874641382271726],[-77.047053751026766,38.87463350356807],[-77.047045283237807,38.874617965792098],[-77.047040169656839,38.874610268402087],[-77.047035934097053,38.874602581875635],[-77.047030812179585,38.874595296294949],[-77.047024813910994,38.874587917488284],[-77.047019691439814,38.874580659361058],[-77.047013689282224,38.874573472731726],[-77.047008567369119,38.874566187149981],[-77.047002565213845,38.87455900052003],[-77.046997443302899,38.874551714937823],[-77.046991439482198,38.874544610669204],[-77.046985437330449,38.874537424038323],[-77.046980313755014,38.874530220817249],[-77.046962302862894,38.874508880553748],[-77.046932275467469,38.874473771007828],[-77.046908211780121,38.874446012378613],[-77.046901359520277,38.874439172214935],[-77.046889342466642,38.874425430384903],[-77.046882455645772,38.874418562331492],[-77.046876444620082,38.874411814958599],[-77.046869556133856,38.874405029266335],[-77.046863545666469,38.874398254438745],[-77.046856622062052,38.874391468311153],[-77.046849766476484,38.874384792868248],[-77.046843754344764,38.874378100401579],[-77.046836864196933,38.874371397069353],[-77.046829971826469,38.874364803552623],[-77.046823959698244,38.874358111084888],[-77.046817067330252,38.874351517567383],[-77.046810173851554,38.874344978957481],[-77.046803282042077,38.87433835798516],[-77.046782599949296,38.874318824513537],[-77.046761913419743,38.874299510670099],[-77.046754139710771,38.874293071006903],[-77.046740344993125,38.874280378134877],[-77.046735230356887,38.87427273563889],[-77.046729234925749,38.874265219546579],[-77.046724118067687,38.874257686866059],[-77.046718121526936,38.874250225681124],[-77.046712123319338,38.874242846857861],[-77.046700123015668,38.874228281388191],[-77.046693242904212,38.874221083875518],[-77.046687239141264,38.874213979590742],[-77.046680355696253,38.87420694680123],[-77.046674315147058,38.874199924443118],[-77.046660576711702,38.874186188744517],[-77.046653688267554,38.874179403039264],[-77.046645920141785,38.874172688828885],[-77.04663902780797,38.874166095300637],[-77.046632133807236,38.874159584133949],[-77.046624362905376,38.874153007192007],[-77.046616622120936,38.874146677770092],[-77.046601032970287,38.874134127436648],[-77.046585471716668,38.874121934437596],[-77.046575909206268,38.874117092813243],[-77.0465672336084,38.874111822791605],[-77.046559444366977,38.874106151826858],[-77.046550784342003,38.874100113092375],[-77.046543887019098,38.8740937666443],[-77.046536961249942,38.87408709031326],[-77.046530111284099,38.874080140311371],[-77.046524111441769,38.874072843840146],[-77.046519031407755,38.874065229223056],[-77.046513882802117,38.874057531374362],[-77.046509654560595,38.874049487926044],[-77.04650630711366,38.8740413180753],[-77.046502961891903,38.874033038408534],[-77.046494291314517,38.874027521295474],[-77.046484748286673,38.87402171877411],[-77.046476084385404,38.874015872211892],[-77.046467426046689,38.874009751109178],[-77.046459647390478,38.874003558511916],[-77.046451873740693,38.873997118828271],[-77.046443223748199,38.873990585913937],[-77.04643633367499,38.873983882557553],[-77.046428570595921,38.873976921246566],[-77.046421685530603,38.873969970803408],[-77.046414805471827,38.873962773273952],[-77.046407927638981,38.873955465928162],[-77.046401052588237,38.873948021312039],[-77.046395057775371,38.873940477748043],[-77.046389066300634,38.873932769459849],[-77.046386599109127,38.873924500658134],[-77.046378662114392,38.873882771728049],[-77.046375490989675,38.873865898959458],[-77.04637266023073,38.873832224350664],[-77.046371954070821,38.873823730199931],[-77.046371246242657,38.87381531841114],[-77.046371416424833,38.873806917491102],[-77.046370710821478,38.873798395886332],[-77.046371395443231,38.873764600027862],[-77.046372445303362,38.873756127614477],[-77.046372616041438,38.873747699240269],[-77.046373664232746,38.873739309188771],[-77.046374714092252,38.873730836775266],[-77.046378907410158,38.873697249114862],[-77.046382760363073,38.873680463294811],[-77.046392383005056,38.873638979188648],[-77.046395183315624,38.873630803051739],[-77.04639536128056,38.873622017775389],[-77.046398491853196,38.873595803933107],[-77.046402355918843,38.873578469032175],[-77.046404284892219,38.873569952578571],[-77.046409900520274,38.873552859046185],[-77.046412706942974,38.873544380914808],[-77.046416389147382,38.873536023467707],[-77.046423750216874,38.873519473297051],[-77.046427392293381,38.873511362500757],[-77.046431982616028,38.873503263442018],[-77.046436536149045,38.873495246310377],[-77.046441964350635,38.873487404770657],[-77.046446513988712,38.873479579816504],[-77.046451938295206,38.873471930454215],[-77.046458240606626,38.873464291959728],[-77.046463659349598,38.873456917136785],[-77.046469957209538,38.873449498273565],[-77.046476250619349,38.873442299041955],[-77.046479053693218,38.873433985632708],[-77.046480979873081,38.873425606447491],[-77.046486584905594,38.873409034536628],[-77.046489389089189,38.873400666219077],[-77.046491313598636,38.873392369395624],[-77.046494116668839,38.873384055985916],[-77.046496920850586,38.873375687668144],[-77.046499723363368,38.873367401712272],[-77.046501647870713,38.873359104888571],[-77.046504450382329,38.873350818932501],[-77.046507254561547,38.873342450614494],[-77.046510057627955,38.873334137204289],[-77.046512017253434,38.873325840815014],[-77.046517587150802,38.87330926846758],[-77.046520391326879,38.873300900149076],[-77.04652231583006,38.873292603324892],[-77.046533525852638,38.873259459497788],[-77.046536330024921,38.873251091178808],[-77.046538255081003,38.87324276690024],[-77.046543860086018,38.873226194985918],[-77.046544912142238,38.873217612753827],[-77.046545961973877,38.873209140337707],[-77.046546136026762,38.873200547238149],[-77.046547187526258,38.873191992460001],[-77.046547361578945,38.873183399360414],[-77.046548411409802,38.873174926944195],[-77.046549280559731,38.873132016353928],[-77.046548574385795,38.873123522202761],[-77.046548748438184,38.873114929103032],[-77.046548043932717,38.873106352589886],[-77.046548217985077,38.873097759490129],[-77.046547511255554,38.873089292792891],[-77.046546807306555,38.873080688825702],[-77.046547149850682,38.873063777165946],[-77.046546442009443,38.873055365376651],[-77.046546612725422,38.87304693700073],[-77.046544489202915,38.873021701632574],[-77.046542902249698,38.873013333883733],[-77.046541316409005,38.873004911226836],[-77.046538141392276,38.872988230636864],[-77.046536551660125,38.872980000157824],[-77.046534085040477,38.872971703903204],[-77.046532495865236,38.872963445970079],[-77.04653002869054,38.872955177169331],[-77.046527559848158,38.872946990730554],[-77.046524211338436,38.872938875786062],[-77.046521740272937,38.872930799163072],[-77.046518391764636,38.872922684218388],[-77.046511690857656,38.872906646506678],[-77.046508339015048,38.872898696285638],[-77.04649987544154,38.872882966285658],[-77.046496519708711,38.872875208242206],[-77.046491406310764,38.872867510824953],[-77.046487135792674,38.872859823840592],[-77.046482933847017,38.872852220087516],[-77.046477817115573,38.872844687393616],[-77.046467580319245,38.872829786729042],[-77.046463343257514,38.872822182540489],[-77.046458229866928,38.872814485121701],[-77.046449755748185,38.872799276743663],[-77.046444642360669,38.872791579324257],[-77.046440405303642,38.872783975134773],[-77.046436134795982,38.872776288148437],[-77.046431932860614,38.872768684393371],[-77.046426819477205,38.872760986973098],[-77.046422582423858,38.872753382782939],[-77.046418347039804,38.872745696230616],[-77.04641323199111,38.872738081171718],[-77.046404761227691,38.872722708066149],[-77.046400524178949,38.872715103875116],[-77.046395411358873,38.872707378999429],[-77.046391140860592,38.872699692011295],[-77.046386938934475,38.872692088254468],[-77.046382703557839,38.872684401700745],[-77.046377590185742,38.872676704278177],[-77.04637335314257,38.872669100086078],[-77.046360647023832,38.872646040422801],[-77.046355533656808,38.872638342999196],[-77.046351298842865,38.872630628990272],[-77.046347061805236,38.872623024797136],[-77.046338590513415,38.872607679140387],[-77.046333477707634,38.872599954261744],[-77.04630806608462,38.87255380747029],[-77.046302952729803,38.872546110044219],[-77.046298719039285,38.8725383411252],[-77.046277542813996,38.872499880883566],[-77.046273309128978,38.872492111963531],[-77.046269073776301,38.872484425405361],[-77.046263960430622,38.87247672797745],[-77.046259725079878,38.872469041418867],[-77.046255491954781,38.872461245044171],[-77.046247021257827,38.872445871926182],[-77.046242787579288,38.872438103004946],[-77.046238552233078,38.872430416445546],[-77.046234318556358,38.872422647523976],[-77.046230083768179,38.872414933510299],[-77.046228497977424,38.872406510847874],[-77.046226913855634,38.87239800582347],[-77.046226209951868,38.872389401852871],[-77.046226381816268,38.872380918568012],[-77.046227433898068,38.872372336337001],[-77.046229361747379,38.872363874791695],[-77.046232164251563,38.872355588840101],[-77.046235843078875,38.872347396120183],[-77.046239516899632,38.872339450486095],[-77.046244064818424,38.872331707899505],[-77.04624948572264,38.872324223268379],[-77.046255779612039,38.872316996592517],[-77.046262064601294,38.872310209180299],[-77.046269221463206,38.87230373463116],[-77.046277247416782,38.872297710214973],[-77.046285266138753,38.872292042700224],[-77.046290679805466,38.872284914969057],[-77.046296969794113,38.8722778804689],[-77.046302382346255,38.87227080764518],[-77.046308672332501,38.872263773144397],[-77.046314960649056,38.872256821005237],[-77.046320371529362,38.872249830542664],[-77.046332948156532,38.87223592626269],[-77.04635180863896,38.87221528947218],[-77.046358093610209,38.872208502054626],[-77.046364380248704,38.872201632274731],[-77.046370663549155,38.872194927218487],[-77.046376948516851,38.872188139799881],[-77.046383231258801,38.872181462196892],[-77.046390392546002,38.8721747680082],[-77.046396675841677,38.872168062950522],[-77.046402957467791,38.872161440254501],[-77.046410117082786,38.872154828426567],[-77.046416398150384,38.872148233183765],[-77.045627292955828,38.871611707656946],[-77.045694237781703,38.871485640011088],[-77.04590158937647,38.871115124208977],[-77.045923494241734,38.87107598908058],[-77.046130820399924,38.870725683768285],[-77.046338568019252,38.87037181338561],[-77.046498805772615,38.870091553886517],[-77.046525160405835,38.870045471196065],[-77.046653944430744,38.869820183305457],[-77.046677569203879,38.869779339284733],[-77.046877811563888,38.869433283778513],[-77.047023588619055,38.869190411105031],[-77.047181513128791,38.868916575345295],[-77.047334942061397,38.86866347165558],[-77.04744407695172,38.868490115507321],[-77.047487047874156,38.868421884974943],[-77.047523016831533,38.868369852128602],[-77.047555483411443,38.868325986758073],[-77.047589446677804,38.868282798953416],[-77.047630878406395,38.868233332587408],[-77.047784834215179,38.868059926366563],[-77.047888311686449,38.867945595701322],[-77.047940362709056,38.867892086497008],[-77.047993905931008,38.867839474471438],[-77.048069946903894,38.86776865942867],[-77.048148655110822,38.867699689736689],[-77.048230029439551,38.867632620298302],[-77.048313963426168,38.867567504713705],[-77.04858273888641,38.867371735816526],[-77.048756263501559,38.867251789461918],[-77.048853406463806,38.867190022219702],[-77.048917040196201,38.867147310567624],[-77.048951498942358,38.867126454212617],[-77.048994990107943,38.867100134903666],[-77.049076489373562,38.867051135706362],[-77.049135213864247,38.867016683928576],[-77.049195113408828,38.866983180311479],[-77.04925971914011,38.866949707350308],[-77.049264372200568,38.866947156054735],[-77.049320777433493,38.866916217986777],[-77.049392605034996,38.866878220746699],[-77.049496707006568,38.866824887068127],[-77.049830477038526,38.866673416314605],[-77.049963317506283,38.866621508136994],[-77.050133007391636,38.866562832617156],[-77.050432819815924,38.866459162202936],[-77.050628916266874,38.866400293648717],[-77.050642985930054,38.866396070144731],[-77.050781833254604,38.866356263073015],[-77.050821084733769,38.866345021724918],[-77.051005923514495,38.866299383628174],[-77.051041698204997,38.866291586835501],[-77.05116987977361,38.866263649819238],[-77.051184241237195,38.866260519706067],[-77.05286460823605,38.866012794567041],[-77.053223307124156,38.865991950915117],[-77.053647925452481,38.865976861157904],[-77.05394263137191,38.865976646511079],[-77.054245027378414,38.865985593055797],[-77.054327375753772,38.865988029809245],[-77.05438107765508,38.865990009119656],[-77.054524577502889,38.86599809179971],[-77.054969864930257,38.866020598517885],[-77.055490536829623,38.866065532855615],[-77.055923191699478,38.866108393813612],[-77.056298170054475,38.866154800453515],[-77.056334730686629,38.866159410305499],[-77.056446129465598,38.866173453126848],[-77.056635151358591,38.866197306199162],[-77.056968111532655,38.866240667762121],[-77.057332984194986,38.866305839960553],[-77.057647188572432,38.866363166405641],[-77.057959371535162,38.866430215785115],[-77.058071529260388,38.866458092921789],[-77.058170746082496,38.866483864752901],[-77.058274479361245,38.866510810985694],[-77.058402622894292,38.866544091352722],[-77.058494342536761,38.866567910385818],[-77.059354218695645,38.866797052217748],[-77.059771376652932,38.866919317788309],[-77.0600504470262,38.866991282791638],[-77.060078892474806,38.86699860668547],[-77.060373668953346,38.867065106582814],[-77.060559458430973,38.867101435804159],[-77.060775037179624,38.867141150561928],[-77.060968565571386,38.867159422367543],[-77.061162488825531,38.867182531800729],[-77.061369790106497,38.867198884689955],[-77.061512415123815,38.867208705564352],[-77.061655145179628,38.867215040024469],[-77.061742821367261,38.867218448177674],[-77.061784623487284,38.867220086100453],[-77.061997017847119,38.867231200319893],[-77.06211695574504,38.867226792501896],[-77.062285366476047,38.867192184191502],[-77.062462383250818,38.867144515247553],[-77.062897578066298,38.86702256665221],[-77.066977003713589,38.865824397238107],[-77.067071506700486,38.865771468193543],[-77.067164742321253,38.865716256373439],[-77.067248281322364,38.865664660831335],[-77.067358247661275,38.865593039211973],[-77.067456521174591,38.865524734895942],[-77.067553207639307,38.865454983173855],[-77.06777077293917,38.865294767061542],[-77.067819313580387,38.865256145087486],[-77.067865613547596,38.865214073457786],[-77.067865832675622,38.865213873606891],[-77.067867051185345,38.865212767724252],[-77.067982798461514,38.865107598835323],[-77.06808770334591,38.865007904765356],[-77.068103342244697,38.864991751144011],[-77.06813407543045,38.864960001916891],[-77.068153138452757,38.864937052299467],[-77.068255070773276,38.864814342265873],[-77.068351387253131,38.864697901972477],[-77.068425912917405,38.864597974484219],[-77.068483900658777,38.864518880314783],[-77.068539261624537,38.864437639608099],[-77.068583499710428,38.864375183786784],[-77.068627905821415,38.864304299521763],[-77.068688771068196,38.864214750292533],[-77.068733217120723,38.864133046906304],[-77.068779140520888,38.864047709220394],[-77.068827197823069,38.863953994511817],[-77.068880606114874,38.863843813583372],[-77.068931365163877,38.863732611749583],[-77.068965107040285,38.863652205768837],[-77.06899605273621,38.863571106638133],[-77.069031963283393,38.863464721656996],[-77.069077395765376,38.863317645907081],[-77.069080298102492,38.863307505322247],[-77.069100765574788,38.863235987581724],[-77.069119974541309,38.863162187264138],[-77.06913746774481,38.863088118885479],[-77.069153209527784,38.863013809472676],[-77.069165769900906,38.862947562233792],[-77.069174278538426,38.862897797041441],[-77.069222453766244,38.862505639185841],[-77.069236535906782,38.86239300165488],[-77.069264196581315,38.862171839569733],[-77.069322646143164,38.861755806037344],[-77.069329688088999,38.861698004382824],[-77.069447889962774,38.861024805424336],[-77.070234863262328,38.861052441998588],[-77.070245638433818,38.861052820363241],[-77.07025638013188,38.861053115936713],[-77.070267124017661,38.861053301692436],[-77.070277939772851,38.861053405939892],[-77.070288686940202,38.861053426968517],[-77.070299471409413,38.861053338607036],[-77.070310222405013,38.861053167454429],[-77.070320975041213,38.861052913938245],[-77.07033173041178,38.861052523150178],[-77.070342486329125,38.861052104906896],[-77.070353244980751,38.861051549391739],[-77.070363969064744,38.861050965993805],[-77.070374696976671,38.861050190415604],[-77.070385425435205,38.861049387382231],[-77.070396085852352,38.861048473676],[-77.070406818685271,38.861047451007174],[-77.070417482382993,38.861046372573867],[-77.070428147720946,38.861045211777046],[-77.070438780131653,38.861043940734952],[-77.070449449843593,38.861042560302664],[-77.070460015852746,38.861041096224263],[-77.070470583501987,38.861039549782326],[-77.070481152791245,38.861037920976877],[-77.070491688606239,38.861036209380359],[-77.070502226607957,38.861034387966178],[-77.070512696021012,38.861032483333375],[-77.070523167620763,38.86103046888293],[-77.070533605746093,38.861028371641474],[-77.07054397473577,38.861026218635615],[-77.070554346458849,38.861023928357959],[-77.070564684160601,38.86102158274349],[-77.070574988387676,38.861019154337974],[-77.070585259687022,38.861016615687362],[-77.070595497511619,38.861013994245731],[-77.070605701861567,38.861011290013153],[-77.070615837622498,38.861008502562122],[-77.07062597556974,38.861005605293499],[-77.070636044381089,38.861002652260566],[-77.070646079717648,38.8609996164368],[-77.070656047558586,38.860996442486183],[-77.070666015945434,38.860993241080507],[-77.070675916289801,38.860989929002329],[-77.070685748044966,38.860986533705777],[-77.070869709021963,38.860920120980524],[-77.07088026503736,38.860917393544113],[-77.070890788124444,38.860914555862543],[-77.070901207507973,38.860911634535192],[-77.070911629077287,38.860908603390165],[-77.070921982603849,38.860905461572642],[-77.07093226808766,38.860902209082596],[-77.070942520096281,38.860898873801752],[-77.070952704062051,38.860895427848369],[-77.070962855099197,38.860891871650004],[-77.070972937546756,38.86088823223335],[-77.070982951951393,38.860884482144336],[-77.070992897766416,38.860880648837067],[-77.071002810652658,38.860876705284831],[-77.071012619835059,38.86087267808702],[-77.071022396088509,38.860868540644255],[-77.071032104298965,38.860864292529165],[-77.071041673144563,38.860859987795394],[-77.071051279836254,38.860855546217259],[-77.071060747163145,38.860851048020443],[-77.071065893931916,38.860848337115243],[-77.071163671533441,38.860797378956498],[-77.071259572916404,38.860743624340301],[-77.07151559935069,38.860587466780309],[-77.07152392424095,38.860582130821406],[-77.071532456535962,38.860576962150446],[-77.071541127646825,38.860571877550321],[-77.071549899727344,38.860567013864753],[-77.071558845191433,38.860562262131452],[-77.071567927832206,38.860557676831434],[-77.071577147649705,38.860553257964781],[-77.071586434415707,38.860549004676948],[-77.071595857812156,38.860544945276615],[-77.071605420024568,38.860540969946889],[-77.07161508320705,38.860537215531572],[-77.071624848452373,38.860533627122251],[-77.071634715214174,38.860530232173062],[-77.071644685131801,38.860526948321336],[-77.071654721451935,38.860523857502578],[-77.071664859288759,38.860520960143901],[-77.071675099188752,38.860518228791044],[-77.071685370923802,38.86051566258967],[-77.071695743629405,38.86051331730247],[-77.071706148716615,38.860511109712547],[-77.071716655320898,38.860509095582543],[-77.071727193214144,38.860507274058165],[-77.07173776294286,38.860505617685206],[-77.071748363414414,38.860504181371979],[-77.071759066495986,38.860502883610309],[-77.07176976520654,38.860501805481221],[-77.071780530866903,38.860500892930673],[-77.071791257042321,38.860500199585466],[-77.072393127769089,38.860436093914359],[-77.072383631148043,38.860383802842719],[-77.072432899960901,38.860378909752093],[-77.072485680166352,38.860374059334916],[-77.073003002222848,38.860322680402192],[-77.073886296913784,38.86023606425686],[-77.073925006795321,38.860232278022316],[-77.074069301193759,38.860217554100863],[-77.074452915503201,38.860178275231377],[-77.074462631724998,38.86021958445378],[-77.074521638700361,38.860431721835326],[-77.074593526144184,38.860704484295191],[-77.074616489734524,38.860784399488118],[-77.074642700477554,38.860891814922624],[-77.074674951858029,38.861024018424025],[-77.074737198418035,38.861249952840815],[-77.074799554406241,38.861470396371125],[-77.074865169064708,38.861701863734368],[-77.075488204961545,38.861635280412571],[-77.076966503586021,38.861477457976406],[-77.077184703707871,38.861455387704623],[-77.078604754417483,38.861755434263976],[-77.079124716261248,38.861748381999909],[-77.079760653962524,38.861724050186126],[-77.079766761219133,38.861723816844744],[-77.079841770714992,38.861720946593501],[-77.082277593028337,38.861096817811102],[-77.082241331203107,38.860983790695968],[-77.081450414575826,38.858522015066796],[-77.081356675734696,38.858227024257921],[-77.081159383750261,38.857609517818545],[-77.081060252275549,38.857292520310118],[-77.081618049503788,38.857148226122213],[-77.081713341427189,38.857124662611959],[-77.082218106953135,38.856996201418859],[-77.083630134384663,38.856631512343441],[-77.084029069055092,38.856526481327279],[-77.085475498095121,38.856161663399725],[-77.086243179197027,38.855985879593497],[-77.086472494578743,38.855933389704525],[-77.087069281743126,38.855792999336053],[-77.087209921672141,38.85575992651237],[-77.087831136173861,38.855620210709553],[-77.088314597843066,38.855520273635733],[-77.088522593781647,38.855480210300144],[-77.088523795417942,38.855404817392234],[-77.088523240930812,38.855329430829975],[-77.088521000548923,38.855254051457685],[-77.088516465409541,38.855170351331978],[-77.088515319516532,38.855153613926838],[-77.088515159446217,38.855136751070255],[-77.088516386289584,38.855044003232301],[-77.088521640592162,38.854942900808908],[-77.088514649068287,38.854837669334273],[-77.088515970707306,38.854770461177026],[-77.088522797820758,38.854705461154225],[-77.088532278301273,38.854644831838684],[-77.088555577524161,38.854588707469631],[-77.088627728265493,38.854439693826926],[-77.088707961095366,38.854317222053957],[-77.088927433143994,38.854018340591615],[-77.089138993184079,38.853725691633173],[-77.089153388339341,38.853705778768116],[-77.08927481274138,38.853519049047833],[-77.089280767850397,38.853509097414147],[-77.089286862321472,38.853499202376447],[-77.089293096154663,38.853489363934706],[-77.089299434778709,38.853479554212662],[-77.089305912225214,38.853469828540909],[-77.089312529573192,38.853460132010731],[-77.0893192862831,38.853450492076384],[-77.089326147244122,38.853440908316067],[-77.089333147027432,38.853431408605893],[-77.089340286712144,38.853421938037201],[-77.089347530647885,38.853412523642405],[-77.089354913945343,38.853403165843368],[-77.089362400954286,38.853393891672489],[-77.08937002732489,38.853384674097363],[-77.08937779305711,38.853375513117911],[-77.089385663040261,38.853366408312269],[-77.089393636734783,38.853357387134714],[-77.089401749790895,38.853348422552749],[-77.089410002208481,38.853339514566386],[-77.089418358337397,38.853330690208054],[-77.089426818717129,38.853321922023397],[-77.089435417918821,38.853313237888557],[-77.089444121371272,38.853304609927342],[-77.089452928534996,38.85329606559408],[-77.089461874520595,38.853287605310506],[-77.089470889646293,38.853279200778665],[-77.08947838968399,38.85327238964836],[-77.089480079244012,38.853270853264057],[-77.089481464294181,38.853269622155111],[-77.089489336902744,38.853262616409701],[-77.08949869881225,38.85325443572885],[-77.089508199543545,38.853246339097609],[-77.089517803986041,38.853238326094136],[-77.089527512679226,38.853230369264033],[-77.089537289433551,38.85322252309409],[-77.089547205549124,38.85321473351938],[-77.089557225375898,38.853207027572282],[-77.089559363840166,38.853205433077051],[-77.089671515135251,38.853136103205252],[-77.089672107785532,38.853135767064934],[-77.0897890526645,38.853072465679887],[-77.089789956950156,38.853072020006671],[-77.089911510559958,38.85301477233422],[-77.08991232069026,38.853014426790836],[-77.090038390447859,38.852963254016608],[-77.090323858062035,38.852856610761506],[-77.090324603202973,38.85285633308699],[-77.090417106264397,38.852821775672219],[-77.090510034239543,38.85278189417398],[-77.090598188210848,38.852735862421056],[-77.090680907260932,38.852684027764035],[-77.090750102742575,38.852632782447145],[-77.090750658242712,38.852632325714502],[-77.090813993533558,38.852577486447124],[-77.090814456565198,38.852577044050847],[-77.090872193437093,38.852518469815308],[-77.090901251291001,38.852480929555128],[-77.091114023676752,38.852206048477093],[-77.091263342359085,38.852013143280011],[-77.091363256477493,38.851884500650236],[-77.091600228807408,38.851579388100511],[-77.091853999400939,38.851252643512886],[-77.091935515598891,38.851147529878176],[-77.092215451974781,38.850786561236191],[-77.092390709576961,38.850560772414966],[-77.092565966076705,38.850334983319776],[-77.092917824145943,38.849882806033989],[-77.093056851210662,38.84969668846324],[-77.093141753366609,38.849583027920971],[-77.093212809264614,38.849487902201666],[-77.093592656242222,38.848994597628796],[-77.093720046216603,38.848829155152572],[-77.09408877683164,38.848350275190484],[-77.0944225779552,38.847916753026141],[-77.094703168973439,38.847552334826943],[-77.094976514775993,38.847197320386428],[-77.095106753857323,38.847028168974511],[-77.095218277888364,38.846901968733746],[-77.095342594766763,38.846761291716689],[-77.095442344096881,38.846640993462451],[-77.095443230619381,38.846639991452179],[-77.095548665931403,38.846524190918132],[-77.095549214758975,38.846523622523556],[-77.095661391055941,38.846411118891467],[-77.095662055088283,38.846410495236697],[-77.095780304551582,38.846301992763856],[-77.095781257856061,38.846301166612662],[-77.095905154806829,38.846196996584091],[-77.096035754899987,38.846096373529015],[-77.096036925994781,38.846095520803551],[-77.096171810083462,38.846000269373057],[-77.096172454989997,38.845999837712519],[-77.096313085911248,38.845908888966513],[-77.096313912148929,38.845908387388903],[-77.09645931563314,38.845822405880298],[-77.096460467232589,38.845821764022681],[-77.096610200261765,38.845740958974432],[-77.096856506267869,38.845618380034331],[-77.097189513384052,38.845450730035118],[-77.097345855055622,38.845392733737469],[-77.097604617578668,38.845304655587611],[-77.09828042912882,38.845096611073821],[-77.098648593450093,38.84498045394087],[-77.099133527230464,38.844829719043695],[-77.099148853390588,38.844824955569727],[-77.099387772408406,38.844754843233929],[-77.099447670808829,38.844733616741337],[-77.099496200318256,38.844713764918971],[-77.099537116078821,38.844700797286443],[-77.099587497373946,38.844683219307463],[-77.099636994796143,38.844664147878184],[-77.099685467917283,38.844643581324419],[-77.09973291566412,38.84462157455625],[-77.099789824386235,38.84459698946705],[-77.099853655329014,38.844564962656015],[-77.099905898189803,38.844534747309204],[-77.099947579942693,38.844507701271191],[-77.100068631226165,38.84444049299303],[-77.10021271017807,38.844362849484099],[-77.100274384387504,38.84432615584921],[-77.100325938911951,38.844293405714282],[-77.100392700237308,38.844247930294188],[-77.100457113325589,38.844200422198398],[-77.100592060570094,38.844104819818199],[-77.101100736630087,38.843751146443907],[-77.101117375966354,38.8437405801049],[-77.101130067066535,38.843732946209499],[-77.101185275113778,38.843699731217896],[-77.101255341996904,38.843661159911086],[-77.101327468626536,38.843625002197847],[-77.101335792090694,38.843621212240123],[-77.101401514048135,38.843591283855815],[-77.101448671508621,38.84357149727068],[-77.101496547448505,38.843552680355735],[-77.101545000375822,38.843534886346049],[-77.101594065398118,38.843518115659045],[-77.101625137809648,38.843508833361042],[-77.101908762623509,38.843424103898698],[-77.101963723313958,38.843405700710669],[-77.102287658056866,38.843297078968462],[-77.102990373930126,38.843076146801565],[-77.103607870775477,38.84290362615215],[-77.103836638069325,38.842822317378769],[-77.103922011239945,38.842785601670037],[-77.103996423784579,38.842750952408068],[-77.104078372716984,38.842709747209923],[-77.104158364313278,38.842666266892273],[-77.10423629218532,38.842620565115567],[-77.104369194485656,38.842521364229619],[-77.104547543648209,38.842396341123653],[-77.104581078309877,38.842363759363245],[-77.104624148600649,38.842326540232399],[-77.104670125539698,38.842291525043201],[-77.104718865504097,38.842258876849954],[-77.104778886610376,38.842223918720094],[-77.104814638780041,38.842205505571229],[-77.104851350403564,38.842188312091508],[-77.104888951271548,38.842172337445554],[-77.104927370641207,38.842157608252485],[-77.104966537236564,38.842144178585997],[-77.105006415954051,38.842132048028141],[-77.10507762485976,38.842114028728183],[-77.10512692155352,38.842097890932152],[-77.105186921689238,38.842080260119459],[-77.105268256904225,38.842059724799576],[-77.105319773390306,38.842048611167705],[-77.105371719561106,38.842038875659306],[-77.105434554200983,38.842028967426792],[-77.105487284737421,38.842022234415097],[-77.105540269441761,38.84201687743991],[-77.105593437573276,38.842012923121331],[-77.105636107020501,38.842010766317863],[-77.105689507460681,38.842009313649307],[-77.105732243827703,38.842009134784213],[-77.105785630316888,38.842010208300721],[-77.105838954511114,38.842012681554309],[-77.105881524785246,38.842015631194293],[-77.10591339711813,38.842016174512288],[-77.105987704269282,38.842015793840218],[-77.106061915777488,38.84201310527741],[-77.106135960892104,38.842008135444736],[-77.106209699718264,38.84200085522054],[-77.106282990229261,38.841991345301565],[-77.10636612310779,38.841977668311742],[-77.106448364072335,38.84196109728942],[-77.106529537587647,38.841941630152604],[-77.106579697546039,38.84192802839376],[-77.106629317650146,38.841913294312008],[-77.106713930425173,38.841890297971098],[-77.10671558507066,38.841889849062099],[-77.106714042602221,38.84188598795609],[-77.106629395202447,38.841674111600938],[-77.106639129019143,38.841670108029383],[-77.106647986807189,38.8416660116754],[-77.106657758923916,38.841661843792131],[-77.106666583203378,38.841657664656609],[-77.106676287239182,38.841653386120413],[-77.10668518439077,38.841649070544463],[-77.106694925660634,38.841644682605512],[-77.106703791967675,38.841640146975593],[-77.106712656142278,38.841635721162895],[-77.106722401671263,38.84163111358577],[-77.106731269573345,38.841626495590319],[-77.106749008570958,38.841617094870465],[-77.106757914238699,38.841612340017235],[-77.106775625583552,38.841602554513848],[-77.106783622246994,38.841597596643403],[-77.106801374550443,38.841587509553463],[-77.106809374939985,38.841582359499867],[-77.106818252420609,38.841577247317048],[-77.1068271320311,38.841572025315614],[-77.106835135613721,38.841566710533314],[-77.107009227687243,38.841461679598794],[-77.107066034831831,38.841429400791256],[-77.107024761245469,38.841384973684541],[-77.105875342719685,38.840182273737781],[-77.105861514250833,38.840171125158435],[-77.10502381335003,38.840817485808273],[-77.105019734247762,38.840814294781119],[-77.104435840786977,38.840357392771928],[-77.104422013041614,38.840346216568996],[-77.104411575122938,38.840341286816702],[-77.10440201054557,38.840336587134288],[-77.104391567826312,38.840331904470503],[-77.10438112297355,38.840327331623755],[-77.104370677054689,38.840322813685027],[-77.104360227401131,38.840318487926723],[-77.104349776147671,38.84031424453093],[-77.104339323294269,38.840310083497663],[-77.104328868840895,38.840306004826893],[-77.104317534644665,38.840302025537561],[-77.104307075390082,38.840298193955128],[-77.103410906932552,38.839888088903209],[-77.103401331799475,38.839883938228333],[-77.103395245185311,38.839880954956278],[-77.10304719528888,38.839723032360084],[-77.103019432565603,38.839706225426717],[-77.103010743628616,38.839701645893435],[-77.103001175488544,38.839697138277472],[-77.102992484951145,38.839692641106282],[-77.102973343868726,38.839683872960983],[-77.102964651197652,38.839679485605572],[-77.102955081460692,38.839675060349272],[-77.102949976128826,38.839666761330854],[-77.102942179227014,38.839661450967341],[-77.102934386066181,38.8396559484219],[-77.102925680201594,38.839650435012146],[-77.102910135401203,38.839639100882628],[-77.102894562447304,38.839627409424985],[-77.1028876549085,38.839621505505455],[-77.102879838406309,38.839615398539962],[-77.102872969713829,38.839609302856061],[-77.102866069124218,38.839603042026994],[-77.102858290935572,38.839596770751037],[-77.102851391951319,38.839590427557653],[-77.102844494571173,38.839584002000421],[-77.102838476929477,38.839577477071472],[-77.102831582757503,38.839570886786618],[-77.102824690723978,38.839564186683411],[-77.102812664531754,38.839550670096997],[-77.102806653307368,38.839543815712659],[-77.102800643687104,38.839536878964566],[-77.102794635670918,38.839529859852696],[-77.102788594689216,38.839522730504683],[-77.102783500981516,38.839515639893712],[-77.102777496174681,38.839508456054062],[-77.102767245502861,38.839493917086799],[-77.102762123641597,38.839486469148682],[-77.102757000178414,38.839479103573773],[-77.102752756986646,38.839471611173565],[-77.102747636731465,38.839464080871352],[-77.102739154627187,38.839448876434126],[-77.102730676266816,38.839433479814872],[-77.102726438423844,38.83942571286881],[-77.102723079782862,38.839417874006635],[-77.102718844078993,38.839409997242299],[-77.102715485439575,38.839402158379912],[-77.102712128938251,38.839394209699449],[-77.102708774040693,38.839386178655481],[-77.102706296207117,38.839378185513482],[-77.102702940776609,38.839370181923776],[-77.102686190352856,38.839328791249507],[-77.102676155069787,38.839303188118173],[-77.102673689532864,38.839294563522287],[-77.102670345865732,38.839285955932894],[-77.102662953535472,38.839259862508726],[-77.102639503015908,38.839201915554497],[-77.10263631272089,38.839185428528005],[-77.10263383757416,38.839177298111672],[-77.102630482695503,38.839169267064996],[-77.10262800648124,38.83916119155753],[-77.102624651603989,38.839153160510676],[-77.102622174322178,38.839145139911928],[-77.102615464036845,38.839129105272278],[-77.10261298675691,38.839121084673295],[-77.102609629745686,38.839113163443905],[-77.102606274872727,38.839105132396391],[-77.102589490900272,38.839065471338067],[-77.102586132825493,38.839057605016805],[-77.102582775820196,38.839049683786506],[-77.10257853961906,38.839041834470947],[-77.102571822940405,38.83902612928209],[-77.10256758781064,38.839018225057124],[-77.102564227068456,38.839010496007589],[-77.102559955767987,38.839002646273329],[-77.102556630665461,38.838994890186996],[-77.102543917807822,38.838971561872484],[-77.102540557604783,38.838963805367669],[-77.102519361158798,38.83892535495972],[-77.10251508505857,38.838917752313982],[-77.102510880769742,38.838910068140592],[-77.102505762183213,38.838902455463369],[-77.10250152118941,38.838894853235082],[-77.102497313696929,38.83888733378803],[-77.102493037601221,38.838879731141461],[-77.102487917415502,38.838872200826842],[-77.102483674822082,38.838864680961308],[-77.102478554638409,38.838857150646248],[-77.10247431204688,38.838849630780331],[-77.102469189727529,38.838842210282827],[-77.10246403390893,38.838834707003585],[-77.102459825354984,38.838827242464106],[-77.102454703573173,38.838819794511345],[-77.10244957965466,38.838812456376374],[-77.102444457874981,38.838805008423208],[-77.102429087197805,38.838782939107112],[-77.102423961681211,38.838775683334354],[-77.102418803199868,38.83876831732546],[-77.102408587809919,38.838753778742308],[-77.102403460694106,38.838746605332041],[-77.102397458127442,38.838739311653711],[-77.102392331013775,38.83873213824296],[-77.102386326846073,38.838724926927426],[-77.102381198131184,38.838717835879656],[-77.102375191827917,38.8387107343815],[-77.102370063115117,38.83870364333319],[-77.102364057348623,38.838696514379912],[-77.102358049445428,38.838689495244346],[-77.102352920735854,38.838682404195211],[-77.10234090493519,38.838668365922473],[-77.102334895433174,38.83866142914907],[-77.102328887535776,38.83865441001187],[-77.10231085904023,38.838633599688819],[-77.102292825744655,38.838613036453218],[-77.102285937060358,38.83860617158993],[-77.102279924361852,38.838599399540499],[-77.102273913267993,38.838592545127284],[-77.10226790003729,38.83858580053171],[-77.102261008150933,38.838579100393837],[-77.102254995457059,38.838572328343069],[-77.10224810303869,38.838565655658911],[-77.102242088743623,38.83855896597094],[-77.102235196862267,38.83855226583146],[-77.102229182569502,38.838545576142813],[-77.102215394536856,38.838532395497822],[-77.102209378644034,38.838525788171523],[-77.102181796718753,38.838499728874432],[-77.102175777089982,38.838493313727781],[-77.102168882013871,38.838486778311243],[-77.102161984800816,38.838480352712196],[-77.102155085985359,38.838474009476194],[-77.102148188774777,38.838467583876344],[-77.102140412910032,38.83846120273315],[-77.102133549201795,38.838454859913924],[-77.102126613684163,38.838448598621611],[-77.102119714874888,38.838442255383526],[-77.10211281446314,38.838435994508423],[-77.102105034863044,38.838429805544223],[-77.10209813445374,38.838423544668245],[-77.102091232441964,38.838417366155312],[-77.102083452311149,38.838411204644174],[-77.102076549767233,38.838405053584879],[-77.10206876910442,38.838398919527215],[-77.102061865493809,38.838392823375976],[-77.102054049195601,38.838386716353661],[-77.102047178552425,38.838380730437571],[-77.102039397360173,38.838374623832422],[-77.102032492150585,38.838368610042842],[-77.102024707218717,38.838362695618095],[-77.102016924426536,38.838356671374825],[-77.102009139497255,38.838350756949048],[-77.102002195981513,38.838344907466436],[-77.101994446158074,38.838338993457782],[-77.101971087108424,38.838321469810069],[-77.101947723258561,38.838304193247986],[-77.101924354073603,38.838287191226016],[-77.101916562743838,38.838281606247776],[-77.10190877301919,38.838275938905539],[-77.101900102504032,38.838270425836036],[-77.101892311177949,38.838264840856148],[-77.100454361227122,38.837281080944045],[-77.100444823540855,38.837275035666053],[-77.100433501812688,38.837270452000155],[-77.100422150649919,38.837267378329706],[-77.100409888734006,38.83726599637135],[-77.1003975957764,38.837266206771716],[-77.100385267494573,38.837268229166703],[-77.100373785205562,38.837271881839932],[-77.100364031519192,38.837275115752021],[-77.100353474212639,38.837278147853915],[-77.100342888225143,38.837280850082415],[-77.100332307053947,38.837283305219678],[-77.100321732840143,38.83728540344768],[-77.100311198545796,38.837287255003019],[-77.100300598862361,38.837288858629783],[-77.100289162062126,38.837290177663732],[-77.100278609256264,38.837291177708522],[-77.100268061802709,38.837291903207586],[-77.100256643200368,38.837292288785939],[-77.100246106987058,38.837292437738867],[-77.100234700695808,38.837292191862041],[-77.100224141690987,38.837291708941294],[-77.100212780137781,38.837290969300213],[-77.100202267477115,38.837289910252032],[-77.100190883133251,38.837288538737134],[-77.100180381714424,38.837286903142861],[-77.100169886184318,38.837284965548299],[-77.100159395472502,38.837282780862488],[-77.100148911184974,38.837280266722011],[-77.100138432251285,38.837277478035737],[-77.100127958136213,38.837274442258156],[-77.100114797775888,38.837274120526821],[-77.100107904610397,38.837267502623881],[-77.100098323058504,38.837263708585233],[-77.100087870895621,38.837259547170326],[-77.100079143591586,38.837255159180053],[-77.100069614276407,38.837250487014309],[-77.100060054677712,38.837245567338783],[-77.10005137586343,38.83724049340308],[-77.10004270400988,38.837235062558449],[-77.100034912940643,38.837229477453889],[-77.100026485280111,38.837223790358813],[-77.100026249119935,38.837223634790796],[-77.100018468224945,38.837217528049997],[-77.100010690543442,38.837211256581774],[-77.100003794716798,38.837204775945018],[-77.099996903709638,38.837198048217481],[-77.099990015380612,38.837191183217186],[-77.099984007835459,38.837184163957502],[-77.099978003503736,38.837176979970629],[-77.099972002920765,38.837169603802074],[-77.099966883121382,38.837162073374451],[-77.09996176653533,38.83715437821968],[-77.099957527520274,38.837146693532858],[-77.099953290112239,38.837138926482424],[-77.099949056452814,38.837130967250467],[-77.099945701970071,38.837122936123158],[-77.099942312920732,38.837114877122538],[-77.099938997289897,38.837106654232365],[-77.099936558693813,38.837098469264895],[-77.099934053105045,38.83709011873303],[-77.099932460188711,38.837081779088173],[-77.099930904517123,38.83707333004412],[-77.099930155673803,38.837064918085431],[-77.099928731405598,38.837047930278501],[-77.099929228780468,38.837022425064305],[-77.099930270177182,38.837014034461014],[-77.099932225315342,38.837005599835877],[-77.099934110247588,38.83699716437318],[-77.099937944962335,38.836980568829979],[-77.099941615848437,38.836972374358382],[-77.099944407559889,38.836964251781851],[-77.09994807523212,38.836956222036854],[-77.099951705659379,38.836948301691045],[-77.099955410038774,38.836940190001137],[-77.099959076102451,38.836932242619291],[-77.099963617590987,38.836924415523342],[-77.099968155866307,38.836916753154121],[-77.099973570636905,38.836909156161738],[-77.099978979517331,38.836901861168457],[-77.099985264892737,38.83689463155185],[-77.099991546519362,38.836887594116277],[-77.09999782386187,38.836880776316207],[-77.100004976092961,38.836874106256069],[-77.100012124039878,38.836867655831362],[-77.100019266632017,38.836861479951025],[-77.100027283577163,38.836855479264841],[-77.100035293561504,38.836849835486362],[-77.100044179504764,38.83684428453833],[-77.100053058487234,38.836839090497911],[-77.100061933185756,38.836834116092732],[-77.100070802529729,38.836829416231701],[-77.100079665448604,38.836825045823808],[-77.100089402185063,38.83682087806384],[-77.100099132496553,38.836817039756873],[-77.100109735019657,38.836813486460983],[-77.100119453552153,38.836810252151018],[-77.100130058214518,38.836806589035369],[-77.100139779957004,38.836803189996779],[-77.100150374446542,38.836800048514441],[-77.100161839541968,38.836797274406202],[-77.100172420647368,38.836794819284037],[-77.100182995863861,38.836792666160243],[-77.100194444898307,38.836790715683378],[-77.100205008872663,38.836789139101811],[-77.100216446129906,38.836787792621436],[-77.10022790938973,38.836786913284847],[-77.100239299232385,38.836786197836751],[-77.100250716148551,38.836785894623517],[-77.100261250146488,38.836785855488053],[-77.100272655286901,38.836786156271366],[-77.100284055074908,38.836786731598401],[-77.10029544844015,38.836787636378148],[-77.100308586767255,38.836789083723161],[-77.100321760420428,38.836788719070654],[-77.100334095044516,38.836786367228306],[-77.100346464457431,38.836782230843042],[-77.100357108710483,38.836776536074865],[-77.100366028338541,38.836769255469783],[-77.100592740181938,38.836486365798372],[-77.100618007571526,38.836450967935967],[-77.100623418492432,38.836443563094242],[-77.100627960412751,38.836435708517193],[-77.100630755236381,38.836427421196355],[-77.100632677314294,38.836418876321865],[-77.100632844804849,38.836410283066591],[-77.100631256638493,38.83640169633945],[-77.100628784490326,38.836393428603031],[-77.100624550799964,38.83638546939401],[-77.100618551822095,38.836378010893597],[-77.100611661371829,38.836371255746371],[-77.100603878914043,38.836365231406624],[-77.100595201773146,38.836360075146565],[-77.100414488889015,38.836264553348876],[-77.099198280050729,38.835615697602471],[-77.098176679469404,38.835070758777348],[-77.098020276202959,38.83498925398785],[-77.098011594588911,38.834984344625497],[-77.098002911367743,38.83497951762601],[-77.097994229756054,38.834974608262364],[-77.097986425688575,38.834969709380992],[-77.097977744079202,38.834964800016131],[-77.097969060862653,38.834959973014094],[-77.097943016045235,38.834945244913662],[-77.097935211984435,38.834940346028887],[-77.097891803984737,38.834915799178937],[-77.097883999930659,38.83491090029073],[-77.097875318335383,38.834905990918216],[-77.097866638349799,38.834900999181578],[-77.097849310266952,38.834891180852694],[-77.097841471116737,38.834886281542225],[-77.097832789527359,38.834881372166564],[-77.097824110083891,38.834876352972252],[-77.097806746374943,38.834866561672143],[-77.097798943940532,38.834861580414753],[-77.09779026235708,38.834856671035894],[-77.097781582383362,38.834851679292925],[-77.097772900802283,38.834846769912744],[-77.097764220830982,38.834841778168489],[-77.097756416793615,38.834836879271684],[-77.097747737360862,38.834831860071738],[-77.097739054712065,38.834827005598015],[-77.097730375817932,38.834821958942257],[-77.097722573393682,38.834816977679722],[-77.097713891820817,38.834812068295172],[-77.097687851935419,38.834797093047214],[-77.097680047908128,38.834792194145287],[-77.097664250406467,38.834783108059462],[-77.097654008036997,38.834777218889755],[-77.097646206159155,38.834772210167607],[-77.097628846253386,38.834762226659528],[-77.097621043842665,38.834757245390165],[-77.097595003996531,38.834742270121417],[-77.097587201590329,38.83473728884978],[-77.097561162294738,38.834722286118996],[-77.097553361501895,38.834717222481629],[-77.097536001622345,38.834707238959645],[-77.097528199224044,38.834702257684057],[-77.097519521432389,38.83469715610358],[-77.097502161562389,38.834687172576601],[-77.097494360241228,38.83468213638978],[-77.09748568084548,38.834677117170216],[-77.097477003059879,38.834672015586577],[-77.097469235771101,38.834667034726486],[-77.097460522349976,38.834661960176611],[-77.097451842422743,38.834656968409035],[-77.097444041644707,38.834651904764307],[-77.097435326618282,38.834646912575998],[-77.097426683941435,38.83464181140809],[-77.09741888316681,38.834636747761735],[-77.097410203245516,38.834631755991012],[-77.09740152493444,38.8346266818562],[-77.097393724699558,38.834621590753663],[-77.097385046390869,38.834616516617594],[-77.09737636701071,38.834611497389893],[-77.097368565706589,38.834606461194618],[-77.09735120963397,38.834596285463697],[-77.09734337376814,38.834591221392685],[-77.097326052267917,38.834581073531965],[-77.097318252043365,38.834575982424347],[-77.097300894912522,38.834565861594875],[-77.097293094691409,38.834560770485496],[-77.097275738640533,38.834550594743277],[-77.097267937886471,38.834545531086768],[-77.097259261741414,38.834540347123401],[-77.097251425888146,38.834535283046208],[-77.09723410441444,38.834525135171781],[-77.09722630581166,38.834519961694504],[-77.097217627527087,38.834514887545964],[-77.097209826781011,38.834509823885526],[-77.097201150644466,38.834504639917839],[-77.097192472363503,38.834499565767416],[-77.097184673230117,38.834494419741816],[-77.097175994951556,38.834489345590157],[-77.097167318819928,38.834484161619955],[-77.097159482979293,38.834479097536558],[-77.0971508414151,38.834473941439136],[-77.097143041214622,38.834468850319737],[-77.097134364551394,38.834463693801531],[-77.097126565426066,38.834458547772002],[-77.097117887692391,38.83445344616154],[-77.097109211032844,38.834448289641458],[-77.097101447012477,38.834443144029827],[-77.097092734180976,38.834438041997942],[-77.097084934524943,38.834432923420145],[-77.097076258406702,38.834427739443065],[-77.09706845982592,38.83442256595518],[-77.097051107059102,38.83441222545251],[-77.097043307945327,38.834407079417417],[-77.097034629687315,38.834402005255207],[-77.097026831112302,38.834396831764543],[-77.097018154466141,38.83439167523764],[-77.097010356966408,38.834386446836874],[-77.097001680859179,38.834381262854286],[-77.096993881752311,38.834376116815875],[-77.096976529007463,38.834365776302015],[-77.096968729904077,38.834360630261912],[-77.096960054339462,38.834355418821723],[-77.09695225470189,38.834350300234981],[-77.096943580212738,38.834345033884603],[-77.096935781113956,38.834339887842276],[-77.09692710448121,38.83433473130858],[-77.096919307530811,38.834329475447227],[-77.096910630900524,38.834324318912273],[-77.096902832342877,38.834319145413296],[-77.096894157324598,38.83431390651365],[-77.096886358232751,38.834308760468019],[-77.096877648652082,38.834303493693064],[-77.096869884663917,38.834298348065943],[-77.096861210723631,38.834293054254914],[-77.096853411099843,38.834287935661536],[-77.096844736625499,38.834282669303761],[-77.096836939150222,38.834277440891341],[-77.096828263068673,38.83427225689578],[-77.096820465595727,38.834267028482252],[-77.096811791126328,38.834261762122019],[-77.096803992046034,38.834256616070832],[-77.096795317042506,38.83425137716381],[-77.096787520110809,38.834246121293596],[-77.096778845109753,38.834240882385359],[-77.096771046570666,38.834235708877486],[-77.096763249105862,38.834230480460121],[-77.096754574645061,38.834225214095625],[-77.096746777182574,38.834219985677116],[-77.096738102724245,38.834214719311376],[-77.096730305264131,38.834209490891752],[-77.096721665909641,38.834204224944479],[-77.096713833350492,38.834198996104092],[-77.096705158897109,38.834193729735894],[-77.096697361441656,38.834188501314074],[-77.096688686990774,38.834183234944639],[-77.096680889537666,38.834178006521718],[-77.096673094232131,38.834172668280345],[-77.096664419248299,38.834167429363539],[-77.096656622335303,38.834162173484543],[-77.096647912252649,38.834156934146797],[-77.096640149906662,38.834151706140894],[-77.096631477074268,38.834146357403682],[-77.096615882722162,38.834135873095178],[-77.096607209893492,38.834130524356183],[-77.096599412988695,38.834125268473343],[-77.096590739625881,38.834119947187574],[-77.096582942723444,38.834114691303604],[-77.096575146895418,38.834109380510121],[-77.096566472463039,38.834104114131542],[-77.096558676637372,38.834098803336943],[-77.096549967106228,38.834093536537395],[-77.096542206920844,38.834088198706965],[-77.096534409488726,38.834082970274203],[-77.096525736672533,38.83407762152914],[-77.096517940852763,38.83407231073177],[-77.096509268575744,38.834066934530995],[-77.096501470611656,38.834061733550506],[-77.096493675332084,38.834056395297075],[-77.096485002522115,38.834051046548957],[-77.096477206708258,38.834045735748873],[-77.096469409285476,38.834040507311776],[-77.096460736479244,38.834035158561804],[-77.096452941205598,38.834029820305638],[-77.096444268401868,38.834024471554464],[-77.0964286773238,38.83401382249383],[-77.096420004523821,38.834008473740866],[-77.096404413452831,38.833997824676992],[-77.096395740119846,38.833992503376656],[-77.096387944855664,38.833987165116113],[-77.096380151202794,38.833981744491602],[-77.096371477873589,38.833976423189462],[-77.096355887353468,38.833965746664546],[-77.096347214027986,38.833960425360637],[-77.096339420381085,38.833955004733347],[-77.09633162458843,38.833949693923486],[-77.096322951803415,38.83394434516326],[-77.09631515816011,38.833938924534365],[-77.096299567119758,38.83392827545638],[-77.096290895949991,38.833922844330282],[-77.09628310123793,38.833917478608186],[-77.096275306527005,38.833912112885571],[-77.096266633750744,38.83390676412111],[-77.096251045945195,38.833895950309675],[-77.096242373172686,38.833890601543445],[-77.096234579541274,38.833885180909128],[-77.09622678430074,38.833879842637735],[-77.096218990134915,38.833874449456836],[-77.09621035407892,38.833869018744565],[-77.096202525351103,38.833863597688236],[-77.096194729578485,38.833858286869166],[-77.09618605842509,38.833852855735238],[-77.096162677022676,38.833836621273797],[-77.096154005337539,38.833831217592021],[-77.096146210645628,38.833825851860695],[-77.096130587774681,38.833815037613185],[-77.096121951195656,38.833809634348846],[-77.096114158118965,38.833804186251932],[-77.096106366117112,38.833798683245519],[-77.096098571969122,38.833793290056519],[-77.09608990083089,38.833787858915407],[-77.096058725866158,38.8337662037884],[-77.096050056344708,38.833760690280883],[-77.096034469140349,38.833749848985811],[-77.096026711714757,38.833744373848418],[-77.096018005486712,38.833738942282032],[-77.096010211888725,38.833733521632617],[-77.096002419902504,38.833728018619219],[-77.095994626306862,38.833722597968759],[-77.095986798685075,38.83371712198884],[-77.095978162665546,38.833711691259303],[-77.095970370684142,38.833706188243724],[-77.095962577093303,38.833700767591118],[-77.095954785651159,38.833695237120011],[-77.095946955887854,38.833689870955396],[-77.09593919901225,38.83368436835768],[-77.095930529509886,38.833678854841182],[-77.095922735925015,38.833673434185876],[-77.095914943951996,38.833667931166602],[-77.095486028014875,38.833338760217131],[-77.093310869540247,38.831640311111855],[-77.093304823847205,38.83163529567873],[-77.093297073850678,38.831629463449843],[-77.093072314286573,38.831453682917349],[-77.093065405651842,38.831447915680791],[-77.092840664314494,38.831269471190929],[-77.092616758779442,38.831096803070572],[-77.092608974335235,38.831090942920092],[-77.090350915527054,38.829333829106865],[-77.090341399689791,38.829326767180511],[-77.090130438578868,38.829164162987709],[-77.090122693958506,38.829158083455461],[-77.087992641102758,38.8275012918998],[-77.087983135998059,38.827493708143798],[-77.087971849000837,38.82748747599593],[-77.087959653781667,38.827482798195007],[-77.087946548180369,38.827479784558591],[-77.087933406406748,38.827478610371593],[-77.087921144243154,38.827477336923316],[-77.087909716876936,38.82747824293677],[-77.087898212838894,38.827481262522419],[-77.087887617571781,38.827486270233379],[-77.087877885712288,38.827490217354438],[-77.087869032921702,38.827494092669788],[-77.087859303219858,38.827497929971379],[-77.087849569737429,38.827501959453542],[-77.087840715863976,38.827505889675741],[-77.087821250513656,38.827513866272746],[-77.087812394477382,38.827517906310717],[-77.087802659909713,38.827521990697953],[-77.087793802251539,38.827526113098045],[-77.087774333110758,38.827534281868594],[-77.0877654759894,38.827538376812058],[-77.087755739796393,38.827542543558835],[-77.087738021768658,38.827550925623648],[-77.087728283952401,38.827555174731586],[-77.087719425205876,38.827559352035003],[-77.08770968684739,38.827563628595918],[-77.087700826478795,38.827567888261363],[-77.08769196394914,38.827572257744116],[-77.087682223967263,38.827576616666171],[-77.087673364135412,38.827580848875058],[-77.08766449998248,38.82758530071915],[-77.087654759997179,38.827589659638974],[-77.087645896382014,38.827594084027133],[-77.087637033845809,38.827598453505729],[-77.087627292777,38.827602867332189],[-77.087618426458391,38.827607428990738],[-77.087609562838807,38.827611853376204],[-77.087582966033054,38.827625428527888],[-77.087573221176996,38.827630034531232],[-77.087537752088267,38.827648473326327],[-77.08750227596046,38.827667269018995],[-77.087475628353516,38.827681639903808],[-77.087467670245474,38.827686432170793],[-77.087458799585718,38.827691213453072],[-77.087432182198441,38.827705831840781],[-77.087424185746102,38.827710788409192],[-77.087415313460156,38.827715652051623],[-77.087397565103871,38.827725571515863],[-77.087389568106829,38.827730555536405],[-77.08737181650261,38.827740639723672],[-77.087363816801471,38.827745761014832],[-77.087354939105865,38.82775089919754],[-77.087346939402394,38.827756020487548],[-77.087338937537254,38.827761251594936],[-77.087330058217532,38.827766472139238],[-77.08732202125185,38.827771702822972],[-77.087313177567907,38.82777689633393],[-77.087289167093303,38.827792836737927],[-77.087280286145599,38.827798139641807],[-77.087256270795095,38.82781432712931],[-77.087248264055347,38.827819805320843],[-77.087240258934898,38.827825201148372],[-77.087231375278719,38.827830641320901],[-77.087223366374573,38.827836229328632],[-77.087215394187822,38.827841735394919],[-77.087207350723205,38.827847295524535],[-77.087200219809972,38.827852866639709],[-77.087192211441078,38.827858427190776],[-77.087160170390362,38.827881053752428],[-77.087152158774032,38.827886779027629],[-77.08714502407112,38.827892542320825],[-77.087129000291952,38.827904020323089],[-77.08712186450505,38.827909838523766],[-77.087113852342227,38.827915591250857],[-77.087106716012727,38.8279214369051],[-77.08709870114626,38.827927326903499],[-77.087090687358938,38.827933161992419],[-77.087076411990324,38.827944990570003],[-77.087068394957811,38.827950990384231],[-77.087061257000357,38.827956918399153],[-77.087053239965257,38.827962918212343],[-77.087038925704576,38.82797493854406],[-77.087030942143073,38.827981021141753],[-77.087023802558804,38.827987031517765],[-77.08701666135255,38.827993124256786],[-77.087009518524326,38.827999299358787],[-77.087002377315656,38.828005392096934],[-77.086973805985551,38.828030092498736],[-77.086945228152373,38.828055122347251],[-77.08693804589123,38.82806151665806],[-77.086930937067166,38.828067747086756],[-77.0869237904421,38.828074114364817],[-77.086917519652062,38.828080574571594],[-77.086903226936002,38.828093281671102],[-77.08689692320533,38.828099631636192],[-77.086889812212689,38.828105971880248],[-77.086882663959244,38.828112421519194],[-77.086876393702468,38.828118854269199],[-77.086869245446508,38.828125303907328],[-77.086862975187401,38.828131736656594],[-77.086855826928996,38.828138186293856],[-77.086849521569235,38.828144618619746],[-77.086842406785692,38.828151151042299],[-77.086829862474715,38.828164208718938],[-77.086822712589111,38.828170740717574],[-77.086816438539529,38.828177365645658],[-77.086810166650125,38.828183880755503],[-77.086803015139736,38.828190495116331],[-77.086784192976921,38.828210369896297],[-77.086777917839612,38.828217049731251],[-77.086770766322942,38.828223664090089],[-77.086751939819607,38.828243758500541],[-77.086745662514943,38.82825054815163],[-77.086739386830217,38.828257255438899],[-77.08673398698258,38.828264055656362],[-77.086708877742936,38.828291214254577],[-77.086702598808927,38.82829808626672],[-77.086697196793239,38.828304996300346],[-77.086684638919351,38.828318740322977],[-77.086679237440762,38.828325622901239],[-77.086672958500898,38.82833249491172],[-77.086666677938666,38.828339449285252],[-77.086661276456795,38.82834633186269],[-77.086654995351807,38.82835331369013],[-77.086649592786969,38.828360251175916],[-77.086644187519099,38.82836732593384],[-77.08663790641063,38.828374307760299],[-77.086632501680924,38.8283813550632],[-77.086626221110492,38.828388309434565],[-77.086610006371245,38.82840947879523],[-77.086603723634497,38.828416542983241],[-77.086592945476482,38.828430830189554],[-77.086587505639685,38.828437877067572],[-77.08657669291722,38.828452136395107],[-77.086571283852223,38.828459403330868],[-77.086560470582853,38.828473690111331],[-77.086533429013727,38.828509832602307],[-77.086528896862035,38.828517137559039],[-77.086523488327757,38.82852437703805],[-77.086518078171025,38.828531698880191],[-77.086513545475938,38.828539031290795],[-77.086502725697613,38.828553647519399],[-77.086498192999571,38.828560979929357],[-77.086492782297043,38.828568329224709],[-77.086488248516119,38.828575716543256],[-77.086482837271021,38.828583093292615],[-77.086478304569084,38.828590425701833],[-77.086473770244822,38.828597840474202],[-77.086468358456074,38.828605244677334],[-77.086463823048902,38.828612714358279],[-77.08645928818126,38.82862015658457],[-77.086453876389328,38.828627560787027],[-77.086422124715483,38.828680040726773],[-77.086417587136808,38.828687620223668],[-77.086413051178667,38.828695117356993],[-77.086399438434043,38.828717855846058],[-77.08625283516497,38.828674898353739],[-77.08557885007086,38.82991902541832],[-77.085575188181977,38.829926697819545],[-77.085570650435145,38.829934277281509],[-77.085566988544585,38.829941949682464],[-77.085562449173423,38.829949611507431],[-77.085555124847431,38.829964983763091],[-77.085550585473555,38.829972645587581],[-77.08554692141557,38.829980427805673],[-77.085539597623935,38.829995772605798],[-77.085535934104428,38.830003527369051],[-77.085532236566564,38.830011226800188],[-77.08552773066404,38.830018971410141],[-77.085502084371086,38.830073337110676],[-77.08549929832499,38.830081102448929],[-77.085495632633354,38.830088967028608],[-77.085491969104339,38.830096721790298],[-77.085484638257938,38.830112423494555],[-77.085481852208446,38.830120188832332],[-77.085474521357455,38.830135890535885],[-77.085471733142484,38.830143765691183],[-77.085464402286846,38.830159467393997],[-77.085461614610765,38.830167315094577],[-77.085457948910602,38.830175179672914],[-77.085455159610575,38.830183109736701],[-77.085451493908892,38.830190974314796],[-77.085448706230167,38.830198822015014],[-77.085445916387314,38.830206779533],[-77.08544224906079,38.830214726474118],[-77.085439461380119,38.830222574174087],[-77.085436671535334,38.830230531691782],[-77.085433004747458,38.830238451178182],[-77.085430214901336,38.830246408695665],[-77.085427426677242,38.83025428384974],[-77.085424637370764,38.83026221391264],[-77.085420970039067,38.830270160853026],[-77.085418178567707,38.830278200733567],[-77.085409810099705,38.830302018375725],[-77.085407018625872,38.830310058255925],[-77.085404228774081,38.830318015772683],[-77.085401437299012,38.830326055652755],[-77.085398647986864,38.830333985714915],[-77.085395855969665,38.8303420530493],[-77.085393066656295,38.830349983111212],[-77.085390275719618,38.830357995536559],[-77.085388361726316,38.830366045993316],[-77.085382778768249,38.830382125752429],[-77.08537998945188,38.830390055814036],[-77.085378075456561,38.8303981062706],[-77.085375283975452,38.830406146149876],[-77.085372525970371,38.830414268815545],[-77.085370577415091,38.830422291394427],[-77.085367785932206,38.830430331273462],[-77.085365907033847,38.830438382152842],[-77.085363078827669,38.83044650397207],[-77.085361165369875,38.83045452697381],[-77.085358373884659,38.830462566852596],[-77.085356458262282,38.83047069967202],[-77.085353666775916,38.830478739550657],[-77.085351751152558,38.830486872369974],[-77.085349837692405,38.830494895371466],[-77.08534704458161,38.830503017613268],[-77.085343213331669,38.83051928325159],[-77.085341299328789,38.830527333707309],[-77.085338506215805,38.830535455948841],[-77.08532318173188,38.830600491044947],[-77.08532126447902,38.830608706226919],[-77.085317433217597,38.830624971863998],[-77.085315551062948,38.830633187468926],[-77.085314478360829,38.830641302987495],[-77.085312562728703,38.830649435805881],[-77.085310645473342,38.830657650987604],[-77.085308729840335,38.830665783805898],[-77.085307690072753,38.830674009565236],[-77.085305774438979,38.830682142383445],[-77.085304734670828,38.830690368142747],[-77.085302819036272,38.830698500960892],[-77.085300901778496,38.830706716142338],[-77.085299862009421,38.830714941901519],[-77.085297946373672,38.83072307471955],[-77.085295866834116,38.830739526237807],[-77.085293949574478,38.830747741419088],[-77.085292909803997,38.830755967178142],[-77.085290994166357,38.830764099995925],[-77.08528787485254,38.8307887772729],[-77.085285957590628,38.830796992453926],[-77.085283842946595,38.830813443548564],[-77.085282836650833,38.830821752093904],[-77.085281793632376,38.830830142579472],[-77.085279874745837,38.830838440123706],[-77.08527883118586,38.830846858063616],[-77.085277789789401,38.830855166185756],[-77.085276711670218,38.830863556248062],[-77.085275705372922,38.830871864793245],[-77.085273619332654,38.830888645763999],[-77.085272577394036,38.830896981340416],[-77.085271534373291,38.830905371825779],[-77.085270492975141,38.830913679947656],[-77.085268406932428,38.830930460918175],[-77.085267364992603,38.830938796494458],[-77.085267199462621,38.830947197557684],[-77.085265113418174,38.830963978527997],[-77.085264072018433,38.830972286649761],[-77.085263905947031,38.830980715167357],[-77.08526185500051,38.830997496560606],[-77.085261691092583,38.831005815260347],[-77.085259569404514,38.831022623261617],[-77.085259403873422,38.831031024324673],[-77.085258360849195,38.831039414809624],[-77.085258194776969,38.831047843327084],[-77.085257153375224,38.831056151448607],[-77.085256987843763,38.831064552511592],[-77.085255944818755,38.831072942996428],[-77.085255613214514,38.831089772576746],[-77.085254570188994,38.83109816306154],[-77.085254239125248,38.831114965187304],[-77.085253197181103,38.831123300763082],[-77.085252534511639,38.831156932468787],[-77.085251491484783,38.83116532295341],[-77.085250167765764,38.831232504000496],[-77.085250879728648,38.831240915641274],[-77.085250382589749,38.831266146283475],[-77.08532308186426,38.833991150354244],[-77.085319174891964,38.834545814533662],[-77.08531900935975,38.834554215589769],[-77.085319722986497,38.834562544860219],[-77.085318400891538,38.834629643490651],[-77.085317359444787,38.834637951605657],[-77.085317193371182,38.834646380115991],[-77.085316150301168,38.834654770594248],[-77.085315985850244,38.834663116741297],[-77.08531494277986,38.834671507219511],[-77.085314778328765,38.834679853366488],[-77.085313735798962,38.834688216390212],[-77.085312692727939,38.834696606868349],[-77.085310609830941,38.834713223097957],[-77.085309566759207,38.834721613576043],[-77.085307483319824,38.834738257259914],[-77.085306440247336,38.834746647737894],[-77.085305398797516,38.834754955852567],[-77.085303479808843,38.834763253389468],[-77.085301396907781,38.834779869618664],[-77.085299477917971,38.834788167155423],[-77.085298400824186,38.834796502301266],[-77.085296516394195,38.834804827715509],[-77.085294599567035,38.834813015434399],[-77.085292680575549,38.834821312971023],[-77.085290762665537,38.834829555598731],[-77.085289721753682,38.834837836258657],[-77.085287804383853,38.834846051431818],[-77.085285042952549,38.834854338813471],[-77.085277338365202,38.834887199082374],[-77.085274543452442,38.834895403677294],[-77.085272627702281,38.834903536486813],[-77.085269832788342,38.834911741081598],[-77.085267917037214,38.834919873891003],[-77.085265122122095,38.834928078485625],[-77.085259536076805,38.834944295493663],[-77.085257620323645,38.834952428302842],[-77.085252033733809,38.834968672764852],[-77.085249242060883,38.834976712632404],[-77.085245571223027,38.834984824285016],[-77.085237196739328,38.835008916432542],[-77.085233527521481,38.835016945721399],[-77.085230735844604,38.835024985588447],[-77.085227068789166,38.8350329050594],[-77.085224277110953,38.835040944926263],[-77.085216942455233,38.835056811321991],[-77.085214152397967,38.835064768825276],[-77.085210485338649,38.835072688295625],[-77.085206819360565,38.835080552856958],[-77.085203151758648,38.83508849978147],[-77.085199451759223,38.835096309010609],[-77.085056367480561,38.835410412456071],[-77.085052697680879,38.835418469192959],[-77.085049908673469,38.83542637178283],[-77.085046239413344,38.835434401065022],[-77.085042571775574,38.835442347983872],[-77.085039780060796,38.835450387845555],[-77.08503611296257,38.835458307309743],[-77.085032443699276,38.835466336591459],[-77.085029651982396,38.835474376452858],[-77.085025984881838,38.835482295916698],[-77.085023193163636,38.835490335777912],[-77.085015854630043,38.835506394340314],[-77.085013064532987,38.835514351838015],[-77.085009395805315,38.835522353664452],[-77.085006604083702,38.835530393525204],[-77.085002934813417,38.835538422805897],[-77.085000143631518,38.835546435212045],[-77.084996475982933,38.83555438212921],[-77.084993684258649,38.835562421989593],[-77.084990014985252,38.83557045126981],[-77.084987223800709,38.835578463675574],[-77.084983554525778,38.835586492955549],[-77.084980762798764,38.835594532815556],[-77.08497709406339,38.835602534640913],[-77.084974302335027,38.835610574500727],[-77.084970633057026,38.835618603780226],[-77.084967841327341,38.835626643639863],[-77.084964172588883,38.835634645464744],[-77.084961380857834,38.83564268532421],[-77.084957711576749,38.83565071460324],[-77.08495491984435,38.835658754462514],[-77.084951251102822,38.835666756286933],[-77.084945667634713,38.835682836005027],[-77.084941996726485,38.835690947646768],[-77.084939205531867,38.835698960051175],[-77.084935536245425,38.835706989329431],[-77.084929952770665,38.835723069046615],[-77.0849262818586,38.835731180687802],[-77.084920698920996,38.835747232950055],[-77.084917028006657,38.835755344590915],[-77.084911445065103,38.835771396852628],[-77.084907774148519,38.835779508493125],[-77.084904928293241,38.835790293793146],[-77.084902133843883,38.835798470923038],[-77.084899336688252,38.83580678532487],[-77.084895662521703,38.835815061691505],[-77.084892867529234,38.835823266275511],[-77.084887308856423,38.835839868047451],[-77.08488447875996,38.83584807220798],[-77.084856512005175,38.835930969128192],[-77.084854591309735,38.835939349018687],[-77.084848998058177,38.835955922910692],[-77.084846199266835,38.835964319674268],[-77.084844245090594,38.835972616778022],[-77.084841484105965,38.835980876692602],[-77.084838685312747,38.835989273455944],[-77.084835888683529,38.835997560401516],[-77.084833967442748,38.836005967745969],[-77.084831204290978,38.836014337477899],[-77.08482925011171,38.836022634581298],[-77.0848264518566,38.836031003889879],[-77.084736524185871,38.836318259447012],[-77.08473370371955,38.836327754383866],[-77.084731795912575,38.836337260325955],[-77.084729816276905,38.836346847784682],[-77.084727682324839,38.836366044712641],[-77.084727300241198,38.836385427531098],[-77.084727988381331,38.836395047159115],[-77.084675087728129,38.837119378082221],[-77.084674921573381,38.837127806586729],[-77.084673878392294,38.837136197054264],[-77.084673547164812,38.837152999154284],[-77.084672503441979,38.83716141707626],[-77.084672173837731,38.837178136812923],[-77.084671130655579,38.837186527280402],[-77.084670302043222,38.837228559984219],[-77.084669258318897,38.837236977906016],[-77.084666939712577,38.837354592601791],[-77.084667651667843,38.837363004233893],[-77.084666988666527,38.837396635886435],[-77.084667699539764,38.83740510242724],[-77.084667204859386,38.837430195757982],[-77.084667916815434,38.837438607389906],[-77.084667585043974,38.837455436943131],[-77.084668297000306,38.837463848574998],[-77.084668130843966,38.837472277078774],[-77.084668877903368,38.837480689133926],[-77.084668546673157,38.837497491232547],[-77.084669223527186,38.837505902441016],[-77.084669058453287,38.837514276035868],[-77.0846697704104,38.837522687667629],[-77.084669605877764,38.837531033808069],[-77.084670317835119,38.837539445439788],[-77.08468018339282,38.837929537135985],[-77.084679853245632,38.837946284324062],[-77.084680566831935,38.837954613591613],[-77.084679579095933,38.838004717883223],[-77.084680292682805,38.838013047150717],[-77.084679140954279,38.8380714701266],[-77.084679854541776,38.838079799393959],[-77.084678536655119,38.838146650871352],[-77.084679250243283,38.838154980138533],[-77.084676617169777,38.838288545817747],[-77.084677330217914,38.838296902539113],[-77.084674202991863,38.838455534083984],[-77.084673161415111,38.838463842185696],[-77.084671516069406,38.838547303570465],[-77.084936252052842,38.839368858656876],[-77.084961791787009,38.839498232900368],[-77.085152885855493,38.840439941953754],[-77.085153039848166,38.840440702417801],[-77.085669733692697,38.842986855531215],[-77.085694710880588,38.843109937581112],[-77.085733267950857,38.843291644051888],[-77.085717165288528,38.843574297222816],[-77.085716516243281,38.843607242471911],[-77.085699750156934,38.843985945816648],[-77.084812231539999,38.84387919059882],[-77.082666955874032,38.843512791213257],[-77.082244615083781,38.843440924698115],[-77.082244002630446,38.843440821187457],[-77.081711550706729,38.843350215929966],[-77.080717695957404,38.843178957090103],[-77.079303938307959,38.842933928411327],[-77.079223609109945,38.843089483382265],[-77.079219053016715,38.843097913659655],[-77.079214494748996,38.843106453754231],[-77.079209938653591,38.843114884031159],[-77.079204504917243,38.843123303684614],[-77.079195357071981,38.84314019126694],[-77.079189960067652,38.843148528981537],[-77.079185403423352,38.843156986711818],[-77.079180848951438,38.843165334624523],[-77.079175416837955,38.843173671913497],[-77.079170861820458,38.843182047280152],[-77.079165429704545,38.843190384568565],[-77.079160017692274,38.843197706045984],[-77.07915548223302,38.843205093055452],[-77.079150070218631,38.843212414532331],[-77.079145537474346,38.843219664269704],[-77.079129306855364,38.843241354154721],[-77.079113081660523,38.843262769493833],[-77.079106796886336,38.843269833255498],[-77.079101390296074,38.843276880186558],[-77.079095985334959,38.843283844754346],[-77.07908970273084,38.843290798697673],[-77.079084297224156,38.843297790719241],[-77.079078014617679,38.843304744661907],[-77.079071733640234,38.843311616241195],[-77.07906633030386,38.843318498444525],[-77.079053771603625,38.843332076875399],[-77.079047493882001,38.843338783727262],[-77.079041214528928,38.843345572941864],[-77.079034938435214,38.843352197429994],[-77.079028660710051,38.843358904280869],[-77.079022385157444,38.843365501313954],[-77.07901523141733,38.843372115176336],[-77.079002683023333,38.843385171969025],[-77.078995532540091,38.843391621104111],[-77.078989260242224,38.843398053409324],[-77.078982109756481,38.843404502543557],[-77.078974961443265,38.843410841859964],[-77.078968690228777,38.843417219255407],[-77.078954396856886,38.843429733160022],[-77.078932961137411,38.843448284378951],[-77.078925817706661,38.843454376603212],[-77.078918676448609,38.843460359009647],[-77.078910655371416,38.843466440607472],[-77.078903480092094,38.843472367679269],[-77.078896373392652,38.843478377963656],[-77.078888355572445,38.843484294833914],[-77.07888121811267,38.843490085057624],[-77.078873201376865,38.843495947018127],[-77.078866064458211,38.843501709786608],[-77.078850000765968,38.843513186190819],[-77.078842024022293,38.843518801485111],[-77.078834890359872,38.843524399525528],[-77.078818868285424,38.843535546898387],[-77.078810859148618,38.843541024493732],[-77.07879484413246,38.843551814956768],[-77.078785958977434,38.843557199561012],[-77.078777953096846,38.843562512428079],[-77.078761910031062,38.843572945555046],[-77.078753063237954,38.843578165855774],[-77.078745062787959,38.843583204177158],[-77.07873618251719,38.843588341688509],[-77.078728180977791,38.843593434917373],[-77.078710428583264,38.843603298121714],[-77.07870246595111,38.84360819959354],[-77.078693556003898,38.843613062133073],[-77.078666936364712,38.843627403934001],[-77.078658066410725,38.843632019806883],[-77.078648318809485,38.843636625051623],[-77.078639448853153,38.843641240923098],[-77.07863058215716,38.843645692067895],[-77.0786217143729,38.843650198120635],[-77.078611971659157,38.8436545562733],[-77.078603107134199,38.843658897598573],[-77.078593366048935,38.843663173386652],[-77.07858450315257,38.843667432347488],[-77.078574764239448,38.843671598316618],[-77.078565026956028,38.843675681921958],[-77.07855616677449,38.843679803608993],[-77.078546431119747,38.843683804849725],[-77.078536697638341,38.843687696272234],[-77.078507500449675,38.843699205809052],[-77.078478314124439,38.843710166251718],[-77.078449137576015,38.843720632508983],[-77.078439415501123,38.843723947382301],[-77.078428815778167,38.843727251625694],[-77.078419093701456,38.843730566497328],[-77.07839965661303,38.843736839331768],[-77.078389061779404,38.843739896482489],[-77.078379344592236,38.843742964261814],[-77.078368753562629,38.843745829230301],[-77.078359040179592,38.843748704827533],[-77.078348448604643,38.843751597248577],[-77.078338738482188,38.843754308118044],[-77.078317562939944,38.84375970859471],[-77.078307855533723,38.843762282189971],[-77.078297271566655,38.843764790245615],[-77.078287561440462,38.843767501110875],[-77.078276973665879,38.843770201345102],[-77.078267265169345,38.843772829845641],[-77.078246095597308,38.84377792831166],[-77.078236392535942,38.843780282266316],[-77.07822581182613,38.843782625589441],[-77.078215232203092,38.843784914003024],[-77.078205532402237,38.843787103229012],[-77.07819495440917,38.843789309277717],[-77.078173806033632,38.843793337011526],[-77.078164111124238,38.843795279145105],[-77.078142969814223,38.843798949966896],[-77.078132400517845,38.843800716740546],[-77.078100702957471,38.843805495423375],[-77.078079578498802,38.843808315149282],[-77.078069017900248,38.843809642647827],[-77.078058458932688,38.843810887782411],[-77.078047901596179,38.843812050553005],[-77.078026790185021,38.843814211365391],[-77.078005685842271,38.843816015267556],[-77.077994222819797,38.84381681006932],[-77.077983707113233,38.843817643807434],[-77.07796261310132,38.843818926069432],[-77.077952067726613,38.843819484836047],[-77.077941559089211,38.843819961663947],[-77.077930982415182,38.843820327822925],[-77.077919564286461,38.843820628864719],[-77.077909023805887,38.843820940538421],[-77.077898485500683,38.843821142393779],[-77.077887950458617,38.843821179522202],[-77.077877413241055,38.84382132646703],[-77.077866002182319,38.843821270597239],[-77.077844938624693,38.843821015395243],[-77.077834408477599,38.843820805429843],[-77.077823879962239,38.843820513100482],[-77.077812475974312,38.843820100319057],[-77.077791426014798,38.843819158749085],[-77.077770382582784,38.843817887723311],[-77.0777589851226,38.843817145484692],[-77.077737948762746,38.843815517546723],[-77.07771691947498,38.84381353269859],[-77.077706406191353,38.843812471637335],[-77.077685383432666,38.843810157331554],[-77.077673997941446,38.843808811089239],[-77.077663490098672,38.843807475480716],[-77.077652983344223,38.843806084962623],[-77.077642478222046,38.843804612080554],[-77.077631976364103,38.843802974471544],[-77.077610973737563,38.84379964434202],[-77.07760047405695,38.843797896912839],[-77.077589976552801,38.843796039665364],[-77.077579480681123,38.843794100053955],[-77.077569826807988,38.843792198106094],[-77.077548876701243,38.843787989852103],[-77.077538385727877,38.843785803147995],[-77.077447545590474,38.843762733522865],[-77.07736718287093,38.84374253690607],[-77.077204362167237,38.843701786860549],[-77.077021267191739,38.843655961113235],[-77.0768674545903,38.843621143233058],[-77.076710022694201,38.843591773449702],[-77.0766049774425,38.843576769198769],[-77.076499823355604,38.843567255720146],[-77.076488439558318,38.84356582699985],[-77.076477929595569,38.843564601102479],[-77.076466542532671,38.843563337106048],[-77.076455153292585,38.843562182925815],[-77.076444640608841,38.84356109429708],[-77.076421855597275,38.843559115383258],[-77.076411337470191,38.843558301294891],[-77.076388542660553,38.843556816552542],[-77.076377143622764,38.843556156542697],[-77.076366620596602,38.843555589539307],[-77.076355217748059,38.843555121707674],[-77.076343813266305,38.843554736237913],[-77.076333284796021,38.843554443774842],[-77.07632187922556,38.843554113211582],[-77.076278874633459,38.843553591604476],[-77.075682185218625,38.843540860483401],[-77.075084896585537,38.84355832608717],[-77.074708664582403,38.843583992728576],[-77.07433221476559,38.843620612438272],[-77.074275881895517,38.843628166496686],[-77.074216038431913,38.843635677885608],[-77.074082309137637,38.843650529986689],[-77.073550792887303,38.843715470392979],[-77.072829212704704,38.843802812492711],[-77.072104120173563,38.843890107449461],[-77.071935120190162,38.843912766334405],[-77.071766174720963,38.843932679545169],[-77.071755618903296,38.843933759386928],[-77.071745065270193,38.843934729410513],[-77.071734509451886,38.843935809250361],[-77.071671185460445,38.843941739183421],[-77.071661511112552,38.843942637516207],[-77.07165095693064,38.843943634985621],[-77.071608748393956,38.843947213039201],[-77.071598197488242,38.843948045778049],[-77.071587644943449,38.843948960878848],[-77.071524341687706,38.843953847469002],[-77.071513792965277,38.843954570383048],[-77.071503242057375,38.843955403113334],[-77.071461046618225,38.843958322210447],[-77.071450499533483,38.843958962755863],[-77.071439950809534,38.843959685663258],[-77.071376667749519,38.843963556364471],[-77.071366122302322,38.843964114539403],[-77.071355575215861,38.843964755076293],[-77.071313393424774,38.843966987762691],[-77.071302849615748,38.843967463569015],[-77.0712923041674,38.843968021737304],[-77.071271216548638,38.843968973345206],[-77.071260671099836,38.843969531510631],[-77.0712501294757,38.843969897495029],[-77.071238708016779,38.843970362612772],[-77.071228164206744,38.843970838412375],[-77.071217622035832,38.843971231848123],[-77.071207078225541,38.843971707645835],[-77.071154367915113,38.843973647351312],[-77.071133287943169,38.843974214574217],[-77.071122745224798,38.84397463545573],[-77.071091124173009,38.843975541188684],[-77.071080585825968,38.843975742432015],[-77.071070045292956,38.843976053491595],[-77.071006813569483,38.843977343288856],[-77.070995399212308,38.843977451476974],[-77.070984825212278,38.843977679738622],[-77.07094267783306,38.843978182670689],[-77.070932142764377,38.843978219174886],[-77.070921605509554,38.843978365495296],[-77.070911070440829,38.843978401997575],[-77.070900533732484,38.843978520861803],[-77.070879463048414,38.843978621315934],[-77.07086892961928,38.84397857545153],[-77.070847859481717,38.843978648445699],[-77.070826756970973,38.843978583737105],[-77.070815380998738,38.84397852760933],[-77.070783781258143,38.843978362541733],[-77.0707732494689,38.843978234305837],[-77.070762715493288,38.843978215886196],[-77.070720588336712,38.843977702929344],[-77.070710058734122,38.843977464870541],[-77.070699526945106,38.843977336628015],[-77.070688996249402,38.843977153475976],[-77.070678464460499,38.843977025231553],[-77.07065740416256,38.843976604014067],[-77.070646875106988,38.843976338495338],[-77.070635468402401,38.843976062288228],[-77.070624938253701,38.843975851676127],[-77.07056176720269,38.843974093806168],[-77.07055124142785,38.843973663553037],[-77.070540712919765,38.843973370570446],[-77.070498605995283,38.843971841724738],[-77.070488081314551,38.843971356557354],[-77.070477554447166,38.843970981206205],[-77.070467029766704,38.843970496036931],[-77.07045562689072,38.84397002763226],[-77.07044510057041,38.843969624823877],[-77.07043457534364,38.843969167105982],[-77.07042405230392,38.843968599569934],[-77.070403002397839,38.843967656675119],[-77.070350386109666,38.84396487387987],[-77.069572018695624,38.843905961258336],[-77.069084703105503,38.843867068477465],[-77.068450052308023,38.843820912134042],[-77.068439534233022,38.843820097331474],[-77.068397455365471,38.843817167563103],[-77.068386934006625,38.84381651748155],[-77.068376414290469,38.84381578503617],[-77.068355406132071,38.843814512750761],[-77.068343970378876,38.843813933895632],[-77.068333448473467,38.843813311263595],[-77.068280832926177,38.843810500086313],[-77.068238732716026,38.84380864097848],[-77.068196626484749,38.843807083852724],[-77.068185222006818,38.843806697590388],[-77.06817469408044,38.843806376941288],[-77.06816416724935,38.843806001382653],[-77.068153638775584,38.843805708186018],[-77.068143108659129,38.843805497351234],[-77.068122052259625,38.843804883498862],[-77.068090461911098,38.843804250983275],[-77.06807993015218,38.84380412250573],[-77.06806940003618,38.843803911664367],[-77.068036927113297,38.843803515516399],[-77.068026393711676,38.843803469396924],[-77.068015861953,38.84380334091361],[-77.067984261748322,38.843803202546646],[-77.067973726703812,38.843803238785334],[-77.06796319330229,38.843803192660161],[-77.067942122665571,38.843803292587062],[-77.067931585978016,38.843803411184822],[-77.067921050385777,38.843803474873077],[-77.067909636051596,38.843803582761161],[-77.067899101007015,38.843803618993114],[-77.067888562128559,38.843803847404189],[-77.067867488205366,38.843804112043429],[-77.067825333785933,38.843804970762044],[-77.067814793811607,38.843805254075022],[-77.067804254932668,38.843805482478551],[-77.067783174435917,38.843806076554102],[-77.067772632270334,38.843806469680509],[-77.067762092295595,38.843806752988755],[-77.067750637377358,38.843807134975926],[-77.067719046532915,38.843808287317579],[-77.067666327483849,38.843810664725595],[-77.067655782030272,38.843811222567204],[-77.067645273325724,38.843811698473424],[-77.06762414731196,38.843812813723538],[-77.067613600214358,38.843813453924241],[-77.067603054759985,38.84381401176114],[-77.067571413465529,38.843815932354673],[-77.067560864723546,38.843816654913532],[-77.067550317624793,38.843817295108558],[-77.067518670849182,38.843819490230779],[-77.06750811991482,38.843820322602021],[-77.067497571171558,38.84382104515521],[-77.067465919461995,38.843823487351813],[-77.067455367430711,38.84382437462687],[-77.067444816494898,38.843825206992427],[-77.067413159850844,38.843827896263385],[-77.067392051402365,38.843829890437434],[-77.067381499369233,38.84383077770584],[-77.06737094514429,38.843831774790488],[-77.06736038982325,38.843832826782737],[-77.06734983559771,38.843833823865474],[-77.067297056794757,38.84383919362498],[-77.06725482728109,38.843843813376026],[-77.06724426812103,38.843845057537848],[-77.067234588251381,38.843846230048705],[-77.067213505035326,38.843848718796295],[-77.06720290912412,38.843850044888718],[-77.067192349962255,38.843851289045908],[-77.067139545379746,38.843857949086015],[-77.067129860574823,38.843859368676753],[-77.067098172668338,38.843863622757141],[-77.067077043924556,38.843866632683074],[-77.067066481470036,38.843868041554614],[-77.06705679282625,38.843869653319366],[-77.067035664626999,38.843872635783548],[-77.067003966296511,38.843877411469876],[-77.066994277650039,38.843879023229462],[-77.066983710259734,38.843880679182092],[-77.066973144513057,38.843882252770932],[-77.066952008633947,38.843885619580099],[-77.066942317244951,38.843887368606808],[-77.06693174930416,38.843889052009111],[-77.066910610132709,38.843892583536473],[-77.06690091874178,38.843894332559756],[-77.066890349154747,38.843896098321189],[-77.066879777923006,38.843897946444471],[-77.066869208334964,38.843899712203964],[-77.066859514749709,38.843901571040966],[-77.066846265601995,38.843903880762809],[-77.06683837118625,38.843905322189599],[-77.06682779995181,38.843907170308192],[-77.06681810472017,38.843909111504658],[-77.066796958411814,38.843912999917258],[-77.066787298832551,38.843914914085509],[-77.06677669084516,38.843916844133702],[-77.066766116318703,38.843918856972486],[-77.066756418891316,38.84392090798098],[-77.066735269835476,38.843924933653881],[-77.066725571310144,38.843927039568406],[-77.066714996780746,38.843929052402487],[-77.066704420606328,38.843931147598546],[-77.066694721531093,38.843933280964826],[-77.066684145355453,38.843935376159017],[-77.06667356753475,38.84393755371508],[-77.066663866813244,38.843939769441647],[-77.06665332574164,38.84394186506178],[-77.066643590461211,38.843944052903637],[-77.066633010445287,38.843946340273256],[-77.066622432621415,38.843948517824707],[-77.066612695146389,38.843950815481179],[-77.066602152975335,38.843952966005247],[-77.066592448412251,38.843955373905864],[-77.066581868941242,38.843957633816551],[-77.0665721665696,38.843959931898347],[-77.066561585452689,38.843962274170018],[-77.066551883079782,38.843964572250172],[-77.066541301961522,38.843966914519996],[-77.066531596298077,38.843969377324129],[-77.066521014630212,38.843971747046496],[-77.066511308965431,38.843974209848952],[-77.066500762950312,38.843976552543843],[-77.066491022178297,38.843979014915931],[-77.066480438862968,38.843981466997427],[-77.066470731550766,38.843984012159353],[-77.066460184436423,38.843986409759232],[-77.066450441468689,38.843988981945003],[-77.066439856505781,38.843991516385707],[-77.066430148642553,38.843994088998535],[-77.066419529120452,38.843996595554373],[-77.066409855265249,38.843999223502891],[-77.06636535585757,38.844011998584222],[-77.066314520912456,38.844025520095443],[-77.066304811943539,38.844028147606465],[-77.066294226969703,38.844030682033996],[-77.06628451799935,38.844033309543342],[-77.066273931379129,38.844035926331905],[-77.066264220762349,38.84403863620242],[-77.066253634140608,38.844041252989115],[-77.066243923522364,38.844043962857967],[-77.066233335254111,38.844046662005688],[-77.066223624634375,38.844049371872799],[-77.066213911272243,38.844052219010571],[-77.066203323549985,38.844054890701301],[-77.066193611282969,38.844057682928799],[-77.066183021365774,38.84406046443484],[-77.066173342009776,38.84406336690656],[-77.066163594634503,38.844066158702766],[-77.066153003069843,38.844069022568902],[-77.066133574140395,38.844074826648985],[-77.066122983121616,38.844077663058108],[-77.066113269203285,38.844080537641815],[-77.06610355309067,38.844083522041828],[-77.066092959327506,38.844086495719651],[-77.066073562752564,38.844092437490026],[-77.066063810433931,38.844095476366398],[-77.06605321502218,38.844098532403507],[-77.066043499453045,38.844101489344212],[-77.066033780044279,38.844104638464145],[-77.066014345063081,38.84411074452148],[-77.066003748001734,38.844113882916965],[-77.065984309724954,38.844120153695009],[-77.065974588117371,38.844123412627091],[-77.065964869251061,38.844126534286964],[-77.065955148190127,38.844129765763171],[-77.065944549478104,38.844132986516087],[-77.065925107900313,38.844139422009967],[-77.065876493794022,38.844156018634813],[-77.065866769434365,38.844159414829313],[-77.065857046719188,38.844162728660208],[-77.065847322357698,38.844166124853125],[-77.065837596349851,38.844169603407991],[-77.065827871986514,38.844172999599301],[-77.065818145428324,38.844176505606903],[-77.065808421063124,38.844179901796565],[-77.065788969038991,38.844186858899135],[-77.065779241380014,38.844190419812044],[-77.065769515365588,38.844193898361304],[-77.065740331282981,38.844204636001336],[-77.065731479076263,38.844208317451347],[-77.06572175141153,38.844211878359481],[-77.065682833063434,38.84422650634378],[-77.065673979205457,38.844230270152252],[-77.065664213137552,38.844233995352333],[-77.065654518377869,38.844237666500923],[-77.065644785219817,38.844241501945412],[-77.06563593190657,38.844245238296793],[-77.065626200392188,38.844248991376865],[-77.065606734617518,38.844256634806079],[-77.065597879106107,38.844260480971627],[-77.065588145941945,38.844264316411419],[-77.065578411131028,38.844268234213224],[-77.065569553970946,38.844272162739436],[-77.065559821352252,38.844275970722599],[-77.065550084892422,38.844279970884855],[-77.065541228277951,38.844283871954673],[-77.065531492913209,38.844287817206855],[-77.065522634102351,38.844291828092388],[-77.0655128976383,38.844295828251539],[-77.065504039374019,38.844299811681338],[-77.065484565891978,38.844307839450053],[-77.065475705430174,38.84431193269485],[-77.065465967314921,38.844316015212932],[-77.065457106851056,38.844320108456259],[-77.065437630066484,38.844328300942792],[-77.065428767953563,38.844332476546853],[-77.065419028186952,38.844336641423851],[-77.065410166071928,38.844340817026485],[-77.065400425754447,38.844345009356182],[-77.065391561991362,38.844349267320261],[-77.065381822220303,38.844353432194147],[-77.065372957906433,38.844357717611032],[-77.065363216487157,38.844361964846222],[-77.065354350525112,38.844366332624517],[-77.065345486756669,38.844370590585072],[-77.065335743688024,38.844374920180734],[-77.065326877722711,38.844379287956997],[-77.065317169757833,38.844383617980185],[-77.065308268684234,38.844387985325952],[-77.065290534002528,38.84439685814494],[-77.065280788732238,38.844401297553134],[-77.065263054043839,38.844410170367944],[-77.065253307123925,38.84441469213666],[-77.065244437856478,38.844419224632276],[-77.065235570782704,38.844423647310101],[-77.065226699866869,38.844428262167185],[-77.06521783059604,38.844432794660776],[-77.065208082024029,38.844437398788543],[-77.065199213299636,38.844441903826407],[-77.065190342379211,38.844446518680769],[-77.065181469811449,38.84445121589723],[-77.065163727964872,38.844460445602458],[-77.065137110247719,38.844474537243698],[-77.065128236026752,38.844479316818962],[-77.065119363450847,38.84448401403067],[-77.065092740228636,38.844498380204485],[-77.065083864355458,38.844503242139147],[-77.065074990127414,38.844508021710318],[-77.065057237826309,38.844517773030489],[-77.065049239603255,38.84452264569164],[-77.065040363724137,38.844527507622985],[-77.065022643226939,38.844537424092692],[-77.065013732238015,38.844542285592837],[-77.065005730167684,38.844547350430837],[-77.064987939997195,38.844557238582667],[-77.064979095374213,38.844562293118408],[-77.064971093848044,38.844567330499764],[-77.064953335481164,38.844577383801102],[-77.064945331207369,38.844582558452032],[-77.064936451472022,38.84458761255533],[-77.064928483399726,38.844592732725815],[-77.064910686072565,38.844602977771338],[-77.064902680695155,38.84460820732788],[-77.06489376420086,38.844613343361509],[-77.064885794476183,38.844618545891862],[-77.064876911439129,38.844623764716239],[-77.064868906056944,38.844628994270451],[-77.064860899027039,38.844634306186911],[-77.064852015986219,38.844639525009384],[-77.064844009502735,38.844644809470473],[-77.064835124812802,38.844650110654463],[-77.064827117229171,38.844655450022842],[-77.064805889359562,38.844663401308104],[-77.064724705829065,38.8446843774461],[-77.064710211585478,38.84468780961901],[-77.064636500994524,38.844705267670157],[-77.064622403586739,38.844707841380284],[-77.064544785479384,38.844726114896098],[-77.063895424574682,38.844888430125231],[-77.063884830052061,38.844891431057491],[-77.063874240471677,38.844894184900404],[-77.063864529648257,38.844896894571832],[-77.0638539428125,38.844899511141598],[-77.063843357623682,38.844902045347617],[-77.063832774081888,38.844904497189845],[-77.063822192187118,38.844906866668353],[-77.063811614136469,38.844909043966084],[-77.063800160073484,38.844911128161563],[-77.063789583669319,38.844913223094494],[-77.063768440746102,38.84491691878074],[-77.063757870931525,38.844918684259653],[-77.063746462408162,38.844920247248425],[-77.063735862429766,38.844921765207417],[-77.063725299754452,38.844923173777964],[-77.063713861066972,38.84492448924567],[-77.063703301686616,38.844925733088637],[-77.063691867942083,38.84492680146581],[-77.063681313504745,38.844927798218414],[-77.063669883604746,38.844928674413623],[-77.063659297905645,38.844929478554882],[-77.063648789010969,38.844929954103172],[-77.06362770430438,38.844930739612195],[-77.063617165796231,38.844930940185463],[-77.063605749079002,38.844931157472068],[-77.063584678654564,38.844931229162547],[-77.063574145090357,38.844931182643606],[-77.063553081258135,38.844930924877232],[-77.063542552638253,38.844930631267047],[-77.063531146358784,38.844930326915424],[-77.063510096261325,38.844929382784812],[-77.063499573135587,38.844928814628176],[-77.063489051108803,38.84492819156204],[-77.063468011450922,38.844926725792874],[-77.063446978386651,38.844924930568816],[-77.063435588041131,38.844923830034318],[-77.063425074806133,38.844922767694285],[-77.063414598875426,38.844921595965914],[-77.063393544443088,38.844919113946055],[-77.063372532261084,38.844916275446685],[-77.063351526673941,38.844913107492417],[-77.063341025529382,38.844911441151055],[-77.063331404242462,38.84490967573381],[-77.063320904747215,38.84490792702789],[-77.06329991290113,38.844904072707827],[-77.063278928200305,38.844899861478623],[-77.063269350264775,38.844897684671999],[-77.063258824457947,38.844895496262659],[-77.063248337054944,38.844893143556483],[-77.063237851301054,38.844890708486588],[-77.063228243756456,38.844888256704301],[-77.063217759652431,38.844885739269827],[-77.063208154856611,38.844883150214585],[-77.063197675149979,38.844880413144239],[-77.063188072553586,38.844877714270289],[-77.063177595596002,38.844874839926824],[-77.063167996298148,38.844871976325678],[-77.063157520990728,38.844869019617654],[-77.063147924442006,38.844866018743524],[-77.063137452982886,38.844862869853863],[-77.06312785918341,38.844859731706791],[-77.063118266483826,38.844856538650447],[-77.063108677631774,38.84485315341346],[-77.063098209473424,38.844849839794747],[-77.063088621722301,38.844846399647551],[-77.063069450619111,38.844839299716817],[-77.063059867267114,38.844835639933251],[-77.063050285015194,38.844831925240328],[-77.063031124361217,38.844824303672368],[-77.063022423067892,38.844820434995846],[-77.063012846315559,38.844816445757253],[-77.06300327066343,38.84481240160936],[-77.062994574868753,38.844808258388177],[-77.062985001417019,38.844804104421769],[-77.062975429615136,38.844799868091798],[-77.062966737121059,38.844795560142927],[-77.062957166970151,38.844791241448647],[-77.062939824238256,38.844782269072041],[-77.062930222282034,38.844777785220195],[-77.0629128515953,38.844768455504386],[-77.062904167352826,38.844763735736962],[-77.062039809409541,38.844264344472386],[-77.06190449075855,38.844183049781357],[-77.060170005085695,38.843123760473702],[-77.05862806203227,38.842445771369199],[-77.055522482498944,38.841125163385328],[-77.055390135139632,38.841071358575775],[-77.055327389107219,38.841048617459656],[-77.054281277601433,38.840686981591531],[-77.053646603518743,38.840467739747567],[-77.053637014040149,38.840464436096084],[-77.053626580403687,38.840461204424592],[-77.053616951397743,38.840458119972816],[-77.053606482658935,38.840454887866919],[-77.053596888205746,38.840451831300427],[-77.053586450700976,38.840448791805031],[-77.053576818932754,38.840445844621222],[-77.053566344666137,38.840442887054181],[-77.053556748003658,38.840439940301295],[-77.053546235315693,38.840437147025355],[-77.053536670440039,38.840434365428941],[-77.053526192857802,38.840431572583789],[-77.053515714170089,38.840428834646183],[-77.053506076322606,38.840426189453254],[-77.053495628868404,38.840423644126211],[-77.053485147417149,38.840421043457084],[-77.053474664860289,38.840418497695545],[-77.053465057694424,38.840416072565823],[-77.053433598966549,38.840408984357872],[-77.053423110881326,38.840406713134136],[-77.05341262113717,38.840404524272223],[-77.053403008996426,38.840402346225623],[-77.053382026191969,38.840398133222727],[-77.053371533131042,38.840396109082597],[-77.053340048972672,38.840390283744796],[-77.053308518097296,38.840385034504969],[-77.053298052952286,38.84038336769612],[-77.053266547781774,38.840378585599851],[-77.053255164399516,38.840377182079678],[-77.053234153947713,38.840374341762526],[-77.053223647062609,38.840373003965261],[-77.053209607331638,38.840374478570432],[-77.053199062023182,38.840373305063771],[-77.053188549606048,38.840372241805817],[-77.053178035529342,38.84037126090962],[-77.053146488874546,38.840368537849443],[-77.053114931155903,38.840366363865577],[-77.053103532838961,38.840365701595267],[-77.053093010464551,38.840365132505156],[-77.053071961842932,38.840364186501759],[-77.053061435595666,38.840363809588489],[-77.053040380334735,38.840363193030356],[-77.053019321754078,38.840362741193893],[-77.053008790527102,38.840362611364107],[-77.052997379484523,38.840362580531092],[-77.052976309836978,38.840362677771751],[-77.052955237422523,38.8403629122799],[-77.052944699001742,38.840363139349499],[-77.052934158920735,38.840363448780884],[-77.052902534249981,38.840364596703346],[-77.052891989187998,38.840365153219118],[-77.052880566523598,38.840365698913821],[-77.05287002146126,38.840366255427632],[-77.052848924695141,38.840367697903353],[-77.052827824054219,38.84036933255495],[-77.052806720091752,38.84037113192818],[-77.052775053907368,38.840374338884466],[-77.052764496667095,38.840375499382141],[-77.05275393776617,38.840376742241567],[-77.05274421970276,38.840378077851071],[-77.052733693691366,38.840379430958492],[-77.052712569245273,38.840382246121777],[-77.052702005361212,38.840383736064716],[-77.05268087371735,38.840386908127407],[-77.052670305957548,38.840388590247166],[-77.052660614139327,38.840390365550512],[-77.052650044718064,38.840392130031155],[-77.052639474189277,38.840393949419393],[-77.052628901445971,38.840395878623596],[-77.052619206858211,38.840397791194682],[-77.052598021836616,38.840401868799532],[-77.05258835847674,38.840403973980692],[-77.052567202466903,38.840408354009497],[-77.052557465575845,38.840410623047752],[-77.052546919075496,38.840412991945335],[-77.0525372156267,38.840415343777515],[-77.052526632360284,38.84041779460307],[-77.052516926695972,38.840420256250518],[-77.052506341767483,38.840422789436978],[-77.052496632780517,38.84042541580822],[-77.052486046189884,38.840428031355536],[-77.052476335540788,38.84043074008779],[-77.052466623783872,38.840433503727752],[-77.052456033315977,38.840436311452073],[-77.052446318789663,38.84043921236151],[-77.052435723891548,38.840442239717923],[-77.052424247514338,38.840445448429456],[-77.052413647078552,38.840448750326239],[-77.052403044981048,38.840452134584794],[-77.052392440668157,38.840455628659306],[-77.052381833032698,38.840459287458316],[-77.052371224288947,38.840463001164849],[-77.052360613329682,38.840466824687361],[-77.052350001262084,38.840470703117461],[-77.052340262367977,38.840474812004608],[-77.052336381191708,38.840476286507823],[-77.052329644761969,38.840478964975205],[-77.052248185495785,38.840513659625138],[-77.052166670783166,38.840551099642028],[-77.052140051964685,38.840565188349338],[-77.052130298096074,38.840570038483428],[-77.052121424045609,38.84057478962557],[-77.052112547225491,38.840579678038253],[-77.052103668743086,38.840584648812914],[-77.052095668418005,38.84058960295873],[-77.052077908678598,38.840599681776055],[-77.052069026868992,38.840604817273508],[-77.052061022663253,38.840609963596577],[-77.0520521414049,38.840615071638545],[-77.052043256269229,38.840620371859444],[-77.052035215294495,38.840625600110407],[-77.052026365260502,38.840630900763088],[-77.05201835606519,38.84063629417134],[-77.05200946926314,38.840641676752384],[-77.052001460065384,38.840647070159477],[-77.051993449205156,38.840652545928727],[-77.051984559076786,38.840658093233301],[-77.051968533473811,38.840669236948543],[-77.051960519286055,38.840674877440939],[-77.050913472364613,38.841406150355894],[-77.050905459674226,38.841411708412558],[-77.05088943706059,38.841422687253115],[-77.050873422200553,38.841433281732321],[-77.050865417816738,38.84143842797284],[-77.050856535816678,38.841443563377503],[-77.050848533647283,38.841448599799996],[-77.050839654969877,38.841453570478016],[-77.050830778508029,38.841458431338516],[-77.050822782985563,38.841463138308498],[-77.050813909846596,38.841467834442319],[-77.050805038369091,38.841472448212777],[-77.050796169107286,38.841476952165706],[-77.050787300952791,38.841481401209457],[-77.050777556844224,38.841485757054024],[-77.050768692567004,38.841490013916818],[-77.050759829951417,38.841494188416277],[-77.050750091381701,38.841498269716297],[-77.050741232089393,38.841502279488957],[-77.050731496842914,38.841506196062085],[-77.050722640874,38.841510041108002],[-77.050703180352258,38.841517380074293],[-77.050693452861111,38.841520912285098],[-77.050674002864298,38.841527729616246],[-77.050664282021444,38.841530932373956],[-77.05065456228624,38.841534080222388],[-77.050644844212997,38.841537145707328],[-77.050635127801741,38.841540128828818],[-77.050624535990437,38.841542991295562],[-77.050614823457494,38.841545782235784],[-77.050605112586624,38.841548490812535],[-77.050594527424352,38.8415510238259],[-77.050584819877756,38.841553567675625],[-77.050574238594066,38.841555908507587],[-77.05056453603477,38.841558205267596],[-77.05055395807554,38.841560381372425],[-77.050543381224287,38.841562502567797],[-77.050533684206201,38.84156452478301],[-77.050523111233929,38.841566453797],[-77.050512577800262,38.841568163609772],[-77.050501974156845,38.841569872554587],[-77.050492285451483,38.841571482953022],[-77.050481721346344,38.841572972695737],[-77.05047115890379,38.841574380074817],[-77.050450040669503,38.841576865379444],[-77.05043948487787,38.841577943304983],[-77.050428930748978,38.841578938866903],[-77.050418379391573,38.841579797156768],[-77.050397281110904,38.841581294099853],[-77.050386735850793,38.841581850390419],[-77.050376192807988,38.841582296863166],[-77.050365650873815,38.841582688426506],[-77.050355110602666,38.841582997626226],[-77.050334037267106,38.84158325911794],[-77.050323504202794,38.841583211409954],[-77.050312095184935,38.841583070498984],[-77.050291039590064,38.84158245344787],[-77.050280514842001,38.841581993922681],[-77.050269992311726,38.841581424579672],[-77.050259471444846,38.84158077287303],[-77.050248951686996,38.841580066256995],[-77.050227920488339,38.841578241208794],[-77.05021740793876,38.841577177685025],[-77.050206897052817,38.841576031797707],[-77.050196388384975,38.841574776092536],[-77.050175377703695,38.841571935228707],[-77.050164875690399,38.841570350070064],[-77.050154375340924,38.841568682547781],[-77.050143877209777,38.841566905207706],[-77.050134292909206,38.841565084232521],[-77.050113271525305,38.841561034938202],[-77.050102781713434,38.841558845781122],[-77.050093171181985,38.841556585101408],[-77.050082684698239,38.841554231217195],[-77.050072199878642,38.841551794969362],[-77.050062596557481,38.841549177382298],[-77.050052115620744,38.841546548953126],[-77.050042515628022,38.84154376663907],[-77.05003203968333,38.841540891120104],[-77.050022441355651,38.841538026441746],[-77.050012846355784,38.841534997037236],[-77.050002377067699,38.841531792064977],[-77.049992785396597,38.841528597933532],[-77.049983195944435,38.841525293984375],[-77.049964023697086,38.841518356633117],[-77.049944858107864,38.841511089828039],[-77.049935279196461,38.841507264244797],[-77.049925701395168,38.841503383752297],[-77.04991700342876,38.84149940428447],[-77.049907429511364,38.841495331610965],[-77.049897858922336,38.8414910942113],[-77.049888286670779,38.841486939173542],[-77.049879591481229,38.841482822431793],[-77.049870018677282,38.841478694846757],[-77.049860445319851,38.841474594715137],[-77.049850904849819,38.84147060483334],[-77.049841295280842,38.84146655917489],[-77.049831718044629,38.841462651220482],[-77.049822142473218,38.841458660902639],[-77.049812565239122,38.841454752946667],[-77.049783826887889,38.841443358524614],[-77.049774245775723,38.841439642745037],[-77.049763785940456,38.841435971029711],[-77.049754204830307,38.841432255248485],[-77.049744620393483,38.841428704191785],[-77.049735037621446,38.841425070771663],[-77.049724540467224,38.841421508435928],[-77.049695817281261,38.841411102777982],[-77.049685351353205,38.841407733051994],[-77.049675761931326,38.841404429077663],[-77.049665294895902,38.841401114258382],[-77.049655669816602,38.841397837302836],[-77.04964520111912,38.841394604844396],[-77.049635608927588,38.841391438137883],[-77.049625139122654,38.841388260586093],[-77.049615545823514,38.841385148786323],[-77.049605073247065,38.841382108503829],[-77.049595478285653,38.841379079065099],[-77.049585006265559,38.841376011326645],[-77.049575409087112,38.841373091703161],[-77.049554457840486,38.841367313126469],[-77.049544859555056,38.841364448408946],[-77.049534381992402,38.841361655208104],[-77.049523911086865,38.841358532555709],[-77.04951431779611,38.841355420747639],[-77.049503844118846,38.841352435364577],[-77.049493406656481,38.841349395505908],[-77.049472419764086,38.84134364393497],[-77.04945146465127,38.84133805751943],[-77.04944098487718,38.841335374127098],[-77.049420023112447,38.841330117156573],[-77.049399057467582,38.841325052361803],[-77.049388572704643,38.841322616052821],[-77.049378086832917,38.841320234651306],[-77.049357110098754,38.841315718933409],[-77.049336131148152,38.841311313028704],[-77.049324761564094,38.841309222772168],[-77.049303775405264,38.841305173766493],[-77.049293278443258,38.841303341441758],[-77.049281906087771,38.841301388452194],[-77.049250410768337,38.841296111103141],[-77.049239031202745,38.841294515014241],[-77.049228529250698,38.841292929771718],[-77.049218025634687,38.841291426890876],[-77.049206644406098,38.841289913161546],[-77.049196139126508,38.841288492641425],[-77.049184754569922,38.841287143635235],[-77.049174247626695,38.841285805475835],[-77.049153240399463,38.841282799703535],[-77.049132229290095,38.841279986106997],[-77.049120844736052,38.841278637094625],[-77.049110337795256,38.841277298929498],[-77.049099828635448,38.8412760705803],[-77.049089318366285,38.841274897138575],[-77.049078809762051,38.841273641333267],[-77.049057785341347,38.841271486624642],[-77.049046395241277,38.841270412147239],[-77.049025366938324,38.84126844961235],[-77.049004335307131,38.841266651799032],[-77.048992940214589,38.841265824404367],[-77.048961382782224,38.841263621850139],[-77.048949984361158,38.841262959176625],[-77.048939461333276,38.841262417168537],[-77.048928940525229,38.841261765342544],[-77.04890789169562,38.84126081859268],[-77.048896454286464,38.841260347659549],[-77.048885963589171,38.84125994335168],[-77.048864908101336,38.841259326044764],[-77.048853502467509,38.841259020266669],[-77.048842972781472,38.84125880770052],[-77.048821910079823,38.84125854729065],[-77.048810499451605,38.841258488596388],[-77.048789433420311,38.841258392906035],[-77.048778020017266,38.841258471479705],[-77.048756912776668,38.841258677345834],[-77.04851121582054,38.841255666703887],[-77.048015794081607,38.841247189489088],[-77.048015407966901,38.841247182996355],[-77.047932047169724,38.841245756997409],[-77.047421643352536,38.84130809427792],[-77.047109046470766,38.841312463623701],[-77.046747747829272,38.84129426028553],[-77.046142775055884,38.84117143178424],[-77.045811284863234,38.841068465378264],[-77.045331906584394,38.840812629236254],[-77.0450658323672,38.840600626992675],[-77.044876599114204,38.840408799542388],[-77.044743011812784,38.840245122814707],[-77.044680346635275,38.84021685727258],[-77.044553860478729,38.840220808569889],[-77.044393217194894,38.840177624791821],[-77.043998848632882,38.840230401667],[-77.043898362390749,38.840166022010131],[-77.043813835061997,38.840178676445085],[-77.043691807904509,38.840309003238495],[-77.043463654299003,38.840476403614943],[-77.043397270152198,38.840461849251255],[-77.043425519334662,38.840280956493416],[-77.043385566973313,38.840173362351756],[-77.043137944189624,38.839917646806533],[-77.043145522074127,38.839890279750826],[-77.043112033965315,38.839810226849409],[-77.043046061129203,38.839773708488991],[-77.042780777307868,38.839696270171579],[-77.042424113058161,38.839623188702419],[-77.0418508107647,38.839497984947826],[-77.041151021320957,38.839549731067095],[-77.040943742578449,38.839555392890446],[-77.04063060040049,38.83941419413221],[-77.040410843445784,38.839342808691761],[-77.040064491089439,38.839280832683045],[-77.039179883464925,38.83926982605346],[-77.038474080207209,38.839272023849261],[-77.038241782432777,38.839299338264027],[-77.038126332274942,38.839278677574505],[-77.037633765292028,38.83932746384307],[-77.037475575874709,38.839336477261782],[-77.037439968452404,38.839360776056104],[-77.037273451427083,38.839435564721995],[-77.036866439082004,38.839419507217549],[-77.036855892356101,38.839420144655385],[-77.036845336677587,38.839421221359039],[-77.036833896696081,38.839422616571682],[-77.036823328707086,38.839424297265133],[-77.036813631591485,38.839426318347982],[-77.036803047934242,38.839428767756466],[-77.036792459799926,38.839431436797334],[-77.036782740300453,38.839434556044516],[-77.036773015764112,38.839437922378451],[-77.036763285631267,38.839441563253295],[-77.036753548223132,38.839445561031546],[-77.036744681128184,38.839449926654041],[-77.036734933645633,38.839454418605861],[-77.036726054237818,38.839459388218728],[-77.036718049060156,38.839464533496908],[-77.03671003660682,38.839470035678751],[-77.036702021913911,38.839475647676728],[-77.036693999385534,38.839481644032617],[-77.036686851087396,38.839487816054131],[-77.036679697751694,38.839494235162775],[-77.03667338298321,38.83950085695384],[-77.036666255795041,38.839507715766068],[-77.036660879867142,38.83951478863986],[-77.036655430932996,38.839521997908925],[-77.036650013184115,38.839529399794579],[-77.036547149474529,38.83958029346055],[-77.036420979500988,38.839570481893254],[-77.035694170492604,38.839739914101031],[-77.035503994577994,38.839767748621867],[-77.034673173570312,38.840045748788555],[-77.034663443248618,38.84004938948879],[-77.034653703960018,38.840053469454787],[-77.03464395738547,38.840057906323977],[-77.034634200722891,38.840062837367221],[-77.034625316051034,38.840068053907871],[-77.034617301128421,38.840073665762709],[-77.034609277798737,38.840079689429402],[-77.034601247743041,38.840086042545359],[-77.03459409079889,38.840092626250922],[-77.034587803604154,38.840099605271156],[-77.034581513606184,38.840106721561853],[-77.034576093918204,38.840114205713235],[-77.034570705970523,38.840121855027533],[-77.034566119806499,38.840129788963743],[-77.034561565382916,38.840137888062927],[-77.034558764470674,38.840146091438669],[-77.034555960195362,38.840154459539271],[-77.034553151996505,38.840163019818874],[-77.03455122195453,38.840171563601452],[-77.034550167267625,38.840180228157749],[-77.034549813648397,38.840197551730611],[-77.034550514156024,38.840206238201247],[-77.034559247532798,38.840810492573326],[-77.034516337896832,38.84084840243699],[-77.03437842259406,38.840896110468208],[-77.034252383659378,38.840878059889313],[-77.03419515184639,38.840929521358603],[-77.034249076524659,38.841040039375159],[-77.034192159851386,38.841248033326607],[-77.03414704235297,38.841566019188008],[-77.034057094565526,38.841671994299908],[-77.033958805654123,38.842530300493493],[-77.033936936027644,38.842741478119649],[-77.033669004570015,38.843309322985561],[-77.033408650888035,38.843849800761426],[-77.033085618877237,38.844537784768072],[-77.033010333644512,38.844956999195865],[-77.032805249464857,38.845885340691019],[-77.03257836444395,38.846849190992884],[-77.03241592832201,38.84758037209091],[-77.03238512268554,38.847884805311821],[-77.032336002580962,38.848054450075281],[-77.032310585180213,38.848095323949153],[-77.032305112143334,38.84810365861923],[-77.03230058140123,38.848112279681899],[-77.032293194982287,38.848130037050524],[-77.032290374413563,38.848139173795502],[-77.03228842985439,38.848148403876813],[-77.032287362989095,38.848157644932151],[-77.032286980156258,38.848176368623648],[-77.032287668679828,38.848185631627089],[-77.032314830637333,38.848402941474312],[-77.032308880517647,38.848693954835888],[-77.032299868603715,38.848962961010507],[-77.032290688218595,38.849240203392704],[-77.03228513087663,38.849511998835212],[-77.032221612671208,38.850043950009727],[-77.032176144077141,38.8503784068862],[-77.032225301012147,38.850722285229928],[-77.03224488165985,38.850966906329276],[-77.032224329903855,38.851628489124131],[-77.032327417940763,38.852082885948221],[-77.032330571328799,38.852100418084056],[-77.032332000412964,38.85211812088972],[-77.0323318196575,38.852126961099287],[-77.032332481535306,38.852135811843695],[-77.032331458146473,38.85214464151845],[-77.032331277390895,38.85215348172796],[-77.03232930603879,38.852162299550983],[-77.032328248100782,38.852171101332615],[-77.03232631354166,38.852179837232306],[-77.032324380666111,38.852188490769791],[-77.032318759987206,38.852205748442763],[-77.03231595329558,38.852214198827696],[-77.032312268297829,38.852222665692793],[-77.032308587228741,38.852230940379215],[-77.032304027853158,38.85223923154561],[-77.032299472967438,38.852247303079338],[-77.032293176064542,38.8522546937672],[-77.032288657409154,38.852262710831262],[-77.032285813917838,38.852271243138588],[-77.032284755411524,38.852280072373709],[-77.032285452394731,38.852288923556976],[-77.03228794559169,38.852297522586632],[-77.032292134164479,38.852305648513266],[-77.032298125688499,38.852313192837286],[-77.032342140524662,38.852393380266356],[-77.032477559162331,38.85281248164069],[-77.032549163509671,38.853260992307433],[-77.032674476112788,38.853831002903142],[-77.032662178352169,38.854088983263104],[-77.032801000907298,38.85451361878691],[-77.032869178232914,38.854786335385199],[-77.032870749160011,38.854795389707611],[-77.032872316720514,38.854804608754378],[-77.032873007627856,38.854813761923275],[-77.032872820198278,38.854822931576471],[-77.032871754431355,38.854832117714047],[-77.032870690908837,38.854841194035409],[-77.032867871833432,38.854850248417215],[-77.032865056124322,38.854859138074644],[-77.03286224209802,38.854867945369918],[-77.032857675884813,38.854876566001117],[-77.032853113598733,38.854884994453805],[-77.032836824447742,38.854994635137921],[-77.0328640154722,38.855038912653768],[-77.033016495717206,38.855312682636978],[-77.033389929642141,38.85594346050371],[-77.034039736614929,38.857143385903356],[-77.034043971435011,38.857150990569508],[-77.034049082378459,38.857158688558521],[-77.034057548098133,38.857174090068277],[-77.034061744445296,38.857181859019576],[-77.034066009335646,38.857189711209685],[-77.034069360748731,38.857197579454507],[-77.034073590528592,38.857205431205884],[-77.034080290555039,38.857221304965115],[-77.034090335273433,38.857245376416522],[-77.034093681645345,38.857253491746874],[-77.034096150772726,38.857261568662572],[-77.034098617657804,38.85726975539437],[-77.034101962349638,38.857277953086609],[-77.034106896683511,38.857294299095742],[-77.034108483521592,38.857302584682976],[-77.034110948727331,38.857310853776546],[-77.034112536126969,38.857319111909611],[-77.034115001333745,38.857327381003088],[-77.034119758489851,38.85735240248831],[-77.034120466402086,38.857360732022933],[-77.034122049878945,38.857369182334082],[-77.034122757791593,38.857377511868663],[-77.034124341829809,38.85738593472572],[-77.034126459962508,38.857411197869709],[-77.034126288386062,38.857419598805997],[-77.034126994617594,38.857428010702577],[-77.034125962354807,38.85747855359007],[-77.034121764250955,38.857512140947264],[-77.034120716546681,38.857520448560884],[-77.034119667160041,38.857528838536588],[-77.03423077230363,38.85776364458026],[-77.034434460305789,38.857936445887766],[-77.03456065628265,38.858122010095272],[-77.034608433630424,38.858188512932472],[-77.035053149229441,38.859114007377002],[-77.035067812853214,38.859254241572415],[-77.035064162931889,38.859262708947384],[-77.03506131781208,38.859271323669461],[-77.035059416826385,38.859280142399292],[-77.03505835855789,38.859288971644283],[-77.035058176439065,38.859297894204673],[-77.035059571225986,38.859315596507884],[-77.035062026523889,38.859324359749976],[-77.035064484624201,38.859332985721842],[-77.035067824479228,38.859341430468703],[-77.035072045528864,38.859349721444488],[-77.03507714945448,38.859357776287041],[-77.035083138497754,38.859365485180085],[-77.035089134266556,38.859372864624447],[-77.035096014592909,38.859379925573194],[-77.035103782838988,38.859386503301934],[-77.035405160586393,38.859763733184408],[-77.035640963426317,38.859912217910242],[-77.0358519076742,38.860074122647575],[-77.035941635008655,38.860152132428468],[-77.03602773916738,38.860235589161057],[-77.036286892142499,38.860444805378684],[-77.036425164524005,38.860553599624012],[-77.036466797308208,38.860578833513408],[-77.036482346628858,38.860591384796436],[-77.036489280237461,38.860597567570153],[-77.036497021466658,38.860603760410648],[-77.036504799490586,38.860609871326176],[-77.036512576396177,38.860616037149271],[-77.036521233949657,38.860622076644141],[-77.03652901197762,38.860628187558085],[-77.036536792246139,38.860634188655325],[-77.036552355586139,38.860646053578186],[-77.036561014826006,38.86065201070798],[-77.0365765815326,38.860663710903395],[-77.036585244695146,38.86066947585315],[-77.036593065124904,38.860675230298035],[-77.036601693176223,38.86068099480886],[-77.036609479614157,38.860686693906963],[-77.036618144461443,38.860692376492153],[-77.036635477518772,38.86070357693643],[-77.036643267880251,38.860709083854033],[-77.036660604863897,38.860720092116274],[-77.036677944651657,38.860730963105873],[-77.036695288362921,38.86074164191465],[-77.03671263543778,38.86075215599665],[-77.036874739866803,38.86089971958161],[-77.036878959537773,38.860908092851332],[-77.036882298000506,38.860916619905367],[-77.036885632546301,38.860925339137552],[-77.036888087562531,38.860934129792057],[-77.036889663048896,38.860942991868875],[-77.03689035732603,38.860952007730248],[-77.036889991856341,38.8609699352115],[-77.036888932109065,38.860978846831415],[-77.036886994509558,38.860987747511601],[-77.036883306242501,38.860996379226123],[-77.036878745719193,38.861004725460511],[-77.036873314058766,38.86101273130658],[-77.036867013499702,38.861020286948097],[-77.036859845161288,38.861027337476862],[-77.036850933989328,38.86103373468265],[-77.036842035129098,38.861039527899152],[-77.036833149700229,38.861044662218269],[-77.036822522557259,38.861049088305705],[-77.036811912204243,38.861052690771331],[-77.036803881676263,38.861058961643565],[-77.036797577187869,38.861066709459514],[-77.036794768997893,38.861075242295264],[-77.03679370923723,38.861084153914113],[-77.036796164247647,38.861092944570181],[-77.036801266811565,38.861101081696418],[-77.036808151389948,38.861107950363603],[-77.036817703112646,38.86111320460931],[-77.036827266590521,38.86111788231959],[-77.036835960051818,38.861122164732677],[-77.036845533606595,38.861126348268996],[-77.0368559911728,38.861130240750072],[-77.036865575923613,38.861133875204189],[-77.036876041887311,38.861137355873083],[-77.036885636714345,38.861140496153048],[-77.036896117231564,38.861143263015386],[-77.036906600547965,38.861145892606714],[-77.036917089461838,38.861148247656757],[-77.036927585092371,38.861150273257564],[-77.036938086320106,38.861152024317107],[-77.036949435325113,38.8611535387911],[-77.036959981741802,38.861154796113802],[-77.036971376495217,38.861155789396669],[-77.036981900110618,38.861156442291197],[-77.037094265432586,38.861157842423971],[-77.037407173144587,38.861142518156264],[-77.03741946309998,38.861142671256516],[-77.037431732354975,38.861143840154561],[-77.037443102496582,38.861146041369075],[-77.037454451379276,38.861149285835651],[-77.037465782919753,38.86115338137607],[-77.037476215907517,38.861158481779277],[-77.037485755377915,38.861164339959196],[-77.037494399093205,38.861171065732279],[-77.037503065747345,38.86117666588941],[-77.037510852870099,38.86118233747294],[-77.037519516170264,38.861188102353012],[-77.037527297701175,38.861194048475788],[-77.037535078114516,38.861200049506103],[-77.037542855731985,38.86120618780604],[-77.037550632791366,38.861212353559466],[-77.037558405936139,38.861218711490601],[-77.03757219260369,38.861231597660478],[-77.037579960158283,38.861238230130446],[-77.037586848740233,38.861244906573553],[-77.037593735085821,38.861251692832369],[-77.037599742458497,38.861258523064471],[-77.037606623212554,38.861265583862824],[-77.037612626112377,38.861272633726458],[-77.037618628453998,38.861279711043885],[-77.037624628559186,38.861286898177042],[-77.037630626427983,38.861294195126078],[-77.03763662317921,38.861301546982794],[-77.037642617694118,38.861309008655354],[-77.037647734354138,38.861316459393635],[-77.037652847658876,38.861324074855823],[-77.037644650085596,38.861381640848045],[-77.037703884257382,38.861577351691253],[-77.037764181517105,38.861720899841309],[-77.037860631777534,38.862158730804587],[-77.037901561894472,38.862392658933267],[-77.03801061475184,38.863072303288135],[-77.038012112907538,38.863171181486024],[-77.03801105158928,38.863180175473268],[-77.038011746028943,38.863189191323009],[-77.03801332002574,38.863198135741918],[-77.038015774698565,38.863206953821923],[-77.038019111725504,38.863215563200917],[-77.038024248575596,38.86322375561501],[-77.038029319670656,38.863231727522283],[-77.03803615882984,38.863239117302996],[-77.038043077168922,38.863246068693464],[-77.038051728457404,38.863252437519797],[-77.038060393728642,38.863258119994974],[-77.038069984299781,38.863263209849137],[-77.038080399858458,38.863267458684156],[-77.038090864514473,38.863271021605009],[-77.038096871544241,38.863277879262327],[-77.038103762047726,38.863284473309641],[-77.038110657585563,38.863290820270414],[-77.038118436038047,38.863296931075041],[-77.038126219524869,38.863302794793],[-77.038133973489934,38.863308383533003],[-77.038142681159528,38.863313709536975],[-77.038151360425672,38.863318705654855],[-77.03816004640359,38.863323372323883],[-77.038169615855494,38.863327775382096],[-77.038179192019015,38.863331848991351],[-77.038188775453222,38.863335565697476],[-77.038198365598788,38.86333895295467],[-77.038208838658946,38.863342104054631],[-77.038219321226237,38.863344788435306],[-77.038228932064285,38.863347159891269],[-77.038239430290119,38.863349075557608],[-77.038250811430188,38.863350755066307],[-77.038261323077251,38.86335201183423],[-77.03827184199389,38.863352911698946],[-77.03841226786156,38.863354659866971],[-77.03853203025885,38.863339674073636],[-77.038855537081645,38.863321759134159],[-77.039020411576786,38.863332021660618],[-77.039055638589858,38.863326967799054],[-77.039287734430687,38.863313378945399],[-77.039396962008723,38.863298261208747],[-77.039408335989265,38.863298567467119],[-77.039418870556858,38.863298698516381],[-77.039430286357458,38.863298675761222],[-77.039441707745269,38.863298378464613],[-77.039452253487198,38.863297960430394],[-77.039463681020621,38.86329736113737],[-77.039474232349377,38.863296668560885],[-77.039485668262941,38.863295657455367],[-77.039496263086889,38.863294553503316],[-77.039507671147689,38.863293185056506],[-77.039518238677431,38.86329169630929],[-77.039529687998055,38.86329002630287],[-77.039540264465799,38.863288098289246],[-77.039550842609003,38.863286087912599],[-77.039561425779667,38.863283830448779],[-77.039572010625676,38.863281490621894],[-77.039582601616345,38.863278848799766],[-77.039593194282205,38.863276124614615],[-77.039603790857868,38.863273208250334],[-77.03961439022595,38.863270154614881],[-77.039624994620965,38.863266853892299],[-77.039634722252075,38.86326348734157],[-77.039645334466158,38.863259802260757],[-77.039655069357636,38.863256078806018],[-77.039664808158562,38.863252163172248],[-77.039676257469495,38.863250493151476],[-77.039686843424107,38.863248098406181],[-77.039697443343542,38.863245017309268],[-77.039708056668928,38.863241277314685],[-77.039718681724096,38.863236960784597],[-77.03972756554208,38.863231908611965],[-77.03973649452891,38.863226362702861],[-77.039745365573339,38.8632202119311],[-77.039752524909701,38.863213600494383],[-77.039759694858105,38.863206467430736],[-77.039765993628748,38.863198994000122],[-77.039771422897601,38.863191097840662],[-77.039775979871905,38.863182916222605],[-77.039779666227673,38.863174366783959],[-77.039782475820672,38.863165751519134],[-77.039802267726927,38.863056153762777],[-77.039811197434446,38.862789893341876],[-77.039877309413498,38.862647890986842],[-77.039980761770906,38.862569568108313],[-77.04007705906767,38.86249936700375],[-77.040127301630321,38.862445069772974],[-77.040205447692074,38.862402103849419],[-77.040300480984499,38.862392301000909],[-77.04037095462391,38.862379446656561],[-77.040503344411874,38.862436014397254],[-77.040732889995084,38.862545965411442],[-77.040920333492451,38.862655392761468],[-77.041051538350928,38.862766839626765],[-77.04118686841619,38.862848157985731],[-77.04125704208812,38.862851803423709],[-77.041315698662274,38.862901934461242],[-77.041342744946775,38.862957192414804],[-77.041418902860286,38.863010314382926],[-77.04174775469032,38.86324781742794],[-77.041757320447417,38.863252412372113],[-77.041766888437039,38.863256897499369],[-77.041777337655347,38.863261228804731],[-77.041786912341294,38.863265384481899],[-77.041797368255871,38.863269386336995],[-77.041806947964389,38.863273294926223],[-77.04181740945937,38.863277022239124],[-77.041827872628843,38.863280667189038],[-77.041838339146196,38.863284147413765],[-77.041848809569188,38.863287435459313],[-77.041859282782085,38.863290586233738],[-77.041869759900464,38.863293544828956],[-77.041880238693054,38.863296421061122],[-77.04189072083318,38.863299132568145],[-77.041902084759613,38.863301662798108],[-77.041912607594298,38.863304100198881],[-77.041923942542567,38.863306327996249],[-77.041934437514442,38.863308408056469],[-77.041945813156886,38.863310361747423],[-77.041956314823082,38.863312112357242],[-77.041967697717524,38.863313709143583],[-77.041978170939487,38.863316859907357],[-77.041989519254926,38.863320158841958],[-77.041999984112664,38.863323721414361],[-77.042010443394048,38.863327558526187],[-77.042020897656982,38.863331642723452],[-77.042030470693206,38.863335880742795],[-77.042040916592569,38.863340376748866],[-77.042050479034415,38.863345136393278],[-77.042060038131211,38.863350060761142],[-77.042069592209899,38.86335523221458],[-77.042079140712829,38.863360678207592],[-77.04208780966222,38.863366195661165],[-77.042096471920487,38.863372042562567],[-77.042105131949356,38.863377999279457],[-77.042113787518076,38.863384175628035],[-77.042214506521645,38.863440348128073],[-77.042224983676519,38.863443306691501],[-77.042235499293454,38.863446100965717],[-77.042245946353603,38.863448812004911],[-77.042255552319801,38.863451430217545],[-77.042266038400243,38.863453949512667],[-77.042276525596705,38.863456413898781],[-77.042308878456453,38.863463159053715],[-77.042319374577659,38.863465184171382],[-77.042329872929898,38.863467099471976],[-77.04234033728261,38.863468959427578],[-77.042351753652994,38.86347063897469],[-77.042362257025346,38.863472307186044],[-77.042372763186194,38.863473838126247],[-77.042384150018719,38.863475242693887],[-77.042394660083602,38.863476581453838],[-77.04240517182167,38.863477837850738],[-77.042416563673711,38.863478995328904],[-77.042427116103596,38.863479977619399],[-77.042438477859207,38.863480887573132],[-77.042448998519788,38.863481704701506],[-77.042460375876416,38.863483575980382],[-77.042471763827336,38.86348492563144],[-77.042483162372278,38.863485753654636],[-77.04249457318366,38.863485977687887],[-77.042505994588566,38.863485680093291],[-77.04251742714429,38.86348483341677],[-77.042528871965629,38.86348338275031],[-77.04253945005388,38.86348137210453],[-77.042550916617984,38.863478850728356],[-77.042561515333503,38.86347582428111],[-77.042572125198618,38.863472248752146],[-77.042581889515674,38.86346706999079],[-77.042590782080865,38.863461578337223],[-77.042599679104825,38.863455867050625],[-77.042607703819485,38.863449870326065],[-77.042615733550377,38.863443626514602],[-77.042623768854924,38.863437108162159],[-77.042630929620287,38.863430414188208],[-77.042638097074288,38.863423390765313],[-77.042645266756864,38.863416257525842],[-77.042651563015482,38.863408893757025],[-77.042657865405218,38.863401227993393],[-77.042663291026301,38.863393496424862],[-77.042668720548605,38.863385572677799],[-77.042731203365577,38.863422047457071],[-77.042648319683892,38.863525370351987],[-77.042643755767799,38.863533908983335],[-77.042639185160652,38.863542777062968],[-77.042636365303295,38.863551914022132],[-77.042635298983868,38.863561182590715],[-77.042634231549172,38.863570506067369],[-77.042634919325835,38.863579878791398],[-77.042635609332663,38.863589141699279],[-77.042638056224249,38.863598371492358],[-77.04264226446125,38.863607348538252],[-77.042646479389262,38.86361599613555],[-77.042546261208486,38.863708091950862],[-77.042535801285453,38.863704282341125],[-77.042525331327738,38.863700966903146],[-77.042513970661403,38.863698272009486],[-77.042503477845941,38.863696082185108],[-77.042492093206263,38.863694567812956],[-77.04248069853098,38.863693547612435],[-77.042469324474709,38.863693241651646],[-77.042457869593946,38.863693456444636],[-77.042446436446738,38.863694330569352],[-77.042434958147354,38.863695698429666],[-77.042424414582442,38.863697736955928],[-77.042412946306186,38.863700340681724],[-77.042402343648106,38.863703559293604],[-77.042367005165019,38.863714104966171],[-77.042324587819166,38.863727308839863],[-77.042312235514316,38.86373020365118],[-77.042299895476333,38.863732494472416],[-77.042287563244471,38.86373440093584],[-77.042274363163017,38.863735802325905],[-77.042262049889814,38.863736775349423],[-77.04224974776929,38.863737199290881],[-77.042236576126953,38.863737200520895],[-77.042155810576972,38.863736197723995],[-77.042082123891618,38.863732536674782],[-77.042065368758927,38.863736035852767],[-77.042050296893095,38.863743125855123],[-77.042040504055919,38.863749704727688],[-77.042028154524445,38.863752462238928],[-77.042015014112735,38.863750926018128],[-77.042005437117851,38.863746880176166],[-77.041995859008566,38.863742889241529],[-77.041986276996084,38.863739090484323],[-77.041976693869117,38.863735346634456],[-77.041966230625775,38.863731701698221],[-77.041956606807744,38.863728231950958],[-77.04194705099053,38.863724872891176],[-77.041936579383687,38.863721639762808],[-77.041926104431198,38.863718571357722],[-77.041916471134655,38.863715568325766],[-77.041895545193768,38.863709981027839],[-77.041885059646717,38.86370743424574],[-77.041874571869229,38.863704997278859],[-77.041864047303605,38.863702642237023],[-77.041853589622804,38.863700452790653],[-77.041843095153752,38.86369834526937],[-77.041822095619054,38.863694651850615],[-77.041811557111259,38.863692983154948],[-77.041801085487933,38.863691480054754],[-77.041790577076114,38.863690058879627],[-77.041768673442661,38.863687644887932],[-77.0417581566645,38.863686635520416],[-77.041746758096011,38.863685807426883],[-77.041736235182114,38.863685100051732],[-77.041725709479181,38.863684529945857],[-77.041714304217194,38.863684031297581],[-77.041703772936003,38.863683735730099],[-77.041692362095631,38.863683511619989],[-77.041681825793816,38.863683463136837],[-77.041671285586943,38.863683606830939],[-77.041659901493944,38.863683794964352],[-77.041649321150672,38.86368418530666],[-77.041638772575368,38.863684740808374],[-77.041627344440542,38.863685367767012],[-77.041616792517559,38.863686087990963],[-77.041606236689091,38.863687000392183],[-77.041594800185123,38.863688039158163],[-77.041584239334952,38.863689198643719],[-77.041573675137002,38.863690522852529],[-77.041563171751022,38.863688854570732],[-77.041551783784854,38.863687504831624],[-77.041541269799339,38.863686358174505],[-77.041529872907205,38.863685447697812],[-77.041518472667747,38.863684701944159],[-77.041507943061092,38.863684323997013],[-77.041496532221231,38.863684099867918],[-77.041485116359993,38.863684122823969],[-77.041474573362891,38.86368440377062],[-77.041463146900526,38.863684948351199],[-77.041452592744136,38.863685778376485],[-77.041441157912004,38.863686734765423],[-77.041430595385677,38.863687976599238],[-77.041419149393576,38.863689482066675],[-77.041408576264985,38.863691245525175],[-77.041401422613262,38.863697582521667],[-77.041394273982092,38.863703672431498],[-77.041386215696136,38.86370958627441],[-77.041378233219604,38.863715226448939],[-77.041370218974251,38.863720701462476],[-77.041361331863456,38.86372591848297],[-77.041352450331274,38.863730860962441],[-77.041343573819859,38.863735556354975],[-77.041334700655256,38.863740087022599],[-77.041324956857196,38.86374424988071],[-77.041315216406076,38.863748248013799],[-77.041305482649975,38.863751916697666],[-77.041295754473026,38.863755310840411],[-77.041286066432761,38.863758458332349],[-77.041275435854402,38.863761319503794],[-77.041265723299517,38.863763944931222],[-77.041255138995581,38.86376625745644],[-77.041244561387401,38.863768240532337],[-77.041233990475078,38.863769894158963],[-77.041223424026612,38.863771328152353],[-77.04121198582952,38.863772449243122],[-77.041201431657356,38.863773279245805],[-77.041190884739677,38.863773752345168],[-77.041180343402431,38.863773950903301],[-77.041168929200964,38.863773891466536],[-77.041158399583054,38.863773513488027],[-77.041147877220169,38.86377277860619],[-77.041136480319281,38.86377186809132],[-77.041125970234617,38.863770529218826],[-77.041115465173093,38.863768943259117],[-77.041104965134849,38.863767110212223],[-77.0410935760043,38.863767545376994],[-77.041081246569519,38.863767584403298],[-77.04106983962447,38.863767168054515],[-77.041057563164529,38.86376632898569],[-77.041046172963121,38.86376508901369],[-77.041034789459474,38.863763519592226],[-77.041023417676854,38.863761373635],[-77.041012052592365,38.863758898228376],[-77.041000730995989,38.863756011446497],[-77.040989347541668,38.863752711980368],[-77.040978884345961,38.863749066956188],[-77.040973767166719,38.863741616367527],[-77.04096864496529,38.863734412864972],[-77.040962639297348,38.863727472993276],[-77.040955751837558,38.863720714390183],[-77.040948891122241,38.863714368033584],[-77.040941955153968,38.863708267890033],[-77.040934171393175,38.863702404359316],[-77.04092550025922,38.863696996637138],[-77.040916822986844,38.863691890908669],[-77.040908136226932,38.863687251898043],[-77.040899442770154,38.86368294233511],[-77.040889863056378,38.863679033672312],[-77.040879398201938,38.863675471001258],[-77.040869800628599,38.863672440865741],[-77.040859318472513,38.863669729267848],[-77.04084970359709,38.863667550205641],[-77.040839201905854,38.863665799496985],[-77.040827812282373,38.863664532049754],[-77.040817293846246,38.86366360496006],[-77.040806763688167,38.863663254404031],[-77.040796224598893,38.863663343111554],[-77.040785677136483,38.863663843628544],[-77.040774241740735,38.863664827406588],[-77.040763709297508,38.863666316703075],[-77.040753977251555,38.863668172938958],[-77.040743392387043,38.863670512872169],[-77.040732798031939,38.863673319522903],[-77.040723038072528,38.863676548457683],[-77.040713341644263,38.863680107712867],[-77.040704477378583,38.863684199068501],[-77.040694727969139,38.863688636414615],[-77.040685849745174,38.863693414119538],[-77.040677840473691,38.863698641999633],[-77.040666433541944,38.863698225611628],[-77.040655901146494,38.863697984858213],[-77.040644488632353,38.863697843008403],[-77.040633951770872,38.863697821885189],[-77.040622533674068,38.863697954573567],[-77.040611992346385,38.863698153080634],[-77.040600570899798,38.863698450490979],[-77.040589112662872,38.863698829825886],[-77.040578599192642,38.863699385668831],[-77.040567171046234,38.863700012524284],[-77.040556619110447,38.863700732652923],[-77.04054518593891,38.863701606592528],[-77.040534630094541,38.863702518897369],[-77.040523191339375,38.863703667375113],[-77.040512630469578,38.863704826764291],[-77.040501235820784,38.863703806371625],[-77.040489799915363,38.863703087535697],[-77.040479309335154,38.863702517754561],[-77.040467900170611,38.863702211163428],[-77.040456487656172,38.863702069295357],[-77.040445071791723,38.863702092150277],[-77.040433650343843,38.863702389544436],[-77.040422226104113,38.863702824207579],[-77.040411675283167,38.86370348941518],[-77.040400242109442,38.863704363340602],[-77.040388803351803,38.863705511805243],[-77.040377362918719,38.863706742630825],[-77.040366795345705,38.863708231455206],[-77.040355345977815,38.863709901543103],[-77.040333311725121,38.863713911526077],[-77.040322727956919,38.863716196513288],[-77.040312998063172,38.863719672936732],[-77.040302391957709,38.863723056083174],[-77.040291787526428,38.863726356866572],[-77.040282060980232,38.863729668563288],[-77.04027145654706,38.863732969344852],[-77.040261733349453,38.863736116315707],[-77.04024053173778,38.863742360971877],[-77.040229934001871,38.863745332301349],[-77.040220214709777,38.863748287090587],[-77.040209581856686,38.863751257981626],[-77.040199021467402,38.863754119928807],[-77.040188427637105,38.863756899076378],[-77.040167243324746,38.863762292644424],[-77.04014606180148,38.863767548938547],[-77.040135472993285,38.863770080995074],[-77.0401142992839,38.863774952927017],[-77.040103748939757,38.863777320693174],[-77.040082546812414,38.863781862734491],[-77.040071108037381,38.863783011168174],[-77.040060545473125,38.863784252878695],[-77.040049101670931,38.863785648396409],[-77.040038534079471,38.863787137191245],[-77.04002708469136,38.863788807247055],[-77.040016476398463,38.863790570143507],[-77.040005937218993,38.863792388820308],[-77.039994480568623,38.863794415775338],[-77.039973317454411,38.863798766055368],[-77.039952143167056,38.863803665412114],[-77.039930958823106,38.86380905893747],[-77.039920362740176,38.863811947876933],[-77.039909765539278,38.863814891723393],[-77.039899164427695,38.863818027747165],[-77.039888581188862,38.863820285241133],[-77.039877119503714,38.863822559270901],[-77.039855945761317,38.863827431156217],[-77.039845356934066,38.863829963186532],[-77.039834766430332,38.863832577577952],[-77.039823262923065,38.863835180614025],[-77.039791515907112,38.86384354584267],[-77.03977035604143,38.863849461402161],[-77.039749119238053,38.863855705532671],[-77.03973939600094,38.86385885246019],[-77.039718187045509,38.86386545392412],[-77.039707580890465,38.863868837016746],[-77.039697850387597,38.86387234084313],[-77.039687242554692,38.863875806295958],[-77.039553580149587,38.863885128183128],[-77.039377890281017,38.863888462365558],[-77.039222767894643,38.863916712130276],[-77.03921222988383,38.863916745787556],[-77.039201689637736,38.863916889259997],[-77.039190270385816,38.86391707671708],[-77.039169187099262,38.863917500927151],[-77.039158643499974,38.863917809119854],[-77.039148098782931,38.86391817221962],[-77.039136675618764,38.86391855184965],[-77.039105069875887,38.863919971025439],[-77.039094484454168,38.863920608223687],[-77.039083057377312,38.863921180026587],[-77.039072505952987,38.863921872567829],[-77.03906195564619,38.863922510200084],[-77.039051403103727,38.863923257647485],[-77.039040849443282,38.863924060001963],[-77.039030294105956,38.863924944717496],[-77.039018861997889,38.863925763600406],[-77.038987189835666,38.863928719732591],[-77.038966071892261,38.863930846055375],[-77.038955510963902,38.86393200530442],[-77.038923823146476,38.863935730132027],[-77.038902694579448,38.863938378069804],[-77.038892128059587,38.863939811853371],[-77.038870992782861,38.86394278923364],[-77.038839283715973,38.863947557291169],[-77.038828712721809,38.863949210701101],[-77.038807566260331,38.863952737150385],[-77.038796166006705,38.863951991132495],[-77.03878563302132,38.863951777665356],[-77.038774215439702,38.863951882719896],[-77.038762787237303,38.863952509399731],[-77.038752226302478,38.863953668630472],[-77.038740780211839,38.863955173836743],[-77.038730201947345,38.863957184140084],[-77.038719649853718,38.863959634143804],[-77.038709019702296,38.863962467628703],[-77.038701001312688,38.863968134637844],[-77.038692112300211,38.863973433818039],[-77.038683229994575,38.863978403549382],[-77.038673475389018,38.863983087813537],[-77.038664607615488,38.863987343738955],[-77.038653990771266,38.863991248362602],[-77.038644223966728,38.863994806572521],[-77.038634534100822,38.863998036207555],[-77.038623940173949,38.864000815213771],[-77.038613352954755,38.86400326477083],[-77.038602774679603,38.864005275062681],[-77.038591291784869,38.864006862179359],[-77.038580764277683,38.8640081041938],[-77.038570210599516,38.864008906505916],[-77.038558787417841,38.864009286079735],[-77.038547373181146,38.864009226388148],[-77.038536843542502,38.864008848174585],[-77.03852544496003,38.864008019768391],[-77.038514933212255,38.864006763024314],[-77.038503524007751,38.864006456242322],[-77.038492991015218,38.864006242748914],[-77.038481575101784,38.864006265413011],[-77.03847015583375,38.86400645280002],[-77.038459608863803,38.864006925654031],[-77.038448182327215,38.864007469941178],[-77.038436750758493,38.864008261313344],[-77.038426193164852,38.86400925579067],[-77.038414753767952,38.864010431516931],[-77.038404190023357,38.864011727986437],[-77.038392779031682,38.864013233595884],[-77.038382171224669,38.864014968890523],[-77.038370718406853,38.864016803508868],[-77.038360138445512,38.864018896140898],[-77.038349554010367,38.864021208404068],[-77.038339866364154,38.864024328198724],[-77.038329228360027,38.86402754600546],[-77.038319501682452,38.864030857539369],[-77.038309773326503,38.864034251434532],[-77.038300043292139,38.864037727690899],[-77.038290311579331,38.864041286308513],[-77.038280577628896,38.864044954741402],[-77.038270841999932,38.864048705535502],[-77.03825136738385,38.864056371845365],[-77.038241627278339,38.864060342269184],[-77.038232762824791,38.86406443343779],[-77.038223020480388,38.864068513676088],[-77.038213274220482,38.864072786091711],[-77.03820440473099,38.864077124344313],[-77.038194656791205,38.864081479120429],[-77.03818578562192,38.864085899733638],[-77.038176912214666,38.864090430162335],[-77.038150281920267,38.864104515616425],[-77.038141402357041,38.864109348036507],[-77.038123637634655,38.864119287414781],[-77.038114751916197,38.864124421826986],[-77.038106744646328,38.864129539715023],[-77.038097857247706,38.864134756487985],[-77.038088968170001,38.864140055622329],[-77.038072942436941,38.864150840474615],[-77.038056909987972,38.864161954772797],[-77.038048013633528,38.864167610806177],[-77.038040873619209,38.864173261246883],[-77.038024830534155,38.864184897166936],[-77.03801677191656,38.864190810777899],[-77.038009659742556,38.864196818556188],[-77.038001632882356,38.864202897327417],[-77.037994483912371,38.864208987029492],[-77.037988197172865,38.864215856374862],[-77.037981908754304,38.864222808081955],[-77.037976495989156,38.864229880536321],[-77.037970205890332,38.864236914604781],[-77.037963913553128,38.864244058489],[-77.037958499666033,38.864251185850456],[-77.037947667973498,38.864265632750715],[-77.037936832361481,38.864280271828036],[-77.03792599338918,38.864295075628334],[-77.037921415000397,38.864302570384801],[-77.03791602894934,38.864310055083635],[-77.037906939042387,38.864325210194153],[-77.037897845775703,38.864340530027938],[-77.037888748589864,38.86435604203907],[-77.037885077609232,38.864363822703567],[-77.037880527615627,38.864371647343724],[-77.037873147737798,38.864387345504738],[-77.037865834732287,38.864403209263848],[-77.037854807230588,38.864427265058758],[-77.037852009102878,38.864435303740599],[-77.037849209296581,38.864443424784383],[-77.037845531595096,38.864451534895622],[-77.037842730109389,38.8644597383012],[-77.037839930301061,38.864467859344707],[-77.037838006708853,38.864476073682731],[-77.037832403733148,38.864492480493418],[-77.037830478461359,38.864500777193264],[-77.037819384370138,38.864528100011469],[-77.037812032307102,38.864544155507453],[-77.037809234729423,38.864552166733993],[-77.037805557017876,38.864560276843733],[-77.037802758879465,38.864568315524174],[-77.037799081166355,38.864576425633651],[-77.037796279670445,38.864584629037907],[-77.037790680032899,38.864600871122086],[-77.037787000638673,38.864609063593171],[-77.037785077036617,38.864617277930037],[-77.03777667253739,38.864641888141314],[-77.037774712139296,38.864650184402635],[-77.037771944075516,38.864658470605498],[-77.037770020470404,38.864666684942016],[-77.037767217289556,38.864674970707405],[-77.037765290327243,38.864683349767823],[-77.03776147431401,38.86469997105587],[-77.037759512234501,38.864708349678843],[-77.037757586948501,38.864716646377083],[-77.037753733018945,38.864733404497393],[-77.037752683392156,38.864741821944712],[-77.037750756426362,38.864750201004789],[-77.037749707358344,38.864758590998022],[-77.03774778039174,38.864766970057957],[-77.037745681135519,38.864783804952282],[-77.037744630947657,38.864792249853416],[-77.037743581318921,38.864800667300521],[-77.03774253057118,38.86480913965562],[-77.037741481501357,38.864817529648661],[-77.037740430193736,38.864826029457653],[-77.03774025902257,38.864834430383937],[-77.037739208273933,38.864842902738928],[-77.037743366112025,38.865156009609265],[-77.037744070606095,38.865164531284101],[-77.037743897756386,38.865173014571681],[-77.037744604488211,38.865181426430482],[-77.03774601347726,38.865198469780005],[-77.037745843424631,38.865206815797499],[-77.037747252414476,38.865223859146958],[-77.037747959147211,38.865232271005603],[-77.037749368697433,38.865249286900905],[-77.037750110546767,38.865257699196846],[-77.037750779926498,38.865266220434094],[-77.037751486660028,38.865274632292646],[-77.037752191715583,38.865283126513205],[-77.037752898449455,38.865291538371672],[-77.037753602945969,38.865300060046224],[-77.037754309680167,38.865308471904704],[-77.037754979620175,38.865316965687803],[-77.037756598816713,38.86532541637073],[-77.037757303873377,38.86533391059114],[-77.037758716784126,38.865350761761889],[-77.037760264630606,38.865359266478023],[-77.037761713218188,38.865376090631912],[-77.037763295622469,38.865384623239336],[-77.037764709094958,38.865401446955751],[-77.037766293178308,38.865409897201047],[-77.037766998236947,38.865418391421223],[-77.037768582880304,38.865426814212455],[-77.037769289617501,38.865435226070531],[-77.037772458346481,38.865452099106804],[-77.037773165084388,38.865460510964851],[-77.037776333815415,38.865477384000883],[-77.037777040554005,38.865485795858852],[-77.037778625200033,38.865494218649786],[-77.037780213202666,38.865502476716678],[-77.037781799527551,38.86551081714547],[-77.037784975534635,38.86552733327904],[-77.037786561860599,38.865535673707754],[-77.037789737869886,38.865552189841118],[-77.037791323637592,38.865560557723732],[-77.037794499649081,38.865577073856848],[-77.037796966123096,38.865585315402178],[-77.037798551892379,38.865593683284644],[-77.037804903923046,38.865626715550029],[-77.037806490253558,38.865635055978309],[-77.03780895617156,38.86564332497727],[-77.037815308211421,38.865676357241668],[-77.037817774131881,38.865684626240387],[-77.037822538167006,38.86570940043817],[-77.037825004089427,38.865717669436648],[-77.037829768129242,38.865742443633899],[-77.037832234053624,38.865750712632178],[-77.037835410082934,38.865767228763424],[-77.037837876008837,38.86577549776149],[-77.037841052040534,38.86579201389246]]]},"properties":{"OBJECTID":2,"MS_Name":"Gunston Middle School","Website":"https://gunston.apsva.us/","School_Year":"2022-2023","Shape__Area":154121439.86962479,"Shape__Length":74790.839953864284}},{"type":"Feature","id":3,"geometry":{"type":"Polygon","coordinates":[[[-77.06417380663062,38.888389909930574],[-77.064190656178837,38.88842581480214],[-77.064207926248883,38.88848811109829],[-77.066146986302471,38.888136826701889],[-77.066331719973789,38.88808995461175],[-77.06653301125705,38.88805847006924],[-77.06678343034288,38.888026596091393],[-77.067364612991554,38.887980989497336],[-77.067722420716677,38.887958991085213],[-77.067734100025845,38.887958282227274],[-77.071754609145287,38.887644046504477],[-77.071755849356194,38.887651573791636],[-77.071768182939309,38.887726428769675],[-77.071773433208563,38.887789212751571],[-77.071773171508738,38.887836665014696],[-77.071938209884408,38.887823290372651],[-77.072238755388426,38.887798934345021],[-77.072244490991309,38.887798509775571],[-77.073128953346071,38.887735608535152],[-77.073340045245487,38.88772169640847],[-77.073491365934757,38.887709804036362],[-77.073748232428542,38.88769095499169],[-77.073927709448824,38.887676657900244],[-77.074276105638418,38.887650680802921],[-77.074888358352212,38.887605908512818],[-77.075138163514268,38.887586970757837],[-77.076246472999927,38.887509763341924],[-77.07861804551311,38.887336954062079],[-77.078896018284183,38.887316701576239],[-77.080408197874263,38.887207763366945],[-77.080880673882547,38.887173722092072],[-77.080915902568819,38.887160020969375],[-77.081016431274975,38.887118863811828],[-77.081293895340423,38.887017645624773],[-77.081359793266586,38.886993589736207],[-77.081759276038525,38.886851774542556],[-77.082267102843232,38.88666787808981],[-77.082629206304077,38.886543430699973],[-77.082726277883808,38.886508216788641],[-77.082783778882842,38.886485871184028],[-77.082830146024961,38.886466878707559],[-77.08293985083823,38.886476907382011],[-77.083289494245065,38.886392619821265],[-77.083446119066977,38.8865755207243],[-77.083611945688617,38.886491467648916],[-77.083764806314406,38.886406672742645],[-77.083818710087954,38.886401006770946],[-77.083861649415667,38.886395455718457],[-77.083904360189607,38.886389023155211],[-77.08395745729554,38.886379722593674],[-77.084041464794723,38.886361952346512],[-77.084124644775386,38.886340935144617],[-77.08414467946092,38.886335873333344],[-77.084175763214759,38.886329300508315],[-77.084217616339245,38.886321813990016],[-77.08425986172152,38.886315815058062],[-77.084302393983904,38.886311302441676],[-77.084345142875478,38.886308275293914],[-77.08438803814532,38.8863067327677],[-77.084441685367835,38.886306939989247],[-77.08449525142278,38.886309480359692],[-77.084548525554794,38.886314351339081],[-77.084601333218401,38.886321495903125],[-77.08467466769288,38.886333583565786],[-77.084747327668111,38.886347804981931],[-77.084819277481841,38.88636418718373],[-77.084890377715823,38.886382673571298],[-77.084922059092804,38.886392113849858],[-77.084931769584671,38.886395007798143],[-77.084980426691601,38.886409516546649],[-77.085236207397358,38.886510460589996],[-77.085419676588614,38.886582866609004],[-77.085811090575987,38.886733665400868],[-77.085814978653531,38.886735162478779],[-77.085867761715207,38.88675549755586],[-77.085988685075733,38.886807602790093],[-77.085989246899473,38.886807842969041],[-77.086025871908873,38.886823624073394],[-77.086028060266216,38.886824566916054],[-77.086030786399235,38.886825744499085],[-77.086537028734597,38.887043926418897],[-77.087210618854741,38.887362884635905],[-77.087235874008741,38.887374632618581],[-77.087451202497263,38.887474796814466],[-77.087893516189339,38.887691259928594],[-77.088347769979279,38.887908166906776],[-77.088305371085838,38.887563027037416],[-77.088231119100172,38.88703324372775],[-77.088132239906059,38.886183797583591],[-77.088116041464204,38.886042812406679],[-77.08809680594976,38.885893689836927],[-77.088076666450704,38.885753014253233],[-77.088054591294565,38.885612507614283],[-77.087976366592059,38.88533833424956],[-77.087881384563985,38.885040892424435],[-77.087790261804415,38.884797319676359],[-77.087740788186579,38.884579786019934],[-77.088725022053055,38.88457349294054],[-77.088827746373809,38.884566763682287],[-77.089299060428488,38.884558420844314],[-77.089831666160677,38.884542024660462],[-77.09074075141497,38.88453371395466],[-77.091719676789296,38.884511404954822],[-77.092453218553402,38.884496554818568],[-77.092951705873901,38.884483827229964],[-77.093051580000875,38.884577620782146],[-77.093408498874567,38.884845133006209],[-77.093569092312464,38.884949374316911],[-77.093723283859774,38.885057602911132],[-77.094632347074096,38.885630052747125],[-77.094643709746776,38.885636504639571],[-77.094655143750032,38.885642902463246],[-77.094666614495168,38.885649218343715],[-77.094678156032998,38.88565550760952],[-77.094689769439185,38.88566171535242],[-77.094701383922867,38.885667868185848],[-77.094713105401226,38.885673939916636],[-77.094724863083655,38.885679957158253],[-77.094736656970014,38.885685919910735],[-77.094748522186791,38.885691828594275],[-77.094760424145264,38.885697655334546],[-77.094772362307594,38.88570342758559],[-77.094777305642666,38.885705765957091],[-77.094784372338097,38.885709118313535],[-77.094796453698976,38.885714754972533],[-77.094808571263698,38.885720337142331],[-77.094820725569946,38.885725837368696],[-77.094832916079994,38.885731283105756],[-77.094845178458058,38.885736647319703],[-77.094857477039881,38.885741957044317],[-77.094869811825447,38.885747212279618],[-77.094882218478972,38.885752385991729],[-77.094894661873809,38.885757477760357],[-77.094907140934666,38.885762542493786],[-77.094919657274517,38.885767497829555],[-77.094932244406891,38.885772426550325],[-77.094944868818175,38.885777245873413],[-77.094957493768817,38.885782037741016],[-77.094970190587134,38.885786748085359],[-77.094982959273267,38.885791376906262],[-77.094995729036299,38.885795950817531],[-77.095008535540444,38.885800442785239],[-77.095021413374567,38.885804880683665],[-77.095034292823158,38.885809236218307],[-77.095047244139366,38.885813510229511],[-77.095060196532287,38.885817729330952],[-77.095073220255145,38.885821894363154],[-77.095086245592299,38.885825977031473],[-77.095099342796914,38.885829978176325],[-77.095112476204804,38.885833924831587],[-77.095125611226891,38.885837789123023],[-77.095138782452125,38.88584159892487],[-77.095152025544721,38.885845327203128],[-77.095165270251357,38.88584897311754],[-77.095178551161112,38.88585256454234],[-77.095191868811483,38.885856074023337],[-77.095205187538284,38.885859528594608],[-77.095218578132204,38.885862901642277],[-77.095231970340066,38.885866192325999],[-77.095245398750819,38.885869428520053],[-77.095258863902018,38.885872582770304],[-77.095279524820924,38.885877882624079],[-77.095292879757622,38.88588128269727],[-77.095306271434765,38.885884600826593],[-77.095319698777331,38.885887891920397],[-77.095333127196128,38.885891128104404],[-77.09534655669114,38.885894309378607],[-77.095360021851448,38.885897463617248],[-77.095373523752045,38.885900535912036],[-77.09538702619129,38.885903580751112],[-77.095400529169183,38.885906598134547],[-77.09541406888728,38.885909533574065],[-77.095427609143911,38.885912441557906],[-77.095441186140746,38.885915267597881],[-77.095454798802706,38.885918066602216],[-77.095468376876539,38.885920837730772],[-77.095482026817095,38.885923527335478],[-77.095495642169439,38.885926189064392],[-77.095509293724334,38.88592879630351],[-77.095522946355118,38.885931348632823],[-77.095536635188353,38.885933846472277],[-77.095550324559966,38.885936316856032],[-77.095564050671442,38.885938705295807],[-77.095577777321239,38.885941066279848],[-77.095591504509372,38.885943399808127],[-77.095605268437239,38.885945651392483],[-77.095619033440798,38.885947848066891],[-77.09563279898255,38.885950017285644],[-77.095646600726653,38.885952132014438],[-77.095660403546262,38.885954191833427],[-77.095674207441448,38.885956196742448],[-77.095688047001417,38.885958174615794],[-77.095701887636935,38.885960097579179],[-77.095715729885214,38.885961938178539],[-77.095717376538971,38.885962177551164],[-77.095729572671601,38.885963751322123],[-77.095743451122743,38.885965537429968],[-77.095757331186547,38.885967241173766],[-77.09577121178836,38.88596891746176],[-77.095785129129567,38.885970511805681],[-77.095799047008668,38.885972078693854],[-77.095812965425694,38.885973618126222],[-77.09582688545531,38.885975075194544],[-77.095840806560119,38.885976477352969],[-77.095854763329456,38.885977852475527],[-77.095868721173886,38.885979172688174],[-77.095882680093482,38.885980437990888],[-77.095896640088171,38.885981648383691],[-77.09591060115784,38.885982803866561],[-77.095924597892008,38.885983932313529],[-77.095938560574467,38.885985005430669],[-77.095952559995808,38.885985996603665],[-77.095966559954817,38.885986960320878],[-77.095980560451494,38.885987896582279],[-77.095994562560264,38.885988750479598],[-77.09600860033332,38.885989577341007],[-77.096022604591752,38.885990321418468],[-77.096036609387767,38.885991038040096],[-77.096050650385166,38.885991700171658],[-77.096064692457276,38.885992307393323],[-77.096078699940193,38.885992886739274],[-77.096092744161666,38.885993384141024],[-77.096106788920522,38.885993854086983],[-77.096120834754018,38.885994269122925],[-77.09613488166211,38.885994629248998],[-77.096148929644684,38.885994934465074],[-77.096162978701798,38.885995184771211],[-77.096177028296168,38.885995407621522],[-77.096191079502205,38.885995548107815],[-77.096205131245469,38.885995661138196],[-77.096219184063116,38.885995719258688],[-77.096233237955119,38.88599572246919],[-77.096247292384291,38.885995698223894],[-77.096261348424903,38.885995591614517],[-77.09627536987594,38.885995457129496],[-77.096289427527921,38.885995268154346],[-77.096303486254101,38.885995024269242],[-77.096317546054465,38.885994725474177],[-77.09633157180231,38.885994371349362],[-77.096345633213787,38.885993990188538],[-77.096360500390119,38.885993728497937],[-77.09637452936019,38.885993209643168],[-77.096388558330048,38.885992690786757],[-77.096402588373991,38.885992117020372],[-77.09641661895472,38.88599151579816],[-77.096430650609406,38.885990859666045],[-77.096444682800978,38.885990176078074],[-77.096458715529309,38.885989465034285],[-77.096472714204879,38.885988698660825],[-77.096486748006782,38.885987932705419],[-77.096500748292939,38.885987083966199],[-77.096514748578784,38.885986235225275],[-77.096528785065018,38.885985331994156],[-77.09654278749835,38.885984373433395],[-77.096556755341695,38.885983386997033],[-77.096570758848316,38.885982373524662],[-77.096584762891624,38.885981332596451],[-77.096652765403363,38.885973302845493],[-77.096719789855015,38.885970369032449],[-77.096793725937118,38.885978721662291],[-77.09691281084099,38.885997828939907],[-77.097047971284354,38.885936915849562],[-77.097154381282465,38.885876510483946],[-77.097248922436435,38.885810361316224],[-77.097323478016193,38.885743891009284],[-77.097381086255808,38.885685236747122],[-77.097491322457245,38.88556880919117],[-77.097839207354014,38.885212678754961],[-77.097920684974454,38.885138591458919],[-77.097971169696478,38.885094158818745],[-77.098140719271356,38.884936055044221],[-77.098486633188045,38.884598663323189],[-77.09861540714175,38.884478117165827],[-77.098615128346154,38.884478000564471],[-77.098917636782829,38.884186353833115],[-77.098941270150902,38.884163568898551],[-77.099154967430024,38.883979386189267],[-77.099411451672069,38.883727061963022],[-77.099684265429275,38.883466034661176],[-77.099729205528647,38.88342801585592],[-77.099776845714402,38.883392061306246],[-77.099835684896888,38.883352944983706],[-77.099888744301367,38.88332194297525],[-77.099956583798374,38.883284306916686],[-77.100014438130643,38.883254240749444],[-77.100199556956284,38.883147978081865],[-77.100435901392601,38.88302722227526],[-77.10073521997343,38.882882227199119],[-77.100924906313196,38.882793867182542],[-77.101188194985042,38.882660524393309],[-77.101629830895845,38.882443627750632],[-77.101908550530467,38.882311565519238],[-77.102447741535329,38.882064247489865],[-77.102613606638201,38.881990155401446],[-77.102708325373086,38.881943226396196],[-77.103358123281581,38.881608522554146],[-77.103387937867481,38.881592949988466],[-77.104085380141228,38.881210725315228],[-77.104540288025234,38.880978872306628],[-77.106046500978493,38.880160586029724],[-77.106062038843447,38.88015286181642],[-77.106251192237082,38.880058665338296],[-77.106271821484853,38.880049271506003],[-77.106304673887109,38.880038210330284],[-77.10634225533731,38.880024239525603],[-77.106383924928195,38.880011415643601],[-77.10638731814268,38.880010357487578],[-77.106401314084977,38.880006047501261],[-77.106401691603523,38.880005942138915],[-77.106470760448104,38.879986633139431],[-77.106615850455668,38.879957928383625],[-77.106688708331092,38.87994374441417],[-77.10679425372777,38.879926982442036],[-77.106858232514995,38.879917745774812],[-77.106933274202603,38.879908695222326],[-77.106997828151918,38.879902403580694],[-77.107062601840212,38.879897460076862],[-77.10712748936696,38.879893890914957],[-77.107192525859574,38.879891696511365],[-77.107435274216613,38.879888726102628],[-77.10756243547506,38.879891019931833],[-77.107612979077402,38.879891931560707],[-77.108899799762412,38.879888590506695],[-77.109062395246028,38.879896353455329],[-77.109062531346467,38.87987313546499],[-77.109130501782985,38.879465849384388],[-77.109244637070816,38.878826409286802],[-77.109254646581817,38.878770371007214],[-77.109264934922805,38.878707196286179],[-77.109266863346178,38.878607702101348],[-77.109269156268667,38.87848940175526],[-77.109283338709673,38.878290563111513],[-77.109304057154759,38.878107948660862],[-77.109327366710389,38.877971086701386],[-77.109359023738833,38.877853051678343],[-77.10939270927301,38.87773729243019],[-77.109504674713293,38.877434355274332],[-77.109522550844929,38.877398373924557],[-77.109541893592464,38.877362849305889],[-77.10956057913215,38.877332232341843],[-77.109585723427216,38.877294634482908],[-77.109607232039693,38.877265176818767],[-77.109629994403591,38.87723628320547],[-77.109653974863605,38.877207980680865],[-77.109685557668968,38.877173507149081],[-77.109712109483979,38.877146663003785],[-77.109739807020262,38.877120518930028],[-77.109111403628376,38.876663273902111],[-77.108674751849009,38.876354387559225],[-77.108335924676965,38.876103836906019],[-77.108329803240139,38.876099310601738],[-77.107814981260049,38.87574583222333],[-77.107483022545637,38.875509579858274],[-77.106912266322794,38.875106279642871],[-77.106545805360966,38.874838035542204],[-77.106339585204253,38.874693891698634],[-77.105857910519759,38.874345795594934],[-77.105839688093539,38.874332645316805],[-77.105206725570284,38.873877521213139],[-77.104629024387975,38.87347138087965],[-77.103557633417864,38.872711441767194],[-77.103273787923314,38.87250331445324],[-77.103008685227636,38.872308930323662],[-77.102443342777477,38.871906193623715],[-77.101771432713946,38.871427547203602],[-77.101320531039207,38.871114068977519],[-77.10126648322661,38.871075529511195],[-77.100769645766533,38.870688981786536],[-77.100880696642349,38.870660149803541],[-77.101269354532818,38.870556969583411],[-77.102013261414086,38.870370418600494],[-77.102955053152911,38.870134234462881],[-77.103283403749131,38.870052106392485],[-77.103507646878029,38.869995990571077],[-77.103620084919442,38.86996785216639],[-77.104568160714194,38.86972983170719],[-77.104673416292925,38.869703405617784],[-77.106694476900714,38.86918961039089],[-77.106829846625487,38.869155879911226],[-77.106823676241845,38.86889256916016],[-77.10682317676283,38.868871253789024],[-77.106822815923223,38.868857272049581],[-77.106822429026209,38.868842823170276],[-77.106822348538287,38.868814400468139],[-77.106822900713055,38.868785957811561],[-77.106824049365457,38.868757549692482],[-77.106825865264298,38.868729149489901],[-77.106825791531861,38.868722091234226],[-77.106827742396248,38.868699404442957],[-77.106830821483385,38.868671074148622],[-77.106834532163404,38.868642778808351],[-77.10683887390266,38.868614545876355],[-77.106843846167436,38.868586402806841],[-77.106849450022892,38.868558294691219],[-77.106855684402419,38.868530276437895],[-77.106862513654093,38.868502375084489],[-77.106870009079572,38.868474536555603],[-77.106878099375876,38.868446814926401],[-77.106886784542269,38.868419210196748],[-77.106896099163379,38.868391750237457],[-77.106906044304395,38.868364380139823],[-77.106916324630291,38.868337837836698],[-77.106965269463117,38.868223111332441],[-77.106965379613598,38.868222865493557],[-77.106965490296972,38.868222592200404],[-77.106965600447467,38.868222346361527],[-77.106965676012791,38.86822207265169],[-77.106965786696193,38.868221799358537],[-77.106965896846646,38.868221553519668],[-77.106966007530048,38.868221280226493],[-77.106966117680514,38.868221034387595],[-77.106966228363902,38.868220761094435],[-77.106966338514312,38.868220515255551],[-77.106966449197699,38.868220241962398],[-77.106966559881087,38.868219968669216],[-77.106966670031539,38.868219722830311],[-77.106966780714927,38.86821944953715],[-77.10696689086538,38.86821920369826],[-77.106967001548767,38.868218930405106],[-77.106967111699234,38.868218684566209],[-77.106967187264559,38.868218410856407],[-77.106967297415011,38.868218165017552],[-77.106967408098399,38.868217891724377],[-77.106967518781772,38.868217618431188],[-77.106967628932225,38.868217372592291],[-77.106967739615598,38.868217099299137],[-77.10696784976605,38.868216853460268],[-77.106967960449424,38.8682165801671],[-77.106968070599876,38.868216334328238],[-77.106968146165215,38.86821606061843],[-77.106968256848575,38.868215787325219],[-77.106968366999027,38.868215541486371],[-77.106968477682386,38.868215268193168],[-77.106968587832853,38.868215022354285],[-77.106968698516155,38.86821474906111],[-77.106968809199543,38.868214475767935],[-77.106968919349967,38.868214229929059],[-77.106968994915349,38.868213956219215],[-77.10696910506573,38.868213710380402],[-77.106969215749089,38.868213437087185],[-77.106969325899541,38.868213191248287],[-77.106969436582901,38.868212917955134],[-77.106969547266274,38.868212644661959],[-77.106969657416712,38.86821239882309],[-77.106969732982023,38.868212125113281],[-77.106969843132447,38.868211879274412],[-77.10696995381582,38.868211605981209],[-77.10697006449918,38.868211332688027],[-77.106970174649604,38.868211086849151],[-77.106970285332963,38.868210813555976],[-77.106970395483415,38.868210567717092],[-77.106970471048712,38.868210294007291],[-77.106970581199164,38.868210048168407],[-77.106970691882509,38.868209774875226],[-77.106970802565854,38.868209501582051],[-77.106970912716292,38.86820925574316],[-77.106970988281603,38.868208982033366],[-77.106971098432012,38.868208736194475],[-77.106971209115372,38.868208462901308],[-77.106971319798731,38.86820818960809],[-77.106971429949155,38.868207943769242],[-77.1069715406325,38.868207670476053],[-77.106971615664889,38.868207424220522],[-77.106971726348235,38.868207150927368],[-77.106971837031566,38.868206877634186],[-77.106971947181989,38.868206631795282],[-77.106972057865349,38.868206358502086],[-77.10697213289771,38.868206112246618],[-77.106972243581055,38.868205838953394],[-77.106972354264414,38.868205565660233],[-77.106972464414795,38.868205319821342],[-77.106972539980106,38.868205046111555],[-77.106972650130515,38.868204800272657],[-77.106972760813861,38.868204526979483],[-77.106972871497206,38.868204253686287],[-77.106972981647615,38.868204007847417],[-77.106973057212912,38.86820373413758],[-77.106973167363321,38.868203488298711],[-77.106973278046667,38.868203215005536],[-77.106973388729983,38.868202941712333],[-77.106973463762344,38.868202695456866],[-77.106973574445689,38.868202422163634],[-77.10697368512902,38.868202148870466],[-77.10697379527943,38.868201903031554],[-77.106973870844726,38.868201629321796],[-77.106973980995107,38.868201383482891],[-77.106974091678467,38.868201110189709],[-77.106974202361783,38.868200836896513],[-77.106974277394144,38.868200590641003],[-77.106974388077475,38.868200317347842],[-77.106974498227885,38.868200071508944],[-77.106974608911187,38.868199798215784],[-77.106974684476469,38.86819952450594],[-77.106974794626879,38.86819927866707],[-77.106974905310196,38.86819900537386],[-77.106974980875492,38.86819873166408],[-77.106975091025888,38.868198485825182],[-77.10697520170919,38.868198212532],[-77.1069753118596,38.868197966693117],[-77.106975387424882,38.868197692983323],[-77.106975498108199,38.868197419690091],[-77.10697560825858,38.8681971738512],[-77.106975683823862,38.868196900141413],[-77.106975794507193,38.868196626848238],[-77.10697590465756,38.868196381009362],[-77.106976015340891,38.868196107716152],[-77.106976090373237,38.868195861460656],[-77.106976201056554,38.868195588167453],[-77.106976311739857,38.868195314874256],[-77.10697638677226,38.868195068618761],[-77.106976497455506,38.868194795325572],[-77.106976608138822,38.868194522032368],[-77.106976683171226,38.868194275776887],[-77.106976793854514,38.868194002483655],[-77.106976904537845,38.868193729190494],[-77.106976979570177,38.868193482934984],[-77.10697709025348,38.868193209641802],[-77.106977200403861,38.868192963802912],[-77.106977275969143,38.868192690093061],[-77.106977386652432,38.868192416799907],[-77.106977496802827,38.868192170961009],[-77.106977572368066,38.868191897251229],[-77.106977683051383,38.86819162395804],[-77.106977793201736,38.868191378119143],[-77.106977868767018,38.868191104409291],[-77.106977979450321,38.868190831116117],[-77.106978089600673,38.868190585277226],[-77.106978165165941,38.868190311567425],[-77.106978275849244,38.868190038274214],[-77.106978385999625,38.868189792435352],[-77.106978461564879,38.868189518725515],[-77.106978571715246,38.868189272886603],[-77.106978647280556,38.868188999176809],[-77.10697875796383,38.868188725883641],[-77.106978868114169,38.868188480044751],[-77.106978943679465,38.868188206334956],[-77.106979054362768,38.868187933041739],[-77.10697916451312,38.868187687202841],[-77.106979240078388,38.86818741349304],[-77.106979350761677,38.868187140199858],[-77.106979425793995,38.868186893944333],[-77.106979536477297,38.868186620651116],[-77.106979647160571,38.868186347357948],[-77.106979722192875,38.868186101102438],[-77.106979832876178,38.868185827809235],[-77.106979908441431,38.868185554099405],[-77.106980018591798,38.868185308260543],[-77.106980129275058,38.86818503496734],[-77.106980204840326,38.868184761257517],[-77.106980314990665,38.868184515418641],[-77.106980390555975,38.868184241708811],[-77.106980501239264,38.8681839684156],[-77.106980611389602,38.868183722576767],[-77.106980686954842,38.868183448866894],[-77.106980797638116,38.868183175573726],[-77.106980872670434,38.868182929318209],[-77.106980983353722,38.868182656025027],[-77.106981058918947,38.868182382315197],[-77.106981169069314,38.868182136476292],[-77.106981279752588,38.868181863183104],[-77.106981355317814,38.868181589473295],[-77.106981465468166,38.868181343634397],[-77.106981541033448,38.868181069924574],[-77.106981651716666,38.8681807966314],[-77.106981726749027,38.868180550375854],[-77.106981837432301,38.868180277082672],[-77.10698191299754,38.868180003372871],[-77.106982023147879,38.868179757533987],[-77.106982098713104,38.868179483824136],[-77.106982209396378,38.868179210530961],[-77.106982319546731,38.868178964692078],[-77.106982395111942,38.868178690982255],[-77.106982505795202,38.868178417689037],[-77.10698258082752,38.868178171433563],[-77.10698269151078,38.868177898140324],[-77.106982767076062,38.86817762443053],[-77.1069828772264,38.868177378591632],[-77.106982952791626,38.868177104881831],[-77.106983063474885,38.868176831588606],[-77.106983138507189,38.868176585333117],[-77.106983249190449,38.868176312039893],[-77.10698332475566,38.868176038330084],[-77.106983434906013,38.868175792491186],[-77.106983510471224,38.868175518781399],[-77.10698362115447,38.868175245488167],[-77.10698369618683,38.868174999232664],[-77.10698380687009,38.868174725939454],[-77.106983882435301,38.868174452229667],[-77.106983992585626,38.868174206390748],[-77.106984068150851,38.868173932680918],[-77.106984178834097,38.868173659387729],[-77.106984254399308,38.86817338567792],[-77.106984364549646,38.86817313983903],[-77.106984440114857,38.868172866129171],[-77.106984550798103,38.868172592836011],[-77.106984625830449,38.868172346580472],[-77.106984736513695,38.86817207328729],[-77.10698481207892,38.868171799577482],[-77.106984922229231,38.86817155373857],[-77.106984997794456,38.868171280028747],[-77.106985073359652,38.868171006318939],[-77.106985183509977,38.86817076048002],[-77.106985259075245,38.868170486770232],[-77.106985369758419,38.868170213477001],[-77.106985444790766,38.868169967221519],[-77.106985555474012,38.86816969392828],[-77.106985631039223,38.868169420218472],[-77.106985741722454,38.868169146925254],[-77.106985816754744,38.868168900669765],[-77.106985927437989,38.868168627376541],[-77.106986003003158,38.868168353666718],[-77.106986078035504,38.868168107411222],[-77.106986188718764,38.868167834118033],[-77.106986264283947,38.868167560408168],[-77.106986374434243,38.86816731456932],[-77.106986449999468,38.868167040859475],[-77.106986525564665,38.868166767149674],[-77.106986636247896,38.868166493856464],[-77.106986711280186,38.868166247600954],[-77.106986821963417,38.868165974307722],[-77.106986897528671,38.868165700597913],[-77.106987007678953,38.868165454759023],[-77.106987083244164,38.868165181049214],[-77.106987158809346,38.868164907339384],[-77.106987269492578,38.868164634046167],[-77.106987344524853,38.86816438779065],[-77.106987455208085,38.868164114497453],[-77.106987530773324,38.868163840787609],[-77.1069876058056,38.86816359453212],[-77.106987716488817,38.868163321238889],[-77.106987792054014,38.86816304752908],[-77.106987902737231,38.868162774235863],[-77.106987977769506,38.868162527980388],[-77.10698805333476,38.86816225427053],[-77.10698816401792,38.868161980977348],[-77.106988239050253,38.868161734721809],[-77.106988314615421,38.868161461012001],[-77.106988425298638,38.86816118771879],[-77.106988500863821,38.868160914008989],[-77.106988575896096,38.868160667753443],[-77.106988686579299,38.868160394460254],[-77.106988762144539,38.86816012075041],[-77.106988872294835,38.868159874911491],[-77.106988947860017,38.86815960120169],[-77.1069890234252,38.868159327491867],[-77.106989134108417,38.868159054198642],[-77.106989209140679,38.868158807943168],[-77.106989284705918,38.868158534233324],[-77.106989395389121,38.868158260940127],[-77.106989470421382,38.868158014684582],[-77.106989545986551,38.868157740974794],[-77.106989656669768,38.868157467681563],[-77.106989732234965,38.868157193971747],[-77.106989807267254,38.868156947716201],[-77.106989917950472,38.868156674423034],[-77.106989993515626,38.868156400713183],[-77.106990068547887,38.868156154457651],[-77.10699017923109,38.868155881164462],[-77.106990254796258,38.868155607454668],[-77.106990330361498,38.868155333744816],[-77.106990440511709,38.868155087905897],[-77.106990516076948,38.868154814196082],[-77.106990591642102,38.86815454048628],[-77.106990667207285,38.868154266776422],[-77.106990777357566,38.86815402093756],[-77.106990852922806,38.868153747227701],[-77.10699092848796,38.8681534735179],[-77.106991039171163,38.868153200224661],[-77.106991114203396,38.868152953969187],[-77.106991189768578,38.868152680259328],[-77.106991265333804,38.868152406549505],[-77.106991375484,38.868152160710601],[-77.10699145104924,38.868151887000792],[-77.106991526614408,38.868151613290941],[-77.106991637297597,38.868151339997752],[-77.10699171232983,38.86815109374222],[-77.106991787895055,38.868150820032405],[-77.106991863460209,38.868150546322553],[-77.106991974143398,38.868150273029357],[-77.106992049175645,38.868150026773833],[-77.106992124740813,38.868149753064017],[-77.106992200306024,38.868149479354159],[-77.106992310989156,38.868149206060963],[-77.106992386021446,38.868148959805445],[-77.106992461586614,38.868148686095644],[-77.106992537151754,38.868148412385779],[-77.106992647834943,38.868148139092611],[-77.106992722867233,38.868147892837094],[-77.106992798432387,38.868147619127257],[-77.106992873997555,38.868147345417377],[-77.106992984680716,38.868147072124195],[-77.106993059712991,38.868146825868649],[-77.106993135278159,38.868146552158855],[-77.106993210843328,38.86814627844899],[-77.106993321526502,38.868146005155801],[-77.106993396558735,38.868145758900269],[-77.106993472123875,38.868145485190453],[-77.106993547689086,38.868145211480609],[-77.106993623254255,38.868144937770779],[-77.106993733404494,38.868144691931889],[-77.106993808969648,38.868144418222087],[-77.106993884534788,38.868144144512236],[-77.106993960099985,38.868143870802406],[-77.106994035132217,38.868143624546846],[-77.106994145815406,38.868143351253678],[-77.106994221380546,38.86814307754387],[-77.106994296945686,38.868142803834012],[-77.106994371977962,38.86814255757848],[-77.106994447543116,38.868142283868664],[-77.106994558226276,38.868142010575461],[-77.106994633791416,38.868141736865596],[-77.106994708823649,38.868141490610078],[-77.106994784388831,38.86814121690027],[-77.106994859953986,38.868140943190475],[-77.10699497063716,38.868140669897208],[-77.106995045669365,38.868140423641691],[-77.106995121234519,38.868140149931861],[-77.106995196799701,38.868139876222045],[-77.106995272364841,38.868139602512194],[-77.10699534739706,38.86813935625667],[-77.10699545808022,38.868139082963452],[-77.106995533645403,38.868138809253658],[-77.106995609210543,38.868138535543807],[-77.106995684775683,38.868138261833998],[-77.106995759807901,38.868138015578452],[-77.106995835373098,38.868137741868622],[-77.106995910938224,38.868137468158778],[-77.10699602162137,38.868137194865596],[-77.106996096653589,38.868136948610044],[-77.106996172218714,38.868136674900235],[-77.106996247783897,38.868136401190363],[-77.106996323349037,38.868136127480561],[-77.106996398381256,38.868135881225037],[-77.106996473946424,38.868135607515221],[-77.106996584629528,38.868135334221975],[-77.10699666019471,38.868135060512166],[-77.106996735759836,38.868134786802344],[-77.10699681079204,38.868134540546798],[-77.106996886357237,38.868134266836954],[-77.106996961922363,38.868133993127138],[-77.106997037487488,38.868133719417308],[-77.106997112519693,38.868133473161791],[-77.106997188084875,38.868133199451933],[-77.106997298768022,38.868132926158744],[-77.106997374333133,38.868132652448914],[-77.106997449898273,38.86813237873907],[-77.106997524930463,38.868132132483566],[-77.106997600495646,38.868131858773722],[-77.106997676060772,38.8681315850639],[-77.106997751625897,38.868131311354048],[-77.106997826658144,38.868131065098567],[-77.106997902223256,38.86813079138868],[-77.106997977788396,38.868130517678885],[-77.106998053353493,38.868130243969006],[-77.106998128918676,38.868129970259176],[-77.106998239068901,38.868129724420271],[-77.106998314633998,38.868129450710455],[-77.106998390199124,38.868129177000604],[-77.106998465764249,38.868128903290774],[-77.106998540796511,38.86812865703525],[-77.106998616361608,38.868128383325441],[-77.106998691926734,38.868128109615569],[-77.106998767491888,38.868127835905774],[-77.106998843056999,38.86812756219593],[-77.106998918089189,38.868127315940399],[-77.106998993654315,38.868127042230562],[-77.106999069219469,38.868126768520717],[-77.106999144784595,38.868126494810888],[-77.106999220349692,38.868126221101058],[-77.106999295381939,38.868125974845547],[-77.106999370947065,38.868125701135696],[-77.106999446512162,38.868125427425888],[-77.106999522077274,38.868125153716008],[-77.106999597642428,38.868124880006192],[-77.106999672674633,38.868124633750647],[-77.10699974823973,38.868124360040866],[-77.106999823804827,38.868124086330965],[-77.106999899369995,38.868123812621171],[-77.106999974935093,38.868123538911341],[-77.107000049967297,38.868123292655795],[-77.107000125532437,38.868123018945958],[-77.107000201097563,38.868122745236114],[-77.107000276662646,38.86812247152632],[-77.107000351694822,38.868122225270774],[-77.10700042725999,38.868121951560916],[-77.107000502825088,38.868121677851079],[-77.107000578390185,38.868121404141277],[-77.107000653955339,38.868121130431426],[-77.107000728987543,38.868120884175895],[-77.107000804552641,38.868120610466072],[-77.107000880117724,38.868120336756242],[-77.107000955682878,38.868120063046383],[-77.107001031247975,38.868119789336546],[-77.107001106280165,38.868119543081015],[-77.107001181845305,38.868119269371199],[-77.107001257410403,38.868118995661341],[-77.1070013329755,38.868118721951511],[-77.107001408540597,38.868118448241695],[-77.107001484105737,38.868118174531837],[-77.107001559137913,38.868117928276305],[-77.10700163470301,38.868117654566483],[-77.107001710268108,38.868117380856653],[-77.107001785833233,38.868117107146801],[-77.107001861398331,38.868116833436979],[-77.107001936430507,38.868116587181461],[-77.107002011995647,38.86811631347161],[-77.107002087560744,38.868116039761773],[-77.107002163125827,38.868115766051943],[-77.107002238690924,38.868115492342092],[-77.107002313723129,38.868115246086589],[-77.107002389288226,38.868114972376723],[-77.107002429735374,38.868114698250288],[-77.107002505300443,38.868114424540408],[-77.10700258086554,38.868114150830614],[-77.107002655897702,38.86811390457504],[-77.107002731462842,38.868113630865231],[-77.107002807027911,38.868113357155366],[-77.107003257699645,38.868113664568831],[-77.107008215260066,38.868093512358783],[-77.107012752467909,38.868073300240447],[-77.107016834738545,38.868053000342968],[-77.107020461006499,38.86803266757493],[-77.10702363180512,38.868012274482176],[-77.107026346601771,38.867991848519004],[-77.107028604864055,38.867971417139664],[-77.10703040765803,38.867950925435672],[-77.107031754451356,38.867930400861347],[-77.107032644178489,38.867909898325294],[-77.107033077905598,38.867889362918945],[-77.107033055100317,38.867868822096547],[-77.107032226769547,38.867846349473766],[-77.10703168875996,38.867830635610296],[-77.10702931311377,38.867808254473758],[-77.107026445286621,38.867785894958843],[-77.107023119331004,38.867763612390689],[-77.107019266077543,38.867741351027441],[-77.107014919578688,38.867719166194249],[-77.107010080367786,38.867697030436844],[-77.107004712794676,38.867674970792756],[-77.106998887095216,38.867652988095173],[-77.106992568152137,38.867631081927456],[-77.106985791083645,38.867609252706103],[-77.106978484588751,38.867587554506478],[-77.106970719969226,38.867565933253012],[-77.10696246157481,38.867544415983367],[-77.10695370887305,38.867523030151737],[-77.106944496981882,38.867501776174613],[-77.106934826434795,38.867480626597647],[-77.106924661048424,38.867459635912631],[-77.106914036473825,38.86743877708183],[-77.106902952711337,38.867418050105137],[-77.106891409228311,38.867397482436665],[-77.106879405492165,38.867377101530614],[-77.10686694256907,38.867356852478288],[-77.106854018860432,38.867336817642418],[-77.106840670550142,38.86731694253087],[-77.106826897638413,38.867297227143553],[-77.106826692262629,38.867296950100425],[-77.106721713316219,38.867146181311284],[-77.106659642286843,38.867056499759123],[-77.106622867846099,38.867003366405577],[-77.106614472497824,38.866992529669744],[-77.10641546825714,38.866714902484141],[-77.105980930934933,38.86613631113017],[-77.105958142886337,38.86610695975326],[-77.105944796038443,38.866088842027047],[-77.105931838683915,38.866070564159571],[-77.105919306472771,38.866052099113745],[-77.105907199404797,38.866033446889617],[-77.105895516413099,38.866014662395926],[-77.105884223447191,38.865995690307258],[-77.105873354557019,38.865976585949305],[-77.105862944859325,38.865957349739155],[-77.105852959770132,38.86593795380557],[-77.105843398755894,38.865918425603105],[-77.105834261282894,38.865898792586052],[-77.105829217220858,38.865887226682062],[-77.105825583534497,38.8658790002629],[-77.105817363910262,38.865859130996711],[-77.105809568359717,38.865839129461939],[-77.105802231466015,38.86581902353003],[-77.105795317578639,38.865798840238305],[-77.105788897464279,38.865778552966567],[-77.105782900888869,38.865758160880858],[-77.105777361902113,38.865737719306935],[-77.105772954656786,38.86571687926137],[-77.105752606892793,38.865598090011794],[-77.105733732456656,38.865513753908381],[-77.105709887413568,38.865430347358171],[-77.105698262701466,38.865397723362896],[-77.10568515616724,38.865365438757877],[-77.105658591527046,38.86530992738323],[-77.105632272299502,38.865263480931866],[-77.105566375013993,38.86516603684138],[-77.10546541222952,38.865011332682293],[-77.105416630989737,38.864963987798042],[-77.10536386342477,38.864919341609117],[-77.105276983080472,38.864853365165416],[-77.105195414568769,38.864796019481467],[-77.105145058478755,38.86476285293142],[-77.105085305875747,38.864725208481168],[-77.105015901899662,38.864683549919143],[-77.104962531096788,38.864653697671308],[-77.104917158520152,38.864629789552481],[-77.104824253644907,38.864584666203513],[-77.104754862766114,38.864542348582013],[-77.104725969637983,38.864523551671979],[-77.104687226290693,38.864498321745117],[-77.104621484684927,38.864452587364973],[-77.104533951610421,38.864387728479208],[-77.104488544519185,38.864351160412127],[-77.104445986268857,38.864312594098017],[-77.104406415187213,38.864272141026746],[-77.104364137614112,38.864222758514238],[-77.10430829228244,38.864161241854916],[-77.104256918115212,38.864097389239475],[-77.104215135130787,38.864038840684437],[-77.104177105474449,38.863978744014126],[-77.104146961098024,38.863924974645698],[-77.104114450474967,38.863859231744748],[-77.103788718629517,38.863216074255178],[-77.103551788015068,38.862756860040939],[-77.10346756985156,38.862579560767493],[-77.103244406173545,38.862109799893538],[-77.103172288186428,38.861971363881025],[-77.103040942454399,38.861717986657609],[-77.102762164699072,38.861153647399398],[-77.10256872801601,38.860764835891537],[-77.102422814210314,38.860471603739576],[-77.102209440302474,38.860048091016253],[-77.102004383924708,38.859630443620404],[-77.101926563532885,38.859478483051099],[-77.101901007455325,38.859432758708714],[-77.101854842091541,38.85935781788104],[-77.10180439331026,38.859284610967336],[-77.101783776910821,38.859257563786272],[-77.101755351451075,38.859220318056387],[-77.101696963616433,38.85915080611926],[-77.101653738924696,38.859103415862442],[-77.101601944488479,38.859050623597462],[-77.101523698029737,38.858981891078393],[-77.101482584207972,38.858943340787832],[-77.10144260850484,38.858904062600267],[-77.101384812897663,38.85884383927317],[-77.101329715965576,38.858782110265452],[-77.101847728061927,38.858639443252841],[-77.102260193438426,38.858524076592225],[-77.10264534290819,38.858422635492182],[-77.103598418310511,38.858139871016576],[-77.103899944859364,38.858050155800044],[-77.104069662214982,38.857999658692385],[-77.104245933285853,38.857947382225539],[-77.104300256324933,38.857931606530762],[-77.104290734539049,38.857904719141565],[-77.104287500611647,38.857894025940212],[-77.104284724221401,38.857883283256619],[-77.104284639524195,38.857882897799733],[-77.104282336210076,38.857872435347211],[-77.104282266941468,38.857872046641191],[-77.10428037008873,38.857861564992554],[-77.104280314054293,38.857861173011273],[-77.104278826391109,38.857850644738321],[-77.104278785785311,38.857850249507898],[-77.10427770458314,38.857839702038881],[-77.104277681567169,38.857839305301233],[-77.104277039777529,38.857828737311664],[-77.104277029962333,38.857828339014652],[-77.104276761748253,38.857817749721853],[-77.104276767294905,38.857817351607437],[-77.10427694018702,38.857806767558593],[-77.104276961095664,38.857806369626843],[-77.104277504867937,38.857795789987129],[-77.10427754110502,38.857795393953872],[-77.104278525482584,38.857784845296592],[-77.104278577048248,38.857784451161869],[-77.104279966918028,38.857773933069581],[-77.104280031617634,38.857773540807308],[-77.104281794594897,38.857763025434259],[-77.104281876784242,38.857762636812517],[-77.104284077137308,38.857752205588604],[-77.104284174621753,38.857751820581264],[-77.104286780499834,38.857741418206416],[-77.104289903614642,38.8577307181964],[-77.104293411902418,38.857720077686693],[-77.104297339942093,38.857709524549087],[-77.104301687199552,38.857699086237901],[-77.104306418561862,38.857688762335719],[-77.104311569675545,38.857678525805447],[-77.104317104359865,38.857668431138379],[-77.104323022614693,38.857658478334457],[-77.104343050215931,38.857627328825828],[-77.104557414324645,38.857335415726006],[-77.104595931369644,38.857285373281783],[-77.104625175076805,38.85724082259317],[-77.104650862344883,38.857194938974537],[-77.10467616390666,38.857139988730424],[-77.104696292785846,38.857083741271886],[-77.104696392428352,38.857083358006101],[-77.104711208010173,38.857026498182329],[-77.104711277095873,38.857026105971919],[-77.104723044008765,38.856959634705269],[-77.104723078048508,38.856959238645743],[-77.104727333532409,38.856908800979312],[-77.104727332492899,38.856908402786623],[-77.10472712972205,38.856857858929665],[-77.104727102314868,38.856857462139835],[-77.104725306506381,38.856832408638439],[-77.104725257087239,38.856832015019613],[-77.104721116908095,38.856798609626345],[-77.104721038826739,38.856798222532063],[-77.104711067751623,38.856748264544294],[-77.104699300208736,38.856706823770793],[-77.104687183126899,38.856674331035052],[-77.104666342665539,38.856626274234905],[-77.104642923554167,38.856578983142732],[-77.104621411174435,38.856540200069617],[-77.104593290695831,38.856494473269564],[-77.10456269211187,38.856449760514145],[-77.104535304743834,38.85641329667471],[-77.104498871975068,38.85638144855276],[-77.104460978819844,38.856350654027324],[-77.104450631334046,38.856342759642452],[-77.104429659208307,38.856326775350176],[-77.104389303867691,38.856297983625169],[-77.104345503829649,38.856269343160307],[-77.104330591374222,38.856259609549063],[-77.104065430256298,38.856097239707545],[-77.10401705294035,38.856063793984582],[-77.103971816258593,38.856027776818053],[-77.103950445011904,38.856008849392985],[-77.10392331379515,38.8559827136799],[-77.10390400523832,38.855962465199042],[-77.103879751237628,38.855934661125502],[-77.103691702197608,38.855691758876297],[-77.103500686957616,38.855408234052163],[-77.103459148813954,38.855339197948759],[-77.103424728516373,38.855274365612587],[-77.103417580101819,38.85526090719808],[-77.103380992136294,38.855181137882091],[-77.103350039486358,38.855116786144009],[-77.103329535074394,38.855067771944483],[-77.103314253709087,38.855026481424034],[-77.103278298814601,38.854910581272669],[-77.103278231782184,38.854910190875977],[-77.103271100098183,38.854869029916301],[-77.10327107928326,38.854868633204298],[-77.103269364827895,38.854835479712619],[-77.103269381352277,38.854835081728545],[-77.103270415977136,38.854810338184322],[-77.10327046319064,38.854809942281662],[-77.103273467409281,38.854785275375491],[-77.103273556150612,38.854784888548366],[-77.103282980141714,38.854744005221967],[-77.103288318410193,38.854727757055343],[-77.103301023387516,38.854695696764935],[-77.103326331512321,38.85464041732557],[-77.103351098306135,38.854594907462875],[-77.103359913105038,38.854578673191341],[-77.103398342526447,38.854518661823882],[-77.103413977345539,38.854496659544331],[-77.103445192715398,38.854459052685314],[-77.103478709123522,38.854418699655952],[-77.103552466372264,38.854335327482723],[-77.103622966491429,38.854260511732747],[-77.10390601858964,38.854008218682637],[-77.104127911854462,38.853830714811437],[-77.104469949091339,38.853557098240138],[-77.104469731624206,38.853556881118031],[-77.103478982223791,38.852565322369998],[-77.103628026645296,38.852520109965205],[-77.103766641785782,38.852471230895354],[-77.103787363150488,38.852465738047826],[-77.103850200061387,38.852450777826299],[-77.103913834739089,38.852438133761673],[-77.103978161858294,38.852427804600033],[-77.10404300480576,38.852419843161542],[-77.10413009271042,38.852412915093645],[-77.104373784033939,38.852401834926901],[-77.104735894914228,38.852381699225255],[-77.105703658271764,38.852368729894351],[-77.105840487525128,38.852364698033938],[-77.106803494581911,38.852336202761776],[-77.106965534699171,38.852325136767845],[-77.106997609660681,38.852322939499174],[-77.107084111363932,38.852317014903363],[-77.107637087672103,38.852305999976572],[-77.107729705398853,38.852303638391241],[-77.107828577004241,38.852301131211945],[-77.108055776602413,38.85229833320308],[-77.108100818317936,38.85229548958651],[-77.108145485022121,38.852290252422897],[-77.10818960115931,38.852282619631261],[-77.108199738708592,38.852280390212009],[-77.108459759153348,38.852223211826988],[-77.108646391572421,38.8521790153168],[-77.108716729148327,38.852155683497926],[-77.108785364381049,38.85212958539028],[-77.108862296254912,38.852090349488869],[-77.108936588970039,38.852038697475969],[-77.109004864992727,38.851982195958144],[-77.109110176204396,38.851895624334809],[-77.109461615896521,38.851574103473538],[-77.11008736262437,38.850996600376924],[-77.110762608497765,38.850383129548142],[-77.111435027689367,38.849751799429349],[-77.111910546500354,38.849314207013691],[-77.112148999841594,38.849077568818934],[-77.112263257812728,38.84897827601349],[-77.112366768151304,38.848882700554832],[-77.112433763005015,38.848817696555535],[-77.112505611399158,38.84874503341964],[-77.112569170054329,38.848677929173711],[-77.112637163049584,38.848603050992168],[-77.113366632206777,38.847390793207474],[-77.113366995483133,38.847390165901714],[-77.113391952597098,38.847347067590263],[-77.113425226353598,38.847289611147637],[-77.112711633106485,38.846730284749967],[-77.112587103073821,38.846632700330126],[-77.112351821635045,38.846451424334489],[-77.1120751026465,38.846233958923357],[-77.111947063613897,38.846136332302557],[-77.111812162760017,38.846030386160542],[-77.111538851536508,38.845818451877086],[-77.111469699409724,38.845762712375283],[-77.11114452650385,38.845508972504398],[-77.110964732768664,38.845364049098634],[-77.11078137594896,38.845221829311313],[-77.110604988066541,38.845082437789259],[-77.110421579535355,38.844942962878264],[-77.110314378395501,38.844859311457846],[-77.110459599111294,38.844248655435003],[-77.110497787558202,38.844089835010898],[-77.110609585176093,38.843574895790539],[-77.110170226109133,38.843415914012517],[-77.110117886152011,38.843398817799574],[-77.109957515321497,38.84333925110068],[-77.109800761674023,38.843274234862982],[-77.109689273681425,38.843228977125477],[-77.109581349583934,38.843181015417926],[-77.109571766742235,38.843177222157983],[-77.109561308383647,38.843173308682957],[-77.109551727139333,38.843169433057923],[-77.109541270378188,38.843165437217664],[-77.109522115339558,38.843157301600755],[-77.109511659645392,38.843153250848829],[-77.109502085319477,38.843149018311401],[-77.109492509399345,38.843144868136662],[-77.109482936671014,38.843140553234178],[-77.109473362348467,38.843136320694413],[-77.109462914105123,38.843131885575382],[-77.109443771847381,38.843123091037903],[-77.10943420231564,38.843118611404549],[-77.109425512556555,38.843114032349852],[-77.109415944622597,38.843109470351529],[-77.109396813012808,38.843100126716685],[-77.109377684067113,38.843090645806221],[-77.109368999101392,38.843085819656956],[-77.109359473194303,38.843080901161585],[-77.109350754720708,38.843075992231562],[-77.109341193710392,38.843071073318811],[-77.109261177021736,38.843034426258576],[-77.109181108286961,38.842995032447007],[-77.1091724531328,38.842990481243895],[-77.10916376181018,38.842985984533129],[-77.109155071552479,38.842981432912737],[-77.109145504185278,38.842976843437768],[-77.109128124207416,38.842967712739139],[-77.109119436613753,38.842963023843687],[-77.10911074582971,38.842958499674474],[-77.109102057706409,38.842953838232198],[-77.109093367456481,38.842949286607208],[-77.109075990683507,38.842939991173907],[-77.109066423326894,38.842935401692436],[-77.109057735209234,38.842930740246864],[-77.109049048156592,38.842926023891636],[-77.109022983281861,38.84291206700356],[-77.109005610250719,38.842902579378354],[-77.108996921609005,38.842897945382724],[-77.108953488524989,38.842874253759604],[-77.108944768508309,38.842869427162661],[-77.108936994749243,38.842864694161634],[-77.108928309308496,38.842859895433968],[-77.108919622804933,38.842855151614593],[-77.10886751285183,38.842826221958674],[-77.108859707188984,38.842821323809531],[-77.108851022290679,38.842816497621591],[-77.108842338989604,38.842811589069555],[-77.108833654093615,38.84280676288035],[-77.108816287497376,38.842796945773053],[-77.108808481841223,38.842792047620435],[-77.108782431959156,38.842777321952902],[-77.108773750263637,38.842772331032307],[-77.108765944613069,38.842767432876833],[-77.10875726291988,38.842762441955038],[-77.10874861526942,38.842757506357621],[-77.108739898473047,38.842752515018411],[-77.108732094423104,38.842747534497214],[-77.108714695941913,38.842737552231711],[-77.108706927000966,38.84273257212493],[-77.10869824531612,38.842727581198709],[-77.108689565228701,38.842722507908398],[-77.108681761717648,38.8427174999293],[-77.108673081632602,38.842712426637725],[-77.108664399952545,38.842707435708945],[-77.108656632614625,38.842702373235333],[-77.10863923787953,38.842692198777208],[-77.108631435439463,38.842687135885768],[-77.108622755893791,38.842682035135994],[-77.108614952923858,38.842676999697964],[-77.108606273380559,38.842671898946897],[-77.108597594902733,38.842666743286244],[-77.10858979300049,38.842661652937529],[-77.108581114525066,38.842656497275648],[-77.108573313689348,38.842651352016858],[-77.108564600110824,38.842646195937597],[-77.108556834915063,38.842641023639374],[-77.108548156444527,38.842635867974991],[-77.1085403556134,38.842630722714041],[-77.108531677677433,38.842625539593953],[-77.108523876848608,38.84262039433181],[-77.108515200511505,38.842615128847093],[-77.108507399684981,38.842609983583856],[-77.108498723350365,38.842604718097895],[-77.108490922526158,38.842599572833542],[-77.108482246194001,38.842594307346353],[-77.108466683382005,38.842583825049751],[-77.108457971415831,38.842578586598968],[-77.10845017272608,38.842573331514011],[-77.108441497464398,38.842568011114778],[-77.10843369877702,38.842562756028677],[-77.108425901155101,38.842557446033055],[-77.108417224832792,38.842552180541006],[-77.108401630127062,38.842541533092565],[-77.108392953808462,38.842536267598689],[-77.108377359109809,38.842525620146986],[-77.108368721093584,38.842520190340601],[-77.108353091296522,38.842509542469415],[-77.108344418178589,38.842504112244988],[-77.108336620569673,38.842498802243377],[-77.108328860196238,38.842493382839514],[-77.108321028016377,38.842488044966153],[-77.108312354371236,38.842482642193801],[-77.108288932843337,38.842466382310889],[-77.108281173541485,38.842460907994905],[-77.108272500434865,38.842455477765093],[-77.108264704965507,38.842450057940681],[-77.108256911094045,38.84244455575233],[-77.108249115627046,38.842439135926924],[-77.108233492252381,38.842428158585776],[-77.108224821282363,38.842422618534485],[-77.108217025287914,38.842417226161345],[-77.108209266529101,38.842411724386061],[-77.108201439157412,38.842406139414244],[-77.108185851434925,38.842395135028468],[-77.108178059172289,38.842389550471331],[-77.108170264781748,38.842384075731644],[-77.108162472521514,38.842378491173484],[-77.108154678665684,38.842372988978191],[-77.10810792513702,38.842339481614957],[-77.108100134483379,38.842333814689169],[-77.108092342234073,38.842328230126284],[-77.108084552115201,38.842322535744891],[-77.108076759868325,38.842316951180933],[-77.108037806637029,38.842288616536052],[-77.108030893628282,38.842282960013293],[-77.108023102986891,38.842277293082319],[-77.10801531447602,38.842271516332801],[-77.108007523837088,38.842265849400739],[-77.10799973479638,38.842260100104717],[-77.107991944159934,38.842254433171561],[-77.107985032755153,38.842248694282667],[-77.107953877146869,38.842225669634772],[-77.107946966280267,38.842219903289056],[-77.107939177249392,38.84221415398892],[-77.107852156066855,38.842265379808154],[-77.107843274847951,38.842270684249677],[-77.107829072987542,38.842278754046575],[-77.107820178455071,38.842284744848442],[-77.107811290842477,38.842290378741374],[-77.107801528256559,38.842295864951652],[-77.107791774720312,38.842300884434863],[-77.107782024377244,38.84230573919038],[-77.107771404385119,38.842310171718083],[-77.107760789715996,38.842314329699974],[-77.107750181434866,38.84231815822708],[-77.107739615179739,38.842321630261381],[-77.107728107467778,38.842324761598043],[-77.107717519416411,38.842327546851855],[-77.107706060119284,38.842329992240671],[-77.107694607743312,38.842332080720098],[-77.10766636370208,38.842339983931105],[-77.107302967446685,38.842429039467142],[-77.107133609152967,38.842470967168587],[-77.107045419386864,38.842491889266832],[-77.106960740115397,38.842512852962031],[-77.106910639165733,38.842380446503562],[-77.106734911064379,38.841938218973624],[-77.10671558507066,38.841889849062099],[-77.106713930425173,38.841890297971098],[-77.106629317650146,38.841913294312008],[-77.106579697546039,38.84192802839376],[-77.106529537587647,38.841941630152604],[-77.106448364072335,38.84196109728942],[-77.10636612310779,38.841977668311742],[-77.106282990229261,38.841991345301565],[-77.106209699718264,38.84200085522054],[-77.106135960892104,38.842008135444736],[-77.106061915777488,38.84201310527741],[-77.105987704269282,38.842015793840218],[-77.10591339711813,38.842016174512288],[-77.105881524785246,38.842015631194293],[-77.105838954511114,38.842012681554309],[-77.105785630316888,38.842010208300721],[-77.105732243827703,38.842009134784213],[-77.105689507460681,38.842009313649307],[-77.105636107020501,38.842010766317863],[-77.105593437573276,38.842012923121331],[-77.105540269441761,38.84201687743991],[-77.105487284737421,38.842022234415097],[-77.105434554200983,38.842028967426792],[-77.105371719561106,38.842038875659306],[-77.105319773390306,38.842048611167705],[-77.105268256904225,38.842059724799576],[-77.105186921689238,38.842080260119459],[-77.10512692155352,38.842097890932152],[-77.10507762485976,38.842114028728183],[-77.105006415954051,38.842132048028141],[-77.104966537236564,38.842144178585997],[-77.104958327453403,38.842146993574218],[-77.104927370641207,38.842157608252485],[-77.104888951271548,38.842172337445554],[-77.104851350403564,38.842188312091508],[-77.104814638780041,38.842205505571229],[-77.104778886610376,38.842223918720094],[-77.104718865504097,38.842258876849954],[-77.104670125539698,38.842291525043201],[-77.104624148600649,38.842326540232399],[-77.104581078309877,38.842363759363245],[-77.104547543648209,38.842396341123653],[-77.104369194485656,38.842521364229619],[-77.10423629218532,38.842620565115567],[-77.104158364313278,38.842666266892273],[-77.104078372716984,38.842709747209923],[-77.103996423784579,38.842750952408068],[-77.103922011239945,38.842785601670037],[-77.103836638069325,38.842822317378769],[-77.103607870775477,38.84290362615215],[-77.102990373930126,38.843076146801565],[-77.102287658056866,38.843297078968462],[-77.101963723313958,38.843405700710669],[-77.101908762623509,38.843424103898698],[-77.101594065398118,38.843518115659045],[-77.101545000375822,38.843534886346049],[-77.101496547448505,38.843552680355735],[-77.101448671508621,38.84357149727068],[-77.101401514048135,38.843591283855815],[-77.101335792090694,38.843621212240123],[-77.101327468626536,38.843625002197847],[-77.101255341996904,38.843661159911086],[-77.101185275113778,38.843699731217896],[-77.101130067066535,38.843732946209499],[-77.101117375966354,38.8437405801049],[-77.101100736630087,38.843751146443907],[-77.100592060570094,38.844104819818199],[-77.100457113325589,38.844200422198398],[-77.100392700237308,38.844247930294188],[-77.100325938911951,38.844293405714282],[-77.100274384387504,38.84432615584921],[-77.10021271017807,38.844362849484099],[-77.100068631226165,38.84444049299303],[-77.099947579942693,38.844507701271191],[-77.099905898189803,38.844534747309204],[-77.099853655329014,38.844564962656015],[-77.099789824386235,38.84459698946705],[-77.09973291566412,38.84462157455625],[-77.099685467917283,38.844643581324419],[-77.099636994796143,38.844664147878184],[-77.099587497373946,38.844683219307463],[-77.099537116078821,38.844700797286443],[-77.099496200318256,38.844713764918971],[-77.099447670808829,38.844733616741337],[-77.099387772408406,38.844754843233929],[-77.099148853390588,38.844824955569727],[-77.098648593450093,38.84498045394087],[-77.09828042912882,38.845096611073821],[-77.097604617578668,38.845304655587611],[-77.097345855055622,38.845392733737469],[-77.097335130910892,38.845396710982634],[-77.097189513384052,38.845450730035118],[-77.096856506267869,38.845618380034331],[-77.096610200261765,38.845740958974432],[-77.096460467232589,38.845821764022681],[-77.09645931563314,38.845822405880298],[-77.096313912148929,38.845908387388903],[-77.096313085911248,38.845908888966513],[-77.096172454989997,38.845999837712519],[-77.096171810083462,38.846000269373057],[-77.096036925994781,38.846095520803551],[-77.096035754899987,38.846096373529015],[-77.095905154806829,38.846196996584091],[-77.095781257856061,38.846301166612662],[-77.095780304551582,38.846301992763856],[-77.095662055088283,38.846410495236697],[-77.095661391055941,38.846411118891467],[-77.095549214758975,38.846523622523556],[-77.095548665931403,38.846524190918132],[-77.095443230619381,38.846639991452179],[-77.095442344096881,38.846640993462451],[-77.095342594766763,38.846761291716689],[-77.095218277888364,38.846901968733746],[-77.095106753857323,38.847028168974511],[-77.094976514775993,38.847197320386428],[-77.094703168973439,38.847552334826943],[-77.0944225779552,38.847916753026141],[-77.09408877683164,38.848350275190484],[-77.093720046216603,38.848829155152572],[-77.093592656242222,38.848994597628796],[-77.093212809264614,38.849487902201666],[-77.093141753366609,38.849583027920971],[-77.093056851210662,38.84969668846324],[-77.093055573205632,38.849698399744838],[-77.092917824145943,38.849882806033989],[-77.092565966076705,38.850334983319776],[-77.092215451974781,38.850786561236191],[-77.091935515598891,38.851147529878176],[-77.091853999400939,38.851252643512886],[-77.091363256477493,38.851884500650236],[-77.091263342359085,38.852013143280011],[-77.091114023676752,38.852206048477093],[-77.090901251291001,38.852480929555128],[-77.090872193437093,38.852518469815308],[-77.090814456565198,38.852577044050847],[-77.090813993533558,38.852577486447124],[-77.090750658242712,38.852632325714502],[-77.090750102742575,38.852632782447145],[-77.090680907260932,38.852684027764035],[-77.090598188210848,38.852735862421056],[-77.090510034239543,38.85278189417398],[-77.090417106264397,38.852821775672219],[-77.090323858062035,38.852856610761506],[-77.090038390447859,38.852963254016608],[-77.08991232069026,38.853014426790836],[-77.089911510559958,38.85301477233422],[-77.089789956950156,38.853072020006671],[-77.0897890526645,38.853072465679887],[-77.089672107785532,38.853135767064934],[-77.089671515135251,38.853136103205252],[-77.089559363840166,38.853205433077051],[-77.089557225375898,38.853207027572282],[-77.089547205549124,38.85321473351938],[-77.089537289433551,38.85322252309409],[-77.089527512679226,38.853230369264033],[-77.089517803986041,38.853238326094136],[-77.089508199543545,38.853246339097609],[-77.08949869881225,38.85325443572885],[-77.089489336902744,38.853262616409701],[-77.089481464294181,38.853269622155111],[-77.089480079244012,38.853270853264057],[-77.089470889646293,38.853279200778665],[-77.089461874520595,38.853287605310506],[-77.089452928534996,38.85329606559408],[-77.089444121371272,38.853304609927342],[-77.089435417918821,38.853313237888557],[-77.089426818717129,38.853321922023397],[-77.089418358337397,38.853330690208054],[-77.089410002208481,38.853339514566386],[-77.089401749790895,38.853348422552749],[-77.089393636734783,38.853357387134714],[-77.089385663040261,38.853366408312269],[-77.08937779305711,38.853375513117911],[-77.08937002732489,38.853384674097363],[-77.089362400954286,38.853393891672489],[-77.089354913945343,38.853403165843368],[-77.089347530647885,38.853412523642405],[-77.089340286712144,38.853421938037201],[-77.089333147027432,38.853431408605893],[-77.089326147244122,38.853440908316067],[-77.0893192862831,38.853450492076384],[-77.089312529573192,38.853460132010731],[-77.089305912225214,38.853469828540909],[-77.089299434778709,38.853479554212662],[-77.089293096154663,38.853489363934706],[-77.089286862321472,38.853499202376447],[-77.089280767850397,38.853509097414147],[-77.08927481274138,38.853519049047833],[-77.089153388339341,38.853705778768116],[-77.089138993184079,38.853725691633173],[-77.088927433143994,38.854018340591615],[-77.088707961095366,38.854317222053957],[-77.088627728265493,38.854439693826926],[-77.088555577524161,38.854588707469631],[-77.088532278301273,38.854644831838684],[-77.088522797820758,38.854705461154225],[-77.088515970707306,38.854770461177026],[-77.088514649068287,38.854837669334273],[-77.088521640592162,38.854942900808908],[-77.088516386289584,38.855044003232301],[-77.088515159446217,38.855136751070255],[-77.088515319516532,38.855153613926838],[-77.088516465409541,38.855170351331978],[-77.088521000548923,38.855254051457685],[-77.088523240930812,38.855329430829975],[-77.088523795417942,38.855404817392234],[-77.088522593781647,38.855480210300144],[-77.088314597843066,38.855520273635733],[-77.087831136173861,38.855620210709553],[-77.087209921672141,38.85575992651237],[-77.087069281743126,38.855792999336053],[-77.086472494578743,38.855933389704525],[-77.086243179197027,38.855985879593497],[-77.086217716300183,38.855991710450127],[-77.085475498095121,38.856161663399725],[-77.084415166549974,38.856429101632173],[-77.084029069055092,38.856526481327279],[-77.083630134384663,38.856631512343441],[-77.082218784298973,38.856996025954537],[-77.082218106953135,38.856996201418859],[-77.081713341427189,38.857124662611959],[-77.081618049503788,38.857148226122213],[-77.081060252275549,38.857292520310118],[-77.081159383750261,38.857609517818545],[-77.081356675734696,38.858227024257921],[-77.081448689038069,38.858516582721563],[-77.081450414575826,38.858522015066796],[-77.082241331203107,38.860983790695968],[-77.082277593028337,38.861096817811102],[-77.079841770714992,38.861720946593501],[-77.079766761219133,38.861723816844744],[-77.079760653962524,38.861724050186126],[-77.079124716261248,38.861748381999909],[-77.078604754417483,38.861755434263976],[-77.077184703707871,38.861455387704623],[-77.076966503586021,38.861477457976406],[-77.075488204961545,38.861635280412571],[-77.074865169064708,38.861701863734368],[-77.074799554406241,38.861470396371125],[-77.074737198418035,38.861249952840815],[-77.074674951858029,38.861024018424025],[-77.074642700477554,38.860891814922624],[-77.074616489734524,38.860784399488118],[-77.074593526144184,38.860704484295191],[-77.074521638700361,38.860431721835326],[-77.074462631724998,38.86021958445378],[-77.074452915503201,38.860178275231377],[-77.074069301193759,38.860217554100863],[-77.073925006795321,38.860232278022316],[-77.073886296913784,38.86023606425686],[-77.073003002222848,38.860322680402192],[-77.072485680166352,38.860374059334916],[-77.072432899960901,38.860378909752093],[-77.072383631148043,38.860383802842719],[-77.072393127769089,38.860436093914359],[-77.071791257042321,38.860500199585466],[-77.071780530866903,38.860500892930673],[-77.07176976520654,38.860501805481221],[-77.071759066495986,38.860502883610309],[-77.071748363414414,38.860504181371979],[-77.07173776294286,38.860505617685206],[-77.071727193214144,38.860507274058165],[-77.071716655320898,38.860509095582543],[-77.071706148716615,38.860511109712547],[-77.071695743629405,38.86051331730247],[-77.071685370923802,38.86051566258967],[-77.071675099188752,38.860518228791044],[-77.071664859288759,38.860520960143901],[-77.071654721451935,38.860523857502578],[-77.071644685131801,38.860526948321336],[-77.071634715214174,38.860530232173062],[-77.071624848452373,38.860533627122251],[-77.07161508320705,38.860537215531572],[-77.071605420024568,38.860540969946889],[-77.071595857812156,38.860544945276615],[-77.071586434415707,38.860549004676948],[-77.071577147649705,38.860553257964781],[-77.071567927832206,38.860557676831434],[-77.071558845191433,38.860562262131452],[-77.071549899727344,38.860567013864753],[-77.071541127646825,38.860571877550321],[-77.071532456535962,38.860576962150446],[-77.07152392424095,38.860582130821406],[-77.07151559935069,38.860587466780309],[-77.071259572916404,38.860743624340301],[-77.071163671533441,38.860797378956498],[-77.071065893931916,38.860848337115243],[-77.071060747163145,38.860851048020443],[-77.071051279836254,38.860855546217259],[-77.071041673144563,38.860859987795394],[-77.071032104298965,38.860864292529165],[-77.071022396088509,38.860868540644255],[-77.071012619835059,38.86087267808702],[-77.071002810652658,38.860876705284831],[-77.070992897766416,38.860880648837067],[-77.070982951951393,38.860884482144336],[-77.070972937546756,38.86088823223335],[-77.070962855099197,38.860891871650004],[-77.070952704062051,38.860895427848369],[-77.070942520096281,38.860898873801752],[-77.07093226808766,38.860902209082596],[-77.070921982603849,38.860905461572642],[-77.070911629077287,38.860908603390165],[-77.070901207507973,38.860911634535192],[-77.070890788124444,38.860914555862543],[-77.07088026503736,38.860917393544113],[-77.070869709021963,38.860920120980524],[-77.070685748044966,38.860986533705777],[-77.070675916289801,38.860989929002329],[-77.070666015945434,38.860993241080507],[-77.070656047558586,38.860996442486183],[-77.070646079717648,38.8609996164368],[-77.070636044381089,38.861002652260566],[-77.07062597556974,38.861005605293499],[-77.070615837622498,38.861008502562122],[-77.070605701861567,38.861011290013153],[-77.070595497511619,38.861013994245731],[-77.070585259687022,38.861016615687362],[-77.070574988387676,38.861019154337974],[-77.070564684160601,38.86102158274349],[-77.070554346458849,38.861023928357959],[-77.07054397473577,38.861026218635615],[-77.070533605746093,38.861028371641474],[-77.070523167620763,38.86103046888293],[-77.070512696021012,38.861032483333375],[-77.070502226607957,38.861034387966178],[-77.070491688606239,38.861036209380359],[-77.070481152791245,38.861037920976877],[-77.070470583501987,38.861039549782326],[-77.070460015852746,38.861041096224263],[-77.070449449843593,38.861042560302664],[-77.070438780131653,38.861043940734952],[-77.070428147720946,38.861045211777046],[-77.070417482382993,38.861046372573867],[-77.070406818685271,38.861047451007174],[-77.070396085852352,38.861048473676],[-77.070385425435205,38.861049387382231],[-77.070374696976671,38.861050190415604],[-77.070363969064744,38.861050965993805],[-77.070353244980751,38.861051549391739],[-77.070342486329125,38.861052104906896],[-77.07033173041178,38.861052523150178],[-77.070320975041213,38.861052913938245],[-77.070310222405013,38.861053167454429],[-77.070299471409413,38.861053338607036],[-77.070288686940202,38.861053426968517],[-77.070277939772851,38.861053405939892],[-77.070267124017661,38.861053301692436],[-77.07025638013188,38.861053115936713],[-77.070245638433818,38.861052820363241],[-77.070234863262328,38.861052441998588],[-77.069447889962774,38.861024805424336],[-77.069329688088999,38.861698004382824],[-77.069322646143164,38.861755806037344],[-77.069264196581315,38.862171839569733],[-77.069236535906782,38.86239300165488],[-77.069222453766244,38.862505639185841],[-77.069174278538426,38.862897797041441],[-77.069165769900906,38.862947562233792],[-77.069153209527784,38.863013809472676],[-77.06913746774481,38.863088118885479],[-77.069119974541309,38.863162187264138],[-77.069100765574788,38.863235987581724],[-77.069080298102492,38.863307505322247],[-77.069077395765376,38.863317645907081],[-77.069031963283393,38.863464721656996],[-77.06899605273621,38.863571106638133],[-77.068965107040285,38.863652205768837],[-77.068931365163877,38.863732611749583],[-77.068880606114874,38.863843813583372],[-77.068827197823069,38.863953994511817],[-77.068779140520888,38.864047709220394],[-77.068733217120723,38.864133046906304],[-77.068688771068196,38.864214750292533],[-77.068627905821415,38.864304299521763],[-77.068583499710428,38.864375183786784],[-77.068539261624537,38.864437639608099],[-77.068483900658777,38.864518880314783],[-77.068425912917405,38.864597974484219],[-77.068351387253131,38.864697901972477],[-77.068255070773276,38.864814342265873],[-77.068153138452757,38.864937052299467],[-77.06813407543045,38.864960001916891],[-77.068103342244697,38.864991751144011],[-77.06808770334591,38.865007904765356],[-77.067982798461514,38.865107598835323],[-77.067867051185345,38.865212767724252],[-77.067865832675622,38.865213873606891],[-77.067865613547596,38.865214073457786],[-77.067819313580387,38.865256145087486],[-77.06777077293917,38.865294767061542],[-77.067553207639307,38.865454983173855],[-77.067456521174591,38.865524734895942],[-77.067358247661275,38.865593039211973],[-77.067248281322364,38.865664660831335],[-77.067164742321253,38.865716256373439],[-77.067071506700486,38.865771468193543],[-77.066977003713589,38.865824397238107],[-77.062897578066298,38.86702256665221],[-77.062462383250818,38.867144515247553],[-77.062285366476047,38.867192184191502],[-77.06211695574504,38.867226792501896],[-77.061997017847119,38.867231200319893],[-77.061784623487284,38.867220086100453],[-77.061742821367261,38.867218448177674],[-77.061655145179628,38.867215040024469],[-77.061512415123815,38.867208705564352],[-77.061369790106497,38.867198884689955],[-77.061162488825531,38.867182531800729],[-77.060968565571386,38.867159422367543],[-77.060775037179624,38.867141150561928],[-77.060559458430973,38.867101435804159],[-77.060373668953346,38.867065106582814],[-77.060078892474806,38.86699860668547],[-77.0600504470262,38.866991282791638],[-77.059771376652932,38.866919317788309],[-77.059354218695645,38.866797052217748],[-77.058494342536761,38.866567910385818],[-77.058402622894292,38.866544091352722],[-77.058274479361245,38.866510810985694],[-77.058170746082496,38.866483864752901],[-77.058071529260388,38.866458092921789],[-77.057959371535162,38.866430215785115],[-77.057647188572432,38.866363166405641],[-77.057332984194986,38.866305839960553],[-77.056968111532655,38.866240667762121],[-77.056635151358591,38.866197306199162],[-77.056446129465598,38.866173453126848],[-77.056334730686629,38.866159410305499],[-77.056298170054475,38.866154800453515],[-77.055923191699478,38.866108393813612],[-77.055490536829623,38.866065532855615],[-77.054969864930257,38.866020598517885],[-77.054524577502889,38.86599809179971],[-77.05438107765508,38.865990009119656],[-77.054327375753772,38.865988029809245],[-77.054245027378414,38.865985593055797],[-77.05394263137191,38.865976646511079],[-77.053647925452481,38.865976861157904],[-77.053223307124156,38.865991950915117],[-77.05286460823605,38.866012794567041],[-77.051184241237195,38.866260519706067],[-77.05116987977361,38.866263649819238],[-77.051041698204997,38.866291586835501],[-77.051005923514495,38.866299383628174],[-77.050821084733769,38.866345021724918],[-77.050781833254604,38.866356263073015],[-77.050642985930054,38.866396070144731],[-77.050628916266874,38.866400293648717],[-77.050432819815924,38.866459162202936],[-77.050133007391636,38.866562832617156],[-77.049963317506283,38.866621508136994],[-77.049830477038526,38.866673416314605],[-77.049496707006568,38.866824887068127],[-77.049392605034996,38.866878220746699],[-77.049320777433493,38.866916217986777],[-77.049264372200568,38.866947156054735],[-77.04925971914011,38.866949707350308],[-77.049195113408828,38.866983180311479],[-77.049135213864247,38.867016683928576],[-77.049076489373562,38.867051135706362],[-77.048994990107943,38.867100134903666],[-77.048951498942358,38.867126454212617],[-77.048917040196201,38.867147310567624],[-77.048853406463806,38.867190022219702],[-77.048756263501559,38.867251789461918],[-77.04858273888641,38.867371735816526],[-77.048313963426168,38.867567504713705],[-77.048230029439551,38.867632620298302],[-77.048148655110822,38.867699689736689],[-77.048069946903894,38.86776865942867],[-77.047993905931008,38.867839474471438],[-77.047940362709056,38.867892086497008],[-77.047888311686449,38.867945595701322],[-77.047784834215179,38.868059926366563],[-77.047630878406395,38.868233332587408],[-77.047589446677804,38.868282798953416],[-77.047555483411443,38.868325986758073],[-77.047523016831533,38.868369852128602],[-77.047487047874156,38.868421884974943],[-77.04744407695172,38.868490115507321],[-77.047334942061397,38.86866347165558],[-77.047181513128791,38.868916575345295],[-77.047023588619055,38.869190411105031],[-77.046877811563888,38.869433283778513],[-77.046677569203879,38.869779339284733],[-77.046653944430744,38.869820183305457],[-77.046525160405835,38.870045471196065],[-77.046498805772615,38.870091553886517],[-77.046338568019252,38.87037181338561],[-77.046130820399924,38.870725683768285],[-77.045923494241734,38.87107598908058],[-77.04590158937647,38.871115124208977],[-77.045694237781703,38.871485640011088],[-77.045627292955828,38.871611707656946],[-77.046416398150384,38.872148233183765],[-77.046423556094453,38.872141703716977],[-77.046429836047466,38.872135163381458],[-77.046437029108603,38.872128634348549],[-77.046444149704797,38.872122214261729],[-77.046450427429775,38.872115783741059],[-77.046464739411263,38.872102916980765],[-77.046479048051012,38.872090214942716],[-77.046493353349163,38.872077677626827],[-77.046499636070635,38.872071000017471],[-77.046506797335951,38.872064305821482],[-77.046513078942823,38.872057683119394],[-77.046520238537326,38.872051071284581],[-77.046527395906168,38.872044569265277],[-77.04653367750943,38.872037946562038],[-77.046540835431827,38.872031417087953],[-77.046569459323578,38.872005683543009],[-77.046583767925412,38.871992981491879],[-77.046590920278277,38.871986726554631],[-77.046598039178534,38.871980388820248],[-77.046605224980183,38.871974216678801],[-77.046613255873112,38.871967945153166],[-77.046620406552762,38.8719617725761],[-77.046627555563063,38.871955682360579],[-77.046635584227801,38.871949520649395],[-77.046642733235586,38.871943430432943],[-77.046650758561483,38.871937433444671],[-77.046657907566797,38.871931343227288],[-77.046665930665966,38.871925456053958],[-77.046673955987941,38.871919459064102],[-77.046681101653363,38.871913533569284],[-77.046689125304653,38.871907618940362],[-77.046705168711242,38.871895981858891],[-77.046713189022555,38.871890231952342],[-77.046721210444602,38.871884427137189],[-77.046729228529344,38.87187878704556],[-77.046737248836834,38.871873037137277],[-77.046745266919046,38.87186739704449],[-77.046777333675493,38.87184511120784],[-77.046786226401835,38.871839646701929],[-77.046794239472703,38.871834253691759],[-77.046803130528474,38.871828871546576],[-77.046811143596869,38.871823478535234],[-77.046820065784004,38.871816558964589],[-77.046829841493064,38.87181085823466],[-77.046841347598217,38.871806442118519],[-77.046853702222364,38.87180349192856],[-77.046866023488718,38.871802188977441],[-77.046878315289717,38.871802341087268],[-77.046889730772804,38.871802399968878],[-77.046901155150806,38.871802019585395],[-77.046912589535424,38.871801145028677],[-77.046923153160989,38.871799902704218],[-77.046934607002186,38.871798067255263],[-77.046945189528074,38.871795891492717],[-77.04695666004541,38.871793232421481],[-77.046967261470769,38.871790123220826],[-77.046976993248137,38.871786591344886],[-77.046987612460413,38.871782603614236],[-77.046997360912627,38.871778248116541],[-77.047007117702051,38.87177348080796],[-77.047016003175443,38.87176837318664],[-77.047020570430305,38.871759669678724],[-77.047027710393692,38.871752288665782],[-77.047037521752742,38.871746560899055],[-77.047048130394089,38.871743094788989],[-77.047060448311299,38.871741956541491],[-77.047071835991574,38.871743388105678],[-77.04708317586811,38.871747180713129],[-77.047099747526332,38.871752823009643],[-77.047118183548349,38.871753133499197],[-77.047130509803864,38.871751583434275],[-77.047142841617216,38.871749758828024],[-77.047155211884416,38.87174776993097],[-77.047167482351,38.871745505189061],[-77.047179863177391,38.871742994663308],[-77.047192212218476,38.8717403189777],[-77.047206343352059,38.871736374677567],[-77.047218746304665,38.87173103595066],[-77.047231177045717,38.871724324522148],[-77.047241804571684,38.871719924958356],[-77.047253296741985,38.871716195151883],[-77.047264775016259,38.871713151694472],[-77.047276235504356,38.871710986764079],[-77.047288560081853,38.871709519044572],[-77.047299991668112,38.871708781720187],[-77.047312285677123,38.871708823968511],[-77.047520378632527,38.871667488188379],[-77.047657899818645,38.871641728282249],[-77.047667619873508,38.871638772883159],[-77.047678216800179,38.871635883250242],[-77.047687900067189,38.871633009777149],[-77.047697651905196,38.871630219533955],[-77.047708247162518,38.871627412260388],[-77.047717963879634,38.871624621581155],[-77.047728592032243,38.871621924556102],[-77.047738270294801,38.871619298164894],[-77.047748861104068,38.871616710519703],[-77.047758575040149,38.871614057107159],[-77.047769164736692,38.871611524368141],[-77.047778875337769,38.871609035677956],[-77.047789462254912,38.871606640207141],[-77.047799172299023,38.871604178969299],[-77.04780975865917,38.871601810950686],[-77.047820342796314,38.871599552747121],[-77.047830049504952,38.871597256230778],[-77.047840598521489,38.871594997591068],[-77.047851216664824,38.871592794727071],[-77.047860919482602,38.871590690386228],[-77.04788208108306,38.871586503417042],[-77.047892660215709,38.871584492293039],[-77.047902361920066,38.871582442856827],[-77.047912939384929,38.871580514093026],[-77.047944666220744,38.871575002336009],[-77.047955240350177,38.871573238292456],[-77.047964936495973,38.871571463391149],[-77.047975508402345,38.871569809161791],[-77.048007220229891,38.871565038646175],[-77.048017788801303,38.871563549137065],[-77.048028355705767,38.871562141989052],[-77.048038924831815,38.871560625024067],[-77.048070620542092,38.871556650657581],[-77.048081184111624,38.871555408228886],[-77.048112869818851,38.871551928023202],[-77.048123430054176,38.871550850314783],[-77.048144546635697,38.871548887073146],[-77.048207963152251,38.871541432880967],[-77.048310107274204,38.871526219175408],[-77.048500715982129,38.871479145879562],[-77.048751486078672,38.871413593210598],[-77.04876292759667,38.871412361571494],[-77.048774379663342,38.87141060830497],[-77.048784962076297,38.871408432376391],[-77.048796434684363,38.87140566330914],[-77.048807038193544,38.871402444125998],[-77.048817651140126,38.87139875822367],[-77.048827394987597,38.87139462220577],[-77.048837146606601,38.871390101830833],[-77.048846908217698,38.871385087282768],[-77.048855800729413,38.871379622619507],[-77.048864700457116,38.871373801053373],[-77.048935549591889,38.871344469621874],[-77.048946062596855,38.871345725430757],[-77.048957460799585,38.871346635185944],[-77.048967984352885,38.871347369366561],[-77.04897939143828,38.871347839855339],[-77.048989925539459,38.871348052407726],[-77.049001342617373,38.871348028722068],[-77.049011887265948,38.871347719646131],[-77.049023314891059,38.871347174332051],[-77.049033869531442,38.871346371081849],[-77.049044428057357,38.871345375652574],[-77.049055906344009,38.871344062056785],[-77.049066439741864,38.871342572019287],[-77.049077013254418,38.871340835328631],[-77.049087594537724,38.87133871428081],[-77.049098179150945,38.871336428507931],[-77.049108802213226,38.871333978443921],[-77.049119361697308,38.871331198062869],[-77.049129959630235,38.871328253390686],[-77.049139685132744,38.871325023329362],[-77.049149435057402,38.871320585290498],[-77.049159177765006,38.871316504153],[-77.049169789570669,38.871312873126769],[-77.049180391384226,38.871309736271911],[-77.049190984871075,38.871307011226321],[-77.0492024814655,38.871304791633634],[-77.049213023180215,38.871302889772736],[-77.049224465782743,38.871301603180555],[-77.049235900059287,38.871300728397529],[-77.049246446365004,38.871300336938496],[-77.049257861770158,38.871300395589962],[-77.049269266629921,38.871300975866653],[-77.049280661499509,38.871302050314561],[-77.049292124081177,38.871299775371149],[-77.049303575561922,38.871298049506969],[-77.049315891701966,38.871296993384838],[-77.04932731765166,38.8712965304032],[-77.049339609371273,38.871296682255405],[-77.049351010901134,38.871297427248258],[-77.049363278201525,38.871298787074757],[-77.049374654202779,38.871300794950209],[-77.049386019105086,38.871303351904892],[-77.049396504918178,38.871305952920395],[-77.04940611053199,38.871308652905014],[-77.049416594126725,38.87131136373479],[-77.049426196412242,38.871314228441875],[-77.049436678343667,38.871317021631903],[-77.049446278965874,38.87131996869941],[-77.049456759234062,38.87132284424969],[-77.049466358193072,38.871325873677613],[-77.049476834023352,38.871328968858258],[-77.049496029170768,38.871335164980074],[-77.04950650222905,38.871338397428168],[-77.049525689612608,38.871344977901387],[-77.049536159344129,38.871348375070902],[-77.049545715976748,38.871351760960749],[-77.049555341738838,38.871355202625452],[-77.049574518588145,38.871362304717024],[-77.049584104794604,38.871365965577667],[-77.049612860090519,38.871377112879117],[-77.049622442971582,38.871380938460746],[-77.049632059863157,38.871384819383465],[-77.049641604297733,38.871388809253858],[-77.049651186627017,38.871392662287171],[-77.049659885982209,38.87139675156174],[-77.049669463874579,38.871400824225702],[-77.049688615778521,38.871409161729432],[-77.049697312918411,38.87141336081725],[-77.049706887485968,38.871417598202271],[-77.049715582408538,38.871421907104832],[-77.049725153649234,38.871426309212453],[-77.049733846909419,38.871430700475727],[-77.049743416487857,38.87143518494392],[-77.049752107530878,38.871439686021873],[-77.049901844403223,38.871504695244717],[-77.050054927063201,38.871577983846365],[-77.050280263204925,38.871726308642224],[-77.050429058362539,38.871837989021053],[-77.050452410741201,38.871855769865967],[-77.050459314849519,38.871861786639784],[-77.050467095282414,38.871867896613345],[-77.050473998283991,38.871873968294366],[-77.050481778719458,38.871880078266919],[-77.050489557492568,38.871886270601053],[-77.050496456061353,38.871892561912809],[-77.050503357404111,38.871898715954131],[-77.050511132853799,38.871905073010893],[-77.05052492778178,38.871917765447577],[-77.05053871827829,38.871930677514726],[-77.050559400705183,38.87195021033645],[-77.050566293186378,38.871956803638255],[-77.050572305462424,38.871963495918408],[-77.050579197391556,38.871970116673431],[-77.050585208560847,38.871976863860958],[-77.050592098828901,38.871983566977256],[-77.050598109446,38.871990341618122],[-77.050604996389453,38.871997209457774],[-77.050617014856996,38.872010896007886],[-77.050629029447549,38.872024774734861],[-77.050647045797078,38.872045867363077],[-77.050659053190827,38.872060102989082],[-77.050664179731655,38.872067168783992],[-77.050670181490688,38.872074382685284],[-77.050833765641897,38.872323549363223],[-77.050798313264053,38.872339588354279],[-77.050832379559679,38.872392184408753],[-77.050843026368796,38.872386823629185],[-77.051428298420518,38.873324967957089],[-77.051421163536631,38.87333037211242],[-77.05144837297415,38.873374645123036],[-77.051473123393023,38.873366712177656],[-77.051478275806303,38.873374245086168],[-77.051482478311726,38.873381848659498],[-77.051492709023606,38.873397105787078],[-77.051496947206374,38.87340468233905],[-77.051502062842019,38.873412297175236],[-77.051506300472468,38.873419901180903],[-77.051510536441299,38.873427587548399],[-77.051515652080028,38.87343520238398],[-77.051519888050748,38.873442888751114],[-77.051525002029024,38.873450585948312],[-77.051537709949642,38.873473645048144],[-77.051541943708315,38.873481441230467],[-77.051547057691707,38.873489138426621],[-77.051572463039918,38.873535778245845],[-77.051576694589386,38.873543684242854],[-77.051580929464734,38.873551425515622],[-77.051584284116387,38.873559265774539],[-77.051596981546453,38.873582846493591],[-77.051600335647166,38.873590714205953],[-77.051604568311262,38.873598565293854],[-77.05160792075111,38.873606515368024],[-77.051612153416954,38.87361436645562],[-77.05161638386717,38.873622327359051],[-77.051619736863572,38.873630249978859],[-77.051623966761426,38.873638238336021],[-77.051630637637814,38.873654083141794],[-77.051634903766896,38.873662017023669],[-77.051638256213067,38.873669967096866],[-77.051644958336979,38.873686004512997],[-77.051649189349178,38.873693937961143],[-77.051662593055255,38.873726040245501],[-77.051665942182751,38.873734155041852],[-77.05166841385487,38.873742231554999],[-77.051671761321401,38.873750428713173],[-77.051674232440618,38.873758532680149],[-77.051676701898032,38.873766719009069],[-77.051680051028995,38.87377483380493],[-77.051687459960732,38.873799365337092],[-77.051689927758673,38.873807634027692],[-77.051692397219583,38.873815820356199],[-77.051694865018703,38.873824089046686],[-77.051697334480721,38.873832275375044],[-77.051698924269516,38.873840533236496],[-77.051703859871495,38.873857070617007],[-77.051705449661625,38.87386532847831],[-77.051707915801586,38.873873679530469],[-77.051709505592527,38.873881937391701],[-77.051711973395868,38.873890206081654],[-77.051715149655124,38.873906886527976],[-77.051716739447613,38.873915144389024],[-77.051719205590643,38.87392349544082],[-77.051722381298916,38.87394020334078],[-77.051723091972008,38.873948505280978],[-77.05172467954992,38.873956872957876],[-77.051726266019998,38.873965295542796],[-77.051727854152773,38.873973635765644],[-77.051728564272707,38.873981965159729],[-77.051730150189698,38.873990415198485],[-77.051731738323468,38.873998755421233],[-77.051733155240299,38.874015578933353],[-77.051734743374979,38.87402391915596],[-77.05174111784909,38.874099707321186],[-77.051740948294778,38.874108108248421],[-77.051741655092982,38.87411660236625],[-77.051742362999548,38.874125041575972],[-77.051742193445321,38.874133442503172],[-77.051745006422934,38.874342179604852],[-77.051744836868536,38.874350580531562],[-77.051745546994184,38.87435890992478],[-77.051744700329991,38.874400859650059],[-77.051745410456121,38.87440918904317],[-77.05174304112191,38.874526582381606],[-77.051741993546884,38.874534972479374],[-77.051741318650343,38.874568411460508],[-77.051740270520384,38.874576829012142],[-77.051739763515997,38.874601949428765],[-77.051738750506217,38.874610367413453],[-77.051738413056924,38.874627086903736],[-77.051737365479894,38.874635477001256],[-77.051737027476051,38.874652223945411],[-77.051735981560782,38.874660531680846],[-77.051735812004566,38.87466893260688],[-77.051734764426584,38.874677322704265],[-77.051734596532484,38.874685641268286],[-77.051733548400051,38.874694058819635],[-77.051733381059876,38.874702349929549],[-77.051732333481141,38.874710740026863],[-77.051732163370261,38.874719168406813],[-77.051731117453457,38.87472747614207],[-77.051730034199082,38.874735893260137],[-77.051729866304299,38.874744211824002],[-77.051728853845461,38.874752602354349],[-77.051728685950508,38.874760920918185],[-77.051726590235901,38.874777728566443],[-77.051726422340593,38.874786047130215],[-77.05172537475984,38.874794437227273],[-77.051724328841161,38.874802744962324],[-77.05172328125991,38.874811135059339],[-77.051723113364162,38.87481945362304],[-77.051722030107442,38.874827870740852],[-77.051721019862953,38.8748361514549],[-77.051663869899059,38.875230937599042],[-77.051662824521046,38.875239217878608],[-77.051660935681099,38.875247515216152],[-77.051659854627246,38.875255822516493],[-77.051657930665371,38.875264119420798],[-77.051656886394454,38.875272344792243],[-77.051654961877688,38.875280669150442],[-77.05165287000959,38.875297284617204],[-77.051650946045825,38.875305581521303],[-77.051648854176065,38.875322196987874],[-77.051646930211163,38.875330493891852],[-77.051644837785616,38.875347136812259],[-77.051642913819578,38.875355433716123],[-77.051640821946535,38.87537204918236],[-77.051638897979359,38.875380346086125],[-77.051635760166931,38.875405269285167],[-77.051633835644139,38.875413593642719],[-77.051630697828486,38.875438516841442],[-77.051629650227014,38.875446906936311],[-77.051627726810693,38.875455176385699],[-77.051623541942462,38.875488462224702],[-77.051621582848881,38.875496758694737],[-77.051620572029236,38.875505066860576],[-77.051619524425604,38.87551345695519],[-77.051614259040619,38.8755550226387],[-77.051613246556812,38.875563413166319],[-77.051611154670837,38.875580028631205],[-77.0516092301405,38.875588352987997],[-77.051608184196795,38.875596660720355],[-77.051607171711666,38.875605051247859],[-77.051603998757074,38.875629974011474],[-77.051602950595523,38.875638391559676],[-77.051600858704973,38.875655007024037],[-77.051600690793066,38.875663325585791],[-77.051599678306104,38.875671716113089],[-77.051596504791817,38.875696666330057],[-77.051595457182572,38.875705056424074],[-77.05159441123557,38.87571336415607],[-77.051592488916384,38.875721578696336],[-77.051591444631327,38.875729804066268],[-77.051589520648832,38.875738100968469],[-77.051588476363179,38.875746326338309],[-77.051586552379931,38.875754623240439],[-77.05158550809368,38.875762848610243],[-77.05158341619547,38.875779464073752],[-77.051582371908523,38.875787689443492],[-77.051577141603346,38.875829255555679],[-77.051576973688299,38.875837574117057],[-77.051575927737218,38.875845881848583],[-77.051575759821986,38.875854200409911],[-77.051574713316356,38.875862535595402],[-77.051574545400939,38.87587085415668],[-77.051573498894939,38.87587918934215],[-77.051572321822405,38.875937501632542],[-77.051573031943732,38.875945831023479],[-77.051572864027918,38.875954149584608],[-77.051573574149458,38.875962478975545],[-77.051573406233672,38.87597079753661],[-77.051574115801287,38.875979154381497],[-77.051573947885529,38.875987472942533],[-77.051576788374518,38.876020790505812],[-77.051577500159738,38.876029037534579],[-77.051578920405561,38.876045696316041],[-77.051579632191249,38.876053943344751],[-77.051580342314566,38.876062272735439],[-77.051581929922591,38.876070640409814],[-77.051582641708876,38.876078887438467],[-77.05158423153425,38.876087145296843],[-77.051584941658433,38.876095474687403],[-77.051588121310786,38.87611199040397],[-77.051588833098208,38.876120237432481],[-77.051593602580283,38.876145011006955],[-77.051595194070885,38.876153186503039],[-77.051597661939184,38.876161455190726],[-77.051599253984804,38.876169603232754],[-77.051600843814057,38.876177861090703],[-77.051602435306222,38.876186036586631],[-77.051604904838982,38.876194222912126],[-77.051606496331956,38.876202398407962],[-77.051608965865753,38.876210584733307],[-77.051610554034554,38.876218924953037],[-77.051613021906888,38.876227193640268],[-77.051614609522389,38.876235561313877],[-77.051617077949913,38.876243802547002],[-77.051618666120405,38.876252142766553],[-77.051623601869764,38.87626868014047],[-77.051625191704048,38.876276937997886],[-77.05162766124252,38.876285124322699],[-77.051632596996242,38.87630166169609],[-77.0516400050643,38.876326248123718],[-77.05164335320228,38.876334417823422],[-77.051648292842074,38.876350763018003],[-77.05165164209042,38.876358877809452],[-77.051654111634747,38.876367064133532],[-77.051660810135076,38.87638329371589],[-77.051663281897874,38.8763913702238],[-77.051666631149828,38.876399485014687],[-77.051669982064965,38.876407517443518],[-77.051673331872593,38.876415604780249],[-77.051683420300634,38.876439675044907],[-77.051686737760249,38.876447624678022],[-77.051690089234015,38.876455629652241],[-77.051694319860374,38.87646359054721],[-77.051701025582531,38.87647946322496],[-77.051705256765615,38.876487396665532],[-77.051708611013979,38.876495264369105],[-77.051717076155313,38.876510993979458],[-77.051720430960188,38.87651883422869],[-77.051724663810106,38.876526685306494],[-77.051728897769209,38.876534481476121],[-77.051733130621002,38.876542332553605],[-77.051737365136063,38.876550101268919],[-77.05174160076028,38.876557815076048],[-77.051745835277174,38.876565583791034],[-77.051750071457363,38.876573270143865],[-77.051755185683405,38.876580967324998],[-77.051759421865469,38.876588653677473],[-77.052631215548629,38.877780216989393],[-77.05332333765854,38.878475265443967],[-77.053395822356379,38.878539318199209],[-77.053400018725497,38.878547251141967],[-77.053403408378742,38.878555119225723],[-77.05340852347689,38.878562788877048],[-77.053412759399563,38.878570502620043],[-77.053417877267265,38.87857803500097],[-77.053422996796513,38.878585485019713],[-77.053428118540779,38.878592825222285],[-77.05343411946302,38.878600121332525],[-77.05344012426086,38.878607225264538],[-77.05344613238077,38.878614164472332],[-77.053452142162286,38.878621021317826],[-77.053459032229142,38.878627779162755],[-77.053465926725124,38.878634317375408],[-77.053472823436209,38.87864074577169],[-77.053480599879492,38.878647102621137],[-77.053487503234734,38.878653201568682],[-77.053495286322203,38.878659228969262],[-77.053503074945581,38.878664981829488],[-77.053511743301442,38.878670663142543],[-77.053519536908468,38.878676168915753],[-77.053528214122167,38.878681410963779],[-77.053536857321177,38.878686597670551],[-77.053542865457089,38.878693536873257],[-77.053548910377373,38.878700394146271],[-77.053554921836238,38.878707168624373],[-77.053561811921057,38.878713926463163],[-77.053567825042606,38.878720618578633],[-77.053574716236795,38.878727321508663],[-77.053581609646002,38.878733914622302],[-77.053587626645054,38.878740414558848],[-77.053594521163561,38.878746952763713],[-77.053608314631674,38.878759809540405],[-77.053615213027868,38.87876615556614],[-77.053622991157582,38.878772430043995],[-77.053636794597082,38.878784792645455],[-77.053644576051155,38.87879090239791],[-77.053651481647776,38.87879689151967],[-77.053659264764605,38.878802918909187],[-77.053667049542966,38.878808863936229],[-77.053682623530648,38.878820534356841],[-77.053690411633184,38.878826314658355],[-77.05369820195051,38.878831985143435],[-77.053713821032034,38.878843161820605],[-77.053721579550427,38.878848667147629],[-77.053730253479486,38.878854073904471],[-77.053738050443457,38.878859414938987],[-77.053755404395005,38.878869926455593],[-77.053763205236095,38.878875075310539],[-77.053771850135476,38.87888017963779],[-77.053789249180284,38.878890197410165],[-77.053793484609869,38.878897938592779],[-77.053798599220784,38.878905635680425],[-77.053808831766005,38.878920865131107],[-77.05381394970027,38.878928397494114],[-77.053819949029787,38.878935775945983],[-77.053825070839636,38.878943116130621],[-77.053831071831524,38.878950412219915],[-77.05383707503799,38.878957598492995],[-77.053843079352291,38.878964729857749],[-77.053849085881126,38.878971751406254],[-77.053855973805739,38.878978619043252],[-77.053861984210272,38.878985448413196],[-77.053868838674404,38.878992233254955],[-77.053875766705758,38.878998854237395],[-77.053883538243696,38.879005458145471],[-77.053890435027867,38.879011886516622],[-77.053897333473216,38.879018232525411],[-77.053905111654942,38.879024506984173],[-77.05391289149793,38.879030699080474],[-77.053920674662081,38.879036726452306],[-77.053928460594051,38.879042616553697],[-77.0539362465273,38.87904850665457],[-77.053944914963751,38.879054187935118],[-77.053952706985811,38.879059776040997],[-77.053961378744674,38.879065292596394],[-77.054099713247425,38.879174092976555],[-77.054189227896686,38.879263069603454],[-77.054196178664924,38.879268564953094],[-77.054670340592736,38.879623235965923],[-77.055046826019037,38.879943695351699],[-77.055067521934291,38.879962733168512],[-77.055081323087308,38.87997523286645],[-77.055095127009423,38.879987595292739],[-77.055102908718126,38.879993704946742],[-77.055109812893647,38.879999776342913],[-77.055117631386921,38.880005804066094],[-77.05512450154707,38.880011820121211],[-77.055132285472283,38.880017819957331],[-77.055139192416831,38.880023754081719],[-77.055146978555925,38.880029644100894],[-77.055153886608508,38.880035523316465],[-77.055161673855721,38.880041358426666],[-77.055177251118167,38.88005289137552],[-77.055192832808203,38.880064204690385],[-77.055208416714407,38.880075408187238],[-77.055231799492987,38.880091870253729],[-77.055240472580508,38.88009733180526],[-77.05524826979196,38.880102672737898],[-77.05525694564605,38.880107997018278],[-77.05527254394444,38.880118486702862],[-77.055281220907816,38.880123756073459],[-77.055289901742015,38.880128833265495],[-77.055297702277272,38.880134009470844],[-77.05530638311383,38.880139086661664],[-77.055315065609989,38.880144081489874],[-77.055322870018145,38.88014906551566],[-77.055340238332974,38.880158890445045],[-77.055357609969093,38.880168550647916],[-77.055374984926459,38.880178046124264],[-77.055383674617886,38.880182684045543],[-77.055392365968643,38.880187239604247],[-77.055401934857528,38.88019183341742],[-77.055410626210545,38.880196388974724],[-77.055419318670204,38.880200889623424],[-77.055428013341853,38.880205280455492],[-77.055437586104532,38.880209682087866],[-77.055446282436563,38.880213990556648],[-77.055455856859695,38.880218309825509],[-77.055464554852037,38.880222535930983],[-77.05547413259373,38.880226690474487],[-77.055482832246284,38.880230834216611],[-77.055492409990123,38.880234988758609],[-77.055501989393207,38.880239060937853],[-77.055510692917821,38.880243012499996],[-77.055520273981116,38.880247002315805],[-77.055539439979754,38.880254789767157],[-77.055548146824478,38.880258576602571],[-77.055567319461403,38.880266034601526],[-77.055586495971056,38.880273300419397],[-77.055596050761679,38.880276850533214],[-77.055624860607864,38.880287255512016],[-77.055634456052502,38.880290531514795],[-77.05564492737841,38.880293928132147],[-77.055664121588038,38.880300315409727],[-77.055673719246769,38.880303481593366],[-77.055684196102803,38.880306603667329],[-77.055703396950904,38.880312661490599],[-77.055713876572682,38.880315646292026],[-77.055733084057138,38.880321374662635],[-77.055743568102372,38.880324139829426],[-77.055753175162209,38.88032683928882],[-77.055763660866845,38.880329522091834],[-77.055773267375542,38.880332249003537],[-77.055783756397318,38.880334767080896],[-77.055793366775674,38.880337301813022],[-77.055803855798899,38.880339819888576],[-77.055814348690973,38.880342145785271],[-77.055823960176554,38.880344625606909],[-77.055844948174411,38.880349167579837],[-77.05585456574029,38.880351345405124],[-77.055865061398563,38.880353534027357],[-77.05588605603235,38.880357746545066],[-77.055895679126223,38.880359649827099],[-77.055916680394191,38.880363532891522],[-77.05592622526737,38.880367577150118],[-77.055935843151715,38.880371485001852],[-77.055955016411644,38.88037891548327],[-77.055974199621033,38.880385851789839],[-77.055983796199868,38.880389072856005],[-77.056003873530074,38.880395223788909],[-77.056014355386452,38.880398098747442],[-77.056023960808858,38.880400880546553],[-77.056034447639433,38.880403508417402],[-77.056044938338303,38.880405944109413],[-77.056055430142877,38.8804083248925],[-77.056065013151866,38.880410474814653],[-77.056075545606362,38.880412581487995],[-77.056086046252673,38.880414523004525],[-77.056096550766938,38.880416272342252],[-77.056107056386651,38.880417966771034],[-77.056117566426678,38.88041944156695],[-77.056128077572041,38.880420861453977],[-77.056138591480149,38.880422144070131],[-77.05614998845347,38.880423190395049],[-77.056160507886901,38.880424198469377],[-77.056171031187773,38.880425014364832],[-77.056181556146242,38.880425747897391],[-77.056202616560213,38.88042669333386],[-77.056214030108265,38.88042691603296],[-77.056224567220966,38.880427045573917],[-77.05623510820071,38.880426982935958],[-77.056245650285291,38.880426865389161],[-77.056256196236774,38.880426555663441],[-77.056267623595375,38.880426092007589],[-77.056278173965936,38.880425562648036],[-77.056288728755618,38.880424813655615],[-77.056299284649867,38.880424009754236],[-77.0563204074856,38.88042185286892],[-77.056330973874523,38.880420527338934],[-77.05634154192019,38.880419119446032],[-77.056352113832148,38.88041751937422],[-77.056362686848402,38.880415864393534],[-77.056373263730777,38.88041401723396],[-77.056383842269739,38.880412087711463],[-77.056394424122331,38.880409993464056],[-77.056404131748323,38.880407696244099],[-77.056414718570906,38.880405354908959],[-77.056795269422025,38.880349618359034],[-77.057066439471768,38.880317251415342],[-77.05740445515336,38.880280185364072],[-77.057674927290876,38.880280761377243],[-77.057685509994002,38.880280369592604],[-77.057696933457009,38.880280097975643],[-77.05770747717321,38.880279897935608],[-77.057718899532333,38.880279681224501],[-77.057729439937262,38.880279645906477],[-77.057740856777798,38.880279703733208],[-77.057751393871641,38.880279833137166],[-77.057762807401147,38.880280055685745],[-77.057773341184046,38.880280349811748],[-77.057784751402693,38.880280737082096],[-77.057795281322967,38.880281223384131],[-77.057806689886405,38.880281693014375],[-77.057817216496034,38.88028234403837],[-77.057828619541624,38.880283088206532],[-77.057839142840763,38.880283903952538],[-77.057849663932942,38.880284829513599],[-77.057861027441135,38.880285792879206],[-77.057871580346713,38.880286883593627],[-77.057882975116627,38.880288039566366],[-77.057893489588437,38.880289294571497],[-77.057904002405266,38.88029063193764],[-77.057915393865585,38.880291952631246],[-77.057925903372507,38.880293454719407],[-77.057936411224546,38.880295039168637],[-77.05794783008497,38.880296744646365],[-77.057958299503753,38.880298493386277],[-77.057968801839607,38.880300352372622],[-77.057979303072486,38.88030226626595],[-77.057990681845624,38.880304218394222],[-77.058001179217428,38.880306324463589],[-77.058011674934548,38.880308512894004],[-77.058032663612039,38.880313027022048],[-77.05804315381377,38.880315489989592],[-77.058152112393699,38.880311335607367],[-77.058246043592945,38.880359172105315],[-77.058256556426585,38.880360509439889],[-77.058288085000228,38.880365015609925],[-77.058298590664194,38.880366709842718],[-77.058308218787943,38.880368365841115],[-77.058318723349643,38.880370114980103],[-77.05832922625693,38.880371946480103],[-77.058350227660185,38.880375829109362],[-77.05835984916699,38.880377814551458],[-77.058380843954353,38.880382026623209],[-77.058391338039328,38.88038429738166],[-77.058400954032408,38.88038655736041],[-77.058421938344495,38.880391291050792],[-77.058431549375186,38.880393798112983],[-77.058442037947671,38.880396343406908],[-77.058451647324986,38.880398932829479],[-77.058462134244195,38.880401560483548],[-77.058471739761941,38.880404342082464],[-77.058482188249513,38.880407134027678],[-77.058491828892542,38.880409916056067],[-77.058501431103167,38.880412862376552],[-77.058511911407564,38.880415819474145],[-77.058521511965168,38.880418848154974],[-77.058531110317389,38.880421986651044],[-77.058541587315034,38.880425108469993],[-77.058551184014348,38.880428329326399],[-77.05856077961144,38.880431605089967],[-77.058579966395996,38.880438376246836],[-77.058589558686563,38.880441816732052],[-77.058608773430507,38.880448945217246],[-77.058618325085021,38.880452659809052],[-77.058627912967253,38.88045631992312],[-77.058647083219569,38.880463914688924],[-77.05865578859914,38.880467783655753],[-77.058674951688033,38.880475735318988],[-77.058683653210124,38.880479796461763],[-77.058702809136022,38.88048810502243],[-77.058711507352285,38.880492330887137],[-77.058720203915129,38.880496639113161],[-77.058729778573053,38.880500958114872],[-77.058738471277749,38.880505458517561],[-77.058747201313139,38.880509849534661],[-77.058756735887542,38.880514415189097],[-77.058774118547376,38.880523553259785],[-77.058800181792208,38.88053779571397],[-77.058826235121501,38.880552532334278],[-77.058834039817953,38.880557516126231],[-77.058851366971439,38.880567669552327],[-77.05885920348652,38.880572818497626],[-77.058867880768233,38.880578087602586],[-77.058875680507597,38.880583318477754],[-77.058884356137526,38.880588669943521],[-77.058907744337915,38.880604911644035],[-77.058916415010202,38.880610510193428],[-77.058932000167815,38.880621685740628],[-77.058939791094275,38.880627355875475],[-77.058946701720728,38.880633125051105],[-77.058962280271331,38.880644630042212],[-77.058970065688825,38.880650574714991],[-77.058977008686838,38.880656481589753],[-77.05898475898303,38.880662425830579],[-77.058991665205482,38.880668414635444],[-77.05899944897385,38.880674441668241],[-77.059006352993208,38.880680540288296],[-77.059020158278585,38.880692874797084],[-77.059027937089766,38.880699148913941],[-77.059041737971569,38.880711703052157],[-77.059047758939187,38.880718037981694],[-77.059061553763257,38.880730894111487],[-77.05906844952311,38.88073740453779],[-77.059074501759696,38.880743932074893],[-77.059081360744074,38.880750524431384],[-77.059087376205056,38.880757133898882],[-77.059094270315768,38.880763726685558],[-77.059100284125037,38.880770418514309],[-77.059118321148944,38.880790713630688],[-77.059124331654772,38.880797570182153],[-77.059130340507764,38.880804509095341],[-77.059136351015894,38.880811365646167],[-77.059142358217244,38.880818386920673],[-77.059147488975697,38.88082531505971],[-77.059153496179306,38.880832336333597],[-77.05915950173015,38.880839439969257],[-77.059169756087329,38.880853653147433],[-77.059175759987653,38.880860839144177],[-77.059186011043309,38.880875217044881],[-77.059191134643129,38.880882502083885],[-77.05919625714138,38.880889842030641],[-77.05920050264433,38.880897116296389],[-77.059205625144585,38.880904456242703],[-77.059210780564655,38.880911906435692],[-77.059214988190007,38.880919317539956],[-77.059220107936866,38.880926794755602],[-77.059224350687998,38.880934206290362],[-77.05922946933434,38.880941738413568],[-77.059233709882164,38.880949259764016],[-77.059237948777039,38.880956863476264],[-77.059242189326682,38.880964384826349],[-77.059246426569501,38.880972070900263],[-77.059250665467061,38.88097967461205],[-77.0592549027117,38.88098736068563],[-77.059258261305828,38.8809950634407],[-77.059262499103482,38.881002722059961],[-77.059265856045343,38.881010507176796],[-77.05927009163959,38.881018275611751],[-77.059273414010221,38.881026032843408],[-77.059276804424584,38.881033900752776],[-77.059281040021432,38.881041669187326],[-77.059284395864594,38.881049509211465],[-77.059287749503397,38.88105745905159],[-77.059290227247018,38.881065288303418],[-77.059300323293883,38.881089138253607],[-77.059302763159664,38.881097104344249],[-77.059300672892917,38.881113719922929],[-77.059300169591609,38.88113878542287],[-77.059301591731455,38.881155444089508],[-77.059303180903839,38.881163784194847],[-77.059303893628055,38.881172031166081],[-77.059305484454825,38.881180288909334],[-77.059310390498155,38.881196660784781],[-77.059312897860636,38.881204765006792],[-77.059316215283218,38.881212769322843],[-77.059318725954412,38.881220708820635],[-77.059322958259301,38.881228641977295],[-77.0593263152183,38.881236427091942],[-77.059330552486188,38.881244113162289],[-77.05933479140873,38.881251716870509],[-77.059339910089321,38.881259248988293],[-77.059345032629679,38.881266588927851],[-77.059350156273595,38.881273873959223],[-77.059355246999317,38.881281048743432],[-77.059361254261404,38.881288070005915],[-77.059367299956278,38.881294926974988],[-77.059373312181833,38.881301701150832],[-77.05938020802482,38.881308211557887],[-77.05938710497152,38.88131466705655],[-77.059394004124371,38.881321012738773],[-77.059401786894895,38.881327094651901],[-77.059408694318549,38.881333028523265],[-77.059416483706244,38.881338780987434],[-77.059424276402495,38.881344368727099],[-77.059432950511706,38.881349802513313],[-77.059440787153918,38.881354951418757],[-77.059449433307208,38.881360027870969],[-77.059458121200279,38.8813647753054],[-77.059467688852862,38.88136945114794],[-77.059476383913832,38.881373841679036],[-77.059487771716718,38.881375354397782],[-77.059498257162986,38.881378064320693],[-77.059507845764941,38.881381696908093],[-77.059517413423009,38.881386372746633],[-77.059526085890838,38.88139188888789],[-77.059533861514993,38.881398327694143],[-77.05954074690959,38.88140535971749],[-77.059545862315716,38.881413056550002],[-77.059550090798879,38.881421181876092],[-77.059552555355694,38.881429670017589],[-77.059871556259822,38.881988316883294],[-77.059960545708591,38.882107489302783],[-77.059960366628374,38.882116411850852],[-77.05996106400913,38.88212542752801],[-77.059961729571583,38.882134278050437],[-77.059963343497671,38.882143140201329],[-77.059965800413949,38.882152012688564],[-77.059969140955488,38.882160621402818],[-77.059972482599846,38.882169175209008],[-77.059975826449033,38.882177619199062],[-77.059980931487743,38.882185837636996],[-77.059986039833646,38.882193891350759],[-77.059991153690746,38.882201670524317],[-77.059997148970083,38.882209295740516],[-77.060004029528884,38.882216574821236],[-77.060010915048082,38.882223606815614],[-77.060018683642937,38.882230402490286],[-77.060026459402152,38.882236841262554],[-77.060035119890159,38.882242961352894],[-77.060704605121359,38.883371566256685],[-77.060708842662976,38.883379252273173],[-77.060713078002578,38.883387048105462],[-77.060717315546029,38.883394734121637],[-77.06072158986774,38.883402338206103],[-77.060730029834019,38.883417709807091],[-77.060742747434489,38.883440520767138],[-77.060747864766839,38.883448135181389],[-77.0607521061727,38.883455629018258],[-77.060756344825819,38.88346326012492],[-77.060761463813392,38.883470792176539],[-77.060765704671269,38.883478313466867],[-77.060770824211602,38.883485818064059],[-77.060775065071368,38.883493339354004],[-77.060780185715188,38.883500789042806],[-77.060785304707935,38.883508321093316],[-77.060789547222655,38.883515760020757],[-77.060799789068255,38.883530631942769],[-77.060804911369402,38.883537999268476],[-77.060809156090755,38.883545328379135],[-77.060814277292508,38.883552750612409],[-77.060819399046025,38.883560145391392],[-77.060824523554089,38.883567402900191],[-77.060829610735126,38.883574769794301],[-77.060834770370548,38.883582027733077],[-77.06084077246318,38.883589323455688],[-77.060856145452505,38.883611123432466],[-77.060862149201768,38.88361833679199],[-77.060872400989268,38.88363271453553],[-77.060878406944695,38.883639818078215],[-77.060883533116424,38.883646993222342],[-77.060889539074125,38.883654096764417],[-77.060894666349355,38.883661217000089],[-77.060900672309344,38.883668320541553],[-77.060906679922539,38.883675341720775],[-77.060911807751637,38.883682434501679],[-77.060923822433068,38.88369650431261],[-77.06092983170285,38.883703443128638],[-77.060935839321829,38.883710464306311],[-77.060947857316577,38.883724369390677],[-77.060953903918929,38.883731198819909],[-77.060959913194523,38.88373813763431],[-77.060977911409339,38.88375867910537],[-77.060983923993405,38.883765453194584],[-77.060989934926667,38.883772309645501],[-77.06099682564745,38.88377909449342],[-77.06100284043751,38.883785758765661],[-77.061008853026181,38.883792532853562],[-77.061015745402557,38.883799235338422],[-77.06102176019607,38.883805899609662],[-77.061028652574961,38.88381260209372],[-77.061034669022632,38.883819184002313],[-77.061041561403997,38.883825886485596],[-77.061048455989095,38.883832479152517],[-77.061054473541489,38.883839006152122],[-77.061061368129046,38.883845598818219],[-77.061068263819067,38.883852136575996],[-77.0610742813749,38.883858663574543],[-77.061081178168564,38.883865146423496],[-77.061101871310001,38.883884457697988],[-77.061114011046087,38.883892295433668],[-77.061129751421859,38.883895783563645],[-77.061141125895404,38.883897982470785],[-77.061150718220716,38.883901450197811],[-77.061161164457886,38.883906136657671],[-77.061169835704916,38.883911735036023],[-77.061176730310052,38.88391832769522],[-77.061183608950174,38.883925716519734],[-77.061187839969108,38.883933731965669],[-77.061191181841323,38.883942285733355],[-77.061192764688371,38.883950955255031],[-77.061192585756771,38.88395987780082],[-77.061191531991682,38.883968624864799],[-77.061187883896068,38.883977092999423],[-77.061183296771233,38.883985082797523],[-77.061177000058464,38.883992474976054],[-77.061171545144177,38.884001689875447],[-77.061167836592901,38.884011420462386],[-77.061165000672361,38.884021436347211],[-77.061164796410935,38.88403162177616],[-77.061165471388279,38.884041763055222],[-77.06117908113994,38.884063898372858],[-77.061287979382172,38.884238235023965],[-77.061297541373719,38.884244970193301],[-77.061308871315902,38.884249392856802],[-77.061321136102578,38.884250998515661],[-77.061333457591999,38.88424977641268],[-77.061354477908779,38.88425277997338],[-77.061347232585504,38.884263675514021],[-77.06132955967486,38.884268951175208],[-77.06131720019664,38.884272067602723],[-77.061308269050585,38.884279427516887],[-77.061305440295811,38.884289086502584],[-77.061307878733913,38.88429889239243],[-77.061600912649865,38.884755583603159],[-77.061720055658014,38.884946521700201],[-77.061866474674318,38.885178984734161],[-77.062092804502441,38.885456363074852],[-77.062097922121836,38.885463977426369],[-77.062103041392959,38.885471509415702],[-77.062108162315823,38.885478959042928],[-77.062114161395272,38.885486419420836],[-77.062119284521216,38.885493759231551],[-77.062125286904362,38.885501054885033],[-77.062131291489564,38.885508240722217],[-77.062137297726593,38.885515344197159],[-77.06214330561545,38.885522365309832],[-77.062149315156063,38.885529304060285],[-77.06216309385448,38.885543038337552],[-77.062169108350531,38.885549730001131],[-77.062176003755098,38.88555629514498],[-77.062183775666782,38.885562953400843],[-77.062190673824887,38.885569381273896],[-77.062197573634791,38.88557572678463],[-77.062205353253191,38.885582000683293],[-77.062213134523432,38.885588192219501],[-77.062220917445615,38.88559430139329],[-77.062228702569797,38.885600300750546],[-77.062236488795634,38.885606245199348],[-77.062244278873948,38.885611997469766],[-77.062258064758538,38.885625374833886],[-77.062264955227022,38.885632187058249],[-77.06227096698926,38.885639015986314],[-77.062277821233735,38.885645882687832],[-77.062284744081566,38.885652832610866],[-77.062290753646806,38.885659771353829],[-77.062296761562749,38.885666792458402],[-77.062303645987299,38.885673906674199],[-77.062315657974267,38.885688141059525],[-77.062321662594186,38.885695326886655],[-77.062333667986707,38.885709890717848],[-77.062338792251325,38.885717175610658],[-77.062344793575207,38.885724526160402],[-77.062349915091374,38.885731948322579],[-77.062355913666991,38.885739436141698],[-77.062371272173934,38.885762004619714],[-77.062381507516477,38.885777233297077],[-77.062386622988925,38.885784957451371],[-77.06239086085327,38.885792643402496],[-77.062395975227588,38.885800422464214],[-77.062400211443503,38.885808190776928],[-77.062405325819952,38.885815969838276],[-77.062413759279465,38.885831698210659],[-77.062422259694813,38.885847592166144],[-77.062602599261382,38.8861408829233],[-77.062830742790013,38.886503410090121],[-77.062837641096493,38.886509837923683],[-77.062844534454698,38.886516512842618],[-77.062851420114939,38.886523572116765],[-77.062857422658681,38.88653086773094],[-77.062862542085682,38.886538399685151],[-77.062866780045482,38.886546085617624],[-77.062871048183567,38.886554019065528],[-77.062875242219491,38.886562143831483],[-77.062877711745728,38.886570412260369],[-77.062880177972914,38.886578845413069],[-77.06288176603158,38.886587267820445],[-77.062883350241094,38.886595882405622],[-77.06288283495455,38.886621606781631],[-77.062878981867286,38.886638557811992],[-77.062877058897556,38.886646854876226],[-77.062873379587472,38.886655130449796],[-77.062869705226007,38.886663158937473],[-77.062867775105332,38.886671812903238],[-77.062866721504648,38.886680559976199],[-77.06286654662398,38.886689290340534],[-77.062867249363819,38.886698058904152],[-77.06286970954487,38.886706794050539],[-77.062872174675931,38.886715282111069],[-77.062875522377865,38.886723561285017],[-77.062879752100983,38.886731659026331],[-77.062884866045323,38.886739465518929],[-77.062890866960728,38.886746843492915],[-77.062897753197575,38.886753875310006],[-77.06290552860554,38.886760368792245],[-77.062913347940508,38.886766423440122],[-77.062921986192819,38.886771938893368],[-77.062931549842915,38.88677686153315],[-77.062941125592388,38.886781180184684],[-77.062951593262255,38.886784823230762],[-77.062962072481128,38.886787889742436],[-77.062973460116993,38.886789457029082],[-77.062984824657761,38.886792177381572],[-77.062996167203778,38.886795995892051],[-77.06300661233324,38.886800764546216],[-77.063016160596277,38.886806455890408],[-77.063023934920878,38.886813004272703],[-77.063031694400223,38.886820293911725],[-77.063037683240225,38.886828275865525],[-77.063042784011671,38.886836741246441],[-77.063046117992158,38.886845706764703],[-77.063048570501849,38.886854826262663],[-77.063188357187826,38.887067983802368],[-77.063191696145608,38.887076702230203],[-77.063198342785341,38.887093946477904],[-77.063206823180977,38.887110856168555],[-77.063211049115637,38.887119146074951],[-77.063216153227074,38.887127446723895],[-77.063221260638528,38.887135582648767],[-77.063226369700558,38.887143636211519],[-77.06323235913905,38.887151590700697],[-77.063237506629306,38.88715947996878],[-77.06324343131422,38.88716715905823],[-77.063250340107686,38.887174822725022],[-77.063256337798336,38.887182365403334],[-77.063263217515299,38.887189726645886],[-77.063270983657176,38.887196686820765],[-77.063278737705261,38.887204250982528],[-77.063284724955437,38.887212315284906],[-77.063289824133989,38.887220863016211],[-77.063293159262756,38.887229773618607],[-77.063296488894551,38.887238958760634],[-77.063297181246526,38.887248248946022],[-77.063297870300005,38.887257703855212],[-77.06329680519778,38.887267027464155],[-77.06329663311692,38.887275620558],[-77.063297341412863,38.887284114578009],[-77.063298928436552,38.887292591886187],[-77.063300515460597,38.887301069194365],[-77.063302983411958,38.887309419974706],[-77.063306332840639,38.887317616773231],[-77.063309684469189,38.887325703755707],[-77.063313919224782,38.887333554394367],[-77.063319036557857,38.887341196143055],[-77.063324157740439,38.887348645713658],[-77.063330164249635,38.887355749124318],[-77.063337053886571,38.887362616190707],[-77.063343949022439,38.887369208716933],[-77.063351730584799,38.887375400174911],[-77.063359519295332,38.887381234730711],[-77.063368192783145,38.887386750579935],[-77.063376874518525,38.887391854618912],[-77.063386443779919,38.887396502681121],[-77.063395143109531,38.887400728191579],[-77.063405607044672,38.887404563374488],[-77.063415203796353,38.887407838735655],[-77.063425686974156,38.887410713027698],[-77.063436178398717,38.887413175509188],[-77.063446682467628,38.887415006548281],[-77.063458072962192,38.88741643651786],[-77.063468595722426,38.887417334119924],[-77.063480004907916,38.887417830652254],[-77.063490548557482,38.887417685001338],[-77.063501971485721,38.887417495182206],[-77.063512489299384,38.887418639866077],[-77.063523825979104,38.887421002834763],[-77.063533450169899,38.887424662971561],[-77.063543016147705,38.887429475744838],[-77.063551682509569,38.887435348482114],[-77.063558576023112,38.887442023357536],[-77.063563730715899,38.887449555709061],[-77.063567924882619,38.887457680448428],[-77.063570391221447,38.887466113584757],[-77.063571973884024,38.887474810520629],[-77.063570920357392,38.887483557598188],[-77.06356811596666,38.88749200865567],[-77.063564438341999,38.8875002018872],[-77.063559016448465,38.887507769650824],[-77.063551853583803,38.887514547222473],[-77.063549920224389,38.887523365921403],[-77.06354974157702,38.887532288462687],[-77.063551320940462,38.887541150122559],[-77.063554663812141,38.887549676361182],[-77.06355977623916,38.88755756518475],[-77.063566660970366,38.887564679323042],[-77.063575324052451,38.887570716782214],[-77.063584890052525,38.887575529551889],[-77.063595359519951,38.887579090177994],[-77.063606737950948,38.88758112412043],[-77.063665649662369,38.887620289546653],[-77.063671685858964,38.887627667908653],[-77.06367679390732,38.887635776358721],[-77.063678378235451,38.887644390930866],[-77.063679079434948,38.887653241849449],[-77.063677147736357,38.887661978188248],[-77.06367346681759,38.887670336146641],[-77.063668043273793,38.887677986276898],[-77.06366000551759,38.88768458839165],[-77.063654581971306,38.887692238521268],[-77.06365089720083,38.887700788656765],[-77.06364896219965,38.887709689718797],[-77.063649661747206,38.887718622999316],[-77.063653002989909,38.887727231596685],[-77.063676218025762,38.887796167230114],[-77.063759639582315,38.888016872900877],[-77.063857442426638,38.888221277926313],[-77.063859016897112,38.888230386666201],[-77.063863237477364,38.888238951086471],[-77.063870115159659,38.888246422107407],[-77.063878780547867,38.888252349727232],[-77.063889241335673,38.888256349590037],[-77.063901503567706,38.888258119701597],[-77.063912932124182,38.888257655302816],[-77.063926145043467,38.888257569708941],[-77.063939243194682,38.88825970702613],[-77.063952335259117,38.888263903819123],[-77.063962755387351,38.888269935269065],[-77.063972299483339,38.888277603648739],[-77.063977363142371,38.888286178372425],[-77.06398246083117,38.888294808433258],[-77.063986678132864,38.888303537572767],[-77.063995109442132,38.88832116057506],[-77.063999322350725,38.888330109345787],[-77.064015885980794,38.88833640812684],[-77.064030662459857,38.888344222854563],[-77.064041965742732,38.888350017948362],[-77.064055141902713,38.888350014272376],[-77.064063253329309,38.888339733299738],[-77.064059094262703,38.888328094042258],[-77.064015516498017,38.888223210651454],[-77.06401129535098,38.888214673690626],[-77.06400795294357,38.88820612001247],[-77.064003731798437,38.888197583051287],[-77.064000388843169,38.888189056826896],[-77.063986989595961,38.888154567142927],[-77.063983685618894,38.888145849169597],[-77.063980344866522,38.888137213128594],[-77.063973666111877,38.88811980377637],[-77.063971206847029,38.888111013748293],[-77.063967867196865,38.8881023227989],[-77.063965407933324,38.888093532770696],[-77.063963104149366,38.8880330910849],[-77.063967056519999,38.888011170856096],[-77.063978630660543,38.888003431148377],[-77.063992632189738,38.88800607379774],[-77.063998561338366,38.888017048183031],[-77.064007023939155,38.888033106309386],[-77.064019712077581,38.888057481764356],[-77.064023940359959,38.888065661823603],[-77.064027289906335,38.888073858599974],[-77.064031515992525,38.888082148474787],[-77.06403483041305,38.888090344821457],[-77.064038213440767,38.888098624388867],[-77.064051597906058,38.88813209784108],[-77.064054942513209,38.888140541702256],[-77.06405740893274,38.888148974826876],[-77.064060753541384,38.888157418687868],[-77.064060562867098,38.888166945215872],[-77.064065684185593,38.888174394752589],[-77.064071673253679,38.888182376650917],[-77.064076781386717,38.88819048508244],[-77.064082763863539,38.88819879642778],[-77.064086989963499,38.888207086300376],[-77.064092088758841,38.888215661448712],[-77.064096309915556,38.888224198406611],[-77.064099664422898,38.888232148094893],[-77.064103897669995,38.888240081065142],[-77.064101948424025,38.888249695936679],[-77.06410512160565,38.888266705435022],[-77.064105865134707,38.888275199877491],[-77.064107416598745,38.888283704197171],[-77.064108829006827,38.888300911854891],[-77.064110415599416,38.888309416603875],[-77.064111157481108,38.888317993408151],[-77.064110985495262,38.888326586500817],[-77.064112363876362,38.888343738820957],[-77.064111330862218,38.888395352284533],[-77.06411028123415,38.888403907187076],[-77.064110109797468,38.888412472825614],[-77.064105910183187,38.888446747343224],[-77.064108399658423,38.888455784882908],[-77.064115240610903,38.888463337821534],[-77.06412568605748,38.888468106374184],[-77.064137958771369,38.888469354835578],[-77.06414942637177,38.88846694118201],[-77.06415832697796,38.888461118481914],[-77.064158524233534,38.888451262506841],[-77.064156964006145,38.888441439968233],[-77.064155436709029,38.888431727674906],[-77.0641529593168,38.88842208614885],[-77.064149670142754,38.888412626923625],[-77.064145429775351,38.888403293373415],[-77.064148275343328,38.888392783256336],[-77.064160683760647,38.888387250584756],[-77.06417380663062,38.888389909930574]]]},"properties":{"OBJECTID":3,"MS_Name":"Jefferson Middle School","Website":"https://jefferson.apsva.us/","School_Year":"2022-2023","Shape__Area":158929340.78382421,"Shape__Length":70863.100138989219}},{"type":"Feature","id":4,"geometry":{"type":"Polygon","coordinates":[[[-77.115084914972925,38.873743583500215],[-77.115159229646608,38.873746327230464],[-77.115243962109005,38.873751692673309],[-77.115328437769307,38.873759444094965],[-77.115402004810718,38.873768165256003],[-77.115475150580039,38.873778693800318],[-77.115547875082655,38.873791029728643],[-77.115620038370139,38.873805143931264],[-77.115701816649022,38.873823435595632],[-77.115717453329381,38.873828672666001],[-77.115825477085707,38.873864958221247],[-77.115933536227644,38.873908521138191],[-77.116037783730135,38.873956652404082],[-77.116127971710071,38.874003382164815],[-77.116189553175005,38.87403796671984],[-77.11623218825855,38.874064062358997],[-77.116265458423129,38.874085763786042],[-77.116305947128808,38.874113866186107],[-77.11634514980598,38.874143079301021],[-77.116390502068484,38.874179477140515],[-77.116557767124462,38.874322595000237],[-77.116558463361727,38.874323265688204],[-77.116740899412974,38.874499126771163],[-77.116858215694933,38.87461836926289],[-77.11689173987277,38.874652430739097],[-77.117030659700859,38.874793621318474],[-77.117035135519956,38.874798342320865],[-77.117201285236789,38.874964842451774],[-77.11727500372821,38.875038700593961],[-77.117406691855606,38.875163301765006],[-77.117456760357157,38.875206592369196],[-77.117487188375563,38.875229989985925],[-77.117518865767366,38.875252358802555],[-77.117551723347376,38.875273643082458],[-77.117585726522279,38.875293814956976],[-77.117620770984701,38.87531281827625],[-77.117656856733731,38.875330653039249],[-77.117693879461356,38.875347263096224],[-77.117731769452035,38.87536262016522],[-77.11816880304039,38.875525661612294],[-77.118487296792622,38.875641997059745],[-77.118518385995387,38.875651150166142],[-77.118548263096031,38.875661222663183],[-77.11858710542235,38.875676398430237],[-77.118624610734869,38.875693508154079],[-77.11866056936212,38.875712494448472],[-77.118694912119068,38.875733301580027],[-77.118727395796796,38.87575578938683],[-77.118750517343287,38.875773718462192],[-77.118779575987986,38.875798939481435],[-77.118799920010503,38.875818813035607],[-77.118819019983505,38.875839440848914],[-77.11884242825046,38.875868027960287],[-77.1188584068762,38.875890211766048],[-77.119082569771464,38.876125713166523],[-77.119369811032669,38.876442415029203],[-77.119769644472029,38.876877970496032],[-77.120410261751829,38.87756047727224],[-77.120683269992753,38.877872559867363],[-77.120712810972663,38.877909319452328],[-77.12074043846026,38.877946935291746],[-77.120766152981247,38.877985379932696],[-77.120789884815295,38.878024625097062],[-77.120831701107832,38.878115461232525],[-77.120887528108071,38.878263305113613],[-77.121042295436936,38.878222284132576],[-77.121285566890194,38.878157798679872],[-77.12140447800742,38.87812627808735],[-77.122111185979136,38.877968161435696],[-77.123178215654065,38.877687947260803],[-77.123843424794586,38.877513406640773],[-77.124285573723455,38.87740495900286],[-77.124390521201107,38.877379218743513],[-77.125267396022622,38.877158269657052],[-77.126163593283565,38.876936990913705],[-77.12661370564723,38.876821978870559],[-77.127132180232564,38.876695928856236],[-77.127643915663327,38.876570510071964],[-77.12764659591825,38.876569853165542],[-77.128203752572816,38.87643329719522],[-77.129431379971109,38.876110965791362],[-77.131076782520211,38.875691614082683],[-77.131735244163877,38.87551887269256],[-77.132098911676337,38.875418795662902],[-77.132420703818724,38.875330240378304],[-77.132816416393027,38.875229921615094],[-77.133177614071244,38.87513417015014],[-77.133745683404328,38.874974390877092],[-77.133758912368975,38.874970669430269],[-77.133948263044331,38.874917412411349],[-77.134490843794438,38.874778457019133],[-77.134587567920889,38.874753631565291],[-77.134857273831329,38.874684408899924],[-77.135098637136593,38.874627625311277],[-77.135513334604582,38.874544571135594],[-77.13584565056604,38.874489392016542],[-77.136521533700147,38.874359939292241],[-77.137256150138057,38.874226770625135],[-77.137918353928512,38.874114451249625],[-77.138060526520476,38.874086360563751],[-77.138267789871463,38.874045459060987],[-77.138912266678588,38.873923015327414],[-77.139460787691036,38.873803328300667],[-77.139896246163204,38.873699354737994],[-77.140768320105792,38.873541394199208],[-77.141317089819978,38.873408245823846],[-77.141876272072309,38.873300204328004],[-77.142363403323188,38.873194073245756],[-77.142707100245673,38.873149441369755],[-77.142900400695197,38.873125862650141],[-77.143147786789996,38.8731029085681],[-77.143413129227696,38.873096363062238],[-77.143663554897188,38.873098432003395],[-77.143970832922591,38.873122026862596],[-77.143995401810699,38.873123134386091],[-77.14419440620135,38.87313229731803],[-77.14449329240783,38.873153844225854],[-77.145072620128985,38.873206389003883],[-77.146087370683063,38.873293993675475],[-77.146234073572131,38.873306669177666],[-77.146374814788729,38.873318808947872],[-77.146416549968365,38.873322393055432],[-77.146794627844457,38.873349649027837],[-77.146791602591549,38.873347310923712],[-77.146649730346667,38.87323308825097],[-77.145043405663174,38.871981591410965],[-77.144409835930347,38.8714909754285],[-77.144409128579383,38.871492391773039],[-77.144070589618423,38.871226184423257],[-77.143627440036511,38.870883303008],[-77.143326259902594,38.870649155936462],[-77.142786289306585,38.870225517225506],[-77.142776804239475,38.870218130574109],[-77.142768979453479,38.87021210867433],[-77.142753402720146,38.870199928412816],[-77.14215972235489,38.869737715517914],[-77.141990081203858,38.8696066895549],[-77.141813520304211,38.869470118665085],[-77.141636908628868,38.869336265496088],[-77.141463861457495,38.869199707242821],[-77.141290727845629,38.869065893769026],[-77.141100365764828,38.868918150412242],[-77.140913429204574,38.868773192428144],[-77.140740384767497,38.868636633089665],[-77.140567288981316,38.868502818937088],[-77.140390734024948,38.868366218416213],[-77.140217604424649,38.868232403332541],[-77.139871557103262,38.867959255260992],[-77.139695039405936,38.867822681536992],[-77.139521912413954,38.867688865409612],[-77.139175834722607,38.86741574229864],[-77.13900274479812,38.867281925799382],[-77.138760461648758,38.867092385907817],[-77.138691215807569,38.867039408179181],[-77.138433461562997,38.866834365257624],[-77.138407470403479,38.866813688176059],[-77.138075291825345,38.866548960989533],[-77.137943773667445,38.866445831587292],[-77.137876807133125,38.866392656679338],[-77.137570443983122,38.866149368623063],[-77.137569808314353,38.866148854944164],[-77.137199803461129,38.865855036355256],[-77.137151317362722,38.86581877492776],[-77.135691770269375,38.864678572994954],[-77.135652671538935,38.864648028808922],[-77.135507235263745,38.864536496662502],[-77.13541727279447,38.864466799844145],[-77.135313489880801,38.864383212058016],[-77.132018772401224,38.861807516940509],[-77.131935752293401,38.861740644272309],[-77.131925800609068,38.861732863385463],[-77.131807710925813,38.861640294237993],[-77.131496178383969,38.861400502639228],[-77.131454773491583,38.861361575231932],[-77.131087897655405,38.861077200487948],[-77.131008285988472,38.861015858986228],[-77.130686433988728,38.860764960584085],[-77.130482659361334,38.860606049961305],[-77.130361125191399,38.860511274874646],[-77.129194812179094,38.859605194285706],[-77.129042513375921,38.85948808151452],[-77.128139317006799,38.858782805765955],[-77.127021641279143,38.857907450076937],[-77.12697658884197,38.857873997931165],[-77.126668635195855,38.857634234777827],[-77.126554338471053,38.857550515888391],[-77.12651278086787,38.857519823041805],[-77.126492028348622,38.857503103889556],[-77.126085429194561,38.857186009284739],[-77.126073110892889,38.857176363753929],[-77.12607072542697,38.857174386133579],[-77.126066605345798,38.857171289788624],[-77.125894285156463,38.857036962624193],[-77.125204759997573,38.856499454515053],[-77.124813828599656,38.856190062981391],[-77.124620040860407,38.856039505455435],[-77.124561191931875,38.855994878996214],[-77.124408750499214,38.855885996451946],[-77.124156221255134,38.855685320686931],[-77.124021319548831,38.855579389232894],[-77.12377211061812,38.855386989709032],[-77.123495375764762,38.855166778789474],[-77.123433069205475,38.85511939259414],[-77.123374274424705,38.855072020083057],[-77.123004004261247,38.854784833024276],[-77.122536900347029,38.854419618778181],[-77.122405426737771,38.854316471667133],[-77.122291245660463,38.854227257665876],[-77.121191003384112,38.85336580621545],[-77.121057236009378,38.853264233598921],[-77.121011011455366,38.853229134814455],[-77.120920989374056,38.853162171732308],[-77.120049130035142,38.85247913999612],[-77.11991766355456,38.852375990050547],[-77.119710116234913,38.85221153194103],[-77.11929151343719,38.851882573307208],[-77.118848654466674,38.851536851320112],[-77.117580366891374,38.85054263485862],[-77.117578996068957,38.850541559762355],[-77.1174093393916,38.850415988572095],[-77.117208719570343,38.850257099558448],[-77.117056513048212,38.850137225526744],[-77.116745185513707,38.849891903225185],[-77.116506530732494,38.849702357986381],[-77.11640527513056,38.849626526383425],[-77.116219359800198,38.849479287486552],[-77.116029119086505,38.849328756922112],[-77.115942616895325,38.849261858805782],[-77.115399563841095,38.848832559671798],[-77.115050157992201,38.848559322795907],[-77.114832206297734,38.848389240751565],[-77.114458599934721,38.84809649395465],[-77.114306402585683,38.847976616294801],[-77.113863591718129,38.847630875176442],[-77.113541859651235,38.847379928965097],[-77.113534078096663,38.847373740771751],[-77.113465735923796,38.847321362279466],[-77.113425226353598,38.847289611147637],[-77.113391952597098,38.847347067590263],[-77.113366995483133,38.847390165901714],[-77.113366632206777,38.847390793207474],[-77.112637163049584,38.848603050992168],[-77.112569170054329,38.848677929173711],[-77.112505611399158,38.84874503341964],[-77.112433763005015,38.848817696555535],[-77.112366768151304,38.848882700554832],[-77.112263257812728,38.84897827601349],[-77.112148999841594,38.849077568818934],[-77.111910546500354,38.849314207013691],[-77.111435027689367,38.849751799429349],[-77.110762608497765,38.850383129548142],[-77.11008736262437,38.850996600376924],[-77.109461615896521,38.851574103473538],[-77.109110176204396,38.851895624334809],[-77.109004864992727,38.851982195958144],[-77.108936588970039,38.852038697475969],[-77.108862296254912,38.852090349488869],[-77.108785364381049,38.85212958539028],[-77.108716729148327,38.852155683497926],[-77.108646391572421,38.8521790153168],[-77.108459759153348,38.852223211826988],[-77.108199738708592,38.852280390212009],[-77.10818960115931,38.852282619631261],[-77.108145485022121,38.852290252422897],[-77.108100818317936,38.85229548958651],[-77.108055776602413,38.85229833320308],[-77.107828577004241,38.852301131211945],[-77.107729705398853,38.852303638391241],[-77.107637087672103,38.852305999976572],[-77.107084111363932,38.852317014903363],[-77.106997609660681,38.852322939499174],[-77.106965534699171,38.852325136767845],[-77.106803494581911,38.852336202761776],[-77.106659011487366,38.852340479578189],[-77.105840487525128,38.852364698033938],[-77.105703658271764,38.852368729894351],[-77.104735894914228,38.852381699225255],[-77.104373784033939,38.852401834926901],[-77.10413009271042,38.852412915093645],[-77.10404300480576,38.852419843161542],[-77.103978161858294,38.852427804600033],[-77.103913834739089,38.852438133761673],[-77.103850200061387,38.852450777826299],[-77.103787363150488,38.852465738047826],[-77.103766641785782,38.852471230895354],[-77.103628026645296,38.852520109965205],[-77.103478982223791,38.852565322369998],[-77.104469731624206,38.853556881118031],[-77.104469949091339,38.853557098240138],[-77.104127911854462,38.853830714811437],[-77.10390601858964,38.854008218682637],[-77.103622966491429,38.854260511732747],[-77.103552466372264,38.854335327482723],[-77.103478709123522,38.854418699655952],[-77.103445192715398,38.854459052685314],[-77.103413977345539,38.854496659544331],[-77.103398342526447,38.854518661823882],[-77.103359913105038,38.854578673191341],[-77.103351098306135,38.854594907462875],[-77.103326331512321,38.85464041732557],[-77.103301023387516,38.854695696764935],[-77.103288318410193,38.854727757055343],[-77.103282980141714,38.854744005221967],[-77.103273556150612,38.854784888548366],[-77.103273467409281,38.854785275375491],[-77.10327046319064,38.854809942281662],[-77.103270415977136,38.854810338184322],[-77.103269381352277,38.854835081728545],[-77.103269364827895,38.854835479712619],[-77.10327107928326,38.854868633204298],[-77.103271100098183,38.854869029916301],[-77.103278231782184,38.854910190875977],[-77.103278298814601,38.854910581272669],[-77.103314253709087,38.855026481424034],[-77.103329535074394,38.855067771944483],[-77.103350039486358,38.855116786144009],[-77.103380992136294,38.855181137882091],[-77.103417580101819,38.85526090719808],[-77.103424728516373,38.855274365612587],[-77.103459148813954,38.855339197948759],[-77.103500686957616,38.855408234052163],[-77.103691702197608,38.855691758876297],[-77.103879751237628,38.855934661125502],[-77.10390400523832,38.855962465199042],[-77.10392331379515,38.8559827136799],[-77.103950445011904,38.856008849392985],[-77.103971816258593,38.856027776818053],[-77.10401705294035,38.856063793984582],[-77.104065430256298,38.856097239707545],[-77.104330591374222,38.856259609549063],[-77.104345503829649,38.856269343160307],[-77.104389303867691,38.856297983625169],[-77.104429659208307,38.856326775350176],[-77.104450631334046,38.856342759642452],[-77.104460978819844,38.856350654027324],[-77.104498871975068,38.85638144855276],[-77.104535304743834,38.85641329667471],[-77.10456269211187,38.856449760514145],[-77.104593290695831,38.856494473269564],[-77.104621411174435,38.856540200069617],[-77.104642923554167,38.856578983142732],[-77.104666342665539,38.856626274234905],[-77.104687183126899,38.856674331035052],[-77.104699300208736,38.856706823770793],[-77.104711067751623,38.856748264544294],[-77.104721038826739,38.856798222532063],[-77.104721116908095,38.856798609626345],[-77.104725257087239,38.856832015019613],[-77.104725306506381,38.856832408638439],[-77.104727102314868,38.856857462139835],[-77.10472712972205,38.856857858929665],[-77.104727332492899,38.856908402786623],[-77.104727333532409,38.856908800979312],[-77.104723078048508,38.856959238645743],[-77.104723044008765,38.856959634705269],[-77.104711277095873,38.857026105971919],[-77.104711208010173,38.857026498182329],[-77.104696392428352,38.857083358006101],[-77.104696292785846,38.857083741271886],[-77.10467616390666,38.857139988730424],[-77.104650862344883,38.857194938974537],[-77.104625175076805,38.85724082259317],[-77.104595931369644,38.857285373281783],[-77.104557414324645,38.857335415726006],[-77.104343050215931,38.857627328825828],[-77.104323022614693,38.857658478334457],[-77.104317104359865,38.857668431138379],[-77.104311569675545,38.857678525805447],[-77.104306418561862,38.857688762335719],[-77.104301687199552,38.857699086237901],[-77.104297339942093,38.857709524549087],[-77.104293411902418,38.857720077686693],[-77.104289903614642,38.8577307181964],[-77.104286780499834,38.857741418206416],[-77.104284174621753,38.857751820581264],[-77.104284077137308,38.857752205588604],[-77.104281876784242,38.857762636812517],[-77.104281794594897,38.857763025434259],[-77.104280031617634,38.857773540807308],[-77.104279966918028,38.857773933069581],[-77.104278577048248,38.857784451161869],[-77.104278525482584,38.857784845296592],[-77.10427754110502,38.857795393953872],[-77.104277504867937,38.857795789987129],[-77.104276961095664,38.857806369626843],[-77.10427694018702,38.857806767558593],[-77.104276767294905,38.857817351607437],[-77.104276761748253,38.857817749721853],[-77.104277029962333,38.857828339014652],[-77.104277039777529,38.857828737311664],[-77.104277681567169,38.857839305301233],[-77.10427770458314,38.857839702038881],[-77.104278785785311,38.857850249507898],[-77.104278826391109,38.857850644738321],[-77.104280314054293,38.857861173011273],[-77.10428037008873,38.857861564992554],[-77.104282266941468,38.857872046641191],[-77.104282336210076,38.857872435347211],[-77.104284639524195,38.857882897799733],[-77.104284724221401,38.857883283256619],[-77.104287500611647,38.857894025940212],[-77.104290734539049,38.857904719141565],[-77.104300256324933,38.857931606530762],[-77.104245933285853,38.857947382225539],[-77.104069662214982,38.857999658692385],[-77.103598418310511,38.858139871016576],[-77.10264534290819,38.858422635492182],[-77.102260193438426,38.858524076592225],[-77.101847728061927,38.858639443252841],[-77.101329715965576,38.858782110265452],[-77.101384812897663,38.85884383927317],[-77.10144260850484,38.858904062600267],[-77.101482584207972,38.858943340787832],[-77.101523698029737,38.858981891078393],[-77.101601944488479,38.859050623597462],[-77.101653738924696,38.859103415862442],[-77.101696963616433,38.85915080611926],[-77.101755351451075,38.859220318056387],[-77.101783776910821,38.859257563786272],[-77.10180439331026,38.859284610967336],[-77.101854842091541,38.85935781788104],[-77.101901007455325,38.859432758708714],[-77.101926563532885,38.859478483051099],[-77.102004383924708,38.859630443620404],[-77.102209440302474,38.860048091016253],[-77.102422814210314,38.860471603739576],[-77.10256872801601,38.860764835891537],[-77.102762164699072,38.861153647399398],[-77.103039461966304,38.861714989557512],[-77.103040942454399,38.861717986657609],[-77.103172288186428,38.861971363881025],[-77.103244406173545,38.862109799893538],[-77.10346756985156,38.862579560767493],[-77.103551788015068,38.862756860040939],[-77.103788718629517,38.863216074255178],[-77.104114450474967,38.863859231744748],[-77.104146961098024,38.863924974645698],[-77.104177105474449,38.863978744014126],[-77.104215135130787,38.864038840684437],[-77.104256918115212,38.864097389239475],[-77.10430829228244,38.864161241854916],[-77.104364137614112,38.864222758514238],[-77.104406415187213,38.864272141026746],[-77.104445986268857,38.864312594098017],[-77.104488544519185,38.864351160412127],[-77.104533951610421,38.864387728479208],[-77.104621484684927,38.864452587364973],[-77.104687226290693,38.864498321745117],[-77.104725969637983,38.864523551671979],[-77.104754862766114,38.864542348582013],[-77.104824253644907,38.864584666203513],[-77.104917158520152,38.864629789552481],[-77.104962531096788,38.864653697671308],[-77.105015901899662,38.864683549919143],[-77.105085305875747,38.864725208481168],[-77.105145058478755,38.86476285293142],[-77.105195414568769,38.864796019481467],[-77.105276983080472,38.864853365165416],[-77.10536386342477,38.864919341609117],[-77.105416630989737,38.864963987798042],[-77.10546541222952,38.865011332682293],[-77.105566375013993,38.86516603684138],[-77.105632272299502,38.865263480931866],[-77.105658591527046,38.86530992738323],[-77.10568515616724,38.865365438757877],[-77.105698262701466,38.865397723362896],[-77.105709887413568,38.865430347358171],[-77.105733732456656,38.865513753908381],[-77.105752606892793,38.865598090011794],[-77.105772954656786,38.86571687926137],[-77.105777361902113,38.865737719306935],[-77.105782900888869,38.865758160880858],[-77.105788897464279,38.865778552966567],[-77.105795317578639,38.865798840238305],[-77.105802231466015,38.86581902353003],[-77.105809568359717,38.865839129461939],[-77.105817363910262,38.865859130996711],[-77.105825583534497,38.8658790002629],[-77.105829217220858,38.865887226682062],[-77.105834261282894,38.865898792586052],[-77.105843398755894,38.865918425603105],[-77.105852959770132,38.86593795380557],[-77.105862944859325,38.865957349739155],[-77.105873354557019,38.865976585949305],[-77.105884223447191,38.865995690307258],[-77.105895516413099,38.866014662395926],[-77.105907199404797,38.866033446889617],[-77.105919306472771,38.866052099113745],[-77.105931838683915,38.866070564159571],[-77.105944796038443,38.866088842027047],[-77.105958142886337,38.86610695975326],[-77.105980930934933,38.86613631113017],[-77.10641546825714,38.866714902484141],[-77.106614472497824,38.866992529669744],[-77.106622867846099,38.867003366405577],[-77.106659642286843,38.867056499759123],[-77.106721713316219,38.867146181311284],[-77.106826692262629,38.867296950100425],[-77.106826897638413,38.867297227143553],[-77.106840670550142,38.86731694253087],[-77.106854018860432,38.867336817642418],[-77.10686694256907,38.867356852478288],[-77.106879405492165,38.867377101530614],[-77.106891409228311,38.867397482436665],[-77.106902952711337,38.867418050105137],[-77.106914036473825,38.86743877708183],[-77.106924661048424,38.867459635912631],[-77.106934826434795,38.867480626597647],[-77.106944496981882,38.867501776174613],[-77.10695370887305,38.867523030151737],[-77.10696246157481,38.867544415983367],[-77.106970719969226,38.867565933253012],[-77.106978484588751,38.867587554506478],[-77.106985791083645,38.867609252706103],[-77.106992568152137,38.867631081927456],[-77.106998887095216,38.867652988095173],[-77.107004712794676,38.867674970792756],[-77.107010080367786,38.867697030436844],[-77.107014919578688,38.867719166194249],[-77.107019266077543,38.867741351027441],[-77.107023119331004,38.867763612390689],[-77.107026445286621,38.867785894958843],[-77.10702931311377,38.867808254473758],[-77.10703168875996,38.867830635610296],[-77.107032226769547,38.867846349473766],[-77.107033055100317,38.867868822096547],[-77.107033077905598,38.867889362918945],[-77.107032644178489,38.867909898325294],[-77.107031754451356,38.867930400861347],[-77.10703040765803,38.867950925435672],[-77.107028604864055,38.867971417139664],[-77.107026346601771,38.867991848519004],[-77.10702363180512,38.868012274482176],[-77.107020461006499,38.86803266757493],[-77.107016834738545,38.868053000342968],[-77.107012752467909,38.868073300240447],[-77.107008215260066,38.868093512358783],[-77.107003257699645,38.868113664568831],[-77.107002807027911,38.868113357155366],[-77.107002731462842,38.868113630865231],[-77.107002655897702,38.86811390457504],[-77.10700258086554,38.868114150830614],[-77.107002505300443,38.868114424540408],[-77.107002429735374,38.868114698250288],[-77.107002389288226,38.868114972376723],[-77.107002313723129,38.868115246086589],[-77.107002238690924,38.868115492342092],[-77.107002163125827,38.868115766051943],[-77.107002087560744,38.868116039761773],[-77.107002011995647,38.86811631347161],[-77.107001936430507,38.868116587181461],[-77.107001861398331,38.868116833436979],[-77.107001785833233,38.868117107146801],[-77.107001710268108,38.868117380856653],[-77.10700163470301,38.868117654566483],[-77.107001559137913,38.868117928276305],[-77.107001484105737,38.868118174531837],[-77.107001408540597,38.868118448241695],[-77.1070013329755,38.868118721951511],[-77.107001257410403,38.868118995661341],[-77.107001181845305,38.868119269371199],[-77.107001106280165,38.868119543081015],[-77.107001031247975,38.868119789336546],[-77.107000955682878,38.868120063046383],[-77.107000880117724,38.868120336756242],[-77.107000804552641,38.868120610466072],[-77.107000728987543,38.868120884175895],[-77.107000653955339,38.868121130431426],[-77.107000578390185,38.868121404141277],[-77.107000502825088,38.868121677851079],[-77.10700042725999,38.868121951560916],[-77.107000351694822,38.868122225270774],[-77.107000276662646,38.86812247152632],[-77.107000201097563,38.868122745236114],[-77.107000125532437,38.868123018945958],[-77.107000049967297,38.868123292655795],[-77.106999974935093,38.868123538911341],[-77.106999899369995,38.868123812621171],[-77.106999823804827,38.868124086330965],[-77.10699974823973,38.868124360040866],[-77.106999672674633,38.868124633750647],[-77.106999597642428,38.868124880006192],[-77.106999522077274,38.868125153716008],[-77.106999446512162,38.868125427425888],[-77.106999370947065,38.868125701135696],[-77.106999295381939,38.868125974845547],[-77.106999220349692,38.868126221101058],[-77.106999144784595,38.868126494810888],[-77.106999069219469,38.868126768520717],[-77.106998993654315,38.868127042230562],[-77.106998918089189,38.868127315940399],[-77.106998843056999,38.86812756219593],[-77.106998767491888,38.868127835905774],[-77.106998691926734,38.868128109615569],[-77.106998616361608,38.868128383325441],[-77.106998540796511,38.86812865703525],[-77.106998465764249,38.868128903290774],[-77.106998390199124,38.868129177000604],[-77.106998314633998,38.868129450710455],[-77.106998239068901,38.868129724420271],[-77.106998128918676,38.868129970259176],[-77.106998053353493,38.868130243969006],[-77.106997977788396,38.868130517678885],[-77.106997902223256,38.86813079138868],[-77.106997826658144,38.868131065098567],[-77.106997751625897,38.868131311354048],[-77.106997676060772,38.8681315850639],[-77.106997600495646,38.868131858773722],[-77.106997524930463,38.868132132483566],[-77.106997449898273,38.86813237873907],[-77.106997374333133,38.868132652448914],[-77.106997298768022,38.868132926158744],[-77.106997188084875,38.868133199451933],[-77.106997112519693,38.868133473161791],[-77.106997037487488,38.868133719417308],[-77.106996961922363,38.868133993127138],[-77.106996886357237,38.868134266836954],[-77.10699681079204,38.868134540546798],[-77.106996735759836,38.868134786802344],[-77.10699666019471,38.868135060512166],[-77.106996584629528,38.868135334221975],[-77.106996473946424,38.868135607515221],[-77.106996398381256,38.868135881225037],[-77.106996323349037,38.868136127480561],[-77.106996247783897,38.868136401190363],[-77.106996172218714,38.868136674900235],[-77.106996096653589,38.868136948610044],[-77.10699602162137,38.868137194865596],[-77.106995910938224,38.868137468158778],[-77.106995835373098,38.868137741868622],[-77.106995759807901,38.868138015578452],[-77.106995684775683,38.868138261833998],[-77.106995609210543,38.868138535543807],[-77.106995533645403,38.868138809253658],[-77.10699545808022,38.868139082963452],[-77.10699534739706,38.86813935625667],[-77.106995272364841,38.868139602512194],[-77.106995196799701,38.868139876222045],[-77.106995121234519,38.868140149931861],[-77.106995045669365,38.868140423641691],[-77.10699497063716,38.868140669897208],[-77.106994859953986,38.868140943190475],[-77.106994784388831,38.86814121690027],[-77.106994708823649,38.868141490610078],[-77.106994633791416,38.868141736865596],[-77.106994558226276,38.868142010575461],[-77.106994447543116,38.868142283868664],[-77.106994371977962,38.86814255757848],[-77.106994296945686,38.868142803834012],[-77.106994221380546,38.86814307754387],[-77.106994145815406,38.868143351253678],[-77.106994035132217,38.868143624546846],[-77.106993960099985,38.868143870802406],[-77.106993884534788,38.868144144512236],[-77.106993808969648,38.868144418222087],[-77.106993733404494,38.868144691931889],[-77.106993623254255,38.868144937770779],[-77.106993547689086,38.868145211480609],[-77.106993472123875,38.868145485190453],[-77.106993396558735,38.868145758900269],[-77.106993321526502,38.868146005155801],[-77.106993210843328,38.86814627844899],[-77.106993135278159,38.868146552158855],[-77.106993059712991,38.868146825868649],[-77.106992984680716,38.868147072124195],[-77.106992873997555,38.868147345417377],[-77.106992798432387,38.868147619127257],[-77.106992722867233,38.868147892837094],[-77.106992647834943,38.868148139092611],[-77.106992537151754,38.868148412385779],[-77.106992461586614,38.868148686095644],[-77.106992386021446,38.868148959805445],[-77.106992310989156,38.868149206060963],[-77.106992200306024,38.868149479354159],[-77.106992124740813,38.868149753064017],[-77.106992049175645,38.868150026773833],[-77.106991974143398,38.868150273029357],[-77.106991863460209,38.868150546322553],[-77.106991787895055,38.868150820032405],[-77.10699171232983,38.86815109374222],[-77.106991637297597,38.868151339997752],[-77.106991526614408,38.868151613290941],[-77.10699145104924,38.868151887000792],[-77.106991375484,38.868152160710601],[-77.106991265333804,38.868152406549505],[-77.106991189768578,38.868152680259328],[-77.106991114203396,38.868152953969187],[-77.106991039171163,38.868153200224661],[-77.10699092848796,38.8681534735179],[-77.106990852922806,38.868153747227701],[-77.106990777357566,38.86815402093756],[-77.106990667207285,38.868154266776422],[-77.106990591642102,38.86815454048628],[-77.106990516076948,38.868154814196082],[-77.106990440511709,38.868155087905897],[-77.106990330361498,38.868155333744816],[-77.106990254796258,38.868155607454668],[-77.10699017923109,38.868155881164462],[-77.106990068547887,38.868156154457651],[-77.106989993515626,38.868156400713183],[-77.106989917950472,38.868156674423034],[-77.106989807267254,38.868156947716201],[-77.106989732234965,38.868157193971747],[-77.106989656669768,38.868157467681563],[-77.106989545986551,38.868157740974794],[-77.106989470421382,38.868158014684582],[-77.106989395389121,38.868158260940127],[-77.106989284705918,38.868158534233324],[-77.106989209140679,38.868158807943168],[-77.106989134108417,38.868159054198642],[-77.1069890234252,38.868159327491867],[-77.106988947860017,38.86815960120169],[-77.106988872294835,38.868159874911491],[-77.106988762144539,38.86816012075041],[-77.106988686579299,38.868160394460254],[-77.106988575896096,38.868160667753443],[-77.106988500863821,38.868160914008989],[-77.106988425298638,38.86816118771879],[-77.106988314615421,38.868161461012001],[-77.106988239050253,38.868161734721809],[-77.10698816401792,38.868161980977348],[-77.10698805333476,38.86816225427053],[-77.106987977769506,38.868162527980388],[-77.106987902737231,38.868162774235863],[-77.106987792054014,38.86816304752908],[-77.106987716488817,38.868163321238889],[-77.1069876058056,38.86816359453212],[-77.106987530773324,38.868163840787609],[-77.106987455208085,38.868164114497453],[-77.106987344524853,38.86816438779065],[-77.106987269492578,38.868164634046167],[-77.106987158809346,38.868164907339384],[-77.106987083244164,38.868165181049214],[-77.106987007678953,38.868165454759023],[-77.106986897528671,38.868165700597913],[-77.106986821963417,38.868165974307722],[-77.106986711280186,38.868166247600954],[-77.106986636247896,38.868166493856464],[-77.106986525564665,38.868166767149674],[-77.106986449999468,38.868167040859475],[-77.106986374434243,38.86816731456932],[-77.106986264283947,38.868167560408168],[-77.106986188718764,38.868167834118033],[-77.106986078035504,38.868168107411222],[-77.106986003003158,38.868168353666718],[-77.106985927437989,38.868168627376541],[-77.106985816754744,38.868168900669765],[-77.106985741722454,38.868169146925254],[-77.106985631039223,38.868169420218472],[-77.106985555474012,38.86816969392828],[-77.106985444790766,38.868169967221519],[-77.106985369758419,38.868170213477001],[-77.106985259075245,38.868170486770232],[-77.106985183509977,38.86817076048002],[-77.106985073359652,38.868171006318939],[-77.106984997794456,38.868171280028747],[-77.106984922229231,38.86817155373857],[-77.10698481207892,38.868171799577482],[-77.106984736513695,38.86817207328729],[-77.106984625830449,38.868172346580472],[-77.106984550798103,38.868172592836011],[-77.106984440114857,38.868172866129171],[-77.106984364549646,38.86817313983903],[-77.106984254399308,38.86817338567792],[-77.106984178834097,38.868173659387729],[-77.106984068150851,38.868173932680918],[-77.106983992585626,38.868174206390748],[-77.106983882435301,38.868174452229667],[-77.10698380687009,38.868174725939454],[-77.10698369618683,38.868174999232664],[-77.10698362115447,38.868175245488167],[-77.106983510471224,38.868175518781399],[-77.106983434906013,38.868175792491186],[-77.10698332475566,38.868176038330084],[-77.106983249190449,38.868176312039893],[-77.106983138507189,38.868176585333117],[-77.106983063474885,38.868176831588606],[-77.106982952791626,38.868177104881831],[-77.1069828772264,38.868177378591632],[-77.106982767076062,38.86817762443053],[-77.10698269151078,38.868177898140324],[-77.10698258082752,38.868178171433563],[-77.106982505795202,38.868178417689037],[-77.106982395111942,38.868178690982255],[-77.106982319546731,38.868178964692078],[-77.106982209396378,38.868179210530961],[-77.106982098713104,38.868179483824136],[-77.106982023147879,38.868179757533987],[-77.10698191299754,38.868180003372871],[-77.106981837432301,38.868180277082672],[-77.106981726749027,38.868180550375854],[-77.106981651716666,38.8681807966314],[-77.106981541033448,38.868181069924574],[-77.106981465468166,38.868181343634397],[-77.106981355317814,38.868181589473295],[-77.106981279752588,38.868181863183104],[-77.106981169069314,38.868182136476292],[-77.106981058918947,38.868182382315197],[-77.106980983353722,38.868182656025027],[-77.106980872670434,38.868182929318209],[-77.106980797638116,38.868183175573726],[-77.106980686954842,38.868183448866894],[-77.106980611389602,38.868183722576767],[-77.106980501239264,38.8681839684156],[-77.106980390555975,38.868184241708811],[-77.106980314990665,38.868184515418641],[-77.106980204840326,38.868184761257517],[-77.106980129275058,38.86818503496734],[-77.106980018591798,38.868185308260543],[-77.106979908441431,38.868185554099405],[-77.106979832876178,38.868185827809235],[-77.106979722192875,38.868186101102438],[-77.106979647160571,38.868186347357948],[-77.106979536477297,38.868186620651116],[-77.106979425793995,38.868186893944333],[-77.106979350761677,38.868187140199858],[-77.106979240078388,38.86818741349304],[-77.10697916451312,38.868187687202841],[-77.106979054362768,38.868187933041739],[-77.106978943679465,38.868188206334956],[-77.106978868114169,38.868188480044751],[-77.10697875796383,38.868188725883641],[-77.106978647280556,38.868188999176809],[-77.106978571715246,38.868189272886603],[-77.106978461564879,38.868189518725515],[-77.106978385999625,38.868189792435352],[-77.106978275849244,38.868190038274214],[-77.106978165165941,38.868190311567425],[-77.106978089600673,38.868190585277226],[-77.106977979450321,38.868190831116117],[-77.106977868767018,38.868191104409291],[-77.106977793201736,38.868191378119143],[-77.106977683051383,38.86819162395804],[-77.106977572368066,38.868191897251229],[-77.106977496802827,38.868192170961009],[-77.106977386652432,38.868192416799907],[-77.106977275969143,38.868192690093061],[-77.106977200403861,38.868192963802912],[-77.10697709025348,38.868193209641802],[-77.106976979570177,38.868193482934984],[-77.106976904537845,38.868193729190494],[-77.106976793854514,38.868194002483655],[-77.106976683171226,38.868194275776887],[-77.106976608138822,38.868194522032368],[-77.106976497455506,38.868194795325572],[-77.10697638677226,38.868195068618761],[-77.106976311739857,38.868195314874256],[-77.106976201056554,38.868195588167453],[-77.106976090373237,38.868195861460656],[-77.106976015340891,38.868196107716152],[-77.10697590465756,38.868196381009362],[-77.106975794507193,38.868196626848238],[-77.106975683823862,38.868196900141413],[-77.10697560825858,38.8681971738512],[-77.106975498108199,38.868197419690091],[-77.106975387424882,38.868197692983323],[-77.1069753118596,38.868197966693117],[-77.10697520170919,38.868198212532],[-77.106975091025888,38.868198485825182],[-77.106974980875492,38.86819873166408],[-77.106974905310196,38.86819900537386],[-77.106974794626879,38.86819927866707],[-77.106974684476469,38.86819952450594],[-77.106974608911187,38.868199798215784],[-77.106974498227885,38.868200071508944],[-77.106974388077475,38.868200317347842],[-77.106974277394144,38.868200590641003],[-77.106974202361783,38.868200836896513],[-77.106974091678467,38.868201110189709],[-77.106973980995107,38.868201383482891],[-77.106973870844726,38.868201629321796],[-77.10697379527943,38.868201903031554],[-77.10697368512902,38.868202148870466],[-77.106973574445689,38.868202422163634],[-77.106973463762344,38.868202695456866],[-77.106973388729983,38.868202941712333],[-77.106973278046667,38.868203215005536],[-77.106973167363321,38.868203488298711],[-77.106973057212912,38.86820373413758],[-77.106972981647615,38.868204007847417],[-77.106972871497206,38.868204253686287],[-77.106972760813861,38.868204526979483],[-77.106972650130515,38.868204800272657],[-77.106972539980106,38.868205046111555],[-77.106972464414795,38.868205319821342],[-77.106972354264414,38.868205565660233],[-77.106972243581055,38.868205838953394],[-77.10697213289771,38.868206112246618],[-77.106972057865349,38.868206358502086],[-77.106971947181989,38.868206631795282],[-77.106971837031566,38.868206877634186],[-77.106971726348235,38.868207150927368],[-77.106971615664889,38.868207424220522],[-77.1069715406325,38.868207670476053],[-77.106971429949155,38.868207943769242],[-77.106971319798731,38.86820818960809],[-77.106971209115372,38.868208462901308],[-77.106971098432012,38.868208736194475],[-77.106970988281603,38.868208982033366],[-77.106970912716292,38.86820925574316],[-77.106970802565854,38.868209501582051],[-77.106970691882509,38.868209774875226],[-77.106970581199164,38.868210048168407],[-77.106970471048712,38.868210294007291],[-77.106970395483415,38.868210567717092],[-77.106970285332963,38.868210813555976],[-77.106970174649604,38.868211086849151],[-77.10697006449918,38.868211332688027],[-77.10696995381582,38.868211605981209],[-77.106969843132447,38.868211879274412],[-77.106969732982023,38.868212125113281],[-77.106969657416712,38.86821239882309],[-77.106969547266274,38.868212644661959],[-77.106969436582901,38.868212917955134],[-77.106969325899541,38.868213191248287],[-77.106969215749089,38.868213437087185],[-77.10696910506573,38.868213710380402],[-77.106968994915349,38.868213956219215],[-77.106968919349967,38.868214229929059],[-77.106968809199543,38.868214475767935],[-77.106968698516155,38.86821474906111],[-77.106968587832853,38.868215022354285],[-77.106968477682386,38.868215268193168],[-77.106968366999027,38.868215541486371],[-77.106968256848575,38.868215787325219],[-77.106968146165215,38.86821606061843],[-77.106968070599876,38.868216334328238],[-77.106967960449424,38.8682165801671],[-77.10696784976605,38.868216853460268],[-77.106967739615598,38.868217099299137],[-77.106967628932225,38.868217372592291],[-77.106967518781772,38.868217618431188],[-77.106967408098399,38.868217891724377],[-77.106967297415011,38.868218165017552],[-77.106967187264559,38.868218410856407],[-77.106967111699234,38.868218684566209],[-77.106967001548767,38.868218930405106],[-77.10696689086538,38.86821920369826],[-77.106966780714927,38.86821944953715],[-77.106966670031539,38.868219722830311],[-77.106966559881087,38.868219968669216],[-77.106966449197699,38.868220241962398],[-77.106966338514312,38.868220515255551],[-77.106966228363902,38.868220761094435],[-77.106966117680514,38.868221034387595],[-77.106966007530048,38.868221280226493],[-77.106965896846646,38.868221553519668],[-77.106965786696193,38.868221799358537],[-77.106965676012791,38.86822207265169],[-77.106965600447467,38.868222346361527],[-77.106965490296972,38.868222592200404],[-77.106965379613598,38.868222865493557],[-77.106965269463117,38.868223111332441],[-77.106916324630291,38.868337837836698],[-77.106906044304395,38.868364380139823],[-77.106896099163379,38.868391750237457],[-77.106886784542269,38.868419210196748],[-77.106878099375876,38.868446814926401],[-77.106870009079572,38.868474536555603],[-77.106862513654093,38.868502375084489],[-77.106855684402419,38.868530276437895],[-77.106849450022892,38.868558294691219],[-77.106843846167436,38.868586402806841],[-77.10683887390266,38.868614545876355],[-77.106834532163404,38.868642778808351],[-77.106830821483385,38.868671074148622],[-77.106827742396248,38.868699404442957],[-77.106825791531861,38.868722091234226],[-77.106825865264298,38.868729149489901],[-77.106824049365457,38.868757549692482],[-77.106822900713055,38.868785957811561],[-77.106822348538287,38.868814400468139],[-77.106822429026209,38.868842823170276],[-77.106822815923223,38.868857272049581],[-77.10682317676283,38.868871253789024],[-77.106823676241845,38.86889256916016],[-77.106829846625487,38.869155879911226],[-77.107203145571503,38.870034681931749],[-77.107245557040613,38.870133548902984],[-77.107527834076663,38.87082890403186],[-77.107666909716215,38.87119248396364],[-77.107688623092514,38.87122121806879],[-77.107734070353871,38.871277749101004],[-77.107782072394727,38.871332964834387],[-77.107832595163998,38.87138680994088],[-77.107885570555609,38.871439173767421],[-77.107926840247274,38.871477476273583],[-77.107962240327993,38.871508706728996],[-77.108221370528412,38.871728222781613],[-77.108608451691538,38.871986902874582],[-77.108700980000862,38.872044815180502],[-77.108795802442344,38.87210036551879],[-77.108883948537525,38.872148779313328],[-77.108964810030685,38.872190626046923],[-77.10916847619859,38.872287008636562],[-77.109560858614955,38.872486351015688],[-77.109955094950223,38.872680771088589],[-77.110362636614894,38.872877544105044],[-77.110821430614749,38.873112542989688],[-77.1112040255761,38.873309841704021],[-77.111474469140532,38.873457482463699],[-77.111653023178349,38.873543073755805],[-77.111795844141213,38.873605450079282],[-77.111898550850867,38.873633191103877],[-77.112002914542657,38.873656997300913],[-77.112097975864245,38.873675009122024],[-77.11219397843746,38.873689764181826],[-77.112548262667531,38.873716468317355],[-77.113408366138145,38.87376592008345],[-77.113411515443531,38.873766101437859],[-77.113425858399324,38.873766926417098],[-77.113684880088726,38.873778771962769],[-77.113934472277663,38.873787759580701],[-77.114084684878236,38.873787665181766],[-77.114213354916657,38.873784378089219],[-77.114352564101225,38.873777425659306],[-77.114470095112708,38.873768844262187],[-77.114652274826554,38.873752375368049],[-77.11477111438181,38.873745154674992],[-77.114846938277594,38.873742506676713],[-77.114922768672571,38.873741341576171],[-77.114998640692249,38.873741659787548],[-77.115084914972925,38.873743583500215]]]},"properties":{"OBJECTID":4,"MS_Name":"Kenmore Middle School","Website":"https://kenmore.apsva.us/","School_Year":"2022-2023","Shape__Area":70851292.666997269,"Shape__Length":37917.377764821686}},{"type":"Feature","id":5,"geometry":{"type":"Polygon","coordinates":[[[-77.122633744676463,38.896427478885116],[-77.122715638454409,38.896536358325484],[-77.12280581131823,38.896653298271687],[-77.122907120084093,38.896788739670022],[-77.122909620956591,38.896792091691438],[-77.123003486856462,38.896899738242865],[-77.123130856909853,38.897037709214437],[-77.123440802359568,38.897385145357468],[-77.123601404502011,38.897567716370126],[-77.124167400015509,38.897372238658022],[-77.124539771053321,38.8972500071838],[-77.12455108710229,38.897246295235774],[-77.124940547898248,38.897094056224191],[-77.125183874989872,38.897010678811597],[-77.125344518160603,38.896934571436915],[-77.125413190184091,38.896908463900907],[-77.125546286660125,38.896857846631207],[-77.125932527739593,38.896726711158671],[-77.126218198509648,38.89663586342666],[-77.126723177760439,38.896524759529349],[-77.127107655425178,38.896467193330871],[-77.127440110285576,38.896428789472367],[-77.127665705331424,38.896410555382467],[-77.127879879494259,38.89640152397093],[-77.128202611322905,38.896393759967282],[-77.1289034832851,38.896402491936968],[-77.128914730758694,38.896402348615062],[-77.1292753263007,38.896399142656335],[-77.12942938260899,38.896398501412634],[-77.130142293948353,38.896395525909135],[-77.130558691567927,38.896395987375605],[-77.131462647192464,38.896387574625571],[-77.132014213106601,38.896386941961794],[-77.132222093825675,38.896386688735362],[-77.132281035575957,38.896386616439912],[-77.133198590428592,38.89638554327874],[-77.133647492974774,38.896376733435915],[-77.134840359478829,38.896383462817177],[-77.135765167999111,38.896379735339238],[-77.135839454767208,38.896379664410794],[-77.136143263866558,38.896380144084404],[-77.136188281513483,38.896379952785111],[-77.1364951110927,38.896382361377569],[-77.137049916467191,38.896366557128331],[-77.137356086266351,38.896342648852155],[-77.137522227277415,38.896327825218435],[-77.137726708982825,38.896310974568138],[-77.138268412325047,38.896226361892921],[-77.138628232456526,38.896152819901154],[-77.138753177627933,38.896123786946177],[-77.138857714961816,38.896096165004238],[-77.140508390610933,38.895688575097559],[-77.141119334074915,38.895517372050918],[-77.141742458112702,38.895363386995044],[-77.142095318884401,38.895267236554631],[-77.1423063871718,38.89521777637902],[-77.143065918128571,38.895022797458758],[-77.143980387405293,38.894791707194372],[-77.144031623520348,38.894776646295369],[-77.144354243812842,38.894661763960833],[-77.144918742756232,38.894482259781853],[-77.145093165000148,38.894426794011601],[-77.145640722725773,38.894252674000299],[-77.145861362459058,38.894181715190335],[-77.14711360432409,38.893778983509193],[-77.147398147162079,38.893686923477645],[-77.147674853973669,38.893597396721198],[-77.147957058959818,38.893514059677912],[-77.1481662932962,38.893455718875984],[-77.14837667766227,38.893399963621633],[-77.148967267091592,38.893251657206122],[-77.149670657819115,38.893075018450944],[-77.150233624695687,38.892933992946112],[-77.15084523640482,38.892780776792812],[-77.150937930265513,38.892757532231769],[-77.15169920961668,38.89256662504512],[-77.151877818716244,38.892531133496178],[-77.152281993563349,38.892432795607682],[-77.152759696779967,38.892310860079093],[-77.152905552185103,38.892271617120173],[-77.153031088703329,38.892229120350514],[-77.153264591134871,38.892144199562217],[-77.153412971143169,38.892082742116436],[-77.153546296546324,38.892018365889065],[-77.154188472248777,38.891669840510659],[-77.15445017483772,38.891523729520827],[-77.154629066652788,38.891427745552541],[-77.154837134920726,38.891312324067592],[-77.155272325504626,38.891058356929271],[-77.155921112508238,38.890712369300481],[-77.156132751263428,38.890593691173734],[-77.156381653922494,38.890460830087406],[-77.156367214098907,38.889965942637602],[-77.156367122935976,38.889962836869309],[-77.156350175158252,38.889584515217493],[-77.156336083697326,38.889305083149267],[-77.156335342336206,38.889157063846547],[-77.156338562112253,38.888760025238497],[-77.156340605772698,38.888500823688105],[-77.156335243772546,38.888149270890452],[-77.156331959310037,38.887523578444529],[-77.156284718264715,38.885607842898267],[-77.156250575413921,38.885324518603873],[-77.156240753585877,38.885243013926441],[-77.156228178181934,38.885164086469572],[-77.156215327543435,38.885097979817253],[-77.156202237979215,38.88504650676493],[-77.15618942251217,38.884980400509761],[-77.156162830398756,38.884897632984369],[-77.156136066591358,38.884824035224675],[-77.156118166831121,38.884778026638536],[-77.156098120511629,38.884722821748014],[-77.156053011290496,38.884627018347857],[-77.15600504842142,38.884527887035837],[-77.155998331735063,38.88451133399564],[-77.155725075487425,38.883925499109573],[-77.155512556783663,38.88356718091152],[-77.155388010730434,38.883319628341738],[-77.155284939658728,38.88311477513917],[-77.155113142802279,38.882795915985632],[-77.154844477357884,38.882286388515546],[-77.154802934073416,38.88217670300034],[-77.154695559565241,38.88194296655444],[-77.154653157438233,38.881845381136145],[-77.154594211484422,38.881697024261484],[-77.154572930384873,38.881638454739452],[-77.154553095101761,38.881579599712225],[-77.154513219699481,38.881439095226867],[-77.154496359175056,38.881345262349988],[-77.154492791656878,38.881323802423168],[-77.154481518652091,38.881256120866389],[-77.154452037709078,38.881054059534229],[-77.154427576501547,38.880886417149867],[-77.154425576315191,38.880872710407274],[-77.154320049324809,38.880290675788451],[-77.154186020037173,38.87985059837829],[-77.154135296970054,38.879670426484829],[-77.153994550542592,38.87919339254055],[-77.153915299653789,38.878914091217531],[-77.153914951613132,38.878912863526644],[-77.153729595701975,38.878768097768372],[-77.153508051298118,38.878592557655764],[-77.153334907689057,38.878458762656869],[-77.153199920103063,38.878352865331394],[-77.152853600713172,38.878085273746365],[-77.152732370900537,38.877993263853746],[-77.152237227296553,38.877608629418027],[-77.152084852683132,38.877491547061673],[-77.151915226144723,38.877357817700705],[-77.151724785071607,38.877210091470182],[-77.151534396892785,38.87705959202642],[-77.151399379473276,38.876953692191016],[-77.15116049208298,38.876766936666371],[-77.151122372948038,38.876739065917405],[-77.150935499004277,38.876588633281628],[-77.150665468103625,38.876376832050831],[-77.150603125706354,38.876329433070239],[-77.150482220775814,38.876236217939976],[-77.150357269156643,38.87613987717662],[-77.150298439898734,38.876092490942128],[-77.150111465553707,38.875947575314648],[-77.149921067058358,38.875799846510851],[-77.149664935879656,38.875596440783937],[-77.149464070913311,38.875443098774959],[-77.149256337498514,38.875281439286539],[-77.149194048666047,38.87523129410026],[-77.147262516974052,38.873709721967032],[-77.147144813812389,38.873617746663868],[-77.147132260183085,38.873608174535747],[-77.147131773218334,38.873607801642571],[-77.147013217902241,38.873517373046049],[-77.146964721668539,38.87348111573985],[-77.146794627844457,38.873349649027837],[-77.146416549968365,38.873322393055432],[-77.146374814788729,38.873318808947872],[-77.146234073572131,38.873306669177666],[-77.146087370683063,38.873293993675475],[-77.145072620128985,38.873206389003883],[-77.14449329240783,38.873153844225854],[-77.14419440620135,38.87313229731803],[-77.143995401810699,38.873123134386091],[-77.143970832922591,38.873122026862596],[-77.143663554897188,38.873098432003395],[-77.143413129227696,38.873096363062238],[-77.143147786789996,38.8731029085681],[-77.142900400695197,38.873125862650141],[-77.142707100245673,38.873149441369755],[-77.142363403323188,38.873194073245756],[-77.141876272072309,38.873300204328004],[-77.141317089819978,38.873408245823846],[-77.140768320105792,38.873541394199208],[-77.139896246163204,38.873699354737994],[-77.139460787691036,38.873803328300667],[-77.138912266678588,38.873923015327414],[-77.138267789871463,38.874045459060987],[-77.138060526520476,38.874086360563751],[-77.137918353928512,38.874114451249625],[-77.137256150138057,38.874226770625135],[-77.136521533700147,38.874359939292241],[-77.13584565056604,38.874489392016542],[-77.135513334604582,38.874544571135594],[-77.135098637136593,38.874627625311277],[-77.134857273831329,38.874684408899924],[-77.134490843794438,38.874778457019133],[-77.133948263044331,38.874917412411349],[-77.133943731270193,38.874918686377939],[-77.133758912368975,38.874970669430269],[-77.133745683404328,38.874974390877092],[-77.133177614071244,38.87513417015014],[-77.132816416393027,38.875229921615094],[-77.132420703818724,38.875330240378304],[-77.132098911676337,38.875418795662902],[-77.131735244163877,38.87551887269256],[-77.131076782520211,38.875691614082683],[-77.129431379971109,38.876110965791362],[-77.129412925474014,38.876115811716048],[-77.128203752572816,38.87643329719522],[-77.12764659591825,38.876569853165542],[-77.127643915663327,38.876570510071964],[-77.127132180232564,38.876695928856236],[-77.12661370564723,38.876821978870559],[-77.126163593283565,38.876936990913705],[-77.125267396022622,38.877158269657052],[-77.124390521201107,38.877379218743513],[-77.123843424794586,38.877513406640773],[-77.123833840798468,38.877515921957226],[-77.123178215654065,38.877687947260803],[-77.122111185979136,38.877968161435696],[-77.12140447800742,38.87812627808735],[-77.121042295436936,38.878222284132576],[-77.120887528108071,38.878263305113613],[-77.120831701107832,38.878115461232525],[-77.120789884815295,38.878024625097062],[-77.120766152981247,38.877985379932696],[-77.12074043846026,38.877946935291746],[-77.120712810972663,38.877909319452328],[-77.120683269992753,38.877872559867363],[-77.120410261751829,38.87756047727224],[-77.119769644472029,38.876877970496032],[-77.119369811032669,38.876442415029203],[-77.119082569771464,38.876125713166523],[-77.1188584068762,38.875890211766048],[-77.11884242825046,38.875868027960287],[-77.118819019983505,38.875839440848914],[-77.118799920010503,38.875818813035607],[-77.118779575987986,38.875798939481435],[-77.118750517343287,38.875773718462192],[-77.118727395796796,38.87575578938683],[-77.118694912119068,38.875733301580027],[-77.11866056936212,38.875712494448472],[-77.118624610734869,38.875693508154079],[-77.11858710542235,38.875676398430237],[-77.118548263096031,38.875661222663183],[-77.118518385995387,38.875651150166142],[-77.118487296792622,38.875641997059745],[-77.11816880304039,38.875525661612294],[-77.117731769452035,38.87536262016522],[-77.117693879461356,38.875347263096224],[-77.117656856733731,38.875330653039249],[-77.117620770984701,38.87531281827625],[-77.117585726522279,38.875293814956976],[-77.117551723347376,38.875273643082458],[-77.117518865767366,38.875252358802555],[-77.117487188375563,38.875229989985925],[-77.117456760357157,38.875206592369196],[-77.117406691855606,38.875163301765006],[-77.11727500372821,38.875038700593961],[-77.117201285236789,38.874964842451774],[-77.117035135519956,38.874798342320865],[-77.117030659700859,38.874793621318474],[-77.11689173987277,38.874652430739097],[-77.116858215694933,38.87461836926289],[-77.116740899412974,38.874499126771163],[-77.116558463361727,38.874323265688204],[-77.116557767124462,38.874322595000237],[-77.116390502068484,38.874179477140515],[-77.11634514980598,38.874143079301021],[-77.116305947128808,38.874113866186107],[-77.116265458423129,38.874085763786042],[-77.11623218825855,38.874064062358997],[-77.116189553175005,38.87403796671984],[-77.116127971710071,38.874003382164815],[-77.116037783730135,38.873956652404082],[-77.115933536227644,38.873908521138191],[-77.115825477085707,38.873864958221247],[-77.115717453329381,38.873828672666001],[-77.115701816649022,38.873823435595632],[-77.115620038370139,38.873805143931264],[-77.115547875082655,38.873791029728643],[-77.115475150580039,38.873778693800318],[-77.115402004810718,38.873768165256003],[-77.115328437769307,38.873759444094965],[-77.115243962109005,38.873751692673309],[-77.115159229646608,38.873746327230464],[-77.115084914972925,38.873743583500215],[-77.114998640692249,38.873741659787548],[-77.114922768672571,38.873741341576171],[-77.114846938277594,38.873742506676713],[-77.11477111438181,38.873745154674992],[-77.114652274826554,38.873752375368049],[-77.114470095112708,38.873768844262187],[-77.114352564101225,38.873777425659306],[-77.114213354916657,38.873784378089219],[-77.114084684878236,38.873787665181766],[-77.113934472277663,38.873787759580701],[-77.113684880088726,38.873778771962769],[-77.113425858399324,38.873766926417098],[-77.113411515443531,38.873766101437859],[-77.112548262667531,38.873716468317355],[-77.11219397843746,38.873689764181826],[-77.112097975864245,38.873675009122024],[-77.112002914542657,38.873656997300913],[-77.111898550850867,38.873633191103877],[-77.111795844141213,38.873605450079282],[-77.111653023178349,38.873543073755805],[-77.111474469140532,38.873457482463699],[-77.1112040255761,38.873309841704021],[-77.110821430614749,38.873112542989688],[-77.110362636614894,38.872877544105044],[-77.109955094950223,38.872680771088589],[-77.109628281812562,38.872519602609238],[-77.109560858614955,38.872486351015688],[-77.109548105280766,38.872479872055592],[-77.10916847619859,38.872287008636562],[-77.108964810030685,38.872190626046923],[-77.108883948537525,38.872148779313328],[-77.108795802442344,38.87210036551879],[-77.108700980000862,38.872044815180502],[-77.108608451691538,38.871986902874582],[-77.108221370528412,38.871728222781613],[-77.107962240327993,38.871508706728996],[-77.107926840247274,38.871477476273583],[-77.107885570555609,38.871439173767421],[-77.107832595163998,38.87138680994088],[-77.107782072394727,38.871332964834387],[-77.107734070353871,38.871277749101004],[-77.107688623092514,38.87122121806879],[-77.107666909716215,38.87119248396364],[-77.107527834076663,38.87082890403186],[-77.107245557040613,38.870133548902984],[-77.107203145571503,38.870034681931749],[-77.106829846625487,38.869155879911226],[-77.106694476900714,38.86918961039089],[-77.104673416292925,38.869703405617784],[-77.104568160714194,38.86972983170719],[-77.103620084919442,38.86996785216639],[-77.103544527616506,38.869986761322323],[-77.103507646878029,38.869995990571077],[-77.103283403749131,38.870052106392485],[-77.102955053152911,38.870134234462881],[-77.102013261414086,38.870370418600494],[-77.101269354532818,38.870556969583411],[-77.100880696642349,38.870660149803541],[-77.100769645766533,38.870688981786536],[-77.10126648322661,38.871075529511195],[-77.101320531039207,38.871114068977519],[-77.101771432713946,38.871427547203602],[-77.102443342777477,38.871906193623715],[-77.103008685227636,38.872308930323662],[-77.103557633417864,38.872711441767194],[-77.104629024387975,38.87347138087965],[-77.105206725570284,38.873877521213139],[-77.105839688093539,38.874332645316805],[-77.105857910519759,38.874345795594934],[-77.106339585204253,38.874693891698634],[-77.106545805360966,38.874838035542204],[-77.10673402972553,38.874975814328288],[-77.106912266322794,38.875106279642871],[-77.107274749499837,38.875362413314711],[-77.107483022545637,38.875509579858274],[-77.107814981260049,38.87574583222333],[-77.108329803240139,38.876099310601738],[-77.108674751849009,38.876354387559225],[-77.109111403628376,38.876663273902111],[-77.109739807020262,38.877120518930028],[-77.109712109483979,38.877146663003785],[-77.109685557668968,38.877173507149081],[-77.109653974863605,38.877207980680865],[-77.109629994403591,38.87723628320547],[-77.109607232039693,38.877265176818767],[-77.109585723427216,38.877294634482908],[-77.10956057913215,38.877332232341843],[-77.109541893592464,38.877362849305889],[-77.109522550844929,38.877398373924557],[-77.109504674713293,38.877434355274332],[-77.10939270927301,38.87773729243019],[-77.109359023738833,38.877853051678343],[-77.109327366710389,38.877971086701386],[-77.109304057154759,38.878107948660862],[-77.109283338709673,38.878290563111513],[-77.109269156268667,38.87848940175526],[-77.109266863346178,38.878607702101348],[-77.109264934922805,38.878707196286179],[-77.109254646581817,38.878770371007214],[-77.109244637070816,38.878826409286802],[-77.109130501782985,38.879465849384388],[-77.109062531346467,38.87987313546499],[-77.109062395246028,38.879896353455329],[-77.108899799762412,38.879888590506695],[-77.107612979077402,38.879891931560707],[-77.10756243547506,38.879891019931833],[-77.107435274216613,38.879888726102628],[-77.107192525859574,38.879891696511365],[-77.10712748936696,38.879893890914957],[-77.107062601840212,38.879897460076862],[-77.106997828151918,38.879902403580694],[-77.106933274202603,38.879908695222326],[-77.106858232514995,38.879917745774812],[-77.10679425372777,38.879926982442036],[-77.106688708331092,38.87994374441417],[-77.106615850455668,38.879957928383625],[-77.106470760448104,38.879986633139431],[-77.106401314084977,38.880006047501261],[-77.10638731814268,38.880010357487578],[-77.106383924928195,38.880011415643601],[-77.10634225533731,38.880024239525603],[-77.106304673887109,38.880038210330284],[-77.106271821484853,38.880049271506003],[-77.106251192237082,38.880058665338296],[-77.106062038843447,38.88015286181642],[-77.106046500978493,38.880160586029724],[-77.104540288025234,38.880978872306628],[-77.104085380141228,38.881210725315228],[-77.103387937867481,38.881592949988466],[-77.103358123281581,38.881608522554146],[-77.102708325373086,38.881943226396196],[-77.102613606638201,38.881990155401446],[-77.102447741535329,38.882064247489865],[-77.101908550530467,38.882311565519238],[-77.101629830895845,38.882443627750632],[-77.101188194985042,38.882660524393309],[-77.100924906313196,38.882793867182542],[-77.10073521997343,38.882882227199119],[-77.100435901392601,38.88302722227526],[-77.100199556956284,38.883147978081865],[-77.100014438130643,38.883254240749444],[-77.099956583798374,38.883284306916686],[-77.099888744301367,38.88332194297525],[-77.099835684896888,38.883352944983706],[-77.099776845714402,38.883392061306246],[-77.099729205528647,38.88342801585592],[-77.099684265429275,38.883466034661176],[-77.099411451672069,38.883727061963022],[-77.099154967430024,38.883979386189267],[-77.098941270150902,38.884163568898551],[-77.098917636782829,38.884186353833115],[-77.098615128346154,38.884478000564471],[-77.09861540714175,38.884478117165827],[-77.098486633188045,38.884598663323189],[-77.098140719271356,38.884936055044221],[-77.097971169696478,38.885094158818745],[-77.097920684974454,38.885138591458919],[-77.097839207354014,38.885212678754961],[-77.097491322457245,38.88556880919117],[-77.097381086255808,38.885685236747122],[-77.097323478016193,38.885743891009284],[-77.097248922436435,38.885810361316224],[-77.097154381282465,38.885876510483946],[-77.097047971284354,38.885936915849562],[-77.09691281084099,38.885997828939907],[-77.097303823968289,38.886028532041308],[-77.097317742428544,38.886030071295366],[-77.097331661962912,38.886031555639512],[-77.097345617698068,38.886032985493202],[-77.097359539917235,38.886034332563277],[-77.097373497800405,38.886035652597101],[-77.097387457294204,38.886036890266816],[-77.09740141786196,38.886038073026626],[-77.097415414630348,38.886039201295944],[-77.097429377345819,38.886040274235846],[-77.097443376261893,38.886041292685306],[-77.097457376251683,38.886042256224798],[-77.09747137785196,38.886043137400179],[-77.097485415115969,38.886043991539218],[-77.097499418863706,38.886044762894713],[-77.097513423685029,38.886045479340268],[-77.097527464706715,38.88604614129536],[-77.097541506801974,38.886046748340419],[-77.097555515380762,38.886047272601928],[-77.097571640148601,38.886047382761717],[-77.097589855101518,38.886046611679099],[-77.097767056075142,38.886035024600595],[-77.098606762857983,38.885978345190914],[-77.098645897731117,38.885978619912215],[-77.098680972659722,38.88597988968111],[-77.098715995840223,38.885982010098957],[-77.098750932147084,38.885984980746777],[-77.098785711328247,38.885988800786428],[-77.098820333921083,38.885993442763983],[-77.098854764263834,38.885998933714575],[-77.098888932640449,38.88600524534624],[-77.098944548721562,38.886017963980485],[-77.098994157362981,38.886032450784604],[-77.099027140597983,38.886041878740407],[-77.099060748336157,38.886049913648293],[-77.099094804406121,38.886056580866899],[-77.099129310414199,38.886061798033438],[-77.099164090188793,38.886065590506867],[-77.099199109137118,38.886067930413837],[-77.099234192159486,38.886068788205279],[-77.099263855196455,38.886068318161406],[-77.099269303054982,38.886068218370511],[-77.099304336977369,38.886066192198619],[-77.099339188544235,38.886062708432931],[-77.09937375183749,38.886057793271128],[-77.099407921474892,38.886051445456701],[-77.099441626665211,38.886043691606439],[-77.099474726899615,38.886034530045251],[-77.099536026460783,38.886013484784762],[-77.099579883960246,38.886000414763267],[-77.099624945987088,38.885990434667832],[-77.099681677859394,38.885981994179403],[-77.099715397811522,38.885978881258396],[-77.09974930119391,38.885977171002082],[-77.100046668639649,38.885977887442053],[-77.100178862826709,38.885973421750329],[-77.100669676892934,38.885992451533028],[-77.101310161136084,38.886029738072565],[-77.101952477278985,38.886063198443132],[-77.102531339254426,38.886071460438821],[-77.103661759523177,38.886100832312451],[-77.104037444725691,38.886103266074542],[-77.104625353229494,38.886107066820927],[-77.105042287582535,38.886107653281137],[-77.10546751293009,38.886108281782988],[-77.105893286894499,38.886111414163786],[-77.10632220048015,38.886101236448759],[-77.106858184220613,38.886088510227417],[-77.107240290448274,38.886082332388689],[-77.107857733379177,38.886072352483225],[-77.108169808309796,38.886068362171621],[-77.108213744476458,38.886067454878727],[-77.108257576349416,38.886064679019555],[-77.10830112669376,38.886060114875669],[-77.108344291190988,38.886053706290312],[-77.108386997986827,38.886045534794128],[-77.108429071976971,38.886035570852414],[-77.10853199259607,38.886006034472508],[-77.108602202644192,38.885981932120053],[-77.108670300806708,38.885954399606433],[-77.108832182101182,38.885886567500577],[-77.108978897403745,38.885825338298929],[-77.109116469947139,38.885771744504765],[-77.109235309705753,38.885732949622863],[-77.109389685725759,38.885687929938996],[-77.109525238561275,38.885655126814328],[-77.109716197617743,38.885627812455553],[-77.109996603194915,38.885608064552379],[-77.110952577387323,38.885591914052561],[-77.112219122269067,38.885558555923531],[-77.113127983800482,38.885544000416893],[-77.114143407930598,38.885487609840247],[-77.11511276325345,38.885451537256927],[-77.116169227809095,38.885434881586569],[-77.116430419002711,38.885427523775071],[-77.117166267838897,38.885402413520673],[-77.117243184300349,38.885403868311919],[-77.117488026629076,38.885406201437448],[-77.117874373720539,38.885394821489605],[-77.118375642504631,38.88538177157217],[-77.118691511299943,38.885370301271649],[-77.118665358494496,38.885405637361842],[-77.11864032014843,38.885445133082804],[-77.118585595855691,38.885522806663481],[-77.118508302088372,38.885624874238843],[-77.118449056574207,38.885696480735],[-77.118303492365001,38.885862579233745],[-77.11820861103017,38.88597295244972],[-77.118105231730652,38.886077596211017],[-77.118012579214479,38.886174375107558],[-77.117926508527489,38.886254123518533],[-77.11784067428755,38.886323412216235],[-77.117690328964315,38.886454295732719],[-77.117694097709787,38.886461677178254],[-77.117761922319787,38.886594531009052],[-77.117933334570566,38.886930280188274],[-77.117942879325469,38.886945495749799],[-77.118104377101048,38.887260225416654],[-77.118259118099829,38.887601127516326],[-77.118353206290521,38.887805716237189],[-77.118446819795324,38.887998491292812],[-77.11864167603197,38.888389348343566],[-77.118724481108785,38.888541354570414],[-77.118728559044413,38.888548542240606],[-77.118841367378565,38.888821177909342],[-77.118879159549067,38.888920479861326],[-77.118910311980997,38.888999657609631],[-77.11891828824929,38.889023367368935],[-77.119019629113936,38.88938072070205],[-77.11904998392329,38.889501354267402],[-77.119090042461451,38.889665489378842],[-77.119241916569635,38.890245316747702],[-77.119245181113598,38.890258261521765],[-77.119283956558874,38.890489110261854],[-77.119336891731791,38.890842324270814],[-77.119352482845599,38.89096333336721],[-77.119360189638485,38.891110611781222],[-77.119387267535174,38.89134681501357],[-77.119389155088314,38.891668673226633],[-77.119373845054994,38.891952983117996],[-77.119380594438752,38.892040468930233],[-77.119384531340771,38.892128031523995],[-77.119391411559661,38.892195939599063],[-77.119408433595936,38.89232295182903],[-77.119429105797664,38.892441054861735],[-77.119455019868411,38.892544226114694],[-77.11948188227737,38.892638291650194],[-77.119616245546752,38.892941660558236],[-77.11965643799229,38.893020477406374],[-77.119703595840917,38.893106186267985],[-77.119753760481089,38.893190859483454],[-77.119800833209197,38.893264567105646],[-77.119839387761743,38.893315300108945],[-77.119885659198246,38.893372219975532],[-77.11992801032541,38.893421047866291],[-77.119972100859982,38.89346896252281],[-77.120063034432519,38.893564192529354],[-77.12012350636634,38.893624546906175],[-77.120193084394558,38.893690115850205],[-77.120270261356254,38.893758877032681],[-77.120320611352199,38.893802910776614],[-77.120379716658093,38.893852127502754],[-77.120432740129232,38.893894187987847],[-77.120487011715142,38.893935301992265],[-77.120566523013991,38.89399233733775],[-77.120640098292,38.894041943537125],[-77.120841579483752,38.894181062061961],[-77.121059850017957,38.894344350238505],[-77.121104828363926,38.894380878805933],[-77.121147454868819,38.89441910975232],[-77.121187626777399,38.894458904572176],[-77.121251572269699,38.89451778878658],[-77.121307159456634,38.894570945483679],[-77.121320053787258,38.894583944851284],[-77.121408056410672,38.894672662134099],[-77.121578072555295,38.894876765751278],[-77.121625131397522,38.894933062533212],[-77.121656868570369,38.894969298196962],[-77.121691171411427,38.895014653341136],[-77.121711654095961,38.895045923904213],[-77.12173022546807,38.895077913467098],[-77.122042518387332,38.895540165551495],[-77.122310602658715,38.895944231446819],[-77.122382769224274,38.89604723038368],[-77.122633744676463,38.896427478885116]]]},"properties":{"OBJECTID":5,"MS_Name":"Swanson Middle School","Website":"https://swanson.apsva.us/","School_Year":"2022-2023","Shape__Area":93593072.104229301,"Shape__Length":52144.539956752713}},{"type":"Feature","id":6,"geometry":{"type":"Polygon","coordinates":[[[-77.107348704463547,38.920082704080549],[-77.107352039130035,38.920091997710422],[-77.107350095349872,38.920101585765323],[-77.107344656951739,38.920110116373323],[-77.107338370356814,38.920117071693518],[-77.107332040086391,38.920124465859942],[-77.107327529276859,38.92013229349395],[-77.107323856044417,38.920140433117552],[-77.107321056066027,38.92014885769332],[-77.107319167151232,38.920157430368171],[-77.107318998666713,38.920166105814161],[-77.107319674692008,38.920174736348699],[-77.107321264447975,38.920183377712611],[-77.107323737056902,38.920191809857862],[-77.107327973239066,38.920199933381475],[-77.107332216353427,38.920207700003637],[-77.107338224641211,38.920215075642083],[-77.107345122181158,38.920221912614132],[-77.107352907373851,38.920228293281362],[-77.107470582678744,38.92032305275081],[-77.107563285147577,38.920436710897462],[-77.107567530966875,38.920444340240905],[-77.107572653778206,38.920452062357114],[-77.107576900665578,38.920459636792344],[-77.107582025611336,38.920467249092304],[-77.107586273566739,38.920474768619258],[-77.107591398514586,38.920482380918813],[-77.107595647004956,38.920489872991496],[-77.107611026122498,38.920512490256513],[-77.107615274616705,38.920519982328386],[-77.107640915923113,38.920557192744702],[-77.107661436023662,38.920586598681432],[-77.107667444377057,38.920593974302307],[-77.10767770763421,38.92060851254503],[-77.107683718123255,38.920615778349294],[-77.107688884631671,38.920623061613391],[-77.107694826434823,38.920630244222423],[-77.107699992945456,38.920637527485987],[-77.10770600503831,38.920644710927185],[-77.1077111385395,38.920651883958129],[-77.10771715170074,38.920659012490837],[-77.107723163797132,38.920666195931162],[-77.107728298900653,38.920673286599488],[-77.107734347209089,38.920680415547672],[-77.107744572150352,38.920695118091508],[-77.107750582653438,38.92070238389217],[-77.107755717229267,38.920709502013111],[-77.107761730932779,38.920716603089524],[-77.107767746236505,38.920723621803781],[-77.107773763140457,38.920730558155917],[-77.107779818387328,38.920737330200467],[-77.107786682474881,38.920744084367421],[-77.107792704179388,38.920750773633095],[-77.107806511709228,38.920763816080736],[-77.107813418940481,38.920770158853358],[-77.107821206366324,38.920776429672912],[-77.107828116798018,38.92078260772098],[-77.10783590742443,38.920788713815902],[-77.107842821056494,38.920794727139459],[-77.107850617015259,38.920800558693941],[-77.107858414574224,38.920806307886089],[-77.107867092328206,38.920811985124722],[-77.107874895219453,38.920817459776416],[-77.107882698644843,38.920822906973541],[-77.107891383331307,38.920828227309144],[-77.107900070683854,38.920833410374364],[-77.107908760169494,38.9208384836232],[-77.107917486399018,38.920843474925896],[-77.107926145539878,38.920848300671608],[-77.107934841424523,38.920853044471201],[-77.107943511196069,38.920859133513268],[-77.107953065426926,38.920864930969458],[-77.107962627120429,38.920870344069762],[-77.107973073273286,38.920875465583926],[-77.107982666412596,38.920879258900058],[-77.107992255289503,38.920883271846947],[-77.108001844167504,38.920887284793032],[-77.108010548588609,38.920891589323887],[-77.108020127876259,38.920896096439407],[-77.108028827503318,38.920900648054406],[-77.108037523401123,38.920905391846325],[-77.10804621610265,38.92091030036125],[-77.108054905607943,38.920915373599151],[-77.10806359138418,38.920920639013993],[-77.108071397499614,38.920925948928812],[-77.108080077949396,38.920931488881848],[-77.108087877672574,38.920937128242805],[-77.10809567473251,38.920942904872923],[-77.10810346912929,38.920948818772246],[-77.108110381200575,38.920954914441637],[-77.108118169738219,38.920961130333325],[-77.10812507754892,38.920967445633323],[-77.108131983229342,38.920973870748696],[-77.108138886779528,38.920980405679387],[-77.108144909069594,38.920987067472645],[-77.108151807826431,38.920993849488028],[-77.108163841755101,38.921007722151636],[-77.108168976926677,38.92101481280006],[-77.108174986966702,38.921022106032304],[-77.108180118943267,38.921029361403875],[-77.108185248789454,38.921036726590899],[-77.108190375439563,38.921044256501347],[-77.108194623492963,38.921051776005179],[-77.108199746948046,38.921059470638852],[-77.108203991806235,38.921067154865995],[-77.108207355935846,38.921074938502407],[-77.108211598131547,38.921082759998917],[-77.108214959065648,38.92109070835874],[-77.108221678271889,38.921106742347717],[-77.108226636553852,38.921122947701562],[-77.108229114097171,38.921131132740207],[-77.108231590042564,38.921139400140575],[-77.108233007823671,38.921156909112618],[-77.108235476843504,38.921165533414083],[-77.108237948528114,38.921174020445761],[-77.108241300944073,38.921182408067693],[-77.108245535690202,38.921190613917901],[-77.108250655963687,38.921198473272717],[-77.108255781033776,38.921206085541826],[-77.108261789500162,38.92121346113111],[-77.108268685092895,38.92122040786289],[-77.10827646621361,38.921227008098789],[-77.108284255328002,38.921233196525087],[-77.108292931036104,38.921238983547376],[-77.10843132273969,38.921353209520461],[-77.108482920074522,38.921411487058343],[-77.1086732482852,38.921564744627005],[-77.108766947621362,38.921629012567792],[-77.10887429685728,38.921712664195546],[-77.109568398318558,38.922173973149008],[-77.112578065095462,38.924502501687122],[-77.113347620068154,38.925332823338152],[-77.115153885630264,38.927281621727353],[-77.115299435372293,38.927390431478422],[-77.115476140860039,38.927524322253404],[-77.115624605383445,38.927666118127085],[-77.115780152974693,38.927799786639532],[-77.116134310567432,38.928213086594191],[-77.116260064697471,38.928436994663997],[-77.116445305811709,38.928675333000271],[-77.116753849539833,38.929082629315872],[-77.116488351809664,38.929359597656344],[-77.116464031539593,38.929526818282696],[-77.116480295766848,38.929571335587106],[-77.116580905393718,38.929846731874036],[-77.116861428082586,38.93061342575124],[-77.11705160840863,38.931142898508888],[-77.117181805863964,38.931501412272425],[-77.117356195544119,38.931756097249561],[-77.117588752333745,38.932093846529447],[-77.117746046497189,38.932323615653537],[-77.117842348117904,38.932434588731972],[-77.118096687116861,38.932736894896451],[-77.118282157075143,38.932964248504568],[-77.118481582378237,38.933197257857749],[-77.118694698748385,38.933449649832653],[-77.118900892352826,38.933696468014546],[-77.119289393086106,38.93397014173366],[-77.1193619927935,38.934034152837825],[-77.119458669256929,38.934125906814259],[-77.119825740056655,38.934234566340152],[-77.11989461407569,38.934309517391718],[-77.121144011991944,38.933327380187585],[-77.121222503500064,38.933267888799364],[-77.121725929048893,38.932867384076197],[-77.123222198659732,38.931698497550535],[-77.124760660213383,38.93049659144242],[-77.125220210933776,38.930137558729172],[-77.12523091339159,38.930129445892192],[-77.125363003861565,38.930024500684162],[-77.125370150391191,38.930018488130479],[-77.125569981708878,38.92986427523396],[-77.125848400056356,38.929645131572975],[-77.126087610249613,38.929455735019431],[-77.126333884737122,38.929260873613494],[-77.126569437774265,38.929076897904771],[-77.126858552618572,38.928849611388266],[-77.127251136265713,38.928541125024331],[-77.12734388676337,38.928470812104784],[-77.127486684585179,38.928357147441993],[-77.127707909973552,38.928186732200132],[-77.127854273936961,38.928070362726281],[-77.128179053256702,38.927816029290668],[-77.128304012206314,38.92771588546568],[-77.128560958498099,38.92751567944206],[-77.128907241017714,38.927239626863347],[-77.129071384567169,38.927112479277511],[-77.129299789178077,38.926933906787333],[-77.129770916000624,38.926563197372992],[-77.1300885474719,38.92631426739797],[-77.130259821008167,38.926181709261918],[-77.130327595849934,38.926130324983774],[-77.13047751844779,38.926011247742608],[-77.130877030034057,38.925708349617437],[-77.13111617919138,38.925518914767636],[-77.131394564242498,38.925299730261429],[-77.131519514316864,38.925199582950711],[-77.131822866284864,38.924961438638533],[-77.131879937927948,38.924918166897065],[-77.132151184403725,38.924704389533225],[-77.132343851927075,38.924555601342213],[-77.132525870229756,38.924412180941495],[-77.132650764826536,38.924314777807105],[-77.133104022714662,38.923957577316557],[-77.133146877606336,38.923922377634661],[-77.133418011896069,38.923714088097213],[-77.133553604608338,38.923608570387842],[-77.133853428048624,38.92337040732081],[-77.134017553971916,38.92324325269653],[-77.134327970136184,38.923002465550873],[-77.134435025934863,38.922918583284904],[-77.134574182415847,38.922810359811926],[-77.134806126373263,38.922629071848974],[-77.135038016899586,38.922450528824676],[-77.135098703589676,38.92240180550376],[-77.135227122765329,38.922301694587041],[-77.13549834884428,38.922087936803898],[-77.13560905650192,38.921998576399893],[-77.135865770091328,38.921806589912514],[-77.136012055574525,38.921692955488915],[-77.136247558924509,38.921508960014911],[-77.136447395342429,38.921351982870462],[-77.136643663752793,38.921197737465768],[-77.136846960133596,38.921043573264583],[-77.137068245076549,38.920867649259947],[-77.137328708922595,38.920664719059992],[-77.137532002841397,38.920510526197987],[-77.137609518437301,38.920449825019205],[-77.137749665258312,38.920340078406774],[-77.137978026690178,38.920161488731559],[-77.138224271573421,38.919966629793201],[-77.138552439637166,38.919715053283092],[-77.139055516953889,38.919322709126455],[-77.139080482454716,38.919303748724161],[-77.139401563249493,38.919054861258246],[-77.139459376808716,38.91900893083443],[-77.139476509681657,38.918995316763237],[-77.139822552825223,38.918727467632245],[-77.140104399189227,38.918508302781703],[-77.1405638180549,38.918146669129094],[-77.140571803989317,38.918140747752382],[-77.140578981120541,38.918134844478061],[-77.140587005317599,38.91812875878221],[-77.140595031594984,38.918122563269414],[-77.140703801809494,38.918040178035085],[-77.14077161350977,38.917986042212938],[-77.140814477961214,38.917948093862215],[-77.141813619916007,38.91716327574089],[-77.141945534553273,38.917063197964751],[-77.142124000430513,38.916919721799296],[-77.142179208723604,38.916876380670708],[-77.142327376854723,38.91676005711917],[-77.142623420483844,38.916532812294214],[-77.142951661305958,38.916275732446017],[-77.14337985442269,38.915937425355807],[-77.143618937973244,38.915747964577392],[-77.143833005928968,38.915580182698868],[-77.14430760096738,38.915203963635562],[-77.145028169460602,38.914635722355172],[-77.14546356616404,38.914294607509305],[-77.145763311117449,38.914056413475016],[-77.145816211389302,38.914016286066435],[-77.145816581352264,38.914016005431492],[-77.145870288350267,38.913975266011029],[-77.145970185382922,38.913896782872428],[-77.146212769341588,38.913707357211145],[-77.146533852661989,38.913455677021993],[-77.146592055509203,38.91340900447063],[-77.146658760961628,38.913355513304175],[-77.147168829147617,38.912960469293971],[-77.147482774209664,38.912714196377308],[-77.147750362263309,38.912503087293096],[-77.148021410972518,38.912294763440677],[-77.148089211717391,38.912240623314403],[-77.14859926409612,38.911845572979765],[-77.148709852236948,38.911758972463353],[-77.148774086274329,38.91170753693919],[-77.149130704787723,38.911434290285143],[-77.149196764609229,38.911382921863229],[-77.149200150975588,38.911380288581206],[-77.149273382455533,38.911323344063355],[-77.14937332377238,38.911242112557751],[-77.149794221972286,38.910914682539463],[-77.150004747146724,38.910746848824175],[-77.150340015009434,38.9104870558252],[-77.150554103713503,38.910316488597346],[-77.150814490570369,38.910113555401928],[-77.151021393859352,38.909951170321136],[-77.15107492758932,38.909907876197565],[-77.151103503773271,38.909883462695106],[-77.151285395700882,38.909742758110824],[-77.151328181550582,38.909710297089667],[-77.151531568660985,38.909547870757663],[-77.151577919749769,38.909512704551801],[-77.151948830026967,38.909225883390867],[-77.15203806909841,38.909152764888809],[-77.152351929189805,38.908909224140714],[-77.152551694740509,38.908752246549028],[-77.152944092495417,38.908443700599122],[-77.153143855453678,38.908286721981653],[-77.153493907246627,38.908010910385869],[-77.153514856210876,38.907994404938641],[-77.153689659542778,38.9078563614462],[-77.153960724966041,38.907645278217309],[-77.154160483475778,38.907488297838803],[-77.154474329592844,38.907244723861695],[-77.154545351103323,38.907189564868929],[-77.154548034879184,38.907187479456276],[-77.154624156265996,38.907128361057858],[-77.155186846518973,38.906690300800115],[-77.155722611844823,38.906273194250197],[-77.155875964464556,38.906154124197066],[-77.155897406733388,38.906135147411497],[-77.156286159240977,38.905832040743888],[-77.156332557028918,38.905794127201993],[-77.15684256957897,38.905396294996478],[-77.156878271610253,38.90536649700276],[-77.157342035573436,38.904998340068722],[-77.158116050530992,38.904389330124047],[-77.158297966126156,38.904245869055238],[-77.158661743792791,38.903961691485428],[-77.158691140258341,38.903938837020576],[-77.158954169792835,38.903734337192382],[-77.159118206288099,38.903607146864282],[-77.159599771641993,38.903225454215985],[-77.159680934181722,38.903160341995829],[-77.159686042794547,38.903156243499481],[-77.159724643882143,38.90312527634331],[-77.160472781999545,38.902536832394958],[-77.160801777711001,38.902278057345995],[-77.160855249068462,38.902237476657085],[-77.161201182779422,38.901966817977012],[-77.161597019171481,38.90165831008261],[-77.161711089894581,38.901571709676006],[-77.161889044185557,38.901432250067515],[-77.162149750037926,38.901227934658323],[-77.16222818796416,38.901165697012068],[-77.16232808439473,38.901087200106801],[-77.162538500211284,38.90092208894086],[-77.162624102352012,38.900854413106586],[-77.162816540244847,38.900711064904051],[-77.162976998385645,38.900586574529832],[-77.163208799208704,38.900405202011342],[-77.163387145977353,38.900261692534819],[-77.16367195136425,38.900038099785363],[-77.163697450378308,38.900018081345685],[-77.163932725281313,38.899836774392838],[-77.164037785926354,38.899754857641206],[-77.164047567629524,38.899747231983753],[-77.164324974194272,38.899530935158865],[-77.164417753072797,38.899455101584138],[-77.164559438789951,38.899344729843236],[-77.164688755182368,38.899243993147785],[-77.164881286828077,38.899095150634004],[-77.164977378683119,38.899018849694784],[-77.165113128596801,38.898911056307824],[-77.165334224858512,38.898737823506565],[-77.165544626865099,38.898572706856754],[-77.165690869018647,38.898456289370912],[-77.166022508815743,38.898196438348776],[-77.166286423814782,38.897987991801834],[-77.166364890252964,38.897925724286388],[-77.166699936377412,38.897671402075744],[-77.166821224736438,38.897573922077925],[-77.16688894686807,38.897522488881059],[-77.167295513203271,38.897203099695481],[-77.16749879407719,38.897040617348352],[-77.167751701928225,38.896856756829607],[-77.167780231595529,38.896832366245171],[-77.168012348633383,38.896634539299292],[-77.16802388591482,38.896628244443612],[-77.168033701754069,38.896620035316438],[-77.168040913256021,38.896610149048556],[-77.168215507985735,38.896480319855478],[-77.168632669412361,38.896155526719234],[-77.169082006073097,38.895800890493362],[-77.169402929011667,38.895549146653977],[-77.169802224169928,38.895237877109288],[-77.17039648466799,38.894774766847483],[-77.170472554109466,38.894715484954652],[-77.170476133878722,38.894710033439374],[-77.170576012295186,38.894631529390971],[-77.170736494245276,38.894504282784162],[-77.170975434113132,38.894314765301402],[-77.171214321865179,38.894127992764709],[-77.171413954135687,38.893973727949444],[-77.171442465697879,38.893952082296408],[-77.171681401861704,38.893762563350961],[-77.171831137844848,38.893646150350882],[-77.171998692345042,38.893516235991044],[-77.172116402587278,38.893421456146896],[-77.172316030952089,38.893267189770789],[-77.172142816856407,38.893133422999298],[-77.17195926805141,38.892988527587875],[-77.171779181185883,38.892846471959807],[-77.171415446734983,38.89256501065848],[-77.171183465079508,38.892381149368084],[-77.171027566018253,38.892261306843714],[-77.17078170265286,38.892066303589964],[-77.170497655567601,38.891846153446863],[-77.170158266612034,38.89157874863907],[-77.169964288664559,38.891428239848935],[-77.16975641187237,38.891269362720976],[-77.169562521139355,38.891116135665094],[-77.169340813818636,38.890943371014323],[-77.169236953090362,38.890859813771662],[-77.169008358469014,38.890681478393695],[-77.168776216925465,38.890503102350571],[-77.1685823303566,38.89034987364689],[-77.168100915213813,38.889973702906751],[-77.168017864018964,38.889906856624997],[-77.167706103601219,38.889664416970987],[-77.167636814605203,38.889611456614062],[-77.167252290587513,38.889316015883793],[-77.167002934715441,38.88912096471509],[-77.166874846463742,38.889017908171894],[-77.166660110873025,38.888850709395889],[-77.166518125315775,38.88873925661705],[-77.166358780160309,38.888616622460717],[-77.165960521755366,38.888304545221516],[-77.165861977857958,38.888228703210203],[-77.165801178518393,38.888181910295202],[-77.165676554906497,38.888081665221293],[-77.165555308208937,38.887986895501314],[-77.165319757375514,38.887805727550635],[-77.165257481572382,38.887755591442357],[-77.164544067161941,38.887198277227682],[-77.163983025918938,38.886760770890547],[-77.163906905504305,38.886699492449047],[-77.16364709677589,38.886498822860858],[-77.163554352865404,38.886426985360686],[-77.163460033227338,38.886353928466754],[-77.163103476540712,38.88606974841219],[-77.162604657742364,38.885687863930563],[-77.162130314494178,38.885314494117097],[-77.159910537506207,38.883583904113522],[-77.159889718388953,38.883569936417402],[-77.159571177335565,38.883319131238849],[-77.159498438682689,38.883263407917546],[-77.15932523699459,38.883129648960974],[-77.159131391046074,38.882976376917597],[-77.158286443915728,38.882318664059696],[-77.158127127087639,38.882196018537769],[-77.157957478680913,38.882062270607776],[-77.157787715148785,38.881932832373636],[-77.157760039037043,38.881911728619038],[-77.157631925565596,38.881811407253217],[-77.157469149861541,38.881685975231591],[-77.157302913618253,38.881557757379213],[-77.157129807161809,38.881421222630834],[-77.156856227324397,38.881209395729172],[-77.156807823709642,38.881167651669848],[-77.156700530664281,38.881081297520453],[-77.156589725420147,38.880994903092542],[-77.156392342993811,38.880841613320122],[-77.156073825762192,38.880590825938619],[-77.155914516552173,38.880468177362069],[-77.15590408211871,38.88046256587689],[-77.155748285393713,38.880339984724458],[-77.155588977297029,38.88021733569861],[-77.155426208780185,38.880091900795364],[-77.155412364923833,38.880080758164219],[-77.155218500445699,38.879927479143241],[-77.155080010740349,38.879818825406048],[-77.154889556620589,38.879671104398703],[-77.154726790565377,38.879545668508925],[-77.154699051810056,38.879526128521199],[-77.154480861134971,38.879358839390733],[-77.15430776483791,38.87922232786196],[-77.15413472121061,38.879083043174738],[-77.154079295893453,38.879041217464184],[-77.153915910254199,38.878913612511411],[-77.153914951613132,38.878912863526644],[-77.153915299653789,38.878914091217531],[-77.153994550542592,38.87919339254055],[-77.154135296970054,38.879670426484829],[-77.154186020037173,38.87985059837829],[-77.154320049324809,38.880290675788451],[-77.154425576315191,38.880872710407274],[-77.154427576501547,38.880886417149867],[-77.154452037709078,38.881054059534229],[-77.154481518652091,38.881256120866389],[-77.154492791656878,38.881323802423168],[-77.154496359175056,38.881345262349988],[-77.154513219699481,38.881439095226867],[-77.154553095101761,38.881579599712225],[-77.154572930384873,38.881638454739452],[-77.154594211484422,38.881697024261484],[-77.154653157438233,38.881845381136145],[-77.154695559565241,38.88194296655444],[-77.154802934073416,38.88217670300034],[-77.154844477357884,38.882286388515546],[-77.155113142802279,38.882795915985632],[-77.155284939658728,38.88311477513917],[-77.155388010730434,38.883319628341738],[-77.155512556783663,38.88356718091152],[-77.155725075487425,38.883925499109573],[-77.155998331735063,38.88451133399564],[-77.15600504842142,38.884527887035837],[-77.156053011290496,38.884627018347857],[-77.156098120511629,38.884722821748014],[-77.156118166831121,38.884778026638536],[-77.156136066591358,38.884824035224675],[-77.156162830398756,38.884897632984369],[-77.15618942251217,38.884980400509761],[-77.156202237979215,38.88504650676493],[-77.156215327543435,38.885097979817253],[-77.156228178181934,38.885164086469572],[-77.156240753585877,38.885243013926441],[-77.156250575413921,38.885324518603873],[-77.156284718264715,38.885607842898267],[-77.156331959310037,38.887523578444529],[-77.156335243772546,38.888149270890452],[-77.156335743705768,38.88818214140548],[-77.156340605772698,38.888500823688105],[-77.156338562112253,38.888760025238497],[-77.156335342336206,38.889157063846547],[-77.156336083697326,38.889305083149267],[-77.156350175158252,38.889584515217493],[-77.156367122935976,38.889962836869309],[-77.156381653922494,38.890460830087406],[-77.156132751263428,38.890593691173734],[-77.155921112508238,38.890712369300481],[-77.155272325504626,38.891058356929271],[-77.154837134920726,38.891312324067592],[-77.154629066652788,38.891427745552541],[-77.15445017483772,38.891523729520827],[-77.154188472248777,38.891669840510659],[-77.153546296546324,38.892018365889065],[-77.153412971143169,38.892082742116436],[-77.153264591134871,38.892144199562217],[-77.153031088703329,38.892229120350514],[-77.152905552185103,38.892271617120173],[-77.152759696779967,38.892310860079093],[-77.152281993563349,38.892432795607682],[-77.151877818716244,38.892531133496178],[-77.15169920961668,38.89256662504512],[-77.150937930265513,38.892757532231769],[-77.15084523640482,38.892780776792812],[-77.150233624695687,38.892933992946112],[-77.149670657819115,38.893075018450944],[-77.148967267091592,38.893251657206122],[-77.14837667766227,38.893399963621633],[-77.1481662932962,38.893455718875984],[-77.147957058959818,38.893514059677912],[-77.147674853973669,38.893597396721198],[-77.147398147162079,38.893686923477645],[-77.14711360432409,38.893778983509193],[-77.145861362459058,38.894181715190335],[-77.145640722725773,38.894252674000299],[-77.145093165000148,38.894426794011601],[-77.144918742756232,38.894482259781853],[-77.144354243812842,38.894661763960833],[-77.144031623520348,38.894776646295369],[-77.143980387405293,38.894791707194372],[-77.143065918128571,38.895022797458758],[-77.1423063871718,38.89521777637902],[-77.142095318884401,38.895267236554631],[-77.141742458112702,38.895363386995044],[-77.141119334074915,38.895517372050918],[-77.14107668576699,38.895529323334749],[-77.140508390610933,38.895688575097559],[-77.138857714961816,38.896096165004238],[-77.138753177627933,38.896123786946177],[-77.138628232456526,38.896152819901154],[-77.138268412325047,38.896226361892921],[-77.137726708982825,38.896310974568138],[-77.137522227277415,38.896327825218435],[-77.137356086266351,38.896342648852155],[-77.137049916467191,38.896366557128331],[-77.1364951110927,38.896382361377569],[-77.136188281513483,38.896379952785111],[-77.136143263866558,38.896380144084404],[-77.135839454767208,38.896379664410794],[-77.135765167999111,38.896379735339238],[-77.134840359478829,38.896383462817177],[-77.133647492974774,38.896376733435915],[-77.133198590428592,38.89638554327874],[-77.132281035575957,38.896386616439912],[-77.132222093825675,38.896386688735362],[-77.132014213106601,38.896386941961794],[-77.131462647192464,38.896387574625571],[-77.130558691567927,38.896395987375605],[-77.130142293948353,38.896395525909135],[-77.1292753263007,38.896399142656335],[-77.128914730758694,38.896402348615062],[-77.1289034832851,38.896402491936968],[-77.128202611322905,38.896393759967282],[-77.127879879494259,38.89640152397093],[-77.127665705331424,38.896410555382467],[-77.127440110285576,38.896428789472367],[-77.127107655425178,38.896467193330871],[-77.126723177760439,38.896524759529349],[-77.126218198509648,38.89663586342666],[-77.125932527739593,38.896726711158671],[-77.125546286660125,38.896857846631207],[-77.125413190184091,38.896908463900907],[-77.125344518160603,38.896934571436915],[-77.125183874989872,38.897010678811597],[-77.124940547898248,38.897094056224191],[-77.12455108710229,38.897246295235774],[-77.124539771053321,38.8972500071838],[-77.124167400015509,38.897372238658022],[-77.123601404502011,38.897567716370126],[-77.123086581779575,38.897733310221319],[-77.12239726957641,38.897981982774361],[-77.1220412663628,38.898111539213957],[-77.121887677313879,38.898167678818481],[-77.121512092831921,38.898292061085762],[-77.121043085406782,38.898450247646721],[-77.12079891053466,38.898538824079601],[-77.120686155410283,38.898572924051905],[-77.120448385247911,38.898639057473062],[-77.120207589976616,38.898698015191798],[-77.120047129794898,38.898744021215137],[-77.119884848811921,38.898786023877548],[-77.119772309457204,38.898812518995875],[-77.119659069733444,38.898837056092049],[-77.11954516425395,38.898859663031132],[-77.119406099940946,38.898887631015995],[-77.118996520421774,38.898977609852153],[-77.118945899183785,38.898987672787896],[-77.118941827014055,38.898988481333447],[-77.119032857185971,38.899098038798755],[-77.119214875041692,38.899317122106353],[-77.119355658811742,38.899489024158733],[-77.119451866005946,38.899602742289389],[-77.119503403812715,38.89966376073329],[-77.119551481188708,38.899721992453102],[-77.119668293685507,38.899860666844042],[-77.119680501964069,38.899874540468801],[-77.11976286969734,38.899968121733536],[-77.119836803480737,38.900052123162261],[-77.119998281208396,38.900246216901778],[-77.120085711380838,38.900349441052136],[-77.12017691666864,38.900457039626623],[-77.12021034913576,38.900495892240968],[-77.120348784206811,38.900656772690724],[-77.120368491698372,38.900728401030157],[-77.120394856948209,38.900819302331278],[-77.120401408008931,38.900844121033543],[-77.12044077043798,38.900990123097202],[-77.120444125449566,38.900998400598525],[-77.120486948673516,38.901147189314123],[-77.120509853070686,38.901235331361804],[-77.120513155302788,38.901246354274456],[-77.120536270956023,38.901323514659708],[-77.120556031615322,38.901392397541642],[-77.120582291226057,38.901488817066635],[-77.120638007342365,38.901698169826751],[-77.120651251575396,38.901742261869558],[-77.120664267175229,38.901794589325803],[-77.120935700539164,38.901751093450635],[-77.120981815625271,38.901927063404237],[-77.12102737422218,38.902100915784096],[-77.12111547486235,38.902088219733066],[-77.121507642911624,38.902345457155661],[-77.121592600282497,38.902402274000721],[-77.121691536289106,38.902468440265984],[-77.121549836024272,38.902527190392441],[-77.121573008580668,38.902607298033878],[-77.121583310604706,38.902642918245746],[-77.121601704747462,38.90270651764515],[-77.121623105868068,38.902780516876796],[-77.121653402446654,38.902885271339095],[-77.121668654924804,38.902937829138551],[-77.121671763622885,38.902948763926609],[-77.121683741344484,38.90298874251625],[-77.121688276080747,38.903003878301035],[-77.121698353431441,38.903000673833994],[-77.121708598543847,38.902997883239159],[-77.121719011418008,38.902995506516447],[-77.121729592581744,38.902993516211716],[-77.121740271237343,38.902991938954585],[-77.12175104738499,38.902990774745085],[-77.121761850754595,38.902990022758765],[-77.121772715953881,38.902989710861959],[-77.121783573240378,38.902989810776077],[-77.121794457221853,38.902990350367503],[-77.121805227885503,38.902991300533387],[-77.121815955501731,38.902992662097994],[-77.121826569800433,38.902994434237129],[-77.121837071309287,38.902996589496539],[-77.12184742331084,38.902999209826596],[-77.121857592252582,38.903002212452755],[-77.121867542999553,38.903005596962835],[-77.121877275551753,38.903009363356915],[-77.121886789909453,38.903013511635045],[-77.121895981194683,38.903018013106653],[-77.121904920205338,38.903022841142125],[-77.121913500481028,38.903028049413116],[-77.12192175873939,38.903033555969564],[-77.121929658790378,38.903039415307646],[-77.121937131946041,38.90304554424074],[-77.12194428361191,38.903051944005369],[-77.121950972719731,38.90305864040711],[-77.121957270594805,38.903065579362107],[-77.121963071831473,38.903072759634014],[-77.121968412092343,38.903080154180842],[-77.121973291904652,38.903087735548567],[-77.121977676133241,38.903095503325105],[-77.121981565305347,38.903103430056397],[-77.121987412776988,38.903123524083945],[-77.122000428605418,38.903168243137451],[-77.122009267780314,38.903198620102714],[-77.122015434642066,38.903219811138456],[-77.122021801428275,38.903241685877823],[-77.122027251309561,38.903260410804357],[-77.12203051091268,38.903271611656805],[-77.122031499867404,38.903275012889637],[-77.122101532356268,38.903261361011623],[-77.122191464475534,38.903243830297093],[-77.122315229958545,38.903219702486695],[-77.122500142743959,38.903183654652899],[-77.122534856202222,38.903206029933493],[-77.122592163771785,38.903246174349931],[-77.122643877614763,38.903282400129605],[-77.122694369167817,38.90331776886724],[-77.122669970350046,38.903370762690159],[-77.122641202863747,38.903433244314556],[-77.122628131315665,38.903461634338491],[-77.122606354536458,38.90350893169763],[-77.122578784207633,38.903567170993497],[-77.122552580547023,38.903622524094992],[-77.122531965133049,38.90366607127752],[-77.122518444356601,38.903694631080754],[-77.122502972676429,38.903719553543681],[-77.122483285129888,38.903751267621267],[-77.12245626286817,38.903794798019049],[-77.122436285199313,38.90382697722832],[-77.122421615816322,38.9038506081558],[-77.122406463653633,38.90387501603913],[-77.122394142474747,38.90389486266416],[-77.122385513547698,38.903908762804441],[-77.122366129616481,38.903939987853043],[-77.12233400726582,38.903971382744174],[-77.122304564358885,38.904000159128678],[-77.122250556193833,38.904052942928921],[-77.122209992317764,38.904092590155031],[-77.122175315697447,38.904126481395586],[-77.122154960969638,38.904146376227175],[-77.122134715976216,38.904166160784705],[-77.122122939165166,38.904177672696719],[-77.122119035238967,38.904181486799033],[-77.122112854703047,38.90418615636213],[-77.122108301164928,38.904189598995906],[-77.12207752790259,38.904241767918613],[-77.122051506615477,38.904285879764643],[-77.122021567164722,38.904336488065866],[-77.122006115852955,38.904362620671613],[-77.121995635955997,38.904380480816933],[-77.121991065833086,38.904388215641262],[-77.121968924798708,38.904425168083947],[-77.121950269298807,38.904456303780556],[-77.121935292265505,38.904481298904749],[-77.121918193429664,38.904509837261571],[-77.121904543888121,38.9045326168035],[-77.121893726325581,38.904550672065831],[-77.121866994466174,38.904595286983003],[-77.121844437985189,38.904632934766106],[-77.121828682561315,38.904659226826169],[-77.121812373333697,38.90468644775401],[-77.121798288014915,38.904709955018156],[-77.121787052916005,38.904728703893809],[-77.121773289765443,38.904751676025818],[-77.121763125719539,38.904768638813955],[-77.121748883766756,38.904792408539976],[-77.121736650121804,38.904812825923692],[-77.121722194869051,38.904836950127958],[-77.121701618173461,38.904871236626775],[-77.12166891450191,38.904925873099131],[-77.121659704377279,38.904940971187628],[-77.121634056317347,38.904983465443706],[-77.121614728389346,38.905015401559368],[-77.121602584975335,38.905035463003486],[-77.121571070478495,38.905087532131645],[-77.121541840363065,38.905135826518595],[-77.12182021091796,38.905300751220167],[-77.121915920991682,38.905346519256],[-77.122059392548024,38.905306975614479],[-77.122062135132168,38.905306220014602],[-77.122084666877001,38.905319258474393],[-77.122099925571618,38.905328087433283],[-77.122332143146423,38.90546245546561],[-77.122075894613943,38.905585630350437],[-77.122050235066851,38.905620034064391],[-77.122040434614206,38.905633160128495],[-77.121908692953127,38.905809832200468],[-77.121880231209275,38.905847970216847],[-77.12187991814541,38.905847801782706],[-77.121821361635241,38.90590194794823],[-77.121777103740101,38.905942871497601],[-77.121660799861942,38.906050414600472],[-77.121667510321174,38.906083445687173],[-77.121665591488039,38.906150606511467],[-77.121664953575447,38.906172943128681],[-77.121662782447174,38.906249003276628],[-77.121744860987263,38.906245325414908],[-77.121843933417395,38.906240885735308],[-77.121906195948853,38.906274757240901],[-77.121943859534554,38.906295248479772],[-77.12198313007687,38.90633488121815],[-77.122051371493995,38.906403752267707],[-77.122086901472272,38.906439609929016],[-77.122135940509864,38.906589795616924],[-77.122135992378716,38.906589954121934],[-77.122127588784863,38.906595649685627],[-77.122119254408801,38.906601400981074],[-77.122110954113438,38.906607207596267],[-77.122102723563131,38.906613042489141],[-77.122094527093566,38.906618932701761],[-77.122086364704714,38.906624878234076],[-77.122078341807381,38.906630880322496],[-77.122070318381262,38.906636909864453],[-77.12206239930974,38.906642995550392],[-77.122054479709433,38.906649108689919],[-77.12204666446371,38.906655277973435],[-77.122038883298657,38.906661502576739],[-77.122031171351296,38.906667782911974],[-77.122023494012055,38.906674091112912],[-77.122015921554905,38.906680428003853],[-77.122008383178425,38.906686820214603],[-77.122000914019608,38.906693268157376],[-77.121993479468941,38.906699743965845],[-77.121986149272928,38.906706275918445],[-77.120639551056442,38.908014059705494],[-77.120527106343445,38.908122608106453],[-77.120378136427405,38.908266316034762],[-77.120299353120117,38.908342362066058],[-77.120341863563709,38.90850762300277],[-77.120111382538653,38.908795995280741],[-77.120028610742807,38.908896626162225],[-77.119883541097408,38.908947096684862],[-77.119713680952898,38.909005513873055],[-77.119543837966219,38.909066677048315],[-77.119521143263754,38.909074849279378],[-77.119386323676096,38.909215857774072],[-77.119578077630877,38.90947898362819],[-77.120005949281975,38.910074406076546],[-77.120067614094438,38.910157511182206],[-77.120334604423533,38.910529355800328],[-77.120546829345017,38.910824931180294],[-77.120468854377592,38.910867952091635],[-77.120337238465112,38.910940549374274],[-77.120326580039432,38.910946492935352],[-77.119525068045434,38.911393098979985],[-77.119314030001334,38.911510687520462],[-77.119022663064626,38.911674770884439],[-77.118599851039519,38.911911450902558],[-77.118304966883642,38.912075491155214],[-77.118237461180172,38.912113141664754],[-77.118219714945539,38.912123917070339],[-77.117994597127321,38.912313491261592],[-77.117776699950426,38.912494911890221],[-77.117590850901422,38.912654740977345],[-77.117369331817017,38.912841610298152],[-77.117133490880477,38.91304204077931],[-77.116861978485161,38.913269538607913],[-77.11657612618184,38.913513315676042],[-77.1165099160106,38.913569780445663],[-77.116258175549262,38.913451355848984],[-77.115435558698437,38.913076717993263],[-77.115105457213602,38.912923361312245],[-77.115060592283911,38.912900534740551],[-77.11501655521819,38.912876701879505],[-77.11493957811345,38.912831363744118],[-77.114889968681055,38.912799419283076],[-77.114833920694792,38.912760533824759],[-77.114779874539181,38.912719914481443],[-77.114720742149203,38.912671491345002],[-77.114656179493537,38.912627617478165],[-77.114585320509704,38.912576721880612],[-77.114508878104218,38.912518291201494],[-77.114427635466754,38.912451812919592],[-77.114370497350109,38.912402067561906],[-77.114279578194697,38.912319795230985],[-77.11419065465266,38.91223611842824],[-77.114137791450162,38.912183430200628],[-77.114086386024852,38.912129880413772],[-77.114036472984338,38.912075496938087],[-77.113994033962797,38.912027215410419],[-77.113951527569284,38.91198969750549],[-77.113910481571253,38.911951180782083],[-77.113870965716316,38.911911693524779],[-77.113833014081877,38.911871291057821],[-77.113779070525339,38.911809061189913],[-77.11373419708589,38.91175218322735],[-77.113682324647982,38.911679185851803],[-77.113514877167688,38.911450387944583],[-77.113365715214343,38.911126080690309],[-77.113289793099369,38.911148688936819],[-77.11280195312213,38.911293961803047],[-77.112317625091421,38.911439274140712],[-77.112237389225371,38.911408120128002],[-77.111555541302607,38.911770778606396],[-77.11154659794893,38.911775231330523],[-77.111537689733495,38.911779684469231],[-77.11152881612486,38.911784165476497],[-77.111519906844265,38.911788673521869],[-77.111511033233413,38.911793154527835],[-77.111502192634731,38.911797745764424],[-77.111493387705934,38.911802309961608],[-77.111484582775944,38.91180687415816],[-77.111475776781802,38.91181149326205],[-77.111467005925945,38.911816112780578],[-77.111458234537409,38.911820759752452],[-77.111449498287129,38.911825407138934],[-77.111440760972698,38.911830109432834],[-77.111432058796481,38.91183481214135],[-77.111423356087613,38.911839542303248],[-77.111414688517016,38.911844272879812],[-77.111406055553161,38.911849031324998],[-77.111397422056555,38.911853817223609],[-77.111388788027298,38.911858630575601],[-77.111380189136256,38.911863444342224],[-77.111371589180948,38.911868313016242],[-77.111363024895482,38.911873154650934],[-77.111354495216688,38.911878024154333],[-77.111345965005228,38.911882921111115],[-77.111337469400411,38.911887845936661],[-77.111329008402279,38.911892798630873],[-77.111320477124124,38.911897750493836],[-77.111312050731527,38.911902731056131],[-77.111303589198329,38.911907711202552],[-77.111295196879666,38.911912747087044],[-77.111286804559811,38.911917782970896],[-77.111278412238775,38.911922818854158],[-77.111270053992783,38.911927910060193],[-77.111261695745654,38.911933001265666],[-77.111253407244661,38.911938120755167],[-77.111245118742417,38.911943240244099],[-77.111236829707423,38.911948387186484],[-77.111228505000184,38.911953561166932],[-77.11122028571009,38.911958736392869],[-77.111212064823974,38.911963993980265],[-77.111203845531534,38.911969169205022],[-77.111195659782481,38.911974427206609],[-77.1111875091717,38.911979685622931],[-77.111179358028139,38.911984971492771],[-77.111171242022834,38.911990257777362],[-77.111163124953023,38.91199559896944],[-77.11115504302154,38.912000940576341],[-77.111146961088764,38.912006282182631],[-77.111138913762716,38.912011651657807],[-77.111130901043296,38.912017049001783],[-77.111122887790984,38.91202247379924],[-77.111114909676942,38.912027899011534],[-77.111106931030079,38.912033351677266],[-77.111098987521473,38.912038804757884],[-77.111091078619538,38.912044285707282],[-77.111083169184695,38.912049794110253],[-77.111075294888195,38.912055302928067],[-77.111067420058745,38.912060839199327],[-77.111059579835924,38.912066403339459],[-77.111051774751445,38.91207196789447],[-77.111043969134059,38.912077559902976],[-77.111036162983766,38.912083179364991],[-77.111028427111307,38.912088799657297],[-77.111020690174229,38.912094474857128],[-77.111012953767641,38.912100122602382],[-77.111005287107261,38.912105798631998],[-77.11099758477431,38.912111501699691],[-77.110989917579772,38.912117205182298],[-77.110982320131399,38.912122936949274],[-77.110974686478798,38.912128723208333],[-77.110967124167502,38.912134455389705],[-77.110959560791542,38.912140242478642],[-77.11095199688269,38.912146057021104],[-77.110944468112152,38.912151871978466],[-77.110936974479941,38.912157687350827],[-77.110929514922603,38.912163558046153],[-77.110922055364128,38.912169428740988],[-77.110914630943896,38.912175299850794],[-77.110907205459029,38.912181225868139],[-77.110899815644274,38.912187124846412],[-77.110892424764756,38.912193078732273],[-77.110885104163245,38.912199033448594],[-77.110877783028727,38.912205015618412],[-77.110870461893015,38.91221099778781],[-77.110863175363875,38.9122170078262],[-77.110855923973133,38.912223018279569],[-77.110848707189035,38.912229056601994],[-77.110841489871945,38.912235122377957],[-77.11083430769321,38.912241188568935],[-77.110827124981498,38.912247282213464],[-77.110819977408184,38.912253376273043],[-77.110812864441499,38.912259498201692],[-77.110805786081443,38.912265647999355],[-77.110798707720193,38.912271797796606],[-77.110791629357706,38.912277947593402],[-77.110784620209699,38.912284153128738],[-77.110777611592226,38.912290331209661],[-77.110770637049612,38.912296564613619],[-77.110763662505775,38.912302798017244],[-77.11075672310038,38.912309031835854],[-77.110749817769857,38.912315320977612],[-77.110742948109532,38.91232158308042],[-77.110736077916187,38.912327872636858],[-77.110729242329512,38.912334190062353],[-77.110722406209803,38.912340534941485],[-77.110715605228535,38.912346880235681],[-77.110708839385723,38.91235322594499],[-77.110702108149582,38.912359599523398],[-77.110695376380349,38.912366000555522],[-77.110688644609994,38.912372401587177],[-77.110682018257492,38.912378803864968],[-77.110675355700394,38.912385260634899],[-77.110668728813607,38.912391690365922],[-77.110662136001636,38.912398175420151],[-77.110655543188543,38.912404660473968],[-77.110648986045746,38.91241111848889],[-77.110642462445881,38.912417659281019],[-77.110636009124292,38.91242420090385],[-77.110629486053924,38.912430714241239],[-77.110623032198106,38.912437283317338],[-77.110616613480829,38.9124438528086],[-77.11061019476233,38.912450422299521],[-77.110603810650517,38.912457019659591],[-77.110597318990898,38.912463725588736],[-77.110590933281131,38.912470405310181],[-77.11058451083484,38.912477166977695],[-77.110578125122672,38.912483846698365],[-77.110571772953435,38.912490609196304],[-77.110565421314803,38.912497344239817],[-77.110559103751044,38.9125041346066],[-77.110552821325825,38.912510925388553],[-77.110546574039091,38.912517716585725],[-77.110540326219336,38.912524535236571],[-77.110534078398416,38.912531353887083],[-77.110527935463608,38.912538201237922],[-77.110521792527692,38.912545048588406],[-77.110515649058641,38.912551923392577],[-77.110509540728259,38.912558798611983],[-77.110503467004492,38.912565701700679],[-77.110497393279587,38.912572604788984],[-77.110491354161397,38.912579535746566],[-77.110485350181804,38.912586467119446],[-77.110479380808925,38.912593426361546],[-77.110473376295104,38.912600385187716],[-77.110467477199464,38.912607345260376],[-77.110461577038848,38.912614360240696],[-77.11045571254877,38.912621348182313],[-77.110449812385838,38.912628363162021],[-77.110444017109245,38.912635406842234],[-77.110438221831515,38.912642450522043],[-77.110432426552663,38.912649494201638],[-77.110426665880553,38.912656565750552],[-77.110420975486917,38.91266363813029],[-77.11041521428055,38.912670737132594],[-77.110409593632426,38.912677837796942],[-77.110403937311332,38.912684965499508],[-77.110398316128951,38.912692093617295],[-77.110392729553382,38.912699249604465],[-77.110387142976691,38.912706405591315],[-77.110381626678546,38.912713562409131],[-77.110376109847365,38.912720746680662],[-77.110370592483093,38.912727958405966],[-77.110365145397424,38.912735170962186],[-77.110359733982477,38.91274235647974],[-77.110354356110435,38.912749624774619],[-77.110348908489499,38.9127568647841],[-77.110343566287142,38.912764106040107],[-77.110338223551665,38.912771374749873],[-77.11033295109489,38.912778644290604],[-77.110327678105023,38.91278594128508],[-77.110322404582149,38.912793265733342],[-77.110317201869947,38.912800563558605],[-77.110311998624653,38.912807888837612],[-77.110306829986271,38.912815241985996],[-77.110301696486673,38.912822595549805],[-77.110296562986036,38.912829949113309],[-77.110291499764173,38.912837303507857],[-77.110286435477263,38.91284471281022],[-77.110281406861219,38.912852095073966],[-77.110276377712125,38.912859504791506],[-77.110271418841819,38.912866915340054],[-77.110266424298615,38.91287435292675],[-77.110261535174132,38.912881791760128],[-77.110256646048597,38.912889230593336],[-77.110251756390085,38.912896696880274],[-77.110246972150307,38.91290416441398],[-77.110242117097727,38.912911658570174],[-77.110237332323933,38.912919153557418],[-77.110232582689108,38.912926648960109],[-77.110227832521289,38.912934171816609],[-77.1102231526324,38.912941695504216],[-77.110218472210477,38.912949246645638],[-77.11021382692752,38.91295679820248],[-77.110209181643583,38.912964349759143],[-77.110204606106649,38.912971929600907],[-77.110200031100703,38.912979481988501],[-77.110195385281813,38.912987060998539],[-77.110190704854077,38.912994612138739],[-77.110186059033225,38.913002191148429],[-77.110181448883395,38.913009743119545],[-77.11017680359268,38.91301729467483],[-77.110172192376851,38.913024901553563],[-77.110167616300089,38.913032508847813],[-77.110163005614325,38.913040088272155],[-77.110158430067656,38.913047668111986],[-77.110153853987939,38.913055275405604],[-77.110149313047273,38.913062883114726],[-77.110144772105642,38.913070490823657],[-77.11014023116303,38.913078098532395],[-77.110135725359541,38.913085706656652],[-77.110131219555001,38.913093314780639],[-77.110126713217525,38.913100950358491],[-77.11012217227109,38.913108558066497],[-77.110117736211748,38.913116194475307],[-77.110113265011393,38.913123830468287],[-77.11010882895016,38.913131466876763],[-77.110104357747915,38.913139102869387],[-77.110099991432875,38.913146767562829],[-77.110095520228711,38.913154403555112],[-77.110091118771663,38.913162067832552],[-77.110086752985865,38.913169705071475],[-77.110082316386908,38.913177368932899],[-77.110077950067108,38.913185033625417],[-77.110073583746384,38.91319269831785],[-77.11006921689264,38.913200390464084],[-77.110064885710159,38.913208055571857],[-77.11006055452674,38.913215720679418],[-77.110056223342397,38.913223385786814],[-77.110051926233012,38.913231106217729],[-77.110047629654844,38.913238799194531],[-77.110043333075723,38.913246492171091],[-77.110039071635768,38.913254185563233],[-77.110034809662835,38.91326190640919],[-77.110030513080986,38.913269599385231],[-77.110026321386428,38.913277321062296],[-77.110022024802731,38.91328501403801],[-77.110017833106369,38.913292735714705],[-77.110013641409125,38.913300457391244],[-77.110009449178861,38.913308206521606],[-77.110005257479756,38.913315928197804],[-77.110001100919931,38.913323650289534],[-77.109996908686981,38.913331399419441],[-77.109992752125365,38.913339121510852],[-77.109988630170832,38.913346871471859],[-77.10998450821549,38.913354621432696],[-77.109980386259224,38.913362371393326],[-77.109976264302105,38.91337012135385],[-77.10997217695207,38.913377899183935],[-77.109968090133307,38.913385649559821],[-77.109964037921713,38.913393427805325],[-77.109959950569035,38.913401205634919],[-77.109955899419916,38.913408928972082],[-77.109951881813785,38.913416735086813],[-77.109947864738871,38.913424513747451],[-77.109943847130907,38.913432319861897],[-77.109939830054259,38.913440098522166],[-77.109935848116905,38.91344787759806],[-77.109931865646558,38.913455684127769],[-77.109927883175402,38.913463490657335],[-77.109923935843497,38.913471297602491],[-77.109919989042908,38.913479077093477],[-77.109916041177215,38.913486911492363],[-77.109915004037589,38.913489645251907],[-77.109912934015213,38.913494893138932],[-77.109909861992762,38.913502875201097],[-77.109906789437503,38.913510884717191],[-77.109903752553947,38.913518867194945],[-77.109900715137513,38.913526877126571],[-77.109897677720483,38.913534887058177],[-77.109894675442945,38.91354289740535],[-77.109891673164753,38.913550907752487],[-77.10988867088588,38.913558918099469],[-77.109885703746613,38.913566928862181],[-77.109882771746925,38.913574940040498],[-77.109879804074197,38.913582978257026],[-77.109876871541076,38.913591016889178],[-77.109873974679729,38.913599028482999],[-77.109871077817687,38.913607040076741],[-77.109868179890711,38.913615106578398],[-77.109865317635524,38.913623146041701],[-77.109862455379655,38.913631185504926],[-77.109859628263507,38.913639225383832],[-77.109856801146648,38.913647265262618],[-77.109853973497025,38.913655332595383],[-77.109851180987079,38.9136634003438],[-77.109848389008661,38.913671440638112],[-77.109845631637782,38.913679508802105],[-77.109842874266306,38.913687576966026],[-77.109840116894134,38.913695645129842],[-77.109837394661753,38.913703713709381],[-77.109834671896508,38.913711809742836],[-77.109831985335362,38.913719851283986],[-77.109829297709268,38.913727947732994],[-77.109826645755021,38.913736017143776],[-77.109823993268094,38.913744114008438],[-77.109821340780499,38.913752210873028],[-77.109818723964906,38.913760280699293],[-77.109816106616478,38.913768377979494],[-77.109813489267466,38.913776475259638],[-77.109810907058247,38.913784572955478],[-77.10980832484843,38.913792670651254],[-77.109805777778391,38.913800768762655],[-77.109803230175643,38.913808894328049],[-77.109800718244841,38.913816992855132],[-77.109798205781274,38.913825118836158],[-77.10979569384935,38.913833217363077],[-77.109793216525077,38.913841343759728],[-77.109790739200221,38.913849470156315],[-77.109788297547354,38.913857569514619],[-77.109785854829582,38.913865723780823],[-77.109783377503049,38.913873850177197],[-77.109781005597213,38.91388197782085],[-77.10977863369078,38.913890105464425],[-77.109776226111265,38.913898260146155],[-77.109773854203738,38.913906387789588],[-77.109771517436187,38.913914515848774],[-77.109769180135828,38.913922671361881],[-77.109766842834958,38.913930826874953],[-77.109764541206204,38.913938955349721],[-77.109762239044741,38.913947111278397],[-77.109759972023213,38.913955267622825],[-77.109757705001115,38.913963423967203],[-77.109755437978563,38.913971580311511],[-77.109753170423218,38.91397976410974],[-77.109750973680519,38.913987921285518],[-77.109748812077811,38.913996078877048],[-77.109746614801949,38.914004263506676],[-77.109744347776783,38.914012419850671],[-77.109742220780859,38.914020605311798],[-77.109740059176147,38.914028762903065],[-77.1097379321792,38.914036948364036],[-77.109735805181771,38.91404513382502],[-77.109733678183929,38.914053319285891],[-77.109731586325992,38.914061505162515],[-77.109729529608174,38.914069691454891],[-77.10972747288983,38.914077877747218],[-77.109725416171059,38.914086064039466],[-77.109723324311219,38.914094249915912],[-77.109721337340318,38.914102464493666],[-77.109652921678489,38.914368019802907],[-77.109429834968594,38.915178204433118],[-77.109427462979539,38.915186332066867],[-77.109425056381227,38.915194431830614],[-77.109422684391092,38.91520255946422],[-77.109420277259346,38.915210686681867],[-77.109417870659385,38.915218786445493],[-77.109415428385461,38.915226913247118],[-77.109413022316758,38.915234985556573],[-77.109410579509415,38.915243139812013],[-77.109408137766223,38.915251239159495],[-77.109405695490068,38.915259365960836],[-77.109403218604712,38.915267464892224],[-77.109400776859815,38.915275564239458],[-77.109398299440969,38.915283690624712],[-77.109395822553893,38.915291789555901],[-77.109393345666277,38.915299888487048],[-77.109390868778036,38.915307987418082],[-77.109388356748212,38.915316085933192],[-77.109385844717778,38.915324184448167],[-77.109383332686775,38.915332282963156],[-77.109380820655204,38.915340381478032],[-77.109378308623079,38.91534847999278],[-77.109375761449257,38.91535657809164],[-77.109373179133669,38.915364675774498],[-77.109370667632248,38.915372746835104],[-77.109368120456651,38.915380844933743],[-77.109365608421669,38.915388943448178],[-77.109362991495018,38.915397013260836],[-77.109360408644235,38.915405138397311],[-77.109357827389942,38.915413181171751],[-77.109355245070361,38.915421278854076],[-77.109352663282536,38.915429349082352],[-77.109350045820591,38.915437446348655],[-77.109347428890416,38.915445516160872],[-77.109344811959659,38.915453585972983],[-77.109342195028304,38.915461655785073],[-77.109339542422859,38.915469752635161],[-77.109336925490325,38.915477822447052],[-77.109334273416053,38.915485891842977],[-77.109331621341127,38.915493961238823],[-77.109328934124434,38.915502030218697],[-77.109326282048372,38.915510099614394],[-77.109323594830471,38.915518168594062],[-77.109320908676722,38.915526182665737],[-77.10931825606643,38.915534279515178],[-77.109315533705555,38.915542348078738],[-77.109312846485182,38.915550417058135],[-77.10931012412307,38.915558485621503],[-77.109307402292686,38.915566526730821],[-77.109304680461662,38.915574567840061],[-77.109301958097731,38.915582636403201],[-77.10929920112423,38.915590677096354],[-77.109296443617808,38.915598745243422],[-77.10929372178434,38.915606786352342],[-77.109290929667765,38.915614826629323],[-77.109288172691862,38.915622867322142],[-77.109285414650515,38.915630962922869],[-77.109282623064459,38.915638975745608],[-77.109279830945397,38.915647016022248],[-77.109277038825738,38.915655056298846],[-77.109274246705425,38.915663096575301],[-77.109271419443232,38.915671136435769],[-77.109268592180371,38.915679176296138],[-77.109265765449265,38.915687188702464],[-77.109262938185168,38.91569522856269],[-77.109260110920403,38.915703268422796],[-77.109257249046138,38.915711280412914],[-77.109254421780093,38.915719320272899],[-77.10925155937214,38.915727359716826],[-77.109248662354631,38.915735371290701],[-77.109245799945398,38.915743410734478],[-77.109242938067922,38.915751422724163],[-77.109240041048466,38.915759434297804],[-77.109237143495946,38.915767473325381],[-77.109234247007606,38.915775457444859],[-77.109231314312439,38.915783496056321],[-77.109228417290396,38.915791507629621],[-77.109225485126373,38.915799518786876],[-77.109222552961668,38.91580752994404],[-77.109219655937679,38.915815541517105],[-77.109216688630326,38.915823552258139],[-77.10921372132232,38.915831562999095],[-77.109210753481221,38.915839601193937],[-77.109207787236684,38.915847557026744],[-77.109204819926703,38.915855567767423],[-77.109201852616039,38.915863578507995],[-77.109198850695748,38.915871561378559],[-77.109195883383748,38.915879572118982],[-77.109192846320795,38.915887554573374],[-77.109189843866048,38.915895564897625],[-77.109186841943085,38.915903547767833],[-77.109183804878043,38.915911530221976],[-77.109180732138498,38.915919539713997],[-77.109177730213503,38.915927522583921],[-77.109174692614033,38.915935532491758],[-77.109171656611153,38.915943460037504],[-77.109168583868893,38.915951469529197],[-77.109165546799815,38.915959451982786],[-77.109162474588643,38.915967434020274],[-77.109159367235335,38.915975415641675],[-77.109156295555209,38.915983370225021],[-77.109153188200509,38.915991351846259],[-77.109150115986594,38.915999333883335],[-77.109147009162967,38.916007288050437],[-77.109143866664766,38.916015269255404],[-77.109140759839775,38.916023223422265],[-77.109137617340195,38.916031204627004],[-77.109134510513798,38.916039158793666],[-77.109131368012768,38.916047139998255],[-77.109128190902069,38.916055093332751],[-77.109125048932142,38.916063047083114],[-77.109121871820037,38.91607100041746],[-77.109118729848731,38.916078954167624],[-77.109115552735219,38.916086907501708],[-77.109112340479484,38.91609486041974],[-77.109109163364565,38.916102813753575],[-77.109105951107409,38.91611076667143],[-77.109101473755516,38.916118704613687],[-77.10909710076227,38.916126698711672],[-77.109092832127573,38.916134748965412],[-77.109088704057953,38.916142800882938],[-77.10908471495614,38.916150936826213],[-77.109080831277907,38.916159074017273],[-77.10907708709999,38.916167267780146],[-77.109073482954827,38.916175490660812],[-77.109070018842473,38.916183742659278],[-77.109066659621419,38.916192023359642],[-77.109063404759326,38.916200360215861],[-77.109060325604162,38.916208699151902],[-77.109057350807973,38.916217094243791],[-77.109054516577274,38.916225490999622],[-77.109051096121718,38.916233304149792],[-77.109047569708196,38.916241143505772],[-77.109044079500435,38.916248928369747],[-77.10904051847632,38.916256739855541],[-77.109036922842378,38.916264523471234],[-77.109033292066002,38.916272306670834],[-77.109029626147318,38.916280089454233],[-77.109025891009651,38.916287816497544],[-77.109022155871216,38.916295543540734],[-77.109018385057837,38.916303297621759],[-77.109014579634533,38.916311023832677],[-77.109010703927225,38.916318749211378],[-77.109006828751646,38.916326447136036],[-77.109002918433561,38.916334144644495],[-77.108998938363925,38.916341813866801],[-77.108994958293508,38.916349483088929],[-77.108990908471412,38.916357124024927],[-77.108986823506925,38.916364764544738],[-77.108982738541513,38.916372405064415],[-77.108978618966162,38.916380017713912],[-77.108974429106624,38.916387629531215],[-77.108970204104594,38.916395240932296],[-77.108965979634192,38.916402824879263],[-77.108961685412098,38.916410380540022],[-77.108957356047455,38.916417935784629],[-77.108953026149422,38.91642551848301],[-77.108948627564686,38.916433017987202],[-77.108944193304879,38.916440544529152],[-77.108939759044134,38.916448071070938],[-77.108935255031682,38.916455569326509],[-77.108930716409148,38.91646303971185],[-77.108926142643966,38.916470509681005],[-77.108921568877875,38.916477979649912],[-77.108916925359978,38.916485421332624],[-77.108912246699433,38.916492862599043],[-77.108907533428777,38.916500275995318],[-77.108902820157169,38.916507689391359],[-77.108898037133713,38.916515074501085],[-77.108893219500146,38.91652243174061],[-77.10888836672386,38.916529788563892],[-77.108883513946637,38.916537145386897],[-77.108878591417536,38.916544473923686],[-77.108873633745674,38.916551802044175],[-77.108868676605383,38.91655910271043],[-77.108863649180648,38.916566402544412],[-77.108858587145775,38.916573674508086],[-77.108853525109794,38.916580946471541],[-77.108848392789383,38.916588217602595],[-77.108843226391329,38.916595433409462],[-77.108838059992195,38.916602649216081],[-77.10883282330856,38.916609864190299],[-77.108827587156497,38.916617051710318],[-77.108822281252372,38.916624210944001],[-77.108816975347267,38.916631370177384],[-77.108811598624996,38.916638556032389],[-77.108806224032008,38.916645632071187],[-77.108800813230985,38.916652762601643],[-77.10879536781971,38.916659865261749],[-77.108789852656415,38.916666939635483],[-77.10878433749204,38.916674014008954],[-77.108778787717426,38.916681060512055],[-77.10877320386507,38.91668805169089],[-77.10876758380472,38.91669509736132],[-77.108761929134005,38.916702115161407],[-77.108756240385645,38.916709077637123],[-77.108750515961773,38.916716067150467],[-77.108744757460229,38.916723001339456],[-77.108738963815753,38.916729935112102],[-77.108733170170169,38.916736868884435],[-77.108727306772423,38.916743774370239],[-77.108721443906219,38.916750652401852],[-77.108715510755289,38.916757529600922],[-77.108709578135773,38.916764379345693],[-77.108703575231502,38.916771228258007],[-77.108697573391353,38.916778022262008],[-77.108691536408273,38.916784815849574],[-77.108685464282146,38.916791609020713],[-77.108679357545768,38.916798374321424],[-77.1086732156663,38.916805139205742],[-77.108667039709175,38.916811848765668],[-77.108660863750856,38.916818558325211],[-77.108654617507753,38.916825267052211],[-77.108648336654255,38.91683194790874],[-77.108642056332215,38.916838601310978],[-77.10863574139978,38.916845226842739],[-77.108629391324371,38.916851851958064],[-77.108622970964035,38.916858476240762],[-77.108616551667836,38.91686504561514],[-77.108610097228592,38.916871614573054],[-77.108603608178996,38.91687815566047],[-77.10859711859554,38.916884724201509],[-77.108590560325112,38.916891209547991],[-77.108584002053519,38.916897694894061],[-77.108577373496928,38.916904179407524],[-77.10857074547188,38.916910636466575],[-77.108564082836423,38.91691706565517],[-77.108557385057836,38.916923494427195],[-77.108550687810748,38.916929895744872],[-77.108543920811357,38.916936268775864],[-77.108537119201586,38.916942613936357],[-77.108530317590535,38.916948959096437],[-77.10852344622721,38.916955275969826],[-77.108516610537293,38.916961565804961],[-77.108509704562366,38.916967854807396],[-77.108502763976929,38.91697411593929],[-77.10849578878117,38.916980349200614],[-77.108488814116825,38.91698655500749],[-77.108481768634746,38.916992787435667],[-77.108474724216862,38.91699896495544],[-77.108467644655832,38.917005142058578],[-77.108460531017073,38.917011263837146],[-77.108453417377106,38.917017385615317],[-77.108446233984836,38.917023479106689],[-77.108439051123966,38.917029545143656],[-77.108431797978028,38.917035610347817],[-77.108424580505556,38.917041648513703],[-77.108417293280681,38.917047658392804],[-77.108410006054612,38.917053668271436],[-77.108402649608877,38.917059622409298],[-77.108395293161905,38.917065576546676],[-77.108387901571746,38.917071530267407],[-77.1083804759039,38.917077428663497],[-77.108373015092909,38.917083326642924],[-77.108365554813403,38.917089197167897],[-77.108358059923432,38.917095039822186],[-77.108350530423053,38.917100854605849],[-77.108342965779514,38.917106668972764],[-77.108335401667432,38.917112455885224],[-77.108327767270211,38.917118241964758],[-77.108320134470077,38.917123945681915],[-77.108312467059477,38.917129621528375],[-77.108304763440159,38.917135351865973],[-77.10829706088515,38.917141027295187],[-77.108289323719703,38.917146674853612],[-77.108281551943861,38.917152294541403],[-77.108273745024718,38.917157913812453],[-77.108265904560824,38.917163450304763],[-77.10825806303005,38.917169041704511],[-77.108250187421646,38.917174577779541],[-77.108242276670026,38.917180113437823],[-77.108234366982799,38.917185594187607],[-77.108226422152384,38.917191074520616],[-77.108218443777091,38.917196472074913],[-77.10821042919298,38.917201924120342],[-77.10820237999846,38.917207348294959],[-77.108194331868319,38.917212717561135],[-77.108186249127826,38.917218058956529],[-77.108178131244031,38.917223399935075],[-77.108170014424701,38.917228686005139],[-77.10816186192929,38.917233999112327],[-77.108153675356334,38.917239256894717],[-77.108145489315007,38.917244487222597],[-77.107590386279142,38.918210143393743],[-77.106121472588754,38.91869121758311],[-77.106309828853469,38.919095547453004],[-77.106592079715597,38.919403703821764],[-77.106805273262978,38.919647882094239],[-77.107004215794447,38.919900129086955],[-77.107155255615297,38.920088649308219],[-77.107163011448549,38.920096539955125],[-77.10717524499799,38.920100117494734],[-77.107187581995021,38.920098368968119],[-77.10719737441498,38.920091894574448],[-77.10729668245726,38.920046389179376],[-77.107348704463547,38.920082704080549]]]},"properties":{"OBJECTID":6,"MS_Name":"Williamsburg Middle School","Website":"https://williamsburg.apsva.us/","School_Year":"2022-2023","Shape__Area":131074447.2649041,"Shape__Length":63568.692762433959}}]}