{"type":"FeatureCollection","features":[{"type":"Feature","id":147,"geometry":{"type":"MultiPolygon","coordinates":[[[[-77.05954246274277,38.831111650370396],[-77.05959803791897,38.831394031570895],[-77.05960608992604,38.83143804102842],[-77.05962317281748,38.83153141099958],[-77.06010375873065,38.834158023630586],[-77.06017703740937,38.834575328221995],[-77.0604552374368,38.83540943912147],[-77.06121326552348,38.836459687294834],[-77.06137319012383,38.836494177432],[-77.0613761375664,38.83649597672197],[-77.06137955189942,38.836497988052706],[-77.06138300981814,38.83649995126613],[-77.06138651242003,38.83650186907865],[-77.06139005632244,38.836503737844986],[-77.06139364152534,38.83650555756515],[-77.06139726687707,38.83650732822499],[-77.06140093124397,38.83650904890963],[-77.06140463349259,38.836510718704304],[-77.06140807763839,38.83651221956015],[-77.06141214584015,38.83651390735438],[-77.06151771570609,38.83655627296229],[-77.06153367017332,38.83656275804443],[-77.06154429659571,38.83656707680533],[-77.06158175186069,38.83658230064223],[-77.0616064097227,38.83659232320276],[-77.06162300524574,38.83659906749437],[-77.06164679334266,38.836608978480434],[-77.06186317109363,38.83669890967442],[-77.06194382266249,38.8367327168438],[-77.06194539581963,38.836733368586806],[-77.06203716727552,38.83677136441607],[-77.06226507569332,38.8368657255527],[-77.06228412938005,38.836872536799994],[-77.06230105321754,38.83687888409219],[-77.06231783303642,38.83688546296414],[-77.06231951263666,38.83688614934106],[-77.06233446316877,38.836892268841645],[-77.06235093904424,38.8368992998669],[-77.06236725490457,38.83690655596948],[-77.06238340736712,38.83691403350414],[-77.06239938957609,38.836921729684114],[-77.06240204010088,38.83692305681625],[-77.06241519809478,38.83692964356651],[-77.06243082723705,38.836937771477885],[-77.06244627243245,38.83694611156044],[-77.06246153028017,38.836954661069676],[-77.06247659390651,38.83696341811971],[-77.06249146109833,38.836972378178636],[-77.06250612494583,38.83698154116192],[-77.06252058206609,38.83699090342439],[-77.0625348290945,38.83700046042025],[-77.0625488591571,38.83701021026339],[-77.06256267113841,38.837020151138304],[-77.06257643246629,38.837030148151115],[-77.06258944856188,38.83704071714874],[-77.06261694212269,38.83706320103832],[-77.0626886633862,38.83712123660521],[-77.06269694877597,38.837127936634346],[-77.06276190987448,38.83718128911245],[-77.06280376744871,38.83721566661868],[-77.0629725002101,38.83735310053659],[-77.06307124484496,38.837429758727595],[-77.06321632454156,38.837538297504],[-77.06327943478888,38.8375836698264],[-77.06333222129247,38.837621619845464],[-77.06335685902903,38.83763872235412],[-77.06344996106463,38.83770334831983],[-77.06345999958722,38.83771017696328],[-77.06354546410846,38.83776825315737],[-77.06362104394105,38.83781768982834],[-77.06370353410492,38.837869848997144],[-77.06372043107125,38.83788032120301],[-77.06378717486525,38.83792087257238],[-77.0638763084135,38.83797580404789],[-77.06399859927866,38.83805161613661],[-77.06410205675888,38.838117941321755],[-77.06413850181251,38.838141350611565],[-77.06415940432217,38.838157579276],[-77.0642035449457,38.838191851749784],[-77.06422108074368,38.83820546700363],[-77.0642614531495,38.83823681301934],[-77.06426413606124,38.838238886491176],[-77.06437725753624,38.8383150770226],[-77.06464595879817,38.83794187058145],[-77.06514475457149,38.837404239563455],[-77.06602657051221,38.83667494078474],[-77.0663712407344,38.836391242747844],[-77.06654838492202,38.836214475838034],[-77.06680021249228,38.83591136050107],[-77.06755292435136,38.83461202886242],[-77.06758973955128,38.834329089527074],[-77.06754561549884,38.83409841840898],[-77.06650054757478,38.83029960270477],[-77.06646663849504,38.830176334707296],[-77.06589585728206,38.82810136320211],[-77.06589456424541,38.82787551015892],[-77.06589267232692,38.82754504379209],[-77.06589116391336,38.827281591335854],[-77.06559872765368,38.82645555550483],[-77.06534209843652,38.82522072827308],[-77.06524970483935,38.82477614771479],[-77.0652161364919,38.824614621620995],[-77.0652047940637,38.824560041035916],[-77.06526339028305,38.8240870524422],[-77.0659881466645,38.822529732785235],[-77.06652144863595,38.82138377241239],[-77.06653792329375,38.821086019251325],[-77.06636673896814,38.81983895730524],[-77.06635991342715,38.81980415384399],[-77.06595835729028,38.81983862948673],[-77.0659436997846,38.81973276122125],[-77.06592453331942,38.819594322406985],[-77.06590982956965,38.81948812201372],[-77.0657369380789,38.81950272874949],[-77.06573678627676,38.81950167998511],[-77.06573153208736,38.81946738760859],[-77.06572562595252,38.81942554717617],[-77.06564415391856,38.819432608518014],[-77.06549507198764,38.8194450157064],[-77.0653222540975,38.81945939749235],[-77.06514609882389,38.81947405805282],[-77.06497250791529,38.81948850284988],[-77.06496990659845,38.81948871969971],[-77.06479846009243,38.819502986850026],[-77.06462553693216,38.81951737713699],[-77.064397728112,38.819536085159754],[-77.0641007546131,38.81956104590061],[-77.06401481287318,38.819568269448986],[-77.06401623585336,38.819578026181446],[-77.06401867281825,38.819594725464896],[-77.06407782132155,38.82000006073576],[-77.06342805046624,38.82004943881381],[-77.06303383267215,38.820079394950206],[-77.06302684526332,38.82007992563359],[-77.06301961332856,38.82008047494493],[-77.0629600367746,38.8196518774915],[-77.0629577504609,38.81963543139468],[-77.06287480887546,38.819642294433194],[-77.06282821278633,38.81964614922082],[-77.06205665342915,38.81970998385652],[-77.06205738329633,38.81971350652437],[-77.06205869284862,38.819719827453866],[-77.06206154699306,38.81973361460375],[-77.06192001698949,38.81974564311542],[-77.06178847499739,38.81975682355094],[-77.06173251216379,38.81976103069307],[-77.0616710880048,38.819765647469545],[-77.06152370724789,38.819778604747526],[-77.06149927433651,38.81978075311284],[-77.06132446906241,38.81979612184379],[-77.06118310469363,38.819808549722396],[-77.06104715688296,38.8198205005799],[-77.06090512558542,38.81983298661673],[-77.06073640695543,38.81984781917707],[-77.06072831725506,38.8198485299083],[-77.06069239926181,38.8198516877501],[-77.0606597981427,38.819854553815055],[-77.06045709155539,38.8198723728651],[-77.06036989829802,38.81987936757529],[-77.06028355170756,38.819886294226144],[-77.06027798827371,38.81988674131065],[-77.0601407414576,38.819898730141304],[-77.06000064614878,38.819910967655865],[-77.05986009392439,38.8199232453446],[-77.05972157905444,38.81993534515808],[-77.05958081678587,38.81994763975624],[-77.05944230182186,38.819959739240005],[-77.05930273352229,38.81997192923774],[-77.05918847702388,38.81998190990506],[-77.05917315031225,38.819983247925265],[-77.05915311538,38.81998499842846],[-77.05912023689734,38.819991120317056],[-77.0591215528355,38.81999900451769],[-77.05902226174975,38.820009120140284],[-77.0589925647593,38.82001205474284],[-77.05893511703981,38.820017926204955],[-77.05892812705261,38.82001864130878],[-77.05887161294143,38.82002441699208],[-77.05886832509925,38.82002475321102],[-77.05885694747104,38.82002591715572],[-77.05880677245842,38.82003104449356],[-77.05874876730759,38.82003697298612],[-77.05867054464339,38.820044967665766],[-77.05865920858511,38.82004612579524],[-77.05862410170701,38.82004971551753],[-77.05856930476294,38.82005531483997],[-77.05851196774199,38.82006117574316],[-77.0585081340451,38.82006156741227],[-77.05850563211695,38.820061822279385],[-77.05844931757892,38.820067577687915],[-77.05838755250404,38.820073891368374],[-77.05830513599714,38.82008231448966],[-77.05829292864412,38.82008356098377],[-77.0581479391675,38.82009838046515],[-77.05814427270025,38.82009916158807],[-77.05814210837764,38.820099752147506],[-77.0581399872046,38.82010043062973],[-77.05813791153825,38.82010119436094],[-77.05813589175904,38.82010204256763],[-77.05813393252681,38.82010297260431],[-77.05813203621666,38.820103980896285],[-77.05813021092438,38.82010506574113],[-77.05812846015841,38.82010622447915],[-77.0581267909175,38.82010745269152],[-77.05812520325581,38.82010874767603],[-77.05812370645687,38.820110105942945],[-77.05812230176234,38.82011152300278],[-77.05812099498357,38.8201129962241],[-77.0581197873622,38.82011452111731],[-77.05811868359432,38.820116093235434],[-77.0581176860912,38.82011770720229],[-77.05811679834312,38.820119361258925],[-77.05811602393084,38.82012104914262],[-77.05811536179337,38.82012276633558],[-77.05811481547539,38.82012450837658],[-77.05811438738814,38.820126269889506],[-77.05811407647066,38.82012804635655],[-77.05811388509812,38.82012983420311],[-77.0581138157179,38.820131626251616],[-77.05811386377879,38.82013341974318],[-77.0581140340129,38.820135208429384],[-77.05811432075377,38.820136987735765],[-77.05811472756406,38.820138752300366],[-77.05816669980645,38.8204031347691],[-77.05817505417129,38.820445631872055],[-77.0581897084291,38.82052018218448],[-77.05819119329394,38.82052773601891],[-77.05819193851454,38.82053151747514],[-77.05818387551344,38.82053226980415],[-77.05763108071608,38.82058390389931],[-77.05762961533854,38.82058404085093],[-77.05762874764756,38.820584122082586],[-77.05753969400898,38.82059234055852],[-77.05730203255956,38.820614272509296],[-77.05679133210299,38.82066139827909],[-77.05678176438633,38.82060137968226],[-77.05678106267257,38.82059698429975],[-77.05671564004203,38.820187244050906],[-77.05670624912388,38.820188114187076],[-77.05654161768626,38.82020337571689],[-77.0563670667956,38.82021955648242],[-77.05627862422364,38.82022775538853],[-77.05623585575998,38.820231883503865],[-77.05619335708046,38.82023611132546],[-77.0561845593174,38.82017906718583],[-77.05604086240287,38.82019171425734],[-77.05601043097118,38.8201943931088],[-77.05601215601594,38.82020614207634],[-77.0560156255745,38.82022976007785],[-77.0560163063369,38.82023439306039],[-77.05598497308551,38.820237303164646],[-77.05587768476127,38.82024726546366],[-77.05579710163553,38.82025474987519],[-77.05568799481787,38.82026488152309],[-77.05563619961681,38.82026969115294],[-77.05562582095155,38.820270655357255],[-77.05561409232112,38.82027174439344],[-77.05557310960387,38.820275550084425],[-77.05551152764788,38.82028126807759],[-77.05551893275127,38.82033108658266],[-77.05552742106204,38.82038820264733],[-77.05549163418006,38.820392430852316],[-77.0555007008535,38.820451310000664],[-77.05547706459177,38.820474635777245],[-77.05536586091995,38.820485704437935],[-77.05532041817874,38.82049022725144],[-77.05526049985016,38.82049619083641],[-77.05516349588142,38.82050584665373],[-77.05514700976792,38.82040269505375],[-77.0551280738256,38.82028421685614],[-77.05274722821962,38.82048207459016],[-77.05281073907726,38.82099717222978],[-77.0517048903656,38.821065346896354],[-77.05092182216534,38.82113157572931],[-77.05068804238398,38.821149458230565],[-77.05068651250558,38.821151477297605],[-77.05055937327259,38.8211592993662],[-77.05031584870315,38.821174281306476],[-77.05030150622548,38.821175163637086],[-77.05027258142937,38.82118298966658],[-77.0502290981026,38.82119475498901],[-77.0501838461382,38.8212162567006],[-77.05014932064695,38.821240340630084],[-77.05013889850123,38.82124761140929],[-77.05010135861721,38.82128614635728],[-77.05006871173617,38.82133183498273],[-77.0500321973034,38.821394413786564],[-77.0500026203332,38.821462594860854],[-77.04998899255487,38.82151403323551],[-77.04998836198443,38.8215177130574],[-77.04998766339284,38.82152179566716],[-77.0499747205955,38.82159737281516],[-77.04996672065724,38.821669365772415],[-77.04996977224673,38.82174267644899],[-77.04998622650976,38.82182560737774],[-77.05012782813154,38.8223617727122],[-77.05016066458248,38.82253922439754],[-77.05020147540097,38.82283574041708],[-77.0502599657045,38.823860848028446],[-77.05027096996555,38.824053693897774],[-77.05031005089047,38.82473860744893],[-77.05041567864882,38.82553117731321],[-77.05046467166436,38.82607978044176],[-77.05047585631074,38.826151277853555],[-77.05050757620944,38.826354044012504],[-77.05064741267272,38.8272479139674],[-77.0506845967909,38.82753785722376],[-77.0507482090564,38.828032327324266],[-77.05077285300212,38.82822315385795],[-77.05081968239274,38.82858579250467],[-77.05078767726914,38.82873330969696],[-77.05099139956906,38.83023514948969],[-77.0510958827789,38.83070060479651],[-77.05115056329609,38.83111859459982],[-77.05118898717684,38.83142293281342],[-77.05121320485917,38.83161473494959],[-77.05121327109096,38.831615277240516],[-77.05353043144589,38.83138272900577],[-77.05587630490723,38.83115970077038],[-77.05632497914358,38.83111703890208],[-77.05655540802563,38.831094281715394],[-77.05712499645692,38.83157170872978],[-77.05793961177307,38.83225074989832],[-77.05886254590465,38.832963369367015],[-77.0588626255254,38.83296319015423],[-77.05889870046776,38.83288218522791],[-77.05897690206223,38.832659338050604],[-77.05909362710298,38.83233077482964],[-77.05909378579216,38.83233032900457],[-77.05922993540699,38.83194708295348],[-77.0593860035282,38.83151785965977],[-77.05953669727137,38.83107958046574],[-77.05954246274277,38.831111650370396]]],[[[-77.06448035115949,38.844172009023715],[-77.06448631953603,38.84418418536633],[-77.06448709738311,38.844185960739544],[-77.06451320001686,38.84423812868627],[-77.06458085379539,38.84437211181052],[-77.06470041356535,38.8446724555696],[-77.06471010326595,38.84469695823797],[-77.06471105604204,38.84469672663193],[-77.06479930637892,38.84467441435409],[-77.06486293053392,38.84465191444379],[-77.06567399664407,38.844304789180974],[-77.06611167309593,38.84411838670037],[-77.06646611403262,38.84398443020627],[-77.0667713426014,38.84391476711756],[-77.067149798705,38.84382839081198],[-77.06714726234637,38.84382519391626],[-77.06662499306961,38.843861588136235],[-77.06631592747311,38.843883123035624],[-77.06631585670924,38.843882859094236],[-77.06630698421378,38.84384966157153],[-77.06630569675141,38.84384484739197],[-77.06630441045897,38.84384003232575],[-77.06629633233848,38.84380980412189],[-77.06626683786747,38.84369944519911],[-77.06625266949733,38.84364646120929],[-77.06625207943593,38.843644222351124],[-77.06619255279169,38.84342148877521],[-77.06616661432524,38.84332442891476],[-77.06616385729433,38.843314114506],[-77.06616110138008,38.843303801912654],[-77.06615527229141,38.843281988102106],[-77.06613066060055,38.84325877992081],[-77.0661270094425,38.843255336938796],[-77.06612335828481,38.843251893956655],[-77.06609195190735,38.84322222584554],[-77.06602291515792,38.84321570017613],[-77.06601115779547,38.84320841741788],[-77.06603014049942,38.84318970056236],[-77.06602349344767,38.843141014051035],[-77.06602235356155,38.84313094733456],[-77.06602086016332,38.843117758114154],[-77.06602039031102,38.84311180881237],[-77.06601903121864,38.84309460660316],[-77.06601715411614,38.84307115538855],[-77.06601607993068,38.843047822096736],[-77.06601552779539,38.84302447986645],[-77.06601548531529,38.84300221058626],[-77.06601598699207,38.84297778747761],[-77.06601647550532,38.8429676920032],[-77.0660169653142,38.842957589337075],[-77.06601763587703,38.84294374363326],[-77.06601735660739,38.84294238339194],[-77.06601704735625,38.84294102458626],[-77.06601670688201,38.84293967170577],[-77.06601633750597,38.8429383238779],[-77.06601593694272,38.84293698017379],[-77.06601550742386,38.8429356442244],[-77.06601504788748,38.842934311512145],[-77.06601416600081,38.842933014182755],[-77.06601391851252,38.842931677754436],[-77.066013681336,38.8429303441549],[-77.06601291332873,38.84292905542436],[-77.06601230672854,38.84292776055719],[-77.06601167230639,38.84292647435959],[-77.06601100775883,38.84292519680348],[-77.06601031650519,38.842923929732436],[-77.06600959631382,38.84292266951548],[-77.0660088470768,38.842921421556916],[-77.06600807115173,38.84292018318285],[-77.06600747643077,38.84291927406697],[-77.06600643684358,38.84291773966321],[-77.06600557730881,38.84291653450369],[-77.0660046944692,38.84291534257367],[-77.066004051044,38.84268664046027],[-77.06600505364601,38.84268402824383],[-77.06601477821587,38.842634759712105],[-77.06602366718099,38.842585394479556],[-77.06603485433422,38.84254047467672],[-77.06568170522743,38.84251345048212],[-77.06563302710794,38.84250972573892],[-77.06526949937462,38.84248191037238],[-77.065338182731,38.84234132785647],[-77.06559583868132,38.84181807098028],[-77.06585867584903,38.84186567249795],[-77.0659551029762,38.84189640808883],[-77.06637423149972,38.84203000524088],[-77.06644071509756,38.84193824200033],[-77.06647246769025,38.84189441661403],[-77.06657263891503,38.84174936453934],[-77.06674476341682,38.84146148327626],[-77.0668275793656,38.841406006776936],[-77.06694786821238,38.84143597159336],[-77.06711843666452,38.84120100427154],[-77.06722692932819,38.84104305432965],[-77.06729217194517,38.84094087129688],[-77.06772909467631,38.84033656904931],[-77.06773359975553,38.840331794033006],[-77.06772679255053,38.84032879639514],[-77.06762866802978,38.8402550247808],[-77.0675029380486,38.84016049884956],[-77.06686541108427,38.83968118626215],[-77.06654398496637,38.83953162711723],[-77.06592869842991,38.839245329195414],[-77.06585063945347,38.83920900773279],[-77.06582165227529,38.839195519488115],[-77.06493497862118,38.83878293902753],[-77.06433376574874,38.838394266542345],[-77.06432453804584,38.83838830109494],[-77.0634749225125,38.839930169177016],[-77.06326014557462,38.84030576373911],[-77.06323086529189,38.84047425509962],[-77.06321844824095,38.84066321524149],[-77.06320097185453,38.84105034137793],[-77.06383714857598,38.84260264162257],[-77.06385993072456,38.842658229666945],[-77.06387200777856,38.84268769703494],[-77.06448035115949,38.844172009023715]]]]},"properties":{"OBJECTID":147,"STDYAREA":"BNDRY","ELEM_":30,"MID_":null,"INT_":null,"HIGH_":null,"DISTRICT":null,"MOBILITY":null,"REGION1":null,"REGION2":null,"ELEM_DESC":"Mount Vernon","MID_DESC":null,"INT_DESC":null,"HIGH_DESC":null,"TRUSTEE":null,"ADD_SCHL1":null,"ADD_SCHL2":null,"ADD_SCHL3":null,"ADD_SCHL4":null,"ADD_SCHL5":null,"created_user":null,"created_date":null,"last_edited_user":null,"last_edited_date":null,"Creator":null,"Created":null,"Editor":null,"Edited":null,"Shape.STArea()":23821316.297290258,"Shape.STLength()":29833.485044430552}},{"type":"Feature","id":148,"geometry":{"type":"Polygon","coordinates":[[[-77.10246636754705,38.82263481024104],[-77.10232338278263,38.82286257330861],[-77.10217778980058,38.823103404013985],[-77.10199910811193,38.823398968441616],[-77.10195259080061,38.82346225001226],[-77.10234358458062,38.8235981027539],[-77.10390894571503,38.823996567122286],[-77.10421850647462,38.824075362496785],[-77.10484469428098,38.82423475108444],[-77.10576610222793,38.82451070050374],[-77.10632280213956,38.82476720734195],[-77.10655746594946,38.82489964665336],[-77.10664415317676,38.824883402126886],[-77.10696185951345,38.82458522618905],[-77.10729614887101,38.82429995226894],[-77.10737174150714,38.824235025310045],[-77.10749819351162,38.82412641488964],[-77.10800151658043,38.82364475528748],[-77.10823618670743,38.82330976835417],[-77.10861244001869,38.82255218762165],[-77.10912879762743,38.822664791125106],[-77.10958831189217,38.82231679708952],[-77.10971196515861,38.8224019475591],[-77.11005744636932,38.82263985494396],[-77.1100761615047,38.822635746672],[-77.11046956301068,38.82254937951712],[-77.11123198282213,38.821859028133765],[-77.11178841973143,38.822260424286824],[-77.11209243681006,38.821995761818734],[-77.112255283979,38.821853994024785],[-77.11241054457935,38.821718831231486],[-77.11246895926062,38.82166797791095],[-77.11262039454616,38.821536141854445],[-77.11280562932023,38.821374881138865],[-77.11307454040386,38.82156770911325],[-77.11311484611717,38.8215966112655],[-77.11311622448949,38.8215954283966],[-77.11330621988809,38.82143234920166],[-77.11380155424818,38.82100718889015],[-77.11360732327358,38.8208514629852],[-77.11320716326932,38.82053063089928],[-77.11272139935622,38.820152156321534],[-77.11256473929335,38.82002650854213],[-77.11226642806378,38.819787246295746],[-77.11216992753981,38.81970984700829],[-77.11188407954114,38.81989366912309],[-77.11142738441286,38.81968349018215],[-77.11136851405246,38.81962591490073],[-77.11145810761396,38.819530861181555],[-77.11166409115778,38.819297589973495],[-77.11194263747082,38.81898469428094],[-77.11197818529276,38.81894476315771],[-77.1119834402978,38.818938860147554],[-77.11207548952812,38.81883601298479],[-77.11227372239273,38.81861452262344],[-77.11329340840757,38.81747518053181],[-77.11332019476009,38.81744525048725],[-77.11320687584112,38.81737399229161],[-77.11356808206911,38.81746426978693],[-77.11362969836,38.817494437182795],[-77.11366892576247,38.817512574549184],[-77.1137085517099,38.8175301715376],[-77.11374856360645,38.81754722439518],[-77.1137889511762,38.817563728495294],[-77.11379346867457,38.8175655333068],[-77.11380084332276,38.81756841246653],[-77.11382969950307,38.817579680958545],[-77.11383205941388,38.817580562935866],[-77.113870798398,38.81759507265472],[-77.11391223409625,38.81760990071803],[-77.11395399400158,38.817624161395536],[-77.11399606670408,38.81763784914653],[-77.11401321399656,38.81764323394243],[-77.1140270517708,38.81764747328056],[-77.11403843728739,38.81765096109151],[-77.11405755172409,38.81765657543346],[-77.11408109434144,38.817663491689835],[-77.1141240241012,38.81767543807576],[-77.11416721397039,38.817686796496375],[-77.11421065133534,38.81769756409968],[-77.11425432131438,38.81770773620486],[-77.1142576649876,38.81770848473923],[-77.11426284624928,38.81770961175049],[-77.114292452042,38.817716057199284],[-77.11429821242767,38.81771731087426],[-77.11449147885946,38.81774651883466],[-77.11450229835296,38.81774818811148],[-77.11454434424599,38.81775467858013],[-77.11467303088817,38.817773353820606],[-77.11470440391365,38.817778395631805],[-77.11470921931006,38.81777896782496],[-77.11472136570666,38.81778074464371],[-77.11473262338174,38.817782325373884],[-77.11476682520583,38.81778710685608],[-77.11476848247023,38.81778746067258],[-77.11477574748336,38.81778850414732],[-77.11482768696,38.81779595099555],[-77.1149251258651,38.81780990099043],[-77.11496169383973,38.817815123880976],[-77.11496692420971,38.817816034312315],[-77.11499880802805,38.81781985137978],[-77.1151823948253,38.817845219423944],[-77.11561616351241,38.81790784545278],[-77.11583249606801,38.81793864321892],[-77.11587551617397,38.817944969015194],[-77.11598204785471,38.817960634478126],[-77.11647410658365,38.81802616388071],[-77.11655042487484,38.8180373282171],[-77.1166257912559,38.81804745239936],[-77.11665868515782,38.81805187104224],[-77.1166669232704,38.81805297812645],[-77.11668802679152,38.81805566668671],[-77.11669399020025,38.81805642801678],[-77.11672040316236,38.81806022876807],[-77.1169009757147,38.81808621896686],[-77.11691468646917,38.81808821670997],[-77.11691980719023,38.81808896268981],[-77.11692356841125,38.81808949984209],[-77.11695224552793,38.818093597512984],[-77.11703570497134,38.81810560970704],[-77.11715789923285,38.818123666017776],[-77.11717191379445,38.818125735783035],[-77.1172034005499,38.81813038995407],[-77.11735057854983,38.818152137959444],[-77.1178136679553,38.818235216751575],[-77.1178699652346,38.818245445248316],[-77.11795461496357,38.81826204761402],[-77.11796696101388,38.81826446882123],[-77.11806351680404,38.81828481512664],[-77.11815960513323,38.81830647573356],[-77.1181675663915,38.81830838760041],[-77.1181968102974,38.818315416112576],[-77.11823946973561,38.81832566491635],[-77.1182551950234,38.81832944487254],[-77.11835025781645,38.818353715900614],[-77.11842218495981,38.81837317277336],[-77.11844476490613,38.8183792794728],[-77.1184651714761,38.81838522003085],[-77.11853868756478,38.81840613254922],[-77.11861128440981,38.81842777838079],[-77.11863199725515,38.81843426218205],[-77.11863853703092,38.818436374410155],[-77.11868723504381,38.81845210792599],[-77.11879210824162,38.818485991858395],[-77.11886281093257,38.81850739180081],[-77.11903221547732,38.81855872420332],[-77.11906068692123,38.81856706509479],[-77.11907904799466,38.81857260217286],[-77.11909066656656,38.81857608772627],[-77.11911983034986,38.81858483767226],[-77.11924621370562,38.81862275560331],[-77.1192960254961,38.81863765598029],[-77.11946776667924,38.818688841357535],[-77.11949568697783,38.81869716214334],[-77.11951712958718,38.81870355346598],[-77.11959119639558,38.81872550427966],[-77.1200235770469,38.81880155229744],[-77.12004091373478,38.81883361634854],[-77.12015427943926,38.81886628444191],[-77.12018364592787,38.818874746399075],[-77.12031871511337,38.818913668046775],[-77.12042701221286,38.81869206080067],[-77.12051997304795,38.81850183509944],[-77.12052400086436,38.81849359194526],[-77.12061219977501,38.81831310977691],[-77.12062059515536,38.81829596075556],[-77.1207017559345,38.818129873084594],[-77.12071932825107,38.818093912058764],[-77.12079571523198,38.81793759212325],[-77.12081607053224,38.817895954497615],[-77.12088774020718,38.81774928224413],[-77.12091143667661,38.817700785325584],[-77.12098108014335,38.817558257877145],[-77.12101118000466,38.817496658052555],[-77.12106083710981,38.817396941079274],[-77.12107539874279,38.817367698110495],[-77.12107547298024,38.81736755032675],[-77.12110721416727,38.81730550758003],[-77.12116893030166,38.81718487535393],[-77.12117704578475,38.817169214969496],[-77.1211980297221,38.81712792161642],[-77.12120837804703,38.817107768320554],[-77.12127647122253,38.81697466979774],[-77.1213066936836,38.816915595787414],[-77.12142009895527,38.81669392868953],[-77.12141907729345,38.816693278815734],[-77.12172402384121,38.81614336390556],[-77.1221174326177,38.81633309743231],[-77.12243684807187,38.81648714384178],[-77.12279134548527,38.81663443320915],[-77.1228485696753,38.816658209627576],[-77.12302934073769,38.81637021658088],[-77.12307683645182,38.81628027480039],[-77.12307844596988,38.8162773529994],[-77.12308005550517,38.81627443029767],[-77.12309810405692,38.816241653947635],[-77.12309828780377,38.816241320050885],[-77.12311394053364,38.81621289418275],[-77.12312797772148,38.81618740355759],[-77.12314175958625,38.816162375723906],[-77.1231511901026,38.816145249481146],[-77.12315551517952,38.81613739623139],[-77.12323894944394,38.81598587837571],[-77.12328216319959,38.81590740216294],[-77.1233238529807,38.81583326863355],[-77.1233501942682,38.81578923761839],[-77.12337751428983,38.815745571251355],[-77.12340580352277,38.81570228563709],[-77.12343505483337,38.81565939240346],[-77.12346525759952,38.81561690493939],[-77.12347727688935,38.815600671246834],[-77.1234964035191,38.81557483576005],[-77.12351818038864,38.81554657267855],[-77.12352848310411,38.81553319916852],[-77.12356148690135,38.8154920076664],[-77.12357877296563,38.81547111388814],[-77.12358794391716,38.815459409163175],[-77.12359685237519,38.815447580631464],[-77.12360549596812,38.81543563186899],[-77.12361387113842,38.81542356823976],[-77.12362197670039,38.81541139153179],[-77.12362980911394,38.81539910620835],[-77.12363736602464,38.815386714944815],[-77.12364464502633,38.81537422311852],[-77.1236516449162,38.815361633418306],[-77.12365836215393,38.815348950307474],[-77.12366479668799,38.815336176488294],[-77.12367094379229,38.81532331821195],[-77.12367680458381,38.81531037729353],[-77.12368237438835,38.81529735728197],[-77.1236876542538,38.81528426359536],[-77.12369264062279,38.8152711015976],[-77.12369733232686,38.81525787217604],[-77.12370172809402,38.815244581622345],[-77.12370392666607,38.81523741966078],[-77.12370582673866,38.815231231724624],[-77.12370962815719,38.81521782788729],[-77.12371312879245,38.81520437547439],[-77.12371632859264,38.815190877188115],[-77.12371922748905,38.8151773366315],[-77.12371995831505,38.81517537573495],[-77.1237218242613,38.81516375739402],[-77.12372411646896,38.81515014665465],[-77.12372610522891,38.81513650622841],[-77.12372779045513,38.815122840619004],[-77.12372916860743,38.815109154289736],[-77.12373024308825,38.815095449983225],[-77.12373101032283,38.81508173396428],[-77.12373147252782,38.815068010763625],[-77.12373162851748,38.81505428216919],[-77.12373147703714,38.81504055357195],[-77.12373102030331,38.81502682950269],[-77.12373042797294,38.815015494053895],[-77.12372960419758,38.815004518070765],[-77.1237285360678,38.814993553636455],[-77.12372722346294,38.81498260705632],[-77.12372566753436,38.81497167834375],[-77.12372523323462,38.81496904248577],[-77.12365946414035,38.81478663839273],[-77.12365682128157,38.814782072026176],[-77.12365080130476,38.81477213514398],[-77.12364456204043,38.81476228398182],[-77.12363810350574,38.81475251763892],[-77.12363142788271,38.8147428424475],[-77.12362453747397,38.814733258434536],[-77.12361843772396,38.81472604237415],[-77.12361508616168,38.81472186230755],[-77.12361182760225,38.81471763648262],[-77.12360866429637,38.81471336762863],[-77.12360559739538,38.814709055759046],[-77.12360262571346,38.81470470266189],[-77.12359975268724,38.81470030927843],[-77.12359697828211,38.81469587741016],[-77.12359430246366,38.81469140885856],[-77.12359172751721,38.814686904551415],[-77.1235892522741,38.814682365375965],[-77.12358688015372,38.81467779317421],[-77.12358460881896,38.81467318972062],[-77.12358244170646,38.81466855595651],[-77.12358037766482,38.81466389186834],[-77.1235784177591,38.81465920197334],[-77.12357656315784,38.81465448538432],[-77.12357481497777,38.81464974391622],[-77.12357317088177,38.81464497934355],[-77.12357163542325,38.81464019442256],[-77.12357020518273,38.81463538731127],[-77.1235688835279,38.81463056255394],[-77.12356766930738,38.81462572013699],[-77.12356656248663,38.814620861862004],[-77.12356556533366,38.81461598955744],[-77.12356467669723,38.81461110320976],[-77.12356389765952,38.814606206435506],[-77.12356322705197,38.81460130012188],[-77.12356266600855,38.81459638518319],[-77.12356221564607,38.81459146343433],[-77.12356187479594,38.81458653576265],[-77.12356164342357,38.81458160396957],[-77.12356152262848,38.81457667077086],[-77.12356151125938,38.81457173615301],[-77.12356161043292,38.81456680193101],[-77.12356182013188,38.81456186900556],[-77.1235621391186,38.81455694186699],[-77.12361778560651,38.81428159236157],[-77.12363033965744,38.81421947520681],[-77.12373194197843,38.813716731504464],[-77.1237725502224,38.81351175412699],[-77.12377471370915,38.81350083119845],[-77.12384016814491,38.81317195691071],[-77.12384997571829,38.81311883679673],[-77.12389813577003,38.8128778235639],[-77.12390048455015,38.81287808265524],[-77.12390252308883,38.81287830657461],[-77.1239907628241,38.81257702422759],[-77.12400117623,38.812578341910985],[-77.12418753323345,38.81260684938556],[-77.124351412151,38.812638016585815],[-77.1245152351971,38.812672108274796],[-77.12469010154945,38.812715103503],[-77.12486870632776,38.812758141382645],[-77.1250435171262,38.81280405990042],[-77.12521479312868,38.81284978717893],[-77.12536278029643,38.812899502829225],[-77.1254431750861,38.812926510907026],[-77.1255162796804,38.812951465858326],[-77.12558757782867,38.81297580497751],[-77.12577550781927,38.81304676562146],[-77.12592313942622,38.81310403172666],[-77.12610088361626,38.813177515927045],[-77.12629531982522,38.81326177510051],[-77.12649313783938,38.81334607263281],[-77.12657231800848,38.813380280483294],[-77.12665886259795,38.813417669230816],[-77.12666073504032,38.81341845064554],[-77.12678177566615,38.813468958127274],[-77.12692741649681,38.81352973045252],[-77.12707982517662,38.81359797495177],[-77.12721881826302,38.81366021153953],[-77.12751812889613,38.81378170826987],[-77.12771380267704,38.813862660433585],[-77.12779740537361,38.81389334240928],[-77.12790965142713,38.81393453727863],[-77.12806724212231,38.81398478881165],[-77.12824803057879,38.8140353104445],[-77.12829042143258,38.81404617503109],[-77.12842120153873,38.81407969199472],[-77.12865606112562,38.81413387044031],[-77.12884873730158,38.81416940409732],[-77.12907240116529,38.814202272330846],[-77.12928077412693,38.81422588537194],[-77.12939586227863,38.81423347789456],[-77.12939526785584,38.814236868417375],[-77.1293981544521,38.814233629001144],[-77.12944754826376,38.814236888101156],[-77.12950254658449,38.81424051626347],[-77.12955607620995,38.81424404796203],[-77.12957073668727,38.81424501473314],[-77.12957631366052,38.81423880028023],[-77.12967076941372,38.8141392038752],[-77.12986675476041,38.81393255342935],[-77.13009357348456,38.81368204244164],[-77.13020729212796,38.8135642677955],[-77.13028897571972,38.813478243190424],[-77.13041146695285,38.81335094775735],[-77.13050680508151,38.813248978885206],[-77.13043675704783,38.813211038674005],[-77.1303853842089,38.813183213312534],[-77.13044072207492,38.81312032366947],[-77.13079617621061,38.812731154450425],[-77.13096253450344,38.81252433573001],[-77.13110938674454,38.812326364423214],[-77.13122052329392,38.812176384995354],[-77.13130003538649,38.812062342867364],[-77.13141134290754,38.81190328822269],[-77.13151105207893,38.81174409999251],[-77.13163101143385,38.81153673822264],[-77.13173135236862,38.81134427532317],[-77.13176770265655,38.8112630104585],[-77.13177444232117,38.81124959828841],[-77.13191076824256,38.81097830585421],[-77.13203709484455,38.81064926584595],[-77.13212639880287,38.81039633303702],[-77.13226811383655,38.809959620795055],[-77.1323765877336,38.80963385171393],[-77.13247913954417,38.80932587295151],[-77.13248506183226,38.809308080720044],[-77.13249342278621,38.809285035565544],[-77.13255545384075,38.80911407243413],[-77.13259979130429,38.808974546988935],[-77.13263586089748,38.80886103639442],[-77.13279117142706,38.80841056497021],[-77.13296094214847,38.807901116468244],[-77.13306821826069,38.80763795570895],[-77.12984446694755,38.80770602882447],[-77.12982361648417,38.80772220147137],[-77.12982334463419,38.80771834404477],[-77.12968283228122,38.80772494118111],[-77.12965860615685,38.80772515733806],[-77.12954944235885,38.80772613007619],[-77.12944436018167,38.807715290326854],[-77.12932909085335,38.80768648370151],[-77.1292039238805,38.80762460646865],[-77.12915561106969,38.80758147760843],[-77.12912484481438,38.80753855466026],[-77.12899742951973,38.807226756078535],[-77.12848149010831,38.807595568378524],[-77.12828582840163,38.80773333220738],[-77.12812577891764,38.807844051274195],[-77.12799796541952,38.80792082011989],[-77.1278311333698,38.80801910207778],[-77.12765398294943,38.808106277853135],[-77.12749796632049,38.808189582374155],[-77.12734938570345,38.80825100409067],[-77.12720083220374,38.808311053795585],[-77.12690401084848,38.80841605160774],[-77.1265546066561,38.8085176861279],[-77.12633151753509,38.80856225238959],[-77.12610011959535,38.80860847957865],[-77.12562512965822,38.8086701953732],[-77.12537562793585,38.808686495811706],[-77.1251648039661,38.80869912894015],[-77.1249292336736,38.80872108296229],[-77.12475336708565,38.808740990288115],[-77.12455621040965,38.808773005152666],[-77.12425278615572,38.80885595109657],[-77.1240939388032,38.80890351699516],[-77.12385723536097,38.808984498294144],[-77.12368754389887,38.80904841388272],[-77.12343960359671,38.809166332922416],[-77.12311686863676,38.8093410424515],[-77.12297533360073,38.80944936362481],[-77.12289246239523,38.80951278707219],[-77.12273920794625,38.809634562101905],[-77.1226261236796,38.80975616346001],[-77.12258511052323,38.80980026535732],[-77.12241238924337,38.810022044553676],[-77.12229274794915,38.8102211050615],[-77.12224135772829,38.81033858429512],[-77.12219355533936,38.81045198560544],[-77.1221370493683,38.81065316040897],[-77.12201525267317,38.81114740159386],[-77.12201155929503,38.81115696952347],[-77.12189469345263,38.81157712318571],[-77.12173630137937,38.812149196760075],[-77.12169156108021,38.81229164611932],[-77.12169064610458,38.81229456074663],[-77.12167713811706,38.81229260917495],[-77.12129679673346,38.81225016099973],[-77.12024525451687,38.81211496541813],[-77.11968697992882,38.81204375314033],[-77.11911079162331,38.81197508245473],[-77.11690626826996,38.811698055391794],[-77.11649935147206,38.8116470274201],[-77.11622328518806,38.81161240793627],[-77.11604811848511,38.81158825779808],[-77.11581329987575,38.8115618314979],[-77.11564074877413,38.81154388130101],[-77.11534252089463,38.81151291826897],[-77.11472876436179,38.81152340841053],[-77.11407526848109,38.8115731145147],[-77.11401953952101,38.811577352854414],[-77.11401499817087,38.81157769832735],[-77.1139470070979,38.811582869313135],[-77.11394354093864,38.81157911465472],[-77.11394047181733,38.81157578993451],[-77.11393654651101,38.81157613637549],[-77.11378143789199,38.811589864140885],[-77.11325398624955,38.81163687804117],[-77.11316486709774,38.81164496388121],[-77.11319195396516,38.811790493562526],[-77.11319113842407,38.81179056681004],[-77.11318156180823,38.81179143024169],[-77.11240602548723,38.81186351638477],[-77.11152195181721,38.81194410992593],[-77.1109355065867,38.81199475876225],[-77.1098197132038,38.81209111670596],[-77.109791160399,38.812092637945845],[-77.10962228614322,38.81210163561842],[-77.1096274567851,38.81222290698834],[-77.10962551682854,38.81232311639201],[-77.10963059498891,38.81242340986149],[-77.10962863851151,38.8124629671723],[-77.1096248270581,38.81254005045454],[-77.1096203878588,38.81258805447189],[-77.10960661844523,38.812755402953684],[-77.10959072179072,38.81285132871292],[-77.10957152864154,38.812936229230374],[-77.10954515777196,38.813029283859414],[-77.10950802030874,38.81313456920128],[-77.10946370504796,38.813248007739084],[-77.10941202705443,38.81337920769512],[-77.10936401632505,38.81350221281573],[-77.10931231023397,38.81363478543758],[-77.10929367472598,38.81369086034398],[-77.10925637592386,38.813804381061665],[-77.1092488259989,38.813831752491495],[-77.10922232146703,38.81393167068348],[-77.10919169628791,38.8140631200811],[-77.10916077855124,38.81420967040669],[-77.10912021046104,38.8144920360656],[-77.10910388740301,38.8146099254116],[-77.10907926981109,38.81479362172239],[-77.10905069092402,38.81500061283889],[-77.1090389403188,38.81506363454156],[-77.1090121691647,38.815177279962576],[-77.10896303982956,38.815357939546786],[-77.10892217839329,38.81547416398523],[-77.10888493239204,38.81558493999168],[-77.10882979446063,38.815713352540136],[-77.1087785644526,38.81582121571442],[-77.1086731797875,38.81600670121307],[-77.10863322059706,38.816076252695524],[-77.10854633897114,38.81621252695158],[-77.10847413241834,38.81631602209248],[-77.10837658938411,38.81645903591085],[-77.1082825818542,38.816600717636675],[-77.108224704279,38.816689279081146],[-77.10812311885331,38.81685970564646],[-77.1080501116903,38.817004382388745],[-77.10798313948963,38.817199933356484],[-77.1079530428035,38.81730392864035],[-77.10793366024805,38.81739843880986],[-77.1079114147202,38.81753435772863],[-77.10790046658083,38.817743938863906],[-77.1078987738846,38.81788057010473],[-77.10791854926893,38.817996908114786],[-77.10794484119545,38.81808921405544],[-77.10801118769002,38.81831438048572],[-77.10805970809362,38.81842061656961],[-77.10815257791486,38.81859970501256],[-77.10821728811521,38.81869561629361],[-77.10824129420152,38.81873119747466],[-77.108259544955,38.81875700627587],[-77.1081181353545,38.81875820836812],[-77.10810005377272,38.818759146192676],[-77.10783323015075,38.818772987940896],[-77.10767678659963,38.81878110339243],[-77.10752732781722,38.81878885555623],[-77.10747063677506,38.81879179648217],[-77.10745634374632,38.818986302815155],[-77.10744449289257,38.8191475706163],[-77.10743656548922,38.819255455154],[-77.10741644481881,38.81952925140115],[-77.10740306853126,38.819711269727215],[-77.10740113083686,38.81973766973068],[-77.10739507077751,38.819820221938755],[-77.10738666138224,38.819934662340955],[-77.10738440106181,38.81996522719961],[-77.10738210971152,38.819996204323914],[-77.10736852571469,38.82017983826549],[-77.10736658229335,38.82020611656987],[-77.10736588614601,38.820215527717096],[-77.1073657970748,38.820216735731925],[-77.10736527906973,38.82022373084949],[-77.10736257841826,38.82026025385341],[-77.10736061333566,38.82028681750064],[-77.10736051060026,38.82028819563238],[-77.10736040898136,38.820289575579324],[-77.10735540780728,38.820357190916546],[-77.10734444581486,38.82050538204371],[-77.107327950317,38.82072838255228],[-77.10732761460253,38.820732925650894],[-77.10732727773662,38.820737468735864],[-77.1073245241686,38.82077469925186],[-77.10732395598222,38.82078238119589],[-77.10732338777817,38.82079006404069],[-77.10601753181149,38.81992859948354],[-77.10589542309037,38.81984868611622],[-77.10589473629408,38.81984930051158],[-77.10587637367121,38.81986570754059],[-77.10576978403631,38.81996094524831],[-77.10570073056654,38.82002264422847],[-77.10562650030022,38.82008896838383],[-77.1055024521412,38.82019979651272],[-77.10539896039705,38.82029225884483],[-77.1052826431406,38.820396182764625],[-77.10510481412035,38.82055506296352],[-77.10510437930537,38.82055545150895],[-77.10484998435518,38.820783627499914],[-77.10466488349972,38.82094964888708],[-77.10450394276948,38.82109397868669],[-77.10448693683524,38.82110922589839],[-77.10445405695083,38.82113871750779],[-77.10426011222546,38.82131265062095],[-77.1040477829278,38.82150307999797],[-77.10394707818588,38.82159339663],[-77.10380816760508,38.82171935417623],[-77.10359332651616,38.82172416206499],[-77.1035934635076,38.821727896323],[-77.10359346395838,38.821727932366265],[-77.10314735301003,38.821744941886045],[-77.10307621473953,38.82171888560335],[-77.10306869713413,38.82171613200513],[-77.10306694523538,38.82171549039606],[-77.10301176962695,38.8216952811567],[-77.10301096571796,38.821694986886385],[-77.10287864723622,38.821919417079215],[-77.10283073162073,38.822000672482474],[-77.10274215437695,38.822150881569804],[-77.10273918127521,38.82215653475407],[-77.10261267593246,38.822397066232966],[-77.10260088040546,38.82241949000982],[-77.10259917615052,38.82242273204746],[-77.1025974707615,38.82242597317064],[-77.10246636754705,38.82263481024104]]]},"properties":{"OBJECTID":148,"STDYAREA":"BNDRY","ELEM_":50,"MID_":null,"INT_":null,"HIGH_":null,"DISTRICT":null,"MOBILITY":null,"REGION1":null,"REGION2":null,"ELEM_DESC":"Patrick Henry","MID_DESC":null,"INT_DESC":null,"HIGH_DESC":null,"TRUSTEE":null,"ADD_SCHL1":null,"ADD_SCHL2":null,"ADD_SCHL3":null,"ADD_SCHL4":null,"ADD_SCHL5":null,"created_user":null,"created_date":null,"last_edited_user":null,"last_edited_date":null,"Creator":null,"Created":null,"Editor":null,"Edited":null,"Shape.STArea()":18133555.425728187,"Shape.STLength()":29708.198037281916}},{"type":"Feature","id":149,"geometry":{"type":"Polygon","coordinates":[[[-77.0546082454172,38.8129779475459],[-77.05466193904309,38.81300271681571],[-77.05473446203463,38.81303617078689],[-77.05474515336886,38.81304182084762],[-77.05507258169324,38.813214849832924],[-77.05531709420025,38.813341474840165],[-77.05554277046814,38.81344290010533],[-77.055931424484,38.81360108210874],[-77.05622473984647,38.81369917068202],[-77.05636773456156,38.813746989816536],[-77.05636856729828,38.813747268547814],[-77.05637470991485,38.81374932262853],[-77.05646415898347,38.81378753269543],[-77.06085800531112,38.81566431078665],[-77.0624401526587,38.81625401081572],[-77.06247769700289,38.816268004052205],[-77.0625078890805,38.81627925749156],[-77.06252779573924,38.81628667838432],[-77.06318538851625,38.81653177146569],[-77.0658914805562,38.81773693069453],[-77.06607659395621,38.817819367197316],[-77.06621882010393,38.817892046368904],[-77.06791822715978,38.818760434660724],[-77.0685288460877,38.81912076128735],[-77.06890905271365,38.819417859436875],[-77.07013854452434,38.82060681307394],[-77.07060620921096,38.82030395781905],[-77.07021811711307,38.819529301769535],[-77.07107091137524,38.8189500925541],[-77.0721207725424,38.81880499259301],[-77.07232984392884,38.81877604016279],[-77.07354872002695,38.81860723906471],[-77.07386470836457,38.81856344306032],[-77.07386595440389,38.81856327080662],[-77.07395348379157,38.81855113925853],[-77.07413359132129,38.81852617691491],[-77.07434861985409,38.818492918267665],[-77.07463325953236,38.818448893375496],[-77.07478614343046,38.81842524447033],[-77.07490996480004,38.81839612678668],[-77.07503130078024,38.818367592339214],[-77.07513570806258,38.81834304072798],[-77.07521502545403,38.81831931686651],[-77.0753190456605,38.818288205059034],[-77.07532616006664,38.818286076898],[-77.07533327445445,38.81828394963725],[-77.0754975728525,38.818234808090615],[-77.07568504923711,38.818178733738414],[-77.07579231282328,38.81813567730992],[-77.07581055479632,38.81812835414551],[-77.07582516767367,38.818121336499914],[-77.0759011890076,38.81808481648064],[-77.07598695716813,38.818043617127515],[-77.07599108359688,38.81804163555742],[-77.07596660721643,38.818019605718405],[-77.0759487441047,38.818003527646724],[-77.07593491228805,38.817991078885804],[-77.07581951499206,38.81788721831404],[-77.07580917762107,38.817877480574474],[-77.07542191509019,38.817521317635574],[-77.0753883203834,38.81749575334029],[-77.07532541577551,38.817434546427315],[-77.07532655704411,38.8174336169865],[-77.07529851380787,38.81740837143522],[-77.07187808854219,38.814328983080614],[-77.07179007349282,38.81418394733643],[-77.07158393466577,38.814071037651665],[-77.07155800857892,38.814056837405246],[-77.07155017573348,38.81405254719912],[-77.06856240055627,38.811801389709125],[-77.06780076305212,38.81122026284541],[-77.06763406502789,38.81109307156397],[-77.06758398859733,38.811054862408874],[-77.06738711844528,38.8109019648069],[-77.06693747385667,38.8105622773965],[-77.06287916274667,38.8074429755794],[-77.06283134334747,38.80740621816512],[-77.06274581900023,38.807340478115584],[-77.06259247162981,38.80722260292778],[-77.06256507949769,38.8072015479956],[-77.06244333856246,38.80713231152537],[-77.06215712741565,38.80705328584181],[-77.06070357799204,38.80684629173707],[-77.05999090171888,38.807322238019474],[-77.05973385230995,38.80749390264706],[-77.05950449456999,38.80764707401575],[-77.05900830615013,38.807978436953746],[-77.05877340904962,38.808103257814416],[-77.05867291408245,38.80818175618445],[-77.05852316171561,38.80830382412505],[-77.05849113923212,38.808330841406594],[-77.05830652235872,38.80848660896755],[-77.05833211290694,38.808505652543104],[-77.05831872663549,38.8085171410344],[-77.05818569104194,38.808631308055816],[-77.05810439976423,38.80870312169296],[-77.0580297785354,38.80876904480683],[-77.05788007391699,38.80890295561409],[-77.05771993327639,38.80905134967037],[-77.05771189952341,38.80905879462621],[-77.05769652784548,38.8090730371934],[-77.05768074425595,38.809087664809304],[-77.05766076842578,38.80910617446524],[-77.0575919044808,38.80917229421814],[-77.05755647151906,38.809206314806964],[-77.0574460265715,38.80931235641587],[-77.05717987412454,38.809580138493324],[-77.05710973268081,38.80965070830343],[-77.0570956272684,38.809665760109816],[-77.0569901865476,38.80977827585687],[-77.05696337121935,38.809806890202694],[-77.05687338178363,38.80990291736446],[-77.05685021991302,38.80992856021792],[-77.05683566114655,38.80994467855644],[-77.0566426916099,38.810158313810135],[-77.05641773278359,38.81041682286147],[-77.05623196622746,38.81063851144026],[-77.05621165447494,38.810662750412874],[-77.05619857264149,38.81067836159009],[-77.05602340355965,38.81089763234687],[-77.05601177415993,38.81091219014081],[-77.05598786329395,38.81094212207589],[-77.05596457736686,38.81097126795438],[-77.05588371469125,38.811072491702184],[-77.05580928155577,38.81117504957213],[-77.05578843471334,38.81120377946545],[-77.05574574627786,38.81126260275782],[-77.05562173089346,38.811433497722845],[-77.05554524665177,38.81153889251696],[-77.05553889376822,38.81154764729017],[-77.0555325408831,38.81155640206305],[-77.05550727506079,38.811591217526846],[-77.05548076276563,38.81162708797605],[-77.05546256271498,38.81165171140052],[-77.05529081498631,38.81188408257378],[-77.05519948123201,38.81200765400187],[-77.05519896630358,38.81200835040762],[-77.05518355771001,38.81190341985065],[-77.05518346733488,38.81190281779908],[-77.05516085961672,38.81178734387097],[-77.05513469927442,38.81165373585799],[-77.05493722988061,38.81188501403787],[-77.05485596677768,38.811993710101824],[-77.05484693874256,38.81200578435031],[-77.05477992928687,38.81209541598172],[-77.05477911867396,38.812096499759015],[-77.05474603627923,38.812082299488274],[-77.05473367988742,38.81207699650449],[-77.05467297578413,38.812050939916574],[-77.05449082720673,38.811972754197136],[-77.05452212362715,38.81192606925148],[-77.05452497520521,38.811921816726354],[-77.05453810422435,38.811902231289515],[-77.05451370887293,38.81189193551166],[-77.05420336351237,38.811760973828925],[-77.05418817824875,38.81175456648941],[-77.05418806179986,38.81175474524592],[-77.05418638622729,38.81175732386052],[-77.05417489093452,38.81177348863496],[-77.05415502724924,38.811801617708674],[-77.05414553636773,38.81181505655761],[-77.05412409380702,38.81184542126596],[-77.05410373939262,38.811874243426594],[-77.05407627414345,38.811862573603904],[-77.05395927660443,38.8118131772953],[-77.05395995455142,38.81181216306404],[-77.0539540447981,38.811810965831],[-77.05391402413939,38.811794048109086],[-77.05381272796207,38.81175122936165],[-77.05377501039202,38.81173528598529],[-77.0537458316671,38.81173151257873],[-77.053693201154,38.81172440573403],[-77.05357772966997,38.81170881196327],[-77.0534568190781,38.8116900967711],[-77.05345674333995,38.8116901408852],[-77.05340124192173,38.811722548756926],[-77.05134578125475,38.8114617994465],[-77.05131292927643,38.811457631405894],[-77.05123399931433,38.81144761746829],[-77.05014518394769,38.81130948016309],[-77.0490661828367,38.811172575763024],[-77.04883462589031,38.81229958501691],[-77.04858337382679,38.81344298436326],[-77.04834999357249,38.8145701273666],[-77.04835143873937,38.81458374700907],[-77.0492751583245,38.81470157144378],[-77.04939118300025,38.81471637077312],[-77.04940926461893,38.81471867733708],[-77.04940964941119,38.81471872624129],[-77.04940957967288,38.81471910017753],[-77.049408218411,38.81472645948911],[-77.04920081577221,38.81584754882535],[-77.05135375592302,38.816133657083974],[-77.05123045422036,38.816676053312555],[-77.0513312940206,38.816702374718254],[-77.05147852640212,38.81672088717215],[-77.05160082284618,38.81673626442444],[-77.05171323482907,38.81675108077619],[-77.05178452582338,38.81678287435554],[-77.05183556018952,38.816805633549926],[-77.05188143794523,38.81682609380547],[-77.05188200404581,38.816825318761595],[-77.05192537814638,38.81676593863096],[-77.05213563324041,38.816478094512924],[-77.05233493360039,38.81619762613829],[-77.0525644317401,38.815874658815744],[-77.05277602289252,38.81557688887619],[-77.05285420970667,38.81546685623068],[-77.0531435701712,38.81501805063071],[-77.053148558103,38.815010313453854],[-77.05352137744549,38.81436684455404],[-77.05361813236011,38.814199846645685],[-77.05369579458176,38.81406580366904],[-77.05434463917389,38.812945888998236],[-77.05438113066953,38.81288290401653],[-77.0546082454172,38.8129779475459]]]},"properties":{"OBJECTID":149,"STDYAREA":"BNDRY","ELEM_":60,"MID_":null,"INT_":null,"HIGH_":null,"DISTRICT":null,"MOBILITY":null,"REGION1":null,"REGION2":null,"ELEM_DESC":"Naomi L Brooks","MID_DESC":null,"INT_DESC":null,"HIGH_DESC":null,"TRUSTEE":null,"ADD_SCHL1":null,"ADD_SCHL2":null,"ADD_SCHL3":null,"ADD_SCHL4":null,"ADD_SCHL5":null,"created_user":null,"created_date":null,"last_edited_user":null,"last_edited_date":null,"Creator":null,"Created":null,"Editor":null,"Edited":null,"Shape.STArea()":15549034.344031004,"Shape.STLength()":22806.553536862484}},{"type":"Feature","id":150,"geometry":{"type":"Polygon","coordinates":[[[-77.03818185693315,38.8057093773982],[-77.0379989842254,38.806588564877245],[-77.03762292498342,38.80868475688277],[-77.03742030047623,38.809497758226364],[-77.03766211397917,38.80951588253358],[-77.03764130854275,38.80969324489773],[-77.03942352108002,38.80993372318187],[-77.04030343478762,38.81004745297963],[-77.04132785391559,38.81017985234741],[-77.04228710794698,38.81030135674245],[-77.04240960421204,38.810316872374024],[-77.04352288452247,38.8104570199211],[-77.04575282813262,38.810744191293416],[-77.04599684678402,38.80961306386782],[-77.04624105337587,38.80847232752888],[-77.04641180559057,38.80766570857591],[-77.04644047437372,38.8075292368318],[-77.04648171334554,38.80733291960069],[-77.04669132620954,38.80634004410603],[-77.04672231358472,38.80619625636178],[-77.04681225130793,38.80611660839764],[-77.0470347155044,38.80507886401921],[-77.05028478286488,38.805499260493356],[-77.05136948542909,38.805639545327345],[-77.05137270681027,38.80563996170648],[-77.05346420464579,38.80591042636734],[-77.05364200420486,38.80593341718373],[-77.05463255004443,38.80606149568374],[-77.06070357799204,38.80684629173707],[-77.06252095924572,38.80586680836083],[-77.06255228154944,38.805849273005165],[-77.06255815230196,38.80584676279368],[-77.06389992834252,38.80527309726138],[-77.06415701139873,38.805175279138645],[-77.06418428193663,38.805164903224224],[-77.06430283166449,38.80511979621605],[-77.06433173378664,38.805113853124716],[-77.06450084661388,38.80507907790801],[-77.06463364265853,38.80505177032046],[-77.06470733198599,38.80506067780713],[-77.06470766704217,38.80506056298005],[-77.06472406946929,38.805054954281765],[-77.06472841122331,38.805053469466216],[-77.06485875029021,38.80501070267038],[-77.06494146095234,38.80498468844423],[-77.0649763576249,38.804973713699255],[-77.06498989014781,38.80496945643219],[-77.06512179939824,38.804929746582076],[-77.06519924361147,38.80490746169321],[-77.06520147060547,38.8049068204198],[-77.06520243413019,38.80490654299674],[-77.06525445038547,38.80489157458108],[-77.06538783016636,38.80485495468373],[-77.06538787419757,38.80485494080686],[-77.06542958035679,38.804844767262914],[-77.0655065952685,38.804825980746436],[-77.06562534061547,38.80479701095311],[-77.06574410205452,38.80476803763353],[-77.0658628587753,38.80473906503796],[-77.06600094396904,38.80470537782766],[-77.06613066323054,38.80468274475788],[-77.06626614341005,38.8046591080107],[-77.06640773040466,38.80462457838187],[-77.06653549180518,38.80460276153517],[-77.06667435928799,38.804587888776915],[-77.06681064675476,38.80456411080835],[-77.06694686484758,38.80454034264646],[-77.06709509648437,38.80452668655204],[-77.0672420643217,38.80450405752025],[-77.06739044486682,38.80449054882777],[-77.06753886690473,38.80447703504921],[-77.0676636396792,38.80446567303415],[-77.06778838816862,38.80445431419418],[-77.06791432597636,38.80445121620023],[-77.06803893631506,38.80443973738277],[-77.06811807794963,38.804438737490834],[-77.06817093080495,38.804438068983366],[-77.06830297597448,38.80443639925212],[-77.06843507120804,38.804424244646015],[-77.06856696876083,38.80442466483867],[-77.06870236611168,38.80443135049229],[-77.06883755654603,38.80442964105145],[-77.06897269396798,38.80442793351112],[-77.06910749605778,38.804435602488006],[-77.06938753521769,38.80444315412475],[-77.06966637722516,38.80445890271722],[-77.06992406632003,38.804473456695526],[-77.07019820841865,38.80449765266034],[-77.07048622762159,38.804513918381495],[-77.07074603447448,38.804528589154025],[-77.07102066992968,38.804544098574496],[-77.07128782748057,38.80455918112511],[-77.07154720681429,38.804573825992726],[-77.07184231708256,38.80459049185659],[-77.07197446915956,38.80459868206192],[-77.07200792730224,38.80460179400334],[-77.07208607331813,38.80460877259913],[-77.07217934511111,38.80461710287779],[-77.07227447088165,38.804625597996306],[-77.07235261462915,38.80463257728727],[-77.07245110002482,38.804641374424065],[-77.0725784888791,38.804652749427795],[-77.07272789518491,38.8046660931697],[-77.07286335503642,38.80467818951807],[-77.07303901783371,38.804693877621375],[-77.07313577362899,38.804699503400286],[-77.07341153964833,38.80471553630699],[-77.07346139485199,38.80471843548912],[-77.07355022834726,38.80471812008776],[-77.07364806378479,38.804720985427956],[-77.07383505446036,38.804727859966334],[-77.07395012105252,38.80479567092417],[-77.07395121136277,38.8047963130451],[-77.0741228437254,38.8045768514513],[-77.07414543992898,38.80457860726336],[-77.0742432134763,38.804586205881186],[-77.09102264143695,38.80588892429096],[-77.09142748188583,38.805920325128135],[-77.09178122149359,38.80594776053725],[-77.09289932500768,38.806034473481816],[-77.09509619879596,38.80649621193239],[-77.09712514905938,38.80692261349838],[-77.09716158331818,38.806930270299596],[-77.09744813358417,38.80699048790064],[-77.09948908732295,38.80741936661444],[-77.10034260156893,38.80748577001261],[-77.1026930998736,38.807599363733466],[-77.10408598886961,38.80738307906876],[-77.10946691093967,38.80651757163256],[-77.10946128413701,38.80651369121671],[-77.10882977419571,38.8060781528916],[-77.10843928811971,38.805945782292646],[-77.10689869104266,38.80456554146974],[-77.1065343864036,38.80429853077071],[-77.10585497963572,38.80329812289713],[-77.10537679108266,38.8033418743224],[-77.10490228951315,38.80338018716232],[-77.10484253828929,38.80338349932553],[-77.10475472626662,38.80338937428286],[-77.10441741143242,38.80341012553323],[-77.10405184836401,38.8034386869895],[-77.10368297016302,38.80346037593376],[-77.1033140936442,38.803477939183054],[-77.10289271714325,38.80349081365759],[-77.10246790211674,38.803499501278544],[-77.10204321360342,38.803502628193804],[-77.10120464669818,38.80349262790034],[-77.10071364487818,38.80347719160692],[-77.10022276687572,38.803454878665086],[-77.09973201508117,38.80342569180585],[-77.09922026196911,38.80338931749105],[-77.09835500866954,38.803310380519555],[-77.09704525056323,38.803168381809364],[-77.09569699522397,38.80301906934405],[-77.09496867885811,38.80293344506108],[-77.09434905094587,38.802860133669135],[-77.09370835988192,38.802779696721394],[-77.09306773289106,38.802697821805474],[-77.0925741057619,38.802637009110676],[-77.09244454164289,38.802621697045424],[-77.09186685157422,38.80255163528088],[-77.09184235155197,38.80254857256297],[-77.09182135164492,38.80254557257668],[-77.09061690726945,38.80240207382615],[-77.09039951387359,38.80237559466212],[-77.0898974477223,38.80231444220313],[-77.0897661537254,38.80229844957577],[-77.08851977313682,38.80214894994839],[-77.08746239314303,38.802022262807704],[-77.08666413902334,38.80192607641924],[-77.08642257433468,38.80189707597708],[-77.08511656876527,38.80174551423218],[-77.0849870054555,38.80173013984191],[-77.08398212509636,38.801613702753535],[-77.0835549373061,38.80156320309638],[-77.0834674980435,38.80155257823558],[-77.0825116184537,38.801438016647595],[-77.08230505419915,38.80141214247851],[-77.08158355201212,38.80133889255778],[-77.08085842199297,38.80127520658975],[-77.08031573212152,38.80120964375273],[-77.08013723113551,38.80118820562036],[-77.07958754127321,38.80112251773255],[-77.07951397834273,38.801113394047114],[-77.07941597786423,38.80110258150531],[-77.07917441511539,38.80107358140425],[-77.07816603513692,38.80095702033547],[-77.07741957402787,38.80086970529321],[-77.07740961715612,38.80086854033848],[-77.07721015460588,38.80084520829184],[-77.07712609092579,38.80083595844356],[-77.07608983592044,38.80071214631021],[-77.07580627204551,38.80067577223014],[-77.07562083532409,38.80064877147647],[-77.0754388967461,38.80061914787884],[-77.07525708242444,38.80058808487635],[-77.07507876869371,38.80055433511335],[-77.07489701852307,38.80051639802752],[-77.07471876732652,38.80047858515707],[-77.07454064085496,38.80043658498031],[-77.07405163901618,38.80032220987873],[-77.07356601137442,38.80020914860103],[-77.07349619831629,38.80019321043421],[-77.0734193224415,38.8001743987727],[-77.07337394758652,38.80016427248399],[-77.07329007252157,38.80014402327933],[-77.07327263481942,38.800139647873976],[-77.07311207106456,38.80009789784878],[-77.07294444659739,38.800051960549354],[-77.07277350626256,38.80000458527977],[-77.07260606895231,38.799954523383555],[-77.07224552274997,38.79985658566883],[-77.07180675210866,38.79973739771168],[-77.071482250251,38.79964283627706],[-77.07140900036806,38.799621336636335],[-77.0710113728546,38.79949839959874],[-77.07036286816583,38.799285900288865],[-77.07018511863411,38.79922471211884],[-77.0699411809141,38.79913933694136],[-77.06952305209643,38.79898871158245],[-77.06942936330694,38.79911252560992],[-77.06945686384277,38.79896458673612],[-77.06877073536089,38.79870214894316],[-77.06833210791582,38.79852383768328],[-77.0680919203554,38.798427525283756],[-77.06726341407166,38.798091962010794],[-77.06601003392929,38.797593338094075],[-77.06533809207392,38.79732696290348],[-77.06384445867413,38.79673615115131],[-77.063524143636,38.796610088634104],[-77.06301970699236,38.79642679956355],[-77.06301551568308,38.796425276951354],[-77.06293889073098,38.7963969013163],[-77.06279851405749,38.79604508931462],[-77.06178938290714,38.79509352507091],[-77.0616508193152,38.79483096389832],[-77.06155619277929,38.79464989981931],[-77.06106944990128,38.79461260339018],[-77.06080987712,38.79459271322209],[-77.05934180748298,38.794481277134295],[-77.05880013968532,38.79410939707708],[-77.05791229752757,38.7934998388839],[-77.0569014160643,38.79281321439842],[-77.05663799302367,38.792674310919836],[-77.05648822797431,38.79259533840246],[-77.05619659982162,38.79244065241962],[-77.05593622303773,38.79230296507663],[-77.05532503098352,38.79198371419351],[-77.05457302688882,38.7916888401294],[-77.05341233449163,38.7911308399572],[-77.05313426948204,38.79099827798712],[-77.05261639026659,38.79075159103389],[-77.05207076173734,38.790490902392605],[-77.05139319657862,38.79015984008369],[-77.05124032039348,38.790083778319136],[-77.05113150698868,38.79004084036996],[-77.05112900719722,38.79003984095542],[-77.05099075613185,38.789969090501515],[-77.05078512922218,38.78986396547214],[-77.04845480411066,38.78895090330575],[-77.04831661546795,38.788896778574305],[-77.04054713117904,38.78585259430755],[-77.04035195056278,38.78907141167656],[-77.04032470399626,38.7902382268234],[-77.03974445131203,38.79030235148486],[-77.0397303882542,38.79030360172483],[-77.03971626295453,38.790306101726685],[-77.03970226300818,38.79030866455304],[-77.03969157565555,38.790312726381224],[-77.039677575707,38.79031528920466],[-77.03966338778721,38.790319227260476],[-77.03964932535075,38.79032316507504],[-77.0396386378991,38.79032847743567],[-77.03962451287929,38.79033385150607],[-77.03961388746048,38.79033922680338],[-77.0395997003638,38.79034453973336],[-77.03958913824115,38.79034991581654],[-77.03957845049776,38.790356601237725],[-77.03956776269744,38.79036328936012],[-77.0395570746518,38.79037010271255],[-77.03954645020204,38.790376788918906],[-77.03953576309503,38.79038491498611],[-77.03952507530484,38.79039160220384],[-77.03951438707895,38.79039972645324],[-77.03950726175671,38.790407852721586],[-77.03949651217037,38.79041735287878],[-77.03948932573391,38.79042554055161],[-77.03948213680316,38.79043503999695],[-77.03947494936162,38.790443163687925],[-77.03946769811083,38.79045272722578],[-77.03946051260885,38.79046222761347],[-77.03945326148516,38.79047172808458],[-77.03944601120632,38.790482602536244],[-77.03944232510213,38.79049222758575],[-77.03943507597043,38.7905031020511],[-77.0394313865236,38.79051266489208],[-77.03942763688767,38.7905236027559],[-77.0394239493051,38.79053460265791],[-77.03942026228799,38.79054410246129],[-77.03941651264867,38.79055504032466],[-77.03941632356266,38.790566039644915],[-77.03941257392164,38.790576977508124],[-77.0394123250822,38.790587914818644],[-77.03941207496081,38.790598915180645],[-77.03941188587399,38.79060991450076],[-77.03945057667744,38.79121585325783],[-77.039454514357,38.791276415547365],[-77.03892713793687,38.79166935466317],[-77.03893151170405,38.79180123010735],[-77.038947377761,38.792301343867244],[-77.03894863898958,38.79234110650549],[-77.03897301094044,38.79320144951131],[-77.03898739319268,38.79370917037557],[-77.03900814525095,38.79441792143539],[-77.03900895779923,38.794548358643794],[-77.03907327593978,38.796910862017086],[-77.0390785276406,38.797167674856674],[-77.03908296518189,38.79729542540897],[-77.0390912154279,38.797578426018276],[-77.03909665382952,38.797656738773455],[-77.03911585058229,38.79824642287276],[-77.03911658616889,38.7982690164674],[-77.03912260325022,38.79845384282403],[-77.03912308431038,38.79846862820759],[-77.03912710786142,38.79859217327478],[-77.03915715906199,38.79951524133782],[-77.03916284702765,38.7997501165084],[-77.03917453497328,38.80004136662377],[-77.03918966146496,38.800504305471804],[-77.03896559950253,38.80168505683583],[-77.03850386726896,38.80408637274877],[-77.0384122307227,38.80456293716939],[-77.03837685548676,38.80474649981216],[-77.03818185693315,38.8057093773982]]]},"properties":{"OBJECTID":150,"STDYAREA":"BNDRY","ELEM_":80,"MID_":null,"INT_":null,"HIGH_":null,"DISTRICT":null,"MOBILITY":null,"REGION1":null,"REGION2":null,"ELEM_DESC":"Lyles-Crouch","MID_DESC":null,"INT_DESC":null,"HIGH_DESC":null,"TRUSTEE":null,"ADD_SCHL1":null,"ADD_SCHL2":null,"ADD_SCHL3":null,"ADD_SCHL4":null,"ADD_SCHL5":null,"created_user":null,"created_date":null,"last_edited_user":null,"last_edited_date":null,"Creator":null,"Created":null,"Editor":null,"Edited":null,"Shape.STArea()":62511257.26911933,"Shape.STLength()":53679.14918337578}},{"type":"Feature","id":151,"geometry":{"type":"Polygon","coordinates":[[[-77.04853942520607,38.841278046394386],[-77.04860961176452,38.841281671217615],[-77.04868330041658,38.84128529695683],[-77.04873586259545,38.841290109266275],[-77.04875336227816,38.84129167166018],[-77.04882348882813,38.84129667046636],[-77.04889705150724,38.8413044208747],[-77.04896717659256,38.84131217198555],[-77.04897747032112,38.84131351372378],[-77.04897359874344,38.84130625914553],[-77.04897334565432,38.841305785719726],[-77.048960558876,38.841281821784555],[-77.04895008889952,38.84126321021597],[-77.04883461167438,38.8410579826636],[-77.0488176440368,38.84102884871],[-77.0487192388075,38.8408598773969],[-77.0485928001387,38.84064634690249],[-77.04846622881044,38.84043286236161],[-77.0483395133432,38.84021942182991],[-77.0481878573323,38.83996534510833],[-77.04803689942753,38.839711036243756],[-77.0478866116869,38.839456452548376],[-77.04777075268724,38.839263101730545],[-77.04765691011625,38.839069074791595],[-77.04754506399577,38.838874333650125],[-77.0474352219009,38.83867890183052],[-77.04732745733206,38.83848290367873],[-77.04732741283242,38.83848282564601],[-77.04732737849743,38.83848275764954],[-77.04727103750585,38.838373318878645],[-77.04721682960783,38.838263108234365],[-77.04716482368342,38.83815225090389],[-77.04711503274186,38.83804078669314],[-77.04707221107489,38.83793832636508],[-77.04703174923779,38.83783527177126],[-77.0469936636578,38.83773166456147],[-77.0469579651129,38.83762754090962],[-77.04692466282502,38.837522900031125],[-77.04689697578115,38.83743206189218],[-77.04687111515267,38.83734091390493],[-77.046847087861,38.83724945525521],[-77.04682489669807,38.83715771841329],[-77.04680454361412,38.8370657205224],[-77.04678603971756,38.83697348154214],[-77.04676938107265,38.836881024849475],[-77.0467531547606,38.83678035771008],[-77.04673893532768,38.83667951179945],[-77.046726721322,38.83657850151585],[-77.04671652140144,38.8364773539957],[-77.04670833614395,38.836376097176434],[-77.04670216830316,38.836274765328874],[-77.0466983699269,38.83616922563352],[-77.04669658143791,38.83606364054861],[-77.0466968090444,38.8359580443875],[-77.04669904418374,38.83585246137005],[-77.04670329087008,38.835746920376444],[-77.04670954761477,38.8356414376052],[-77.04671781848684,38.83553603923434],[-77.04672809099175,38.8354307160992],[-77.04675982200823,38.835127256018055],[-77.04679385232217,38.83482394871149],[-77.04681787248315,38.834623530707916],[-77.04683018672993,38.834520783425766],[-77.04687155573974,38.83417521848259],[-77.04691209623802,38.83382959188901],[-77.04695181132675,38.83348392170328],[-77.0469725327557,38.83330923096542],[-77.04699122007537,38.83313435916923],[-77.04700786750934,38.83295936480596],[-77.04702248099444,38.83278423984122],[-77.04702350258295,38.83276830830019],[-77.04702859170206,38.83268884046272],[-77.0472831647299,38.83270020951376],[-77.04781297074807,38.8327238692061],[-77.04781016896078,38.832669958375995],[-77.04854957932542,38.83261004450406],[-77.04984396755698,38.83250308619315],[-77.05091172121081,38.832415178071415],[-77.05116797173744,38.83239407913014],[-77.05116997420386,38.832393938976445],[-77.05116904515155,38.83238689286011],[-77.05116895986318,38.832386267446246],[-77.0511151579135,38.83191121591196],[-77.05110533826667,38.831824513913155],[-77.05109670924358,38.83174833533732],[-77.05108754826107,38.83162716916545],[-77.05121320485917,38.83161473494959],[-77.05118898717684,38.83142293281342],[-77.05115056329609,38.83111859459982],[-77.0510958827789,38.83070060479651],[-77.05099139956906,38.83023514948969],[-77.05078767726914,38.82873330969696],[-77.05081968239274,38.82858579250467],[-77.05077285300212,38.82822315385795],[-77.0507482090564,38.828032327324266],[-77.0506845967909,38.82753785722376],[-77.05064741267272,38.8272479139674],[-77.05050757620944,38.826354044012504],[-77.05047585631074,38.826151277853555],[-77.05046467166436,38.82607978044176],[-77.05041567864882,38.82553117731321],[-77.05031005089047,38.82473860744893],[-77.05027096996555,38.824053693897774],[-77.0502599657045,38.823860848028446],[-77.05020147540097,38.82283574041708],[-77.05016066458248,38.82253922439754],[-77.05012782813154,38.8223617727122],[-77.04998622650976,38.82182560737774],[-77.04996977224673,38.82174267644899],[-77.04996672065724,38.821669365772415],[-77.0499747205955,38.82159737281516],[-77.04998766339284,38.82152179566716],[-77.04998836198443,38.8215177130574],[-77.04998899255487,38.82151403323551],[-77.0500026203332,38.821462594860854],[-77.0500321973034,38.821394413786564],[-77.05006871173617,38.82133183498273],[-77.05010135861721,38.82128614635728],[-77.05013889850123,38.82124761140929],[-77.05014932064695,38.821240340630084],[-77.0501838461382,38.8212162567006],[-77.0502290981026,38.82119475498901],[-77.05027258142937,38.82118298966658],[-77.05030150622548,38.821175163637086],[-77.05031584870315,38.821174281306476],[-77.05055937327259,38.8211592993662],[-77.05068651250558,38.821151477297605],[-77.05068804238398,38.821149458230565],[-77.05092182216534,38.82113157572931],[-77.0517048903656,38.821065346896354],[-77.05281073907726,38.82099717222978],[-77.05274722821962,38.82048207459016],[-77.0551280738256,38.82028421685614],[-77.05514700976792,38.82040269505375],[-77.05516349588142,38.82050584665373],[-77.05526049985016,38.82049619083641],[-77.05532041817874,38.82049022725144],[-77.05536586091995,38.820485704437935],[-77.05547706459177,38.820474635777245],[-77.0555007008535,38.820451310000664],[-77.05549163418006,38.820392430852316],[-77.05552742106204,38.82038820264733],[-77.05551893275127,38.82033108658266],[-77.05551152764788,38.82028126807759],[-77.05557310960387,38.820275550084425],[-77.05561409232112,38.82027174439344],[-77.05562582095155,38.820270655357255],[-77.05563619961681,38.82026969115294],[-77.05568799481787,38.82026488152309],[-77.05579710163553,38.82025474987519],[-77.05587768476127,38.82024726546366],[-77.05598497308551,38.820237303164646],[-77.0560163063369,38.82023439306039],[-77.0560156255745,38.82022976007785],[-77.05601215601594,38.82020614207634],[-77.05601043097118,38.8201943931088],[-77.05604086240287,38.82019171425734],[-77.0561845593174,38.82017906718583],[-77.05619335708046,38.82023611132546],[-77.05623585575998,38.820231883503865],[-77.05627862422364,38.82022775538853],[-77.0563670667956,38.82021955648242],[-77.05654161768626,38.82020337571689],[-77.05670624912388,38.820188114187076],[-77.05671564004203,38.820187244050906],[-77.05678106267257,38.82059698429975],[-77.05678176438633,38.82060137968226],[-77.05679133210299,38.82066139827909],[-77.05730203255956,38.820614272509296],[-77.05753969400898,38.82059234055852],[-77.05762874764756,38.820584122082586],[-77.05762961533854,38.82058404085093],[-77.05763108071608,38.82058390389931],[-77.05818387551344,38.82053226980415],[-77.05819193851454,38.82053151747514],[-77.05819119329394,38.82052773601891],[-77.0581897084291,38.82052018218448],[-77.05817505417129,38.820445631872055],[-77.05816669980645,38.8204031347691],[-77.05811472756406,38.820138752300366],[-77.05811432075377,38.820136987735765],[-77.0581140340129,38.820135208429384],[-77.05811386377879,38.82013341974318],[-77.0581138157179,38.820131626251616],[-77.05811388509812,38.82012983420311],[-77.05811407647066,38.82012804635655],[-77.05811438738814,38.820126269889506],[-77.05811481547539,38.82012450837658],[-77.05811536179337,38.82012276633558],[-77.05811602393084,38.82012104914262],[-77.05811679834312,38.820119361258925],[-77.0581176860912,38.82011770720229],[-77.05811868359432,38.820116093235434],[-77.0581197873622,38.82011452111731],[-77.05812099498357,38.8201129962241],[-77.05812230176234,38.82011152300278],[-77.05812370645687,38.820110105942945],[-77.05812520325581,38.82010874767603],[-77.0581267909175,38.82010745269152],[-77.05812846015841,38.82010622447915],[-77.05813021092438,38.82010506574113],[-77.05813203621666,38.820103980896285],[-77.05813393252681,38.82010297260431],[-77.05813589175904,38.82010204256763],[-77.05813791153825,38.82010119436094],[-77.0581399872046,38.82010043062973],[-77.05814210837764,38.820099752147506],[-77.05814427270025,38.82009916158807],[-77.0581479391675,38.82009838046515],[-77.05829292864412,38.82008356098377],[-77.05830513599714,38.82008231448966],[-77.05838755250404,38.820073891368374],[-77.05844931757892,38.820067577687915],[-77.05850563211695,38.820061822279385],[-77.0585081340451,38.82006156741227],[-77.05851196774199,38.82006117574316],[-77.05856930476294,38.82005531483997],[-77.05862410170701,38.82004971551753],[-77.05865920858511,38.82004612579524],[-77.05867054464339,38.820044967665766],[-77.05874876730759,38.82003697298612],[-77.05880677245842,38.82003104449356],[-77.05885694747104,38.82002591715572],[-77.05886832509925,38.82002475321102],[-77.05887161294143,38.82002441699208],[-77.05892812705261,38.82001864130878],[-77.05893511703981,38.820017926204955],[-77.0589925647593,38.82001205474284],[-77.05902226174975,38.820009120140284],[-77.0591215528355,38.81999900451769],[-77.05912023689734,38.819991120317056],[-77.05915311538,38.81998499842846],[-77.05917315031225,38.819983247925265],[-77.05918847702388,38.81998190990506],[-77.05930273352229,38.81997192923774],[-77.05944230182186,38.819959739240005],[-77.05958081678587,38.81994763975624],[-77.05972157905444,38.81993534515808],[-77.05986009392439,38.8199232453446],[-77.06000064614878,38.819910967655865],[-77.0601407414576,38.819898730141304],[-77.06027798827371,38.81988674131065],[-77.06028355170756,38.819886294226144],[-77.06036989829802,38.81987936757529],[-77.06045709155539,38.8198723728651],[-77.0606597981427,38.819854553815055],[-77.06069239926181,38.8198516877501],[-77.06072831725506,38.8198485299083],[-77.06073640695543,38.81984781917707],[-77.06090512558542,38.81983298661673],[-77.06104715688296,38.8198205005799],[-77.06118310469363,38.819808549722396],[-77.06132446906241,38.81979612184379],[-77.06149927433651,38.81978075311284],[-77.06152370724789,38.819778604747526],[-77.0616710880048,38.819765647469545],[-77.06173251216379,38.81976103069307],[-77.06178847499739,38.81975682355094],[-77.06192001698949,38.81974564311542],[-77.06206154699306,38.81973361460375],[-77.06205869284862,38.819719827453866],[-77.06205738329633,38.81971350652437],[-77.06205665342915,38.81970998385652],[-77.06282821278633,38.81964614922082],[-77.06287480887546,38.819642294433194],[-77.0629577504609,38.81963543139468],[-77.0629600367746,38.8196518774915],[-77.06301961332856,38.82008047494493],[-77.06302684526332,38.82007992563359],[-77.06303383267215,38.820079394950206],[-77.06342805046624,38.82004943881381],[-77.06407782132155,38.82000006073576],[-77.06401867281825,38.819594725464896],[-77.06401623585336,38.819578026181446],[-77.06401481287318,38.819568269448986],[-77.0641007546131,38.81956104590061],[-77.064397728112,38.819536085159754],[-77.06462553693216,38.81951737713699],[-77.06479846009243,38.819502986850026],[-77.06496990659845,38.81948871969971],[-77.06497250791529,38.81948850284988],[-77.06514609882389,38.81947405805282],[-77.0653222540975,38.81945939749235],[-77.06549507198764,38.8194450157064],[-77.06564415391856,38.819432608518014],[-77.06572562595252,38.81942554717617],[-77.06573153208736,38.81946738760859],[-77.06573678627676,38.81950167998511],[-77.0657369380789,38.81950272874949],[-77.06590982956965,38.81948812201372],[-77.06592453331942,38.819594322406985],[-77.0659436997846,38.81973276122125],[-77.06595835729028,38.81983862948673],[-77.06635991342715,38.81980415384399],[-77.06636673896814,38.81983895730524],[-77.06607659395621,38.817819367197316],[-77.0658914805562,38.81773693069453],[-77.06318538851625,38.81653177146569],[-77.06252779573924,38.81628667838432],[-77.0625078890805,38.81627925749156],[-77.06247769700289,38.816268004052205],[-77.0624401526587,38.81625401081572],[-77.06085800531112,38.81566431078665],[-77.05646415898347,38.81378753269543],[-77.05637470991485,38.81374932262853],[-77.05636856729828,38.813747268547814],[-77.05636773456156,38.813746989816536],[-77.05622473984647,38.81369917068202],[-77.055931424484,38.81360108210874],[-77.05554277046814,38.81344290010533],[-77.05531709420025,38.813341474840165],[-77.05507258169324,38.813214849832924],[-77.05474515336886,38.81304182084762],[-77.05473446203463,38.81303617078689],[-77.05466193904309,38.81300271681571],[-77.0546082454172,38.8129779475459],[-77.05438113066953,38.81288290401653],[-77.05434463917389,38.812945888998236],[-77.05369579458176,38.81406580366904],[-77.05361813236011,38.814199846645685],[-77.05352137744549,38.81436684455404],[-77.053148558103,38.815010313453854],[-77.0531435701712,38.81501805063071],[-77.05285420970667,38.81546685623068],[-77.05277602289252,38.81557688887619],[-77.0525644317401,38.815874658815744],[-77.05233493360039,38.81619762613829],[-77.05213563324041,38.816478094512924],[-77.05192537814638,38.81676593863096],[-77.05188200404581,38.816825318761595],[-77.05188143794523,38.81682609380547],[-77.05183556018952,38.816805633549926],[-77.05178452582338,38.81678287435554],[-77.05171323482907,38.81675108077619],[-77.05160082284618,38.81673626442444],[-77.05147852640212,38.81672088717215],[-77.0513312940206,38.816702374718254],[-77.05123045422036,38.816676053312555],[-77.05135375592302,38.816133657083974],[-77.04920081577221,38.81584754882535],[-77.049408218411,38.81472645948911],[-77.04940957967288,38.81471910017753],[-77.04940964941119,38.81471872624129],[-77.04940926461893,38.81471867733708],[-77.04939118300025,38.81471637077312],[-77.0492751583245,38.81470157144378],[-77.04835143873937,38.81458374700907],[-77.04834999357249,38.8145701273666],[-77.04858337382679,38.81344298436326],[-77.04883462589031,38.81229958501691],[-77.0490661828367,38.811172575763024],[-77.05014518394769,38.81130948016309],[-77.05123399931433,38.81144761746829],[-77.05131292927643,38.811457631405894],[-77.05134578125475,38.8114617994465],[-77.05340124192173,38.811722548756926],[-77.05345674333995,38.8116901408852],[-77.0534568190781,38.8116900967711],[-77.05357772966997,38.81170881196327],[-77.053693201154,38.81172440573403],[-77.0537458316671,38.81173151257873],[-77.05377501039202,38.81173528598529],[-77.05381272796207,38.81175122936165],[-77.05391402413939,38.811794048109086],[-77.0539540447981,38.811810965831],[-77.05395995455142,38.81181216306404],[-77.05395927660443,38.8118131772953],[-77.05407627414345,38.811862573603904],[-77.05410373939262,38.811874243426594],[-77.05412409380702,38.81184542126596],[-77.05414553636773,38.81181505655761],[-77.05415502724924,38.811801617708674],[-77.05417489093452,38.81177348863496],[-77.05418638622729,38.81175732386052],[-77.05418806179986,38.81175474524592],[-77.05418817824875,38.81175456648941],[-77.05420336351237,38.811760973828925],[-77.05451370887293,38.81189193551166],[-77.05453810422435,38.811902231289515],[-77.05452497520521,38.811921816726354],[-77.05452212362715,38.81192606925148],[-77.05449082720673,38.811972754197136],[-77.05467297578413,38.812050939916574],[-77.05473367988742,38.81207699650449],[-77.05474603627923,38.812082299488274],[-77.05477911867396,38.812096499759015],[-77.05477992928687,38.81209541598172],[-77.05484693874256,38.81200578435031],[-77.05485596677768,38.811993710101824],[-77.05493722988061,38.81188501403787],[-77.05513469927442,38.81165373585799],[-77.05516085961672,38.81178734387097],[-77.05518346733488,38.81190281779908],[-77.05518355771001,38.81190341985065],[-77.05519896630358,38.81200835040762],[-77.05519948123201,38.81200765400187],[-77.05529081498631,38.81188408257378],[-77.05546256271498,38.81165171140052],[-77.05548076276563,38.81162708797605],[-77.05550727506079,38.811591217526846],[-77.0555325408831,38.81155640206305],[-77.05553889376822,38.81154764729017],[-77.05554524665177,38.81153889251696],[-77.05562173089346,38.811433497722845],[-77.05574574627786,38.81126260275782],[-77.05578843471334,38.81120377946545],[-77.05580928155577,38.81117504957213],[-77.05588371469125,38.811072491702184],[-77.05596457736686,38.81097126795438],[-77.05598786329395,38.81094212207589],[-77.05601177415993,38.81091219014081],[-77.05602340355965,38.81089763234687],[-77.05619857264149,38.81067836159009],[-77.05621165447494,38.810662750412874],[-77.05623196622746,38.81063851144026],[-77.05641773278359,38.81041682286147],[-77.0566426916099,38.810158313810135],[-77.05683566114655,38.80994467855644],[-77.05685021991302,38.80992856021792],[-77.05687338178363,38.80990291736446],[-77.05696337121935,38.809806890202694],[-77.0569901865476,38.80977827585687],[-77.0570956272684,38.809665760109816],[-77.05710973268081,38.80965070830343],[-77.05717987412454,38.809580138493324],[-77.0574460265715,38.80931235641587],[-77.05755647151906,38.809206314806964],[-77.0575919044808,38.80917229421814],[-77.05766076842578,38.80910617446524],[-77.05768074425595,38.809087664809304],[-77.05769652784548,38.8090730371934],[-77.05771189952341,38.80905879462621],[-77.05771993327639,38.80905134967037],[-77.05788007391699,38.80890295561409],[-77.0580297785354,38.80876904480683],[-77.05810439976423,38.80870312169296],[-77.05818569104194,38.808631308055816],[-77.05831872663549,38.8085171410344],[-77.05833211290694,38.808505652543104],[-77.05830652235872,38.80848660896755],[-77.05849113923212,38.808330841406594],[-77.05852316171561,38.80830382412505],[-77.05867291408245,38.80818175618445],[-77.05877340904962,38.808103257814416],[-77.05900830615013,38.807978436953746],[-77.05950449456999,38.80764707401575],[-77.05973385230995,38.80749390264706],[-77.05999090171888,38.807322238019474],[-77.06070357799204,38.80684629173707],[-77.05463255004443,38.80606149568374],[-77.05364200420486,38.80593341718373],[-77.05346420464579,38.80591042636734],[-77.05137270681027,38.80563996170648],[-77.05136948542909,38.805639545327345],[-77.05028478286488,38.805499260493356],[-77.0470347155044,38.80507886401921],[-77.04681225130793,38.80611660839764],[-77.04672231358472,38.80619625636178],[-77.04669132620954,38.80634004410603],[-77.04648171334554,38.80733291960069],[-77.04644047437372,38.8075292368318],[-77.04641180559057,38.80766570857591],[-77.04624105337587,38.80847232752888],[-77.04599684678402,38.80961306386782],[-77.04575282813262,38.810744191293416],[-77.04352288452247,38.8104570199211],[-77.04240960421204,38.810316872374024],[-77.04228710794698,38.81030135674245],[-77.04132785391559,38.81017985234741],[-77.04030343478762,38.81004745297963],[-77.03942352108002,38.80993372318187],[-77.03764130854275,38.80969324489773],[-77.03762817619202,38.809805195849634],[-77.03761677054824,38.8099364569859],[-77.0376161223177,38.80994391877027],[-77.03746311926373,38.81170482352731],[-77.03743161845972,38.81187607368195],[-77.03739199442396,38.812096636620375],[-77.03743405767771,38.81209857368678],[-77.0376407449629,38.812120386432866],[-77.03763299600585,38.81215319922018],[-77.03765399514856,38.8121575738372],[-77.03764424641369,38.81229063675882],[-77.03764324785148,38.81234007440883],[-77.03763849674733,38.81240182375604],[-77.0376328713727,38.812504700041934],[-77.03762156069233,38.81271463771959],[-77.03758655852765,38.812711449911184],[-77.03757074773414,38.812973512383955],[-77.037562872354,38.8130132627796],[-77.0375626224379,38.813026949751155],[-77.03756762377324,38.81312313911199],[-77.03758481105037,38.81331557584386],[-77.03758562351177,38.81344601342886],[-77.03757606192151,38.8135708889166],[-77.03758187552623,38.81380301349278],[-77.0374810009681,38.814103764148705],[-77.03742881422103,38.814255576736564],[-77.03729606382716,38.814566953109036],[-77.03727643784296,38.81466695281645],[-77.03732156345319,38.81469501536767],[-77.0374094391213,38.81485676543729],[-77.0374453149772,38.814993078250986],[-77.03762231561136,38.81509282775465],[-77.03773312776721,38.81516701536847],[-77.03784744384829,38.815243890854575],[-77.03803707000736,38.81540832826452],[-77.03808719469284,38.81553520334871],[-77.03815250759541,38.81560201598242],[-77.038313696287,38.81595957960408],[-77.03838913401388,38.816047079013146],[-77.0384208858934,38.816212204117015],[-77.03843132164322,38.81621645419773],[-77.03843326098342,38.81629476720111],[-77.0384321349725,38.8163496423087],[-77.03844163520517,38.81640195501293],[-77.03845463591409,38.81645151654364],[-77.03847094923921,38.81651214166843],[-77.03850051241339,38.81661139197094],[-77.0384976372773,38.81675414195155],[-77.03851536624141,38.81688956790003],[-77.03851888774496,38.81691645493565],[-77.03851763799202,38.81697820551414],[-77.03850613695703,38.817024767973756],[-77.03848107566094,38.81704914298916],[-77.03848738704399,38.81708358057542],[-77.0385113247085,38.81711407978533],[-77.03852788741172,38.8171637054859],[-77.03854413775053,38.817228455294135],[-77.03857395164525,38.817316706169265],[-77.03860695108162,38.817418705700206],[-77.03863332637262,38.81750276841529],[-77.03869807729296,38.81759833049109],[-77.03873089071115,38.817708581343624],[-77.03877039084813,38.81784089434495],[-77.03880995351219,38.81796351919547],[-77.03881976565465,38.81799939413172],[-77.03881801649203,38.81808445618826],[-77.03882257929986,38.81820676950039],[-77.03880770427051,38.81824776978629],[-77.0387863290038,38.818262582041925],[-77.03877864280138,38.81829683176952],[-77.03878764122639,38.81837383164152],[-77.03879564215116,38.81849889424195],[-77.03880939263418,38.8185127690579],[-77.03883026713405,38.818521270074136],[-77.03886870491722,38.818530020426635],[-77.03889989332028,38.81854826939838],[-77.03892376762181,38.81858151924406],[-77.03893351946502,38.818620081873476],[-77.03893289294815,38.818648894836144],[-77.03894308104798,38.81866958157153],[-77.03894620558393,38.818687519821474],[-77.03894564389807,38.81871495782725],[-77.0389345179359,38.81874370762399],[-77.03891676860273,38.81875577027928],[-77.03890251909164,38.81876245724659],[-77.03889514312861,38.818780270149226],[-77.03889489344633,38.81879395710537],[-77.03891220612388,38.81880658338894],[-77.03893626873109,38.81882877090191],[-77.03897464385511,38.81884027016213],[-77.03911070589663,38.81888458230077],[-77.03909220703395,38.81892958280164],[-77.0390224565584,38.81890952033334],[-77.03901508257273,38.818924519573976],[-77.03899370677952,38.81894070852509],[-77.03892995758319,38.8189674579484],[-77.03889814331177,38.81897939501813],[-77.03884820610251,38.81901858293564],[-77.03883358109873,38.81904445743723],[-77.03882608193187,38.819071832475274],[-77.03882176931099,38.81910883339254],[-77.0388141434803,38.8191403954083],[-77.03879595776517,38.81917033303371],[-77.0387987687024,38.81920464500372],[-77.03880464509481,38.819258270252746],[-77.03882133228397,38.81930520806767],[-77.03883095761334,38.819347896413774],[-77.03885833158692,38.81938258362646],[-77.03888233151284,38.81941170954659],[-77.03888545736714,38.81942958384322],[-77.0388882066315,38.819466646567435],[-77.03890176987576,38.81948877181438],[-77.03892583345453,38.81951658311755],[-77.0389707086193,38.8195528342531],[-77.03902252104845,38.81959470903654],[-77.03911608401474,38.819656209326865],[-77.03916808467095,38.81968708388349],[-77.03921627263587,38.81973577154855],[-77.03926446029803,38.81978164639691],[-77.03929533546027,38.81981645907242],[-77.03931939787402,38.819841396218195],[-77.03934021080532,38.81985402185696],[-77.0393750235146,38.81986539644481],[-77.03940308563396,38.819869896470905],[-77.03943108505867,38.81987164688631],[-77.0394627111002,38.81987339648728],[-77.03952208587492,38.819885146130346],[-77.03955346121255,38.819895146264585],[-77.0396058369175,38.8199095215366],[-77.03965483724002,38.81991839677186],[-77.03969346123866,38.81991752151915],[-77.03971458636043,38.819910834431965],[-77.03972896204989,38.81989727012047],[-77.03981490071905,38.819989020124915],[-77.03986958855556,38.82006108266796],[-77.0398939005982,38.82007239670661],[-77.0398994024103,38.82014658428962],[-77.03996371282817,38.82026270894919],[-77.03992108884371,38.82046127139038],[-77.03993490155152,38.820472398011994],[-77.03995527872719,38.820508396173],[-77.03997508922906,38.82057039793684],[-77.03997427854507,38.82061027145879],[-77.03995884052014,38.820677271013004],[-77.03994340333833,38.820744397610085],[-77.03990665255901,38.82082633472634],[-77.03989171562169,38.820871459839864],[-77.03986977802089,38.82091514730268],[-77.03981584035436,38.82097902254616],[-77.0397548406907,38.821042772943294],[-77.0397194035801,38.8210601474844],[-77.03963746472523,38.821116772837634],[-77.03956871534459,38.82121896156252],[-77.03949683946912,38.82130039831012],[-77.03949277799309,38.821327835984825],[-77.03946402701544,38.82136046129665],[-77.0394527152562,38.82140014824576],[-77.03944096611869,38.821458960689725],[-77.03943984119856,38.82151121125563],[-77.03944640344746,38.82153596116334],[-77.03946015348632,38.821549835878855],[-77.03948427830282,38.82157077349648],[-77.03950490293164,38.82159302348546],[-77.03950809104279,38.8216067730421],[-77.039490152944,38.82162989899875],[-77.03948621580348,38.821647711484204],[-77.03949296463084,38.82166283607477],[-77.03952409092513,38.82168664839099],[-77.03954140257787,38.82169783572071],[-77.03955177864026,38.82170483646794],[-77.03958321659069,38.821712023667956],[-77.03961109175897,38.821726148941835],[-77.03963171742889,38.82174427433473],[-77.03964896711324,38.82175958636268],[-77.03966265440285,38.821776210895955],[-77.03967302951526,38.82178733710601],[-77.03967971651896,38.821801086954686],[-77.03969703009604,38.821813711312146],[-77.03971784138078,38.821826335948735],[-77.0397424042892,38.8218265875654],[-77.03976334179774,38.82183102315737],[-77.03978777946192,38.821839586343295],[-77.03980165559251,38.82184658647567],[-77.03981553046204,38.8218536487568],[-77.03984359214043,38.82185396190928],[-77.03986465612871,38.82185427357124],[-77.03988215519206,38.821857211309066],[-77.0398925309966,38.82186558688353],[-77.03991690570173,38.8218782107763],[-77.03994121772965,38.82188683723543],[-77.03995884413942,38.82188702412032],[-77.03998328166819,38.82189146087678],[-77.0400042815926,38.82189577377075],[-77.04003228182181,38.82189752404182],[-77.04004278215011,38.82190039900315],[-77.04006721935957,38.82190621150049],[-77.04010203140722,38.82192033556813],[-77.04013003216244,38.821924836446165],[-77.04014759397279,38.82192508556594],[-77.04012213473409,38.8219609341686],[-77.04007896915417,38.82202171180605],[-77.03993809438595,38.822216275001196],[-77.0400971582687,38.822336275022536],[-77.03967228182235,38.82268527450743],[-77.04000072140629,38.82293377500162],[-77.04008147114541,38.82310227576911],[-77.03926909415888,38.823521964105076],[-77.0393802199111,38.823583777285606],[-77.04097160133236,38.82335365011712],[-77.04096072661241,38.82337139980648],[-77.04094653855311,38.82337808778785],[-77.04092891418182,38.823383337457464],[-77.0409041642156,38.82338852465095],[-77.04088647617827,38.82339515018536],[-77.0408688514664,38.823401776504554],[-77.04085116382764,38.823405774847195],[-77.04084041284275,38.82341652652718],[-77.04080828728331,38.823443588225764],[-77.04078697573387,38.823455776244785],[-77.04077947575482,38.82347765102168],[-77.04077922671243,38.82348996310972],[-77.04076141259229,38.823504774957335],[-77.04075078944545,38.82350883771023],[-77.04068297508987,38.82356152565963],[-77.04065110003353,38.82357483821935],[-77.04063328846051,38.82359252593512],[-77.04061535176584,38.82360877596625],[-77.04060466215557,38.82361690119683],[-77.04059053694189,38.82362077622781],[-77.04056241322414,38.82362183825285],[-77.04053066226456,38.82363102593933],[-77.0405164123535,38.82364052588877],[-77.04047422486128,38.823644025749616],[-77.0404391000006,38.82364496372644],[-77.04042128824854,38.82365846375888],[-77.04038960027071,38.82366358797259],[-77.04037878677681,38.823674463165524],[-77.0403469729272,38.82368640244506],[-77.04032591260581,38.82368752704803],[-77.04029072410475,38.82368983814898],[-77.04028003611687,38.823700713993254],[-77.04027285002371,38.82370883862924],[-77.04025159953851,38.823715464801566],[-77.04021297334472,38.823717651128135],[-77.04019184933806,38.82372015157771],[-77.04018116216263,38.82372696410575],[-77.04016003682204,38.82373077632691],[-77.04014241095005,38.82373190037758],[-77.04012478610524,38.82373852568376],[-77.04011059922647,38.8237439017862],[-77.04009303700808,38.82374365085955],[-77.04007178558236,38.823754400669614],[-77.04005766060551,38.823756901680035],[-77.04002253610022,38.82376065142515],[-77.0399945349481,38.823754775666366],[-77.03996309845908,38.8237475273447],[-77.03993503604019,38.82374721422094],[-77.03992441075067,38.82375115164008],[-77.03988590991526,38.823747964307564],[-77.03985428561137,38.82374621486515],[-77.0398367855893,38.82374596377313],[-77.03980872200184,38.823745651505575],[-77.03979790967146,38.82375646449446],[-77.03976622273903,38.82376158945478],[-77.03975197281336,38.82377102714644],[-77.0397378480407,38.823777651803],[-77.03971647057847,38.82378983880993],[-77.03969884726177,38.823795027044746],[-77.03968459650557,38.82380308895607],[-77.03967384557653,38.82381671458582],[-77.03966641056233,38.823834526785134],[-77.0396765974187,38.82385515123841],[-77.03967953354825,38.823882713826805],[-77.03966865852301,38.823900402130256],[-77.03966822222343,38.8239195906961],[-77.03966440993648,38.823934714474156],[-77.03966072236953,38.82394421512735],[-77.03964291060328,38.82395640234844],[-77.03962159581216,38.823967090024404],[-77.03960397073072,38.823973778317416],[-77.03959659800996,38.82399152731932],[-77.03957890887207,38.82399677778447],[-77.03955772288592,38.82400333976637],[-77.03953634645906,38.82401552765488],[-77.03952215877992,38.82402490212582],[-77.03950791024275,38.824032964944685],[-77.03949034602984,38.82403552669274],[-77.03946934611199,38.82403390217332],[-77.03944472211799,38.82403627694039],[-77.03943047124868,38.82404434062188],[-77.03941284649039,38.82404965222766],[-77.03938122153019,38.82405059020714],[-77.03935297159352,38.82405852738114],[-77.03933534576899,38.82406377769701],[-77.03931415839509,38.824066215936185],[-77.03927559689102,38.824065777372155],[-77.03925097125234,38.82406959090726],[-77.0392331586919,38.824080340129136],[-77.03921540817286,38.82409115318773],[-77.03919778311624,38.824093590703725],[-77.03916615873153,38.824096027825775],[-77.03914509562195,38.8240985279457],[-77.03912040709591,38.82410090274268],[-77.03909922008366,38.82410615283578],[-77.03908159608913,38.824112840163735],[-77.03906722040473,38.82412771528765],[-77.03905996999254,38.82413865273998],[-77.03905272064372,38.82415083983297],[-77.03903840686887,38.82416165240628],[-77.03902759471865,38.8241752781166],[-77.03902740776915,38.8241862782808],[-77.0390199700357,38.82420540310118],[-77.03901265768381,38.824220403097215],[-77.03900890704453,38.82423271573431],[-77.03899115726647,38.82424071507877],[-77.03898059473703,38.824246090222026],[-77.03896278240589,38.82425546544632],[-77.03895909494848,38.824263653384634],[-77.0389447827938,38.82427721478787],[-77.0389306575659,38.824283966377955],[-77.03891640675788,38.82429196512972],[-77.0389020325087,38.8243096530405],[-77.03889822046773,38.824323340671484],[-77.0388944077405,38.824339778916695],[-77.03889409537764,38.82435490390375],[-77.03889378267938,38.82436721519671],[-77.03887959506837,38.824379465447905],[-77.038875782799,38.824394465770084],[-77.03886834589152,38.82440952817419],[-77.03886453213298,38.82442590333839],[-77.03885371990997,38.824439529031864],[-77.03883596904222,38.824451653823544],[-77.03882509522735,38.824467966303295],[-77.0388142827874,38.82448290378438],[-77.03881396959028,38.82449665389965],[-77.03881722009777,38.82450909154784],[-77.03882753275835,38.82452290369945],[-77.03883790720903,38.824528528719],[-77.0388482838327,38.8245342168317],[-77.03885872028093,38.82454115351427],[-77.03886553300025,38.824549465885056],[-77.03886534635865,38.824559091191304],[-77.0388615953426,38.82457277867944],[-77.03884740868843,38.824576715805286],[-77.03882978290264,38.82458065425317],[-77.03881553155821,38.82459009091424],[-77.03880140882265,38.82459671638623],[-77.03878709675719,38.824608966878536],[-77.0387832818364,38.824625341124225],[-77.03878303231622,38.82463771627008],[-77.03878978318866,38.824648841564716],[-77.03877890682675,38.82466646580212],[-77.03877872098931,38.82467746597901],[-77.03877840826519,38.8246939658213],[-77.03878503318546,38.82471190348786],[-77.03877415850361,38.824726841090886],[-77.03877047148086,38.82473777875006],[-77.03876653307945,38.824759654504525],[-77.03876265879187,38.82477334225618],[-77.03875903350024,38.82478152915995],[-77.03875184586212,38.82478971585101],[-77.03874459496895,38.82479784138982],[-77.03874447152721,38.824807529648524],[-77.03874415729548,38.824821216682835],[-77.03874747115395,38.8248336542199],[-77.03875059637676,38.824850154527205],[-77.03874678360616,38.82486659186482],[-77.03873934687903,38.82488571667873],[-77.03873565867299,38.82489665522277],[-77.03873522066695,38.82491721682155],[-77.03873815891318,38.824944716389865],[-77.03874128378428,38.82496259245433],[-77.03874103360178,38.82497771641161],[-77.0387265966204,38.824996780181834],[-77.0387121578151,38.82501440509883],[-77.03869422033931,38.825034842480385],[-77.03867615802942,38.82505790459513],[-77.03866172080875,38.82507828014825],[-77.03865778397409,38.825097529627044],[-77.0386610953031,38.825111279829],[-77.03866072102822,38.82512503008256],[-77.0386500335252,38.82513721758028],[-77.03864028372246,38.82527028016824],[-77.03863978417127,38.82529227982746],[-77.03863247244256,38.825308654666834],[-77.03862153314287,38.82532778000055],[-77.03861409563916,38.82534965541813],[-77.03861709638828,38.82537159235467],[-77.03862372261864,38.82539365462562],[-77.03863040813577,38.82540884242995],[-77.03863009650755,38.82542534318406],[-77.03862953398506,38.82545134230823],[-77.03862216038327,38.825470530065346],[-77.03862872244387,38.825491218477474],[-77.0386389101564,38.82550777970743],[-77.03863859773465,38.82552290468969],[-77.03864409717804,38.82559846707898],[-77.03865428475935,38.82561509227326],[-77.03865391039419,38.82563427980047],[-77.03865347221026,38.82565490536147],[-77.03864959682087,38.825672718576385],[-77.03864559628968,38.82569871813116],[-77.03863103386473,38.82572603129178],[-77.03861278423018,38.825760155717134],[-77.0386087229549,38.82578478145523],[-77.03860834731186,38.82580403113184],[-77.03860440915969,38.825824531118364],[-77.03860409754196,38.82584103097007],[-77.0386037863763,38.82585609380076],[-77.03861390961985,38.82587684367854],[-77.03860653528922,38.82589459349675],[-77.0385482221236,38.825999593699656],[-77.03854428647297,38.826018781020224],[-77.03854747274715,38.82603528118762],[-77.03855753576507,38.826057406080736],[-77.0385640986726,38.8260794693642],[-77.03856372165679,38.82610003081592],[-77.03855972310919,38.82612196887611],[-77.0385559103592,38.82613834313732],[-77.03854847295955,38.82615890675567],[-77.03854803523205,38.8261780934914],[-77.03855472358127,38.82619603105271],[-77.038543723306,38.82621921983497],[-77.03852591091774,38.82623134381465],[-77.03851509871744,38.82624359371418],[-77.03850422327501,38.82625996920839],[-77.03850041131574,38.82627771833775],[-77.0384802230174,38.82640515684261],[-77.03847972306819,38.826428531351425],[-77.0384723482881,38.82644765691576],[-77.0384508483106,38.826472094285506],[-77.03844322382548,38.82649946950413],[-77.03844278604357,38.82652284478669],[-77.03844228572713,38.82654340740351],[-77.03843822265773,38.826574906510956],[-77.03842709871076,38.82660365715048],[-77.03841959952011,38.826622782062586],[-77.03841578635084,38.82664053207406],[-77.03841547270731,38.82665565793806],[-77.03841747406223,38.82673121999732],[-77.03841691132061,38.8267572821778],[-77.03839547481951,38.826776219084465],[-77.03838072376996,38.82681040686607],[-77.03838372346159,38.826836469269836],[-77.03838678680478,38.82685578339775],[-77.03837228742529,38.82687890785851],[-77.03835441125331,38.826896532261216],[-77.03834703662184,38.826914345124216],[-77.03833934927748,38.82694440800685],[-77.03834247450499,38.82696509506364],[-77.03833522346564,38.82697734515531],[-77.03832434915456,38.82699365757897],[-77.03830997503955,38.827008532628746],[-77.03830272408914,38.827019533092226],[-77.03829897446543,38.827031782647495],[-77.03830528640765,38.827067532854436],[-77.03830484961087,38.82708678356557],[-77.03830797425944,38.82711015816986],[-77.03832522529456,38.827124095517206],[-77.03833891295636,38.82714209503991],[-77.03835260118022,38.82715740791442],[-77.03835935049813,38.82717122076011],[-77.03836960031379,38.827183721264646],[-77.03836916184576,38.82720565770687],[-77.03836509879677,38.82723172043428],[-77.03836472515404,38.82725228282356],[-77.03836428664746,38.82727422106685],[-77.03834985052255,38.82729197030206],[-77.03832841299999,38.82730953412537],[-77.03830703850974,38.8273284708872],[-77.03829941270907,38.82735584697734],[-77.03829909999517,38.82737228374263],[-77.03829528836978,38.827387408379],[-77.03828797586898,38.82740103436356],[-77.03827203708956,38.82749140812001],[-77.03827853797608,38.827517595219255],[-77.038257225458,38.82753240906464],[-77.03824641267033,38.82754603379144],[-77.03822853812646,38.827560909375755],[-77.03820359991778,38.827579844974],[-77.03818903842311,38.82760578412699],[-77.03818872566453,38.827622221791714],[-77.03817410049477,38.82764953410872],[-77.03814547495855,38.82767522148152],[-77.03813441248568,38.82770122133314],[-77.03813741351048,38.82772597106095],[-77.03814053778994,38.82774653377579],[-77.03813660065094,38.82776578412578],[-77.03813972564556,38.82778359622837],[-77.03814972552266,38.82780984674126],[-77.03815635103018,38.82783053415588],[-77.03815960018973,38.827844284489274],[-77.03815910023988,38.827867596824234],[-77.03815522577827,38.82788540912716],[-77.03814791390873,38.82790047123529],[-77.0381474143022,38.827922408714194],[-77.03814710024908,38.827938909428575],[-77.03812916351346,38.82795790880311],[-77.03812860120887,38.827986659436434],[-77.03813166422132,38.82800734661994],[-77.03812066343646,38.82803059661652],[-77.03811328837789,38.82804972305182],[-77.03808816402532,38.828075472044546],[-77.03807022678647,38.82809172168391],[-77.03806284977261,38.82810947233072],[-77.03805191426515,38.8281299103471],[-77.03805503807456,38.82815191008252],[-77.03806860155107,38.82817403536637],[-77.03806828821348,38.82818778456692],[-77.03806091429465,38.82820691011186],[-77.03805003883733,38.828221908899394],[-77.03803578878265,38.828236785460525],[-77.03802491214579,38.82825178513198],[-77.03801760171305,38.82826547238952],[-77.03801703892826,38.828291472394085],[-77.03802016458536,38.82831072243283],[-77.03803016369041,38.82833559808279],[-77.03804035083711,38.828354972129944],[-77.03805047657316,38.82837572207282],[-77.03804660091637,38.82838934761022],[-77.03802891365652,38.828400160380994],[-77.03800728867579,38.828424534845084],[-77.03800697619089,38.828443785296834],[-77.0380136024343,38.82846172210477],[-77.0380133513805,38.828475409914326],[-77.03800260165549,38.82848490992315],[-77.03799878922138,38.82849859751153],[-77.03796516363062,38.82859978578178],[-77.03797866428076,38.8286246600099],[-77.03798179017885,38.82864259735731],[-77.03798141409767,38.82866316061053],[-77.03797041329601,38.82868634752413],[-77.03796297753074,38.82870822381256],[-77.03795191555346,38.82873147302912],[-77.03794791415045,38.8287547228163],[-77.03794428969809,38.828762910602364],[-77.0379472887317,38.82878628634549],[-77.03795047833212,38.828802848726],[-77.03794641552444,38.82882747350846],[-77.03793203977686,38.82884653613689],[-77.0379282273101,38.8288602237218],[-77.03792435273768,38.82887803601291],[-77.03788791533,38.82894347350397],[-77.03788404001966,38.82896403640476],[-77.0378802276699,38.82897766092242],[-77.03785197767455,38.82898691134604],[-77.037844664831,38.8290005985617],[-77.03783372799252,38.82902103563842],[-77.03783678955499,38.82904303640168],[-77.03784691570081,38.82906241060271],[-77.03784985204743,38.829087223492515],[-77.03784597798396,38.82910772424115],[-77.0378420397454,38.82913103697633],[-77.03782410218717,38.82914728657398],[-77.03782041516483,38.82915684843595],[-77.03780604073404,38.8291704116265],[-77.03778466555212,38.829189348284885],[-77.03777028971595,38.8292042241472],[-77.03776291472089,38.829222036063136],[-77.03776241496927,38.82924397443427],[-77.03776922682941,38.82925647358979],[-77.03779310381327,38.82929109843724],[-77.0378032898866,38.829306286642435],[-77.03779947814989,38.82932134999193],[-77.03778503984165,38.82934172451601],[-77.03777404151198,38.82936353748173],[-77.03777372738503,38.829380037288786],[-77.03775241484273,38.82939216168876],[-77.037752103483,38.829407224504585],[-77.03776229130234,38.8294239110252],[-77.03776547844046,38.829441724806316],[-77.03775803984493,38.829460848622325],[-77.03774035298837,38.82946891163654],[-77.03772966566414,38.82947284989271],[-77.0377119770707,38.829483599533326],[-77.03770441513888,38.82950691215775],[-77.03770747829198,38.829531661760086],[-77.03771404209998,38.82955091229752],[-77.03771010458989,38.829575599895264],[-77.03770966546604,38.82959478659808],[-77.03770941574362,38.82960716172717],[-77.03771966694542,38.829619662295656],[-77.03773347801128,38.82962941245284],[-77.0377403539478,38.82963916268781],[-77.03774247972085,38.829707849263144],[-77.0377420418054,38.829731162360865],[-77.03774154230332,38.829751787138086],[-77.03775879120508,38.829767099386295],[-77.03777247843188,38.82978372409445],[-77.0377720404116,38.829807099356444],[-77.0377717301874,38.829822163085886],[-77.03775735341607,38.82983984991834],[-77.03773947983923,38.82985328751416],[-77.03773566721677,38.82987116363501],[-77.03773872953276,38.82989041288493],[-77.03774529267156,38.82991241312896],[-77.03774485430475,38.82993716234439],[-77.03773741793715,38.82995628708632],[-77.03773372969185,38.829965849830096],[-77.0377331056937,38.82999603760775],[-77.03773985436307,38.83000847561047],[-77.03774304202209,38.830023663108115],[-77.03774766715705,38.83014178836368],[-77.03776829255796,38.83016403859868],[-77.03777841743307,38.830184726377254],[-77.0377922933788,38.83019316283792],[-77.03780616734198,38.830200226214764],[-77.0378201665694,38.83020447566215],[-77.03783048078448,38.83021422638343],[-77.03783016910232,38.83023066315067],[-77.03781904325467,38.83025522514839],[-77.03780810491551,38.830275726168296],[-77.03781135573247,38.830292225341125],[-77.03782154334284,38.830306100865194],[-77.03783529359558,38.830319975728145],[-77.03784198100095,38.83033791329822],[-77.03784160628008,38.83035716296606],[-77.03783066910171,38.83037766310124],[-77.03782323087609,38.830395350798504],[-77.03782291790752,38.830411850615974],[-77.03785704410484,38.830460288658685],[-77.0378741067827,38.83048385042302],[-77.03786316820384,38.83050566323653],[-77.03785923139878,38.83052760112409],[-77.03787273224228,38.83055253841836],[-77.03789698060741,38.83056928837891],[-77.03791766945338,38.83058741299435],[-77.03794523208111,38.83061110105481],[-77.03796604423734,38.830625037751105],[-77.03797285727988,38.83063341412782],[-77.03799360689555,38.83064872579997],[-77.03801410751554,38.83067785052942],[-77.03802066919525,38.83070128775897],[-77.0380202954175,38.83072185103098],[-77.03799873215478,38.83074491356462],[-77.03808110869988,38.83083660207582],[-77.03809467038847,38.830858727313924],[-77.03811885821811,38.8308782883555],[-77.03813604662417,38.83089766399932],[-77.03813898396798,38.83092385083945],[-77.03814573486416,38.8309376015349],[-77.03815954658452,38.83095016352718],[-77.03818010864461,38.83097378865206],[-77.03819723419474,38.83099591412198],[-77.03821098302211,38.83101122684427],[-77.03822461001788,38.8310306004582],[-77.0382419850989,38.831040413860606],[-77.03825917185097,38.831057101912215],[-77.03825885978583,38.83107497659731],[-77.0382583602095,38.83109691315949],[-77.03825442280032,38.83111741402374],[-77.0382542969785,38.83112710223882],[-77.03827467170811,38.83115891470219],[-77.03829179723611,38.83118110142116],[-77.03830898403343,38.831197789464895],[-77.03832279653908,38.83120760082731],[-77.03834367213852,38.83121741456613],[-77.03835404786929,38.83122585150766],[-77.03837498546338,38.83123160180035],[-77.03839942356056,38.83123735063757],[-77.03840967279376,38.83124985201299],[-77.03840936123969,38.831266288777805],[-77.03840923543846,38.8312759769927],[-77.03841923637468,38.83130078954115],[-77.03842579777634,38.831321477021135],[-77.03843936060422,38.83134491402049],[-77.03845661105724,38.83136028924007],[-77.03847017342927,38.83138516415549],[-77.03849086197312,38.8314060383754],[-77.03851154934266,38.83142272673553],[-77.03852879820708,38.83143535220644],[-77.03853892451862,38.831456102092076],[-77.03854204988697,38.83147803964701],[-77.03854523628942,38.83149041431467],[-77.03855567428597,38.831498851111476],[-77.03855530005278,38.831512540080155],[-77.03860386271775,38.83154341422908],[-77.03862798824579,38.83156560156954],[-77.03861698673796,38.831590226447545],[-77.03862373733656,38.831605414132376],[-77.03864448755404,38.83161522715447],[-77.03866192458565,38.831626477385974],[-77.03868254987397,38.83164316494071],[-77.03869617549661,38.83166397640241],[-77.0386993004534,38.831687351871764],[-77.03870930061896,38.831710851688854],[-77.03872329936094,38.831713727058975],[-77.03874405078646,38.831727727720455],[-77.03876486342136,38.83174166427142],[-77.0388034254948,38.83174216422327],[-77.03882067610287,38.83175754028861],[-77.03881680103929,38.83177804014128],[-77.038830364189,38.83180022656764],[-77.03884767551632,38.83181278969952],[-77.03885773921569,38.83183622722655],[-77.03887505079521,38.83184747676372],[-77.03889905212398,38.83187385194266],[-77.03890217680201,38.831894414617125],[-77.03891955240425,38.831902915227374],[-77.03895055251877,38.83193347687607],[-77.03897142716865,38.83194335175103],[-77.03898873959363,38.83195597704056],[-77.03899905352999,38.83196428972115],[-77.0390021158114,38.83198497684816],[-77.03900542703458,38.83199597729501],[-77.0390088019628,38.83200560187447],[-77.03901880274556,38.83203185228713],[-77.039039364577,38.83205410238673],[-77.0390601162939,38.83206803992596],[-77.03908786620036,38.832087664917175],[-77.03910511512798,38.83210160209049],[-77.03912930270762,38.83212103947535],[-77.03915349087939,38.832141976953594],[-77.03917067777901,38.83216003972165],[-77.03919811570765,38.83218922714956],[-77.03923274204475,38.832214414606796],[-77.03927424059093,38.832243727474236],[-77.03932299190585,38.832264914781405],[-77.03934374247436,38.83227891441996],[-77.0393610548342,38.83229285234329],[-77.0394095539612,38.832323664987406],[-77.03945461870562,38.832353040190526],[-77.03950661799826,38.83238529013098],[-77.03956905615061,38.832419040303115],[-77.03962118026877,38.832449915084354],[-77.03967668138175,38.83248216527627],[-77.0397006817477,38.83250991512714],[-77.03973530620674,38.832535041141725],[-77.03977343166221,38.832557540273974],[-77.03980493228106,38.832563353258514],[-77.03986430661143,38.83257785227269],[-77.03988887132428,38.83258091481588],[-77.0399169337588,38.8325812270063],[-77.039944744856,38.83259253943237],[-77.0404129976733,38.83287578972392],[-77.04045499832301,38.832883164735286],[-77.04048281077348,38.83289447704731],[-77.04055199729676,38.83294472781243],[-77.04055887278196,38.83295447786032],[-77.04058324766473,38.832962976962335],[-77.04059362389259,38.832971414603136],[-77.04061443684793,38.8329812902116],[-77.04064237436891,38.83298985252263],[-77.04066312448778,38.83300797738827],[-77.04067349885744,38.833014977074036],[-77.04068374918745,38.833026039425604],[-77.04071156185566,38.83304153932465],[-77.04074281154581,38.833058352299545],[-77.04077068830107,38.83307104019877],[-77.04082606219964,38.83311016523945],[-77.04118331347537,38.833323352377064],[-77.04168275414281,38.83362610246083],[-77.04176256771726,38.83367241492018],[-77.04183225600192,38.83369803992841],[-77.04186019266648,38.833706664999035],[-77.04189506917685,38.833716665550256],[-77.04194406779911,38.83372547749319],[-77.04197563101678,38.833725915565736],[-77.04203181783389,38.83372653970008],[-77.0420811314095,38.83372035279729],[-77.04211269416435,38.8337179771451],[-77.04214794481713,38.83371153894072],[-77.0421973190838,38.83370122727079],[-77.04223981933451,38.83368391446828],[-77.04227875671245,38.833667852970194],[-77.04231425819398,38.83365047663578],[-77.04236044413156,38.83362222782896],[-77.04240300859716,38.833600726325535],[-77.04242807058179,38.83357772717959],[-77.04246013274238,38.83355341398038],[-77.0425031333654,38.833508664212694],[-77.04253950802043,38.83344866366834],[-77.04255769603574,38.83341735161017],[-77.04256563201277,38.833370787906496],[-77.04257357111037,38.83332685052419],[-77.04257075666492,38.83329253874421],[-77.04257125804905,38.83326647674115],[-77.04256500833652,38.83322928879699],[-77.04255888141469,38.83318803816925],[-77.04255206967088,38.83317422572753],[-77.04255238190854,38.83316185138516],[-77.0425528183931,38.83313847612393],[-77.04254957008268,38.833126162976484],[-77.04254288211153,38.83310960145554],[-77.0425291944262,38.83309291426586],[-77.04252250649941,38.833076350942186],[-77.04251925611386,38.83306391343604],[-77.0425196314142,38.83304616297729],[-77.04252338102401,38.83303247538528],[-77.0425168821687,38.833009038320604],[-77.04249625678236,38.832986788963716],[-77.04249313115587,38.832966163325004],[-77.04248981767329,38.83295791267285],[-77.04247613027556,38.83293985152309],[-77.04245550599975,38.83291766253605],[-77.04243113015303,38.83290772588916],[-77.0424280057003,38.83288710026264],[-77.0424283800909,38.83286922546004],[-77.04242894257601,38.832843163312276],[-77.0424153806128,38.8328196628449],[-77.042412380598,38.83279347536555],[-77.04240919329156,38.83277566263983],[-77.04240956753047,38.83275910052641],[-77.04239956846708,38.83273428836948],[-77.04239625553824,38.832723288006015],[-77.04238594289404,38.83271216376703],[-77.04238619299122,38.832699787750656],[-77.04236887939442,38.8326886008839],[-77.04235500552468,38.83268160113015],[-77.04234125577923,38.83266491314449],[-77.04233856669813,38.83262647563369],[-77.04231825386557,38.83258503797804],[-77.04229762874188,38.83256828801492],[-77.0422908171071,38.83255447555601],[-77.04229119126192,38.83253797560662],[-77.04229169247408,38.83251328845428],[-77.04227444225106,38.83249660022658],[-77.0422746298764,38.832485600093044],[-77.04225769024185,38.832459288113824],[-77.04225100383896,38.83244135083303],[-77.04224431717027,38.832424788405916],[-77.04224100312797,38.832413788022976],[-77.04223781660437,38.832398662849194],[-77.04223819130897,38.83237941319092],[-77.04222125302363,38.83235178853042],[-77.04221456604586,38.83233110062353],[-77.04221506714184,38.83230772525928],[-77.04221912923998,38.832280349740124],[-77.04222294078262,38.83226803778191],[-77.04221625467584,38.83224872564403],[-77.04220244059279,38.83223753807222],[-77.04219569029063,38.832227912205774],[-77.04219250326543,38.83220997604345],[-77.04219269092086,38.83219897500857],[-77.04219312774771,38.83217978648506],[-77.0421865653421,38.832157786530175],[-77.04216606635076,38.83212728682765],[-77.04214569090266,38.83209541199616],[-77.04214606476803,38.832074786567496],[-77.04214656562722,38.83205153733263],[-77.04214350376762,38.83202953671179],[-77.04214375271604,38.83201716248111],[-77.04214418993625,38.831996536938036],[-77.04214450246077,38.83197728740651],[-77.04213087773739,38.83195791159281],[-77.04211075250906,38.83191241201201],[-77.04210412735563,38.83189441241343],[-77.04208381520053,38.83185709928742],[-77.04205606418121,38.83183891202245],[-77.04204943880907,38.831821037650265],[-77.04202887669467,38.83179603656649],[-77.04199931277438,38.83169678673435],[-77.04199656384957,38.83165966205358],[-77.04199325103212,38.831648661675914],[-77.04199693877833,38.83163909970282],[-77.0419971261701,38.831629474422],[-77.04198006380392,38.83160734941034],[-77.04195912594041,38.83160153669598],[-77.04195581338766,38.83158916236334],[-77.04196306284904,38.83157828690159],[-77.04197375063917,38.83157291124286],[-77.04197400016376,38.83155778730223],[-77.04197068823169,38.83154816179249],[-77.04197112548046,38.83152753714852],[-77.04197137553447,38.83151522329409],[-77.04197856375292,38.83150566156433],[-77.04197887666709,38.83149053570812],[-77.04199325104602,38.831474349336226],[-77.04200762437964,38.831459348606884],[-77.04203262569968,38.83143766147976],[-77.04204687556674,38.831428286579204],[-77.04207137633452,38.83143272453554],[-77.04210656350531,38.831427599158296],[-77.04211025097167,38.83141941113494],[-77.04210700103695,38.83140434913329],[-77.04210393903736,38.83138366209875],[-77.04210437682697,38.831360285942914],[-77.04210818875517,38.83134528734193],[-77.04212962538813,38.83132772373138],[-77.0423241880096,38.83125872357757],[-77.04238793804527,38.831229285629185],[-77.0424020017682,38.831229472916476],[-77.04242300151702,38.83123109868126],[-77.0424404394411,38.831240910432506],[-77.04245425157814,38.83124934914187],[-77.0424716264216,38.83125778614793],[-77.04249618990673,38.831259473277456],[-77.04250675252992,38.83125691150187],[-77.04252106426975,38.83124334877153],[-77.04254250175124,38.831227098690206],[-77.04256719147267,38.83121916156574],[-77.04258831618864,38.83121803553331],[-77.0426050939551,38.831216960025884],[-77.04260587822112,38.83121691030217],[-77.04264450231528,38.831217348500445],[-77.04266568899618,38.83121078595814],[-77.04269381439363,38.83120978558122],[-77.04272550323401,38.8312046607258],[-77.0427571908085,38.83119959801216],[-77.04278525295611,38.831198535562976],[-77.0428133157198,38.8312002237314],[-77.04283781623603,38.83120603458114],[-77.04285869157734,38.831213223023234],[-77.04288675295845,38.83121628511365],[-77.04290762828894,38.83122472317179],[-77.04293200448933,38.83123603639403],[-77.04295306638144,38.8312377222984],[-77.04297388014656,38.83124891109761],[-77.04300162926674,38.83126441057491],[-77.04302925497367,38.83128803603074],[-77.04304656552516,38.831301972484376],[-77.04306037941356,38.83131322392532],[-77.04308100397641,38.83133266040316],[-77.04309812932456,38.83135203541838],[-77.04312256627267,38.83135922297894],[-77.04314687959469,38.831374660848645],[-77.04316731809762,38.83140372350928],[-77.04317744394437,38.83142172325718],[-77.04320181887013,38.83143441036239],[-77.04321544263165,38.8314537860399],[-77.04327031803153,38.83151759803397],[-77.04327363066156,38.831530036295696],[-77.04328363074342,38.83155622415477],[-77.04329363109986,38.8315810362576],[-77.04330381805447,38.8315990358507],[-77.04331050696338,38.83161697220296],[-77.04331338244485,38.831645848369504],[-77.04332700694968,38.831667972855605],[-77.04333031922633,38.83167628473619],[-77.04333675561836,38.831702410337215],[-77.0433363819581,38.831724348461385],[-77.04334994530599,38.831746536152885],[-77.04335988249974,38.83177684869627],[-77.04335944485386,38.831796036310955],[-77.04336256943562,38.831816723181795],[-77.04336913204283,38.83183878613799],[-77.04337238213445,38.83185391116842],[-77.04344175800938,38.83189453587509],[-77.04346256940121,38.83190716067548],[-77.04346213256022,38.831927786223865],[-77.04346132122642,38.83196897322541],[-77.04346063297785,38.83200466052259],[-77.04346669507338,38.832050035778174],[-77.04346957065329,38.83207891103723],[-77.04348975771342,38.83212447330519],[-77.04349600814474,38.83216022509174],[-77.04351232236735,38.83222085010723],[-77.04352588401474,38.83224716052283],[-77.0435355714363,38.83228984996848],[-77.04354213454806,38.83231047319156],[-77.0435418203196,38.832328348743225],[-77.04354150925427,38.83234203669539],[-77.0435411337477,38.83236128634369],[-77.04354069563986,38.832383224565554],[-77.04354757196529,38.832390224731206],[-77.0435576343128,38.8324109121007],[-77.04356782260288,38.83242891168161],[-77.0435813846077,38.83245378777292],[-77.04359494714494,38.83247591235268],[-77.04359450971796,38.832500600296825],[-77.04359294715343,38.83257609984737],[-77.043606697677,38.83259003707768],[-77.04361332233792,38.83260791224515],[-77.04361313339552,38.83262035028561],[-77.04360869810272,38.83266416183796],[-77.04362582341344,38.83268503775466],[-77.04363600956546,38.832702975135405],[-77.04364601098538,38.83272922513515],[-77.04365607316664,38.8327512873486],[-77.04366276005847,38.832769162383556],[-77.04366226058208,38.83279253776573],[-77.04366519732258,38.8328214128715],[-77.04366494759105,38.83283372492424],[-77.04367163590976,38.83284897459352],[-77.04367832255464,38.83286822538196],[-77.04367782310098,38.832891599862904],[-77.04371519782589,38.832953850217876],[-77.04373244888407,38.832967849787764],[-77.04373888633606,38.83299666201581],[-77.04374188684312,38.833022849459994],[-77.04375888727715,38.8330477871105],[-77.0437829492741,38.83307553776661],[-77.043785949237,38.83309891332236],[-77.04378569904601,38.83311397508252],[-77.04377119912094,38.83313578747233],[-77.04375694903118,38.833145224743],[-77.04376007389514,38.83316584943215],[-77.04376676120407,38.83318103781671],[-77.04378763799403,38.8331909136479],[-77.04381557495351,38.83319816249949],[-77.04382957418984,38.833201037259556],[-77.04384319973711,38.83321910018097],[-77.0438429506728,38.833234163756515],[-77.04382157456217,38.833247600250395],[-77.04380032563685,38.833257037178534],[-77.04378951097199,38.83327053713923],[-77.0437955736885,38.83332010000557],[-77.0437882616455,38.833333725413],[-77.04377357629535,38.83336234942216],[-77.04378026197625,38.83338028839956],[-77.04379413781704,38.833390100785294],[-77.04382182419874,38.833408288619616],[-77.04383907562548,38.83342091331846],[-77.0438635759214,38.833426662672935],[-77.04389151281498,38.83343522599682],[-77.04391226320539,38.83345060056415],[-77.04391545118943,38.83346578696678],[-77.04393963932432,38.83348522604193],[-77.04394282499422,38.83350041331582],[-77.04395663807591,38.83351428820832],[-77.04397401351692,38.83352278805272],[-77.04401251363649,38.83352741278511],[-77.0440335138408,38.83353041401545],[-77.04406507687814,38.83353216331469],[-77.04408620246664,38.833529663060204],[-77.04410726444601,38.833528538671445],[-77.04413888875166,38.83352891385411],[-77.04417045179092,38.833530663125046],[-77.04419476540362,38.833543350147],[-77.04421195285981,38.83356010036797],[-77.04421876378969,38.833573913598514],[-77.04423245309698,38.83359185112833],[-77.04424988943171,38.83359485045776],[-77.04426726574461,38.83360603691526],[-77.04429839009983,38.833627038613876],[-77.04431220375187,38.83363816285578],[-77.04432251518077,38.833652038417874],[-77.04433270325383,38.83366722604063],[-77.04433932773067,38.833686601246136],[-77.04434257812855,38.833701725342344],[-77.04436664173073,38.83372260070487],[-77.04439082816677,38.83374622459599],[-77.04440082793253,38.83377109964255],[-77.04443182891082,38.833800351615736],[-77.04443482926017,38.833823663184894],[-77.04444495414221,38.833844413407085],[-77.04444801657574,38.833867787911416],[-77.04445120327667,38.83388435093891],[-77.04445451692723,38.83389391332239],[-77.04447514108588,38.83391478834879],[-77.04448176667593,38.83393547534789],[-77.0444885171106,38.833946538097166],[-77.04450220379242,38.833965975648816],[-77.04450176689413,38.833989288733896],[-77.04451201795307,38.834000350748546],[-77.04453864313005,38.83407210140216],[-77.04453826673017,38.83409135103148],[-77.04453795471383,38.83410503806555],[-77.04455164257257,38.83412447652567],[-77.04457232949788,38.83414260079631],[-77.04458239307088,38.834166038691656],[-77.04460626849252,38.834197913220486],[-77.04462339298686,38.83422147561175],[-77.04462995527305,38.83424216361698],[-77.04462951703957,38.834266851540335],[-77.0446393935142,38.83429997597284],[-77.04464251808483,38.83431778874684],[-77.04464914248227,38.83433853878542],[-77.04465901837808,38.83436885132977],[-77.0446760178526,38.83439653853231],[-77.04468933084753,38.83443510048706],[-77.04470626915113,38.834462851794626],[-77.04472701874793,38.83447953888891],[-77.04472626913898,38.83451385054763],[-77.04472914462298,38.834546852120944],[-77.04472895656461,38.83455641431994],[-77.04472851884276,38.83457835073337],[-77.04473858216187,38.83460322743237],[-77.04475914441977,38.834624101634226],[-77.04477983098786,38.834646288262086],[-77.04477920572786,38.834673727180295],[-77.04477870698354,38.83470128929585],[-77.04478177020553,38.83472054012708],[-77.04480245840027,38.83473997705779],[-77.04481251960893,38.83476478975501],[-77.04481545815608,38.83479235214382],[-77.04482533248195,38.83482672705244],[-77.04482864518576,38.83483497671997],[-77.0448354580755,38.83484472662836],[-77.04483520714821,38.83485841441756],[-77.04484908385727,38.83486547696828],[-77.04485583240799,38.834882039093394],[-77.04486239597315,38.83490272709664],[-77.04485845761063,38.83492466515321],[-77.04486508225268,38.834945352111426],[-77.04487877126864,38.8349605398389],[-77.04487827069461,38.8349853522177],[-77.04488833389715,38.83500597729586],[-77.04489502085318,38.8350253523341],[-77.0448947086824,38.83504041421945],[-77.04489789679802,38.83505691507996],[-77.04490414652636,38.83509547682206],[-77.04490727108929,38.835113351750145],[-77.0449068960241,38.835132540126416],[-77.04490627121595,38.83516416488012],[-77.04490602190721,38.83517510207531],[-77.04491258414394,38.83519716491336],[-77.04495452267733,38.835207352098486],[-77.04494708411991,38.83522778991919],[-77.04496027116454,38.83526922791781],[-77.04497046042769,38.83528710303574],[-77.04498427187545,38.83529966418337],[-77.04498721040173,38.83532853925319],[-77.04498696085163,38.83534085310287],[-77.04498995984338,38.83536566471801],[-77.04499296029498,38.83538904023019],[-77.04500633522105,38.83542354050136],[-77.04500558560906,38.83545916574362],[-77.04501233412556,38.83547579092262],[-77.04501177162203,38.83550047819899],[-77.04501152284973,38.835515539066684],[-77.04501808522161,38.83553629100983],[-77.04501789698315,38.835547228060236],[-77.04502102411328,38.83556372815874],[-77.04501696050477,38.835591164988735],[-77.04502027209598,38.835599415535896],[-77.0450342095715,38.83560922852647],[-77.04503733568241,38.835624415020625],[-77.04504058491135,38.83564091573087],[-77.04504364804639,38.835661540503416],[-77.04504664852777,38.8356849160126],[-77.04504627225563,38.83570416563615],[-77.04504252413882,38.835717853314335],[-77.04503852394025,38.83573835268338],[-77.04503814847563,38.83576029076344],[-77.04503777220083,38.83577954038664],[-77.04505827420816,38.83580585283732],[-77.04506871181368,38.83581147804774],[-77.04508233565,38.83583091563864],[-77.04508896157358,38.83585160349469],[-77.04509208643,38.835868103561594],[-77.04510933615491,38.83588335341498],[-77.04513008602206,38.83590016566202],[-77.04514383641846,38.835914041423166],[-77.045147023515,38.83593054045777],[-77.04512883701784,38.83596191597801],[-77.04511821103537,38.83596729088783],[-77.0451073982795,38.83598091621957],[-77.04509652416166,38.8359972283352],[-77.04508208690336,38.836014916183096],[-77.04506777345561,38.8360297909839],[-77.04504977274117,38.836051541201236],[-77.04502808664138,38.836082915667156],[-77.04502758792839,38.8361048531185],[-77.04503758698387,38.83613104077108],[-77.0450583357546,38.83614910353958],[-77.04506514837001,38.83616160313762],[-77.04507883753408,38.83617685390259],[-77.04508546256987,38.83619616598919],[-77.04509558680458,38.83621691702996],[-77.04510914913506,38.83624041715441],[-77.04511939904748,38.83625422790104],[-77.04511921193614,38.83626391624149],[-77.04512240006973,38.83628172887885],[-77.04512514961776,38.83631885433205],[-77.04512846229886,38.83632716705345],[-77.04513477406586,38.83636154190425],[-77.04514496237383,38.83637816646421],[-77.04514802512507,38.83640154183694],[-77.04514758771528,38.836422104290115],[-77.04514721146633,38.8364413539106],[-77.04514683669007,38.83645916652787],[-77.04515715026368,38.83647029231582],[-77.04517771367254,38.83649529190878],[-77.04519483851449,38.836514666565684],[-77.04522121318706,38.83660016695601],[-77.04521396341049,38.83661247872262],[-77.04521365106923,38.83662891635673],[-77.04521340125177,38.836642666319655],[-77.04522008837841,38.83665641667657],[-77.04523040085827,38.83666754154253],[-77.04523696469462,38.836688229516035],[-77.04523327573877,38.83669916731872],[-77.04522952595653,38.83670872951196],[-77.04522221341644,38.836725104703355],[-77.0452219637262,38.83673879160076],[-77.04522165115259,38.836755354464046],[-77.04523852667877,38.836785729370305],[-77.04524183918282,38.83679541694034],[-77.04524102681275,38.83683516776143],[-77.04524733834074,38.83687098052],[-77.0452569648342,38.836916416909894],[-77.04526315237669,38.83695766718746],[-77.04527584004109,38.83702235435435],[-77.04527877737426,38.83705260514417],[-77.04528533968626,38.83707604280417],[-77.04529196581974,38.83709672884123],[-77.04529502811162,38.83711598053457],[-77.04529815243858,38.83713660514898],[-77.04530808983877,38.837168292326965],[-77.04532521506316,38.837185042486105],[-77.04532471474066,38.83721104321292],[-77.04532427737145,38.83723035513904],[-77.04531690206903,38.83725079285767],[-77.04530265230689,38.837261605173715],[-77.04529534087881,38.837277980381785],[-77.04527758995715,38.83728460491326],[-77.04527027768404,38.83729829256464],[-77.04526652743472,38.83731060536362],[-77.04526633944064,38.83732016755716],[-77.04525902726948,38.837333793043264],[-77.0452623409532,38.837343480625755],[-77.04526921551474,38.83735179334189],[-77.04527952831316,38.8373615433491],[-77.04528277685712,38.83737535559012],[-77.04530334111584,38.8373975423853],[-77.0453137787616,38.83740454242436],[-77.04532740378744,38.83742666843512],[-77.04532665284455,38.837463730665235],[-77.04532221709293,38.83768060638599],[-77.04532521663424,38.83770398006103],[-77.04532834273454,38.83772741837124],[-77.04534552927927,38.837744105315736],[-77.04535584204243,38.83775516800335],[-77.04537659165501,38.83777054406883],[-77.0453940284077,38.83777766868343],[-77.04541471764905,38.83779710549211],[-77.0454179041381,38.83781085569345],[-77.04542127911185,38.83781916917441],[-77.04542071767393,38.83784523130567],[-77.04543777879394,38.83786879365912],[-77.04544102980219,38.83788254375815],[-77.04544077928803,38.8378935439983],[-77.04544040436909,38.83791273146281],[-77.0454259062809,38.83793454406065],[-77.04542190626114,38.83796060592108],[-77.0454249670749,38.83798260639682],[-77.0454350931633,38.83800191859547],[-77.04543478096717,38.83801704353674],[-77.04543078019229,38.838040356578645],[-77.04543034358896,38.83806366874382],[-77.04543334272888,38.83808979392018],[-77.0454364685798,38.838107731900855],[-77.0454360310525,38.838129668298336],[-77.04543215531274,38.83814885652262],[-77.0454171561618,38.83819391921966],[-77.04541684280933,38.83820904414594],[-77.04540934343439,38.838233668861285],[-77.04540203078,38.83825004405791],[-77.0453980306259,38.8382692316398],[-77.0453837800286,38.83828416942062],[-77.04537296868833,38.838294981113044],[-77.04535878028679,38.838301731797216],[-77.04534796850245,38.83831529409262],[-77.04533715501684,38.838331669142406],[-77.04532978012743,38.83834804446415],[-77.04531871777786,38.83837260789607],[-77.0453077806087,38.83839173202093],[-77.04530415535746,38.838399920001216],[-77.0452898426502,38.838414793934206],[-77.04526746820397,38.838476357157134],[-77.04529521839856,38.83849179477326],[-77.04531603085863,38.83850442011165],[-77.04532615561132,38.83852510805593],[-77.04532934474895,38.83854435680826],[-77.04532896851929,38.83856360732035],[-77.04533203090196,38.83858285810522],[-77.04533515687483,38.83860073302134],[-77.04534878122878,38.8386214823554],[-77.04536253103694,38.83863535806767],[-77.04536928110454,38.838651982327086],[-77.04536884259281,38.83867254475575],[-77.04537196950298,38.83869179543767],[-77.04538559470171,38.838713982698586],[-77.04539559332643,38.838738794537264],[-77.04540940694378,38.83874992042369],[-77.04543384433778,38.838757107461824],[-77.04545821867922,38.838769794934194],[-77.04548246840432,38.838783857513626],[-77.04549990687946,38.838789545108504],[-77.04551709464528,38.8388076077908],[-77.04555484527711,38.83885204482121],[-77.04556515749101,38.83886035776901],[-77.04558247042166,38.83887298293734],[-77.04560697061899,38.83887735703976],[-77.04563509528288,38.838877732570545],[-77.04564922048988,38.8388696701828],[-77.0456704703189,38.83886304480122],[-77.0456983450309,38.83887160778555],[-77.04571234606956,38.838877295100836],[-77.04572272093768,38.83888285729965],[-77.0457260336038,38.8388925448512],[-77.04573628269976,38.83890642038759],[-77.0457431584154,38.838916107939205],[-77.04576384617938,38.83893279494839],[-77.04578815927287,38.83894691951263],[-77.04581247163947,38.83895954487661],[-77.04584728381744,38.838973669771015],[-77.04588559661762,38.83898792001109],[-77.04590659694767,38.83899367059221],[-77.04592728426773,38.83901316944081],[-77.04593740946666,38.839032482477805],[-77.04595109655672,38.83905054497065],[-77.0459822844066,38.839067357514644],[-77.04600303435366,38.839084107415914],[-77.04601672272871,38.83910210775066],[-77.04601997255517,38.83911723266738],[-77.04602653558422,38.839137982734805],[-77.0460471600727,38.839162919836234],[-77.04606359768073,38.839216669804124],[-77.0460740363594,38.8392194830521],[-77.04609491031343,38.83923079541802],[-77.04611559785985,38.839250232067904],[-77.0461259100707,38.83925860803078],[-77.04613972381254,38.83926979509358],[-77.04617784895093,38.839293607427685],[-77.04619172355355,38.839306170092335],[-77.04620184879673,38.839326794891946],[-77.04620859855157,38.83933929453023],[-77.04620841170433,38.839348919800095],[-77.0462079724701,38.83936810736232],[-77.04619016135725,38.83938160826287],[-77.04617566102195,38.839403357852],[-77.04617903722131,38.8394117325859],[-77.0461822249933,38.83942679546299],[-77.04619247425369,38.83944067095775],[-77.04620978640803,38.83945323295236],[-77.04622378681654,38.839456171388456],[-77.04624822455072,38.839463357355164],[-77.04624797434714,38.839472982741015],[-77.04624766107848,38.839489420352336],[-77.04625091116354,38.839503170409344],[-77.04627178878974,38.83951442062143],[-77.04629597509654,38.83953254553776],[-77.04630616205941,38.83954648421787],[-77.04630222613852,38.839569733213104],[-77.04629697541958,38.83965341986805],[-77.04630035037204,38.83966310907258],[-77.04632109953879,38.83967979583584],[-77.04633491222211,38.83969098376094],[-77.04635866250084,38.83973104507028],[-77.0463655386531,38.839738045044335],[-77.0463933506943,38.839752170464784],[-77.04640703747668,38.839767358854566],[-77.04641391210684,38.83977710851505],[-77.04640985006877,38.83980448231485],[-77.04640947544509,38.83982235888779],[-77.04641616409593,38.839837482230706],[-77.04644391320265,38.839857108077204],[-77.04646485181009,38.83986148383602],[-77.04648228909717,38.83986992097272],[-77.04650297613784,38.83988660873427],[-77.04650622722825,38.839900483126044],[-77.04650585160115,38.839918296619445],[-77.04648797700138,38.83993310856561],[-77.046473664297,38.83994667085091],[-77.04647322674415,38.839970046060245],[-77.0464624140193,38.83998092180031],[-77.04644835129046,38.83998623354898],[-77.04644435131927,38.840005421158494],[-77.04644422568505,38.840014983217294],[-77.04644391348575,38.84003148390646],[-77.04644366343135,38.84004104622627],[-77.04643278895954,38.84005610882773],[-77.04641516340634,38.84005998357663],[-77.04641153934888,38.840068171602134],[-77.04640422713334,38.840081796249876],[-77.04638678934128,38.840077421492694],[-77.04636222630484,38.840074421635755],[-77.0463411639079,38.84007410852482],[-77.04632697639752,38.84008085933741],[-77.04630922526472,38.840092983441565],[-77.04629153748566,38.840096858302296],[-77.04627410189342,38.84009254572139],[-77.04625316351118,38.84008673381336],[-77.04624622489455,38.84007985919333],[-77.04623228905149,38.84007554670746],[-77.04619060030844,38.84005304619521],[-77.0461421628086,38.840018109107746],[-77.04611791179393,38.84000129605027],[-77.0461004753672,38.839994295890136],[-77.04608672504929,38.83998173385682],[-77.04606216320981,38.8399787339513],[-77.04602378830441,38.83996854630759],[-77.04599566278156,38.839969670951376],[-77.04598503677289,38.83997223406666],[-77.04595659992495,38.83999248387733],[-77.04595628648025,38.840008983650236],[-77.04593516137209,38.84001148336534],[-77.0459035365939,38.84001104743208],[-77.04584728678341,38.840014485027886],[-77.04584291142704,38.84005560977624],[-77.04586916160163,38.840147984453274],[-77.04595035000291,38.84029998456763],[-77.04598116213377,38.840337422464444],[-77.04603210122579,38.84042460982951],[-77.04620997689051,38.8404844218648],[-77.04628847760307,38.841075110052515],[-77.04630441690121,38.841195485536865],[-77.04632891653343,38.84119998560219],[-77.04638847936336,38.8412047361096],[-77.04644454200165,38.84121098567146],[-77.04650066631568,38.84121436012954],[-77.04656029248689,38.841217860811646],[-77.04661641783873,38.84122129829375],[-77.0466760430721,38.84122342315071],[-77.04746910817843,38.84124973478856],[-77.04826561134645,38.841276046645234],[-77.04839554838247,38.841274921996735],[-77.0484692995642,38.841275796234626],[-77.04853942520607,38.841278046394386]]]},"properties":{"OBJECTID":151,"STDYAREA":"BNDRY","ELEM_":90,"MID_":null,"INT_":null,"HIGH_":null,"DISTRICT":null,"MOBILITY":null,"REGION1":null,"REGION2":null,"ELEM_DESC":"Jefferson-Houston","MID_DESC":null,"INT_DESC":null,"HIGH_DESC":null,"TRUSTEE":null,"ADD_SCHL1":null,"ADD_SCHL2":null,"ADD_SCHL3":null,"ADD_SCHL4":null,"ADD_SCHL5":null,"created_user":null,"created_date":null,"last_edited_user":null,"last_edited_date":null,"Creator":null,"Created":null,"Editor":null,"Edited":null,"Shape.STArea()":43183364.348448165,"Shape.STLength()":54492.42067896728}},{"type":"Feature","id":152,"geometry":{"type":"MultiPolygon","coordinates":[[[[-77.07055255294364,38.83481712518326],[-77.0708544756161,38.8349293728943],[-77.0711984044938,38.83508127298472],[-77.07112597233719,38.83519931027817],[-77.0710098112454,38.83527011886525],[-77.07110070304425,38.83539840991171],[-77.07122174731326,38.835569260342446],[-77.07138438092858,38.83579881013846],[-77.07141187086869,38.83573996135093],[-77.0714398661185,38.83568002945883],[-77.07147235393221,38.835610479642924],[-77.0715457454239,38.835453364308734],[-77.07155369345273,38.835436350202045],[-77.07164163394141,38.83524810386776],[-77.07166160627902,38.83520534368923],[-77.0717179545463,38.835084706607816],[-77.07175059105536,38.83501483508011],[-77.0717661910014,38.834981437502606],[-77.0717737491719,38.83496525471779],[-77.07178788726982,38.834934987267346],[-77.07179731750124,38.834914797312486],[-77.07181740150239,38.834871799713376],[-77.07183884600965,38.834825841927184],[-77.07186354017625,38.83477292600093],[-77.07191899377987,38.83465408974286],[-77.07193450041066,38.83462085858333],[-77.07198187912563,38.8345193321977],[-77.07198563795814,38.83451127208494],[-77.07205737718793,38.8343575410039],[-77.07206343663695,38.83434460050339],[-77.07213094813453,38.8341999031186],[-77.07215274485256,38.8341531855519],[-77.07220473755254,38.83404174709382],[-77.07221064079036,38.83404320457175],[-77.07225232690983,38.83405349241555],[-77.07248834249279,38.83411174116289],[-77.0725068337902,38.83410930647026],[-77.07266800284727,38.83408808702339],[-77.07281390850329,38.83406887736291],[-77.07285101713632,38.83406004072016],[-77.07302258159154,38.834019182155394],[-77.0731361086773,38.833992144673005],[-77.07319262623626,38.833978685065986],[-77.07321826299075,38.83397258016902],[-77.07325617939188,38.83396354960454],[-77.07331602811452,38.833948295199285],[-77.07339916425586,38.83392708115314],[-77.07354766092656,38.833889211873284],[-77.07359735173392,38.833876532209075],[-77.07379923329938,38.83382504128384],[-77.0740014121479,38.83377347254089],[-77.07420181702162,38.83372235670174],[-77.074305268552,38.833695970509496],[-77.07439737251745,38.83367284837521],[-77.07457064628274,38.83362934782375],[-77.07460053911946,38.83362184379028],[-77.07476652291561,38.83358017343624],[-77.07480995557998,38.833569269617534],[-77.0749700432067,38.83352908061523],[-77.0750073065334,38.833519734336],[-77.07517444883007,38.83347776394558],[-77.0752053984929,38.83346999329522],[-77.07532303601928,38.83344046113552],[-77.07544287994261,38.83341037362692],[-77.07545471122025,38.83340849820762],[-77.07553234062183,38.83339619919239],[-77.07561949830189,38.833382391355364],[-77.07562267403901,38.83338233259558],[-77.07568013924019,38.833381267757325],[-77.07579075195122,38.833379218941154],[-77.07579874543632,38.83337907178601],[-77.07582877897609,38.83337851547225],[-77.07584850058366,38.83337815025244],[-77.07586173013314,38.833377905360926],[-77.075968753423,38.83337592273677],[-77.07601543075108,38.83337505928793],[-77.07602603882152,38.83337486275526],[-77.07606004317988,38.833374232932805],[-77.0762444986987,38.83337081460587],[-77.07626855639505,38.83337036947836],[-77.07644921849038,38.833367022835745],[-77.07646942174577,38.83336664893868],[-77.0765128334836,38.833365843885915],[-77.07651291528285,38.833365843076194],[-77.07663884430409,38.83336350983769],[-77.07663891243413,38.83336425665028],[-77.07665971986836,38.833363097212235],[-77.07666055883956,38.833363076754814],[-77.07667015399925,38.83336284265308],[-77.07668166911567,38.833362561560925],[-77.07687229998344,38.83335791166407],[-77.07688180294242,38.83335768003081],[-77.07689130359812,38.8333574483688],[-77.07698517149748,38.83335516204696],[-77.0770264815628,38.83335415653727],[-77.07708298875875,38.833352780281956],[-77.07709226123592,38.83335255394581],[-77.0771015348825,38.83335232672214],[-77.07714726804792,38.833351209921936],[-77.07729392201774,38.83334763256582],[-77.07730335353915,38.833347401834345],[-77.07731278507839,38.83334717020138],[-77.07743855356057,38.833344098984654],[-77.07750231080298,38.83334254012151],[-77.07751403920012,38.83334230748134],[-77.07752157659098,38.833342157383655],[-77.07763449553568,38.833339917654975],[-77.07763468709551,38.83333460887927],[-77.07764679204796,38.832998824837716],[-77.07765113821817,38.83288909590319],[-77.07958985072128,38.832838375579115],[-77.07970215025085,38.83247982794216],[-77.07988833050594,38.83188538486243],[-77.0798917037592,38.83188587705624],[-77.07991498005723,38.831727310503794],[-77.0799246347451,38.831594240863],[-77.07993442397509,38.831454308511],[-77.07992363972075,38.8312894114599],[-77.07991182610971,38.83117667864051],[-77.07988363019906,38.8310047056467],[-77.0797285718733,38.83050166512532],[-77.07969641977353,38.83040668979701],[-77.07969991973924,38.830406653772386],[-77.07979282337136,38.8304003317414],[-77.08032020003535,38.83038397899232],[-77.08036177191997,38.83038269079645],[-77.08047517667151,38.83037917311687],[-77.08041019020955,38.83023185567203],[-77.08038007848546,38.83016542027551],[-77.08032283178898,38.83003911825142],[-77.08026364836154,38.829908542081974],[-77.08020471462234,38.82977851397148],[-77.07998305557166,38.8298242806685],[-77.07993814129944,38.82969104258755],[-77.07988522538926,38.82953405141264],[-77.07975847043026,38.829535281602105],[-77.0796317500309,38.829536511172016],[-77.07958990469257,38.82953691556593],[-77.07957348127137,38.8295370753624],[-77.0795703314779,38.82953734536334],[-77.07956835827815,38.8295375854588],[-77.07954733285277,38.82953951757803],[-77.07945295843538,38.82938834904492],[-77.07945138852,38.829386951588],[-77.07944988164294,38.82938551164849],[-77.07944843888455,38.829384032843336],[-77.079447063735,38.829382513412796],[-77.07944575608745,38.82938095876136],[-77.07944452051227,38.82937937074625],[-77.07944335357276,38.82937774842487],[-77.07944226214252,38.82937609368235],[-77.07944124381143,38.829374411895195],[-77.07944030203419,38.82937270310526],[-77.07943943789101,38.829370970929396],[-77.0794386502482,38.82936921445297],[-77.0794379413019,38.829367439108225],[-77.07943731337302,38.8293656440223],[-77.0794367609533,38.82936381651527],[-77.07940610862993,38.829269695307254],[-77.07976456374436,38.829203755281604],[-77.07980618949954,38.82919609912635],[-77.07976560560279,38.82914706389505],[-77.07972780823636,38.829101393184615],[-77.07970883308437,38.829078465002084],[-77.0796369198863,38.82908091825255],[-77.07960441617328,38.82898128069019],[-77.07937407284624,38.82885434878857],[-77.07976378549786,38.828776371171735],[-77.0797308047538,38.82869840292383],[-77.07972947441917,38.82869525872453],[-77.07972814523617,38.82869211453919],[-77.07970825425903,38.828645091969946],[-77.07970548468857,38.82863854458102],[-77.07970202188923,38.828630358983176],[-77.07969190860216,38.82860645149975],[-77.0796571451026,38.82852580114383],[-77.07965379841134,38.828518034990424],[-77.07964525269777,38.828498206156205],[-77.07963911539588,38.828483967135675],[-77.07963660561026,38.82847814545099],[-77.0796303582021,38.82846365012832],[-77.07959420953674,38.828379781907984],[-77.07957994276865,38.82834668399989],[-77.07957687467048,38.828339566296144],[-77.07957859104609,38.828338100502805],[-77.07957900813201,38.82833774427009],[-77.07963033098302,38.82829389815763],[-77.07971534401607,38.82822127168166],[-77.07978369806341,38.828162876761496],[-77.0798164017789,38.82813493765315],[-77.07981899332748,38.82813272384738],[-77.07980763478838,38.82811983253629],[-77.0797849616694,38.82809409909383],[-77.07976374400563,38.82807001758479],[-77.079752652676,38.82806155316776],[-77.07973617967514,38.82804898015323],[-77.07969840796044,38.828020152090055],[-77.07966302360431,38.82799314579984],[-77.07960880283531,38.82795176208667],[-77.07934264462261,38.82774862302343],[-77.07934060112116,38.827747063065466],[-77.07933851378166,38.82774498272835],[-77.07933633312753,38.82774296162528],[-77.07933406376476,38.82774099981188],[-77.07933170905882,38.82773910183371],[-77.07932927129487,38.827737268619366],[-77.07932675268688,38.82773550470043],[-77.07932415784077,38.82773381013259],[-77.07932148672106,38.8277321867174],[-77.07931874733472,38.82773063725455],[-77.07931593851242,38.82772916263089],[-77.07931306824351,38.82772776654693],[-77.07931013534079,38.827726450790166],[-77.07930714556177,38.82772521543031],[-77.07930410232535,38.827724062310644],[-77.07930101021978,38.827722992387685],[-77.07929787151237,38.82772200749076],[-77.0792946907735,38.8277211094771],[-77.07929147260923,38.82772029840244],[-77.07928822160775,38.827719575223284],[-77.07928493773342,38.82771894174115],[-77.07928162904678,38.82771839805357],[-77.07927829666373,38.82771794597595],[-77.07927494751102,38.827717584691186],[-77.07927158390956,38.827717313326545],[-77.07926821039406,38.827717135540524],[-77.07926483041906,38.8277170513751],[-77.07926144866188,38.827717057282996],[-77.0792580708087,38.82771715693698],[-77.07925469921602,38.8277173476626],[-77.07925133616905,38.82771763038856],[-77.07924798972834,38.827718005212404],[-77.0792446599117,38.827718471233375],[-77.07924135479746,38.827719027648456],[-77.07921936216763,38.827604144270126],[-77.07922482227191,38.827602772458356],[-77.0792280447071,38.82760202854608],[-77.07923128471093,38.82760132809207],[-77.07923453879314,38.82760067285593],[-77.07923780929244,38.827600061064096],[-77.07916220514181,38.827429860717906],[-77.07910803578423,38.82730791978901],[-77.07909328002553,38.82727470146667],[-77.07902351069787,38.82711763454139],[-77.07907402921587,38.82697739612959],[-77.07869311818283,38.82689273745553],[-77.0786909159504,38.826891634146925],[-77.07868864396129,38.82689062189035],[-77.07868630675006,38.82688970434464],[-77.07855652372676,38.826721743002025],[-77.07855342425776,38.826717731364994],[-77.07854557451132,38.82670757176133],[-77.07850646162179,38.82659871450653],[-77.07849590236208,38.826569326420106],[-77.07849533796124,38.826567757334615],[-77.07850671893681,38.826565295051374],[-77.07865164307597,38.82653394952737],[-77.07870945353805,38.82652144537796],[-77.07876086928395,38.82629858543946],[-77.07879378280117,38.82616726504131],[-77.07883686325665,38.826058848301166],[-77.08055273249394,38.82633667859083],[-77.08163545860246,38.82644039034352],[-77.08726896351892,38.82683736256859],[-77.08727666279324,38.82683790482971],[-77.08727751486418,38.8268301308843],[-77.0868314617803,38.826459589199445],[-77.08643558549832,38.82619017902632],[-77.08560273443562,38.825626518202554],[-77.08553458517592,38.82558039612229],[-77.08521851216989,38.82536648166588],[-77.08469046901575,38.82501130691304],[-77.08403896109944,38.824581921574016],[-77.08360231970815,38.82429380406936],[-77.08333184514804,38.82412439838982],[-77.0823369393746,38.823486272797886],[-77.08224334574194,38.82342610003118],[-77.08160212440504,38.823010555430564],[-77.08122484166792,38.822739621917535],[-77.08084432235118,38.82245491839969],[-77.08033000337979,38.822013439346044],[-77.0800922175722,38.82178950118633],[-77.07993689447461,38.82165580786674],[-77.07982651670454,38.82155698546437],[-77.07962652266335,38.82137469429505],[-77.07956446511103,38.821317648029904],[-77.07922335402877,38.820993597557546],[-77.07880979601784,38.82060550736172],[-77.07850987995319,38.82032863644898],[-77.07789618250816,38.819766486738054],[-77.07785480357673,38.81972891284799],[-77.07745488874643,38.8193615796146],[-77.07683637357731,38.81879760516479],[-77.07680322939137,38.8187673834285],[-77.07679286455561,38.81875901849959],[-77.07659982306552,38.81858092625106],[-77.0759977816289,38.81803907254833],[-77.07599108359688,38.81804163555742],[-77.07598695716813,38.818043617127515],[-77.0759011890076,38.81808481648064],[-77.07582516767367,38.818121336499914],[-77.07581055479632,38.81812835414551],[-77.07579231282328,38.81813567730992],[-77.07568504923711,38.818178733738414],[-77.0754975728525,38.818234808090615],[-77.07533327445445,38.81828394963725],[-77.07532616006664,38.818286076898],[-77.0753190456605,38.818288205059034],[-77.07521502545403,38.81831931686651],[-77.07513570806258,38.81834304072798],[-77.07503130078024,38.818367592339214],[-77.07490996480004,38.81839612678668],[-77.07478614343046,38.81842524447033],[-77.07463325953236,38.818448893375496],[-77.07434861985409,38.818492918267665],[-77.07413359132129,38.81852617691491],[-77.07395348379157,38.81855113925853],[-77.07386595440389,38.81856327080662],[-77.07386470836457,38.81856344306032],[-77.07354872002695,38.81860723906471],[-77.07232984392884,38.81877604016279],[-77.0721207725424,38.81880499259301],[-77.07107091137524,38.8189500925541],[-77.07021811711307,38.819529301769535],[-77.07060620921096,38.82030395781905],[-77.07013854452434,38.82060681307394],[-77.06890905271365,38.819417859436875],[-77.0685288460877,38.81912076128735],[-77.06791822715978,38.818760434660724],[-77.06621882010393,38.817892046368904],[-77.06607659395621,38.817819367197316],[-77.06636673896814,38.81983895730524],[-77.06653792329375,38.821086019251325],[-77.06652144863595,38.82138377241239],[-77.0659881466645,38.822529732785235],[-77.06526339028305,38.8240870524422],[-77.0652047940637,38.824560041035916],[-77.0652161364919,38.824614621620995],[-77.06524970483935,38.82477614771479],[-77.06534209843652,38.82522072827308],[-77.06559872765368,38.82645555550483],[-77.06589116391336,38.827281591335854],[-77.06589267232692,38.82754504379209],[-77.06589456424541,38.82787551015892],[-77.06589585728206,38.82810136320211],[-77.06646663849504,38.830176334707296],[-77.06650054757478,38.83029960270477],[-77.06754561549884,38.83409841840898],[-77.06758973955128,38.834329089527074],[-77.06755292435136,38.83461202886242],[-77.06765071619274,38.83463793727001],[-77.06787947709289,38.834610521848575],[-77.06848840144696,38.83453419373205],[-77.06897180140007,38.834238016355926],[-77.06918408105936,38.83416010548736],[-77.06932511707957,38.83416688185933],[-77.06961358113523,38.83427467394205],[-77.06983434794776,38.834472338159884],[-77.06998738504797,38.83493525167526],[-77.07037693649723,38.834896437427474],[-77.0703767648085,38.83473845280169],[-77.07055255294364,38.83481712518326]]],[[[-77.09406370192144,38.83224556408543],[-77.09408933712231,38.83226505955814],[-77.0943336187316,38.83245011393672],[-77.09441761173622,38.83251374295275],[-77.094971466968,38.8329333104977],[-77.09575347224248,38.83352212284565],[-77.09599597253076,38.833688435126504],[-77.09640828680523,38.83397068545658],[-77.09649828754686,38.83403493524438],[-77.09692147694835,38.83430087418284],[-77.09734466560944,38.834564061844326],[-77.09743597918684,38.8346195045097],[-77.09775754320526,38.83481474933669],[-77.09787986510487,38.83488636381501],[-77.09804871105084,38.83482726246342],[-77.0980606539353,38.83482383917916],[-77.09815097635376,38.834798883421456],[-77.09965027518484,38.834386493002455],[-77.10011985697183,38.834252043829295],[-77.10070944894622,38.83408469676426],[-77.10082238932212,38.834054463312285],[-77.10097769178242,38.834012377361844],[-77.10170830029539,38.833815127165856],[-77.10259342273463,38.8335804265832],[-77.10276197662802,38.83353573197118],[-77.10313054824532,38.83343799806902],[-77.10461301395245,38.83303273310336],[-77.10518482175532,38.832876137531535],[-77.1052236991387,38.83286287006664],[-77.105732510964,38.83269591097436],[-77.10617998464421,38.83256487620248],[-77.10669094487339,38.83241524927371],[-77.1074882904869,38.83218175206793],[-77.10769377732322,38.83212157615283],[-77.10775573701797,38.8321034309888],[-77.10785171932119,38.832138728024745],[-77.10782223722997,38.83208398102863],[-77.10783694798432,38.83207967873633],[-77.1080275690889,38.832022738679704],[-77.10822214983368,38.83196461548377],[-77.10827737120754,38.83194812085225],[-77.10839842394415,38.83191196076264],[-77.10992818475798,38.831417941523746],[-77.11028503613896,38.83130134110747],[-77.11138416305046,38.83092577832852],[-77.11185789906169,38.83075563272558],[-77.1130557035444,38.83028450966797],[-77.11310578183401,38.83031178837612],[-77.11306778228702,38.83027975938425],[-77.11319868424779,38.83022775775939],[-77.11348197423725,38.83011990322181],[-77.11345435481327,38.83009175032644],[-77.11338657522893,38.83002213533996],[-77.11337308463123,38.83000916090341],[-77.11337717494796,38.83000747941828],[-77.11340329122085,38.829996742407076],[-77.11346833187092,38.82996775535394],[-77.11347388217868,38.8299652649484],[-77.11346809664136,38.82995906025897],[-77.1130343139202,38.82955997735404],[-77.11109889899237,38.82817598989675],[-77.11082843049653,38.82795495610647],[-77.11056933959618,38.82774321718646],[-77.11046050496228,38.82765427374479],[-77.10915619748349,38.826588323950226],[-77.10867671179662,38.82619645577944],[-77.1085271637995,38.826074232395925],[-77.10789556716594,38.8256838915528],[-77.1076532924283,38.825534158418925],[-77.10760408133734,38.82564763166172],[-77.10758969163146,38.82569525613994],[-77.10756522942594,38.825776224058316],[-77.10755138477948,38.82582204950149],[-77.10751568340136,38.825940212965726],[-77.1074416463829,38.82618526219259],[-77.10744137925094,38.82618614915783],[-77.10722638706349,38.82689769511726],[-77.10713817719716,38.82688063024843],[-77.10702706751492,38.82685913562413],[-77.10699375576598,38.827074253801584],[-77.1069879778923,38.82711156908655],[-77.1069327435459,38.8274682539812],[-77.10687433753054,38.827866211363265],[-77.10683843637833,38.82811922494937],[-77.10682187993116,38.828234720702916],[-77.10678603452637,38.828479618293414],[-77.10677495932154,38.828555281606505],[-77.1067727244874,38.82857203970106],[-77.10668353173725,38.828731778935186],[-77.10664346325771,38.829015843603756],[-77.10659198665421,38.82937637212033],[-77.10648947499752,38.82936733830826],[-77.10646321153455,38.829545320954715],[-77.10643854779445,38.82972223604468],[-77.10642312535018,38.82984304814382],[-77.10642216909191,38.82985593923493],[-77.10642258544446,38.82986884842725],[-77.10642437039893,38.829881685578606],[-77.10642751300237,38.829894362266174],[-77.10643199076856,38.82990679083109],[-77.106432830401,38.8299087513493],[-77.10643578964044,38.829914733633025],[-77.10643934485016,38.82992051307318],[-77.10644347481504,38.829926055181865],[-77.1064471663471,38.82993038932144],[-77.1064510790691,38.82993460265779],[-77.10645520851469,38.82993868793034],[-77.10646230382872,38.829946099576006],[-77.10646848905226,38.829953994132765],[-77.10647371022176,38.829962303389216],[-77.10647792148694,38.82997095652706],[-77.10648108744896,38.82997987834775],[-77.10648318080437,38.82998899194669],[-77.10648502291153,38.830006125485134],[-77.1064847859954,38.83002331812478],[-77.10648247302628,38.83004041674006],[-77.10648027502158,38.830047140526894],[-77.10647319224006,38.830067332210774],[-77.10646565989914,38.83008742305568],[-77.10645768038896,38.83010740858521],[-77.10644925613467,38.83012728252141],[-77.10644039073038,38.83014703769939],[-77.10643108426329,38.83016666961533],[-77.10642134264812,38.83018617023078],[-77.10641116595454,38.83020553594273],[-77.10640796414908,38.83021133875381],[-77.10640056007986,38.830224759613586],[-77.10638952628024,38.83024383585241],[-77.10637806815001,38.83026275749419],[-77.10636618921335,38.830281520976996],[-77.10635389421624,38.83030011914929],[-77.10634118671797,38.83031854664774],[-77.10634034918134,38.830320038578364],[-77.10633954759241,38.83032139939782],[-77.1063387151037,38.83032274993992],[-77.10633785290177,38.830324088416795],[-77.10633696212074,38.83032541574301],[-77.10633604049244,38.83032673008961],[-77.10633508916838,38.8303280314703],[-77.10633411045167,38.830329319912444],[-77.10633310205674,38.830330594487975],[-77.10633206628671,38.83033185522423],[-77.10633100198994,38.83033310210749],[-77.10632990920149,38.83033433333632],[-77.10632879018944,38.830335550739484],[-77.10632764385471,38.830336751601244],[-77.10632647133137,38.83033793683588],[-77.1063252726194,38.830339106443404],[-77.10632404660217,38.83034025860866],[-77.10632279669952,38.8303413951742],[-77.10632152066064,38.8303425134104],[-77.10632022077124,38.83034361424539],[-77.10631889587975,38.830344697665495],[-77.1063175471727,38.83034576188293],[-77.10631617461509,38.83034680869909],[-77.10631477825939,38.83034783541185],[-77.10631336037378,38.830348843850004],[-77.10631191984162,38.830349832198294],[-77.10631045779702,38.83035080137134],[-77.10630897427487,38.83035174956749],[-77.10630746925779,38.83035267768759],[-77.10630594389728,38.830353585745236],[-77.10630439937987,38.83035447195269],[-77.10630283453652,38.83035533719697],[-77.10630125051881,38.83035618149174],[-77.10629964849576,38.83035700395001],[-77.1062980284849,38.830357803671006],[-77.1062963893171,38.83035858154173],[-77.1062947344471,38.83035933760329],[-77.1062930627583,38.830360070040506],[-77.10629137538473,38.8303607797677],[-77.1062896711749,38.8303614667714],[-77.10628795246686,38.830362129277304],[-77.10628622037721,38.83036276910062],[-77.10628447262033,38.83036338531326],[-77.10628271266835,38.83036397705552],[-77.10628093935219,38.83036454521443],[-77.10627915268944,38.830365088889295],[-77.1062773549831,38.83036560810743],[-77.1062755462333,38.83036610286883],[-77.10627372645746,38.83036657227281],[-77.10627189678964,38.830367017233726],[-77.10627005724729,38.83036743685087],[-77.10626820781306,38.83036783202498],[-77.10626635082487,38.83036820098191],[-77.10626448511378,38.83036854460876],[-77.10626261298295,38.8303688629328],[-77.1062607332807,38.830369155940474],[-77.10625884717612,38.8303694227446],[-77.10625695695492,38.83036966427333],[-77.10625506033136,38.83036987959861],[-77.10625315959115,38.83037006964845],[-77.10625125361764,38.830370232607784],[-77.10624934583058,38.830370370318995],[-77.10624743509588,38.83037048186779],[-77.1062455214136,38.83037056725411],[-77.10624360708675,38.830370626505285],[-77.10624169096383,38.83037065960766],[-77.10623977419638,38.83037066657492],[-77.10623785793605,38.83037064742078],[-77.10623594335175,38.83037060125818],[-77.10623402925701,38.830370529874784],[-77.10623211682093,38.83037043238371],[-77.10623020719494,38.8303703087985],[-77.10622830037921,38.83037015911922],[-77.10622639637364,38.83036998334585],[-77.10622449748135,38.830369781505745],[-77.10622260370236,38.83036955359891],[-77.10622071501912,38.830369300526066],[-77.10621910940908,38.83036906162646],[-77.10621883263572,38.83036901959871],[-77.10621695644723,38.830368716221216],[-77.10621508654113,38.830368385890004],[-77.10621322522047,38.83036802863228],[-77.10621137241532,38.83036764805111],[-77.10620952702655,38.83036724143053],[-77.10620769249145,38.83036680971238],[-77.10620586648932,38.830366353769975],[-77.10620405250981,38.830365871842915],[-77.10620224821491,38.830365365705305],[-77.1062004559077,38.83036483538445],[-77.10619867677468,38.830364279092684],[-77.10619690844285,38.830363700405506],[-77.10619515440177,38.83036309756247],[-77.10619341468649,38.830362468762125],[-77.10619168804057,38.83036181939519],[-77.10618997572038,38.830361144070956],[-77.10618827995911,38.830360446419746],[-77.10618659962277,38.83035972552711],[-77.10618493582784,38.83035898320818],[-77.10618328862685,38.83035821676079],[-77.1061816591189,38.83035742890081],[-77.106180047339,38.83035661782674],[-77.10617845325206,38.83035578534013],[-77.10617687917872,38.830354930567545],[-77.10611312425381,38.83032231950714],[-77.10584686791891,38.83018612402594],[-77.10546010055079,38.82998610094764],[-77.10519533608779,38.8298268340312],[-77.1051918798984,38.82984975987152],[-77.10489776030373,38.829699266349515],[-77.10479242146721,38.8296466826497],[-77.10468592706737,38.829595544646615],[-77.1045783078769,38.829545868920064],[-77.10446959588968,38.82949766846083],[-77.10435982531475,38.82945096079073],[-77.10415046086085,38.82936714053179],[-77.10414866734538,38.82936649664539],[-77.10414688695215,38.829365829490506],[-77.10414512317085,38.829365137306624],[-77.10414337481483,38.82936442188164],[-77.10414164190165,38.82936368231475],[-77.10413992673442,38.82936291863331],[-77.10413822814404,38.82936213172446],[-77.10413654724704,38.82936132340328],[-77.10413488524755,38.829360490981365],[-77.10413324211048,38.82935963626008],[-77.10413161785331,38.829358758338714],[-77.10413001357517,38.8293578599332],[-77.10412843048009,38.82935693835501],[-77.10412762785488,38.829356454910496],[-77.10337938508658,38.82908663132284],[-77.10337746694209,38.829086177842896],[-77.10336148440781,38.8290821577128],[-77.10335229003941,38.82907970582962],[-77.10334559478355,38.82907792065715],[-77.10332980152393,38.829073466717105],[-77.1033141091827,38.829068798649786],[-77.10329852466916,38.82906391653741],[-77.10328305023403,38.82905882310967],[-77.10326769278652,38.82905351844879],[-77.10325245572884,38.82904800529823],[-77.10323734364965,38.82904228461353],[-77.10322236228932,38.829036357364025],[-77.10320751499732,38.829030228995364],[-77.10319232563154,38.82902368572159],[-77.10288801863696,38.828913342608004],[-77.10258404474077,38.82880244316983],[-77.10229686815109,38.8286982433201],[-77.10201818791802,38.82859617830612],[-77.10195179188884,38.82857226274255],[-77.10160694426907,38.82844589915242],[-77.1014586856264,38.82838936293917],[-77.10131342604315,38.828336396694624],[-77.10130896917916,38.82833488944682],[-77.10116696892973,38.828285493576665],[-77.10107453151379,38.828254837939],[-77.10101941745265,38.82823656021129],[-77.10087079708657,38.828189648252334],[-77.10076099000882,38.82815785910208],[-77.10067800973053,38.82813532712886],[-77.10059453859417,38.82811393074291],[-77.1005106029407,38.82809367746499],[-77.10042622916365,38.828074572113636],[-77.10034144126567,38.82805662398376],[-77.10025626571026,38.82803983429103],[-77.10017072885567,38.82802420965573],[-77.100084857095,38.82800975489681],[-77.09999867565227,38.82799647572011],[-77.0999122178648,38.827984375225554],[-77.09941582250691,38.82790814918489],[-77.09924671362815,38.82788201872952],[-77.09879254972054,38.827811872778106],[-77.09818225883784,38.827718501408846],[-77.09754759869675,38.827624318472544],[-77.09672929208975,38.82749962934731],[-77.09662882339435,38.82748431998182],[-77.09648266843296,38.82746275933529],[-77.09647631395171,38.827461822931134],[-77.09646861004005,38.827460686594165],[-77.09637823843599,38.82744735462695],[-77.09634446686869,38.82744236216095],[-77.09590882892142,38.82737810614055],[-77.09570899524772,38.82734862620277],[-77.09548915440405,38.827333623458344],[-77.09464959674007,38.827276637437905],[-77.09337394886673,38.82718736267332],[-77.09327686435458,38.8271802085331],[-77.09325472779555,38.82717865301676],[-77.09275335667598,38.8271514163536],[-77.0920983999466,38.82711233900923],[-77.09191618157116,38.82710146669592],[-77.09111704575044,38.82704659538693],[-77.08995476578531,38.826967201568365],[-77.0889384938509,38.82689897946725],[-77.08833938008877,38.826832069937026],[-77.08833621338788,38.82683684020979],[-77.0883012534876,38.82687838947867],[-77.08826370467875,38.826927538632866],[-77.08825262361195,38.82693942489114],[-77.08821343972376,38.82698146028476],[-77.08817401461403,38.827023753137695],[-77.08810690831325,38.82708780781916],[-77.08803747436677,38.82714611162715],[-77.08797070307888,38.82719300087283],[-77.0879041590404,38.82722844715634],[-77.08788335680487,38.827238346034214],[-77.08783768765386,38.82726007875681],[-77.08783031959499,38.82726354163445],[-77.08782977321573,38.82726379813669],[-77.08783493003467,38.82727760327168],[-77.0879035402331,38.82746126931464],[-77.08790993195854,38.82745936954338],[-77.08835249596818,38.82780380678061],[-77.08863612197965,38.82802136927133],[-77.08874668542148,38.828107932299346],[-77.08916856226192,38.82843699420583],[-77.08936906379284,38.82859455685426],[-77.08958694028802,38.828766057521136],[-77.09046519458029,38.829452182950874],[-77.09131576155973,38.830117308613886],[-77.09169607509222,38.83041430728534],[-77.09202107716192,38.83066949569972],[-77.09322445896798,38.831609371283925],[-77.09357389727072,38.83187305934254],[-77.09406370192144,38.83224556408543]]],[[[-77.06630441045897,38.84384003232575],[-77.06630569675141,38.84384484739197],[-77.06630698421378,38.84384966157153],[-77.06631585670924,38.843882859094236],[-77.06631592747311,38.843883123035624],[-77.06662499306961,38.843861588136235],[-77.06714726234637,38.84382519391626],[-77.067149798705,38.84382839081198],[-77.06720105168627,38.84381669236805],[-77.0672273158402,38.84381069821045],[-77.0672377910883,38.843810886438334],[-77.06725214157562,38.843811144490786],[-77.06725251344946,38.84380855880201],[-77.06728840226815,38.84380288662603],[-77.06729193529412,38.84380238197268],[-77.06730122192243,38.843801054706],[-77.067413380134,38.843785020899084],[-77.06745714481714,38.8437793808274],[-77.06753873741577,38.84376886426523],[-77.06766443604198,38.84375441986231],[-77.06769451341061,38.84375177410945],[-77.06767439236617,38.84286098476477],[-77.06765704119888,38.842780229093734],[-77.06744558580817,38.84254217108773],[-77.06776161078169,38.842261518759464],[-77.06810204040235,38.842115530858344],[-77.06816823972979,38.84199967542477],[-77.0682226087357,38.841731330554964],[-77.06788470563376,38.84090925441598],[-77.06782550927805,38.84076499107221],[-77.06781197692487,38.84073201067212],[-77.06787193686532,38.84058407391666],[-77.06797328009007,38.840468623939834],[-77.0679930587797,38.84044609285169],[-77.06773359975553,38.840331794033006],[-77.06772909467631,38.84033656904931],[-77.06729217194517,38.84094087129688],[-77.06722692932819,38.84104305432965],[-77.06711843666452,38.84120100427154],[-77.06694786821238,38.84143597159336],[-77.0668275793656,38.841406006776936],[-77.06674476341682,38.84146148327626],[-77.06657263891503,38.84174936453934],[-77.06647246769025,38.84189441661403],[-77.06644071509756,38.84193824200033],[-77.06637423149972,38.84203000524088],[-77.0659551029762,38.84189640808883],[-77.06585867584903,38.84186567249795],[-77.06559583868132,38.84181807098028],[-77.065338182731,38.84234132785647],[-77.06526949937462,38.84248191037238],[-77.06563302710794,38.84250972573892],[-77.06568170522743,38.84251345048212],[-77.06603485433422,38.84254047467672],[-77.06602366718099,38.842585394479556],[-77.06601477821587,38.842634759712105],[-77.06600505364601,38.84268402824383],[-77.066004051044,38.84268664046027],[-77.0660046944692,38.84291534257367],[-77.06600557730881,38.84291653450369],[-77.06600643684358,38.84291773966321],[-77.06600747643077,38.84291927406697],[-77.06600807115173,38.84292018318285],[-77.0660088470768,38.842921421556916],[-77.06600959631382,38.84292266951548],[-77.06601031650519,38.842923929732436],[-77.06601100775883,38.84292519680348],[-77.06601167230639,38.84292647435959],[-77.06601230672854,38.84292776055719],[-77.06601291332873,38.84292905542436],[-77.066013681336,38.8429303441549],[-77.06601391851252,38.842931677754436],[-77.06601416600081,38.842933014182755],[-77.06601504788748,38.842934311512145],[-77.06601550742386,38.8429356442244],[-77.06601593694272,38.84293698017379],[-77.06601633750597,38.8429383238779],[-77.06601670688201,38.84293967170577],[-77.06601704735625,38.84294102458626],[-77.06601735660739,38.84294238339194],[-77.06601763587703,38.84294374363326],[-77.0660169653142,38.842957589337075],[-77.06601647550532,38.8429676920032],[-77.06601598699207,38.84297778747761],[-77.06601548531529,38.84300221058626],[-77.06601552779539,38.84302447986645],[-77.06601607993068,38.843047822096736],[-77.06601715411614,38.84307115538855],[-77.06601903121864,38.84309460660316],[-77.06602039031102,38.84311180881237],[-77.06602086016332,38.843117758114154],[-77.06602235356155,38.84313094733456],[-77.06602349344767,38.843141014051035],[-77.06603014049942,38.84318970056236],[-77.06601115779547,38.84320841741788],[-77.06602291515792,38.84321570017613],[-77.06609195190735,38.84322222584554],[-77.06612335828481,38.843251893956655],[-77.0661270094425,38.843255336938796],[-77.06613066060055,38.84325877992081],[-77.06615527229141,38.843281988102106],[-77.06616110138008,38.843303801912654],[-77.06616385729433,38.843314114506],[-77.06616661432524,38.84332442891476],[-77.06619255279169,38.84342148877521],[-77.06625207943593,38.843644222351124],[-77.06625266949733,38.84364646120929],[-77.06626683786747,38.84369944519911],[-77.06629633233848,38.84380980412189],[-77.06630441045897,38.84384003232575]]]]},"properties":{"OBJECTID":152,"STDYAREA":"BNDRY","ELEM_":100,"MID_":null,"INT_":null,"HIGH_":null,"DISTRICT":null,"MOBILITY":null,"REGION1":null,"REGION2":null,"ELEM_DESC":"George Mason","MID_DESC":null,"INT_DESC":null,"HIGH_DESC":null,"TRUSTEE":null,"ADD_SCHL1":null,"ADD_SCHL2":null,"ADD_SCHL3":null,"ADD_SCHL4":null,"ADD_SCHL5":null,"created_user":null,"created_date":null,"last_edited_user":null,"last_edited_date":null,"Creator":null,"Created":null,"Editor":null,"Edited":null,"Shape.STArea()":34378093.99970087,"Shape.STLength()":47670.920714217966}},{"type":"Feature","id":153,"geometry":{"type":"Polygon","coordinates":[[[-77.10546010055079,38.82998610094764],[-77.10584686791891,38.83018612402594],[-77.10611312425381,38.83032231950714],[-77.10617687917872,38.830354930567545],[-77.10617845325206,38.83035578534013],[-77.106180047339,38.83035661782674],[-77.1061816591189,38.83035742890081],[-77.10618328862685,38.83035821676079],[-77.10618493582784,38.83035898320818],[-77.10618659962277,38.83035972552711],[-77.10618827995911,38.830360446419746],[-77.10618997572038,38.830361144070956],[-77.10619168804057,38.83036181939519],[-77.10619341468649,38.830362468762125],[-77.10619515440177,38.83036309756247],[-77.10619690844285,38.830363700405506],[-77.10619867677468,38.830364279092684],[-77.1062004559077,38.83036483538445],[-77.10620224821491,38.830365365705305],[-77.10620405250981,38.830365871842915],[-77.10620586648932,38.830366353769975],[-77.10620769249145,38.83036680971238],[-77.10620952702655,38.83036724143053],[-77.10621137241532,38.83036764805111],[-77.10621322522047,38.83036802863228],[-77.10621508654113,38.830368385890004],[-77.10621695644723,38.830368716221216],[-77.10621883263572,38.83036901959871],[-77.10621910940908,38.83036906162646],[-77.10622071501912,38.830369300526066],[-77.10622260370236,38.83036955359891],[-77.10622449748135,38.830369781505745],[-77.10622639637364,38.83036998334585],[-77.10622830037921,38.83037015911922],[-77.10623020719494,38.8303703087985],[-77.10623211682093,38.83037043238371],[-77.10623402925701,38.830370529874784],[-77.10623594335175,38.83037060125818],[-77.10623785793605,38.83037064742078],[-77.10623977419638,38.83037066657492],[-77.10624169096383,38.83037065960766],[-77.10624360708675,38.830370626505285],[-77.1062455214136,38.83037056725411],[-77.10624743509588,38.83037048186779],[-77.10624934583058,38.830370370318995],[-77.10625125361764,38.830370232607784],[-77.10625315959115,38.83037006964845],[-77.10625506033136,38.83036987959861],[-77.10625695695492,38.83036966427333],[-77.10625884717612,38.8303694227446],[-77.1062607332807,38.830369155940474],[-77.10626261298295,38.8303688629328],[-77.10626448511378,38.83036854460876],[-77.10626635082487,38.83036820098191],[-77.10626820781306,38.83036783202498],[-77.10627005724729,38.83036743685087],[-77.10627189678964,38.830367017233726],[-77.10627372645746,38.83036657227281],[-77.1062755462333,38.83036610286883],[-77.1062773549831,38.83036560810743],[-77.10627915268944,38.830365088889295],[-77.10628093935219,38.83036454521443],[-77.10628271266835,38.83036397705552],[-77.10628447262033,38.83036338531326],[-77.10628622037721,38.83036276910062],[-77.10628795246686,38.830362129277304],[-77.1062896711749,38.8303614667714],[-77.10629137538473,38.8303607797677],[-77.1062930627583,38.830360070040506],[-77.1062947344471,38.83035933760329],[-77.1062963893171,38.83035858154173],[-77.1062980284849,38.830357803671006],[-77.10629964849576,38.83035700395001],[-77.10630125051881,38.83035618149174],[-77.10630283453652,38.83035533719697],[-77.10630439937987,38.83035447195269],[-77.10630594389728,38.830353585745236],[-77.10630746925779,38.83035267768759],[-77.10630897427487,38.83035174956749],[-77.10631045779702,38.83035080137134],[-77.10631191984162,38.830349832198294],[-77.10631336037378,38.830348843850004],[-77.10631477825939,38.83034783541185],[-77.10631617461509,38.83034680869909],[-77.1063175471727,38.83034576188293],[-77.10631889587975,38.830344697665495],[-77.10632022077124,38.83034361424539],[-77.10632152066064,38.8303425134104],[-77.10632279669952,38.8303413951742],[-77.10632404660217,38.83034025860866],[-77.1063252726194,38.830339106443404],[-77.10632647133137,38.83033793683588],[-77.10632764385471,38.830336751601244],[-77.10632879018944,38.830335550739484],[-77.10632990920149,38.83033433333632],[-77.10633100198994,38.83033310210749],[-77.10633206628671,38.83033185522423],[-77.10633310205674,38.830330594487975],[-77.10633411045167,38.830329319912444],[-77.10633508916838,38.8303280314703],[-77.10633604049244,38.83032673008961],[-77.10633696212074,38.83032541574301],[-77.10633785290177,38.830324088416795],[-77.1063387151037,38.83032274993992],[-77.10633954759241,38.83032139939782],[-77.10634034918134,38.830320038578364],[-77.10634118671797,38.83031854664774],[-77.10635389421624,38.83030011914929],[-77.10636618921335,38.830281520976996],[-77.10637806815001,38.83026275749419],[-77.10638952628024,38.83024383585241],[-77.10640056007986,38.830224759613586],[-77.10640796414908,38.83021133875381],[-77.10641116595454,38.83020553594273],[-77.10642134264812,38.83018617023078],[-77.10643108426329,38.83016666961533],[-77.10644039073038,38.83014703769939],[-77.10644925613467,38.83012728252141],[-77.10645768038896,38.83010740858521],[-77.10646565989914,38.83008742305568],[-77.10647319224006,38.830067332210774],[-77.10648027502158,38.830047140526894],[-77.10648247302628,38.83004041674006],[-77.1064847859954,38.83002331812478],[-77.10648502291153,38.830006125485134],[-77.10648318080437,38.82998899194669],[-77.10648108744896,38.82997987834775],[-77.10647792148694,38.82997095652706],[-77.10647371022176,38.829962303389216],[-77.10646848905226,38.829953994132765],[-77.10646230382872,38.829946099576006],[-77.10645520851469,38.82993868793034],[-77.1064510790691,38.82993460265779],[-77.1064471663471,38.82993038932144],[-77.10644347481504,38.829926055181865],[-77.10643934485016,38.82992051307318],[-77.10643578964044,38.829914733633025],[-77.106432830401,38.8299087513493],[-77.10643199076856,38.82990679083109],[-77.10642751300237,38.829894362266174],[-77.10642437039893,38.829881685578606],[-77.10642258544446,38.82986884842725],[-77.10642216909191,38.82985593923493],[-77.10642312535018,38.82984304814382],[-77.10643854779445,38.82972223604468],[-77.10646321153455,38.829545320954715],[-77.10648947499752,38.82936733830826],[-77.10659198665421,38.82937637212033],[-77.10664346325771,38.829015843603756],[-77.10668353173725,38.828731778935186],[-77.1067727244874,38.82857203970106],[-77.10677495932154,38.828555281606505],[-77.10678603452637,38.828479618293414],[-77.10682187993116,38.828234720702916],[-77.10683843637833,38.82811922494937],[-77.10687433753054,38.827866211363265],[-77.1069327435459,38.8274682539812],[-77.1069879778923,38.82711156908655],[-77.10699375576598,38.827074253801584],[-77.10702706751492,38.82685913562413],[-77.10713817719716,38.82688063024843],[-77.10722638706349,38.82689769511726],[-77.10744137925094,38.82618614915783],[-77.1074416463829,38.82618526219259],[-77.10751568340136,38.825940212965726],[-77.10755138477948,38.82582204950149],[-77.10756522942594,38.825776224058316],[-77.10758969163146,38.82569525613994],[-77.10760408133734,38.82564763166172],[-77.1076532924283,38.825534158418925],[-77.1073541182293,38.82534925858051],[-77.107077245075,38.82519299978907],[-77.10663672524976,38.824944380112434],[-77.10660078962938,38.82492409834821],[-77.10664415317676,38.824883402126886],[-77.10655746594946,38.82489964665336],[-77.10632280213956,38.82476720734195],[-77.10576610222793,38.82451070050374],[-77.10484469428098,38.82423475108444],[-77.10421850647462,38.824075362496785],[-77.10390894571503,38.823996567122286],[-77.10234358458062,38.8235981027539],[-77.10195259080061,38.82346225001226],[-77.10199910811193,38.823398968441616],[-77.10217778980058,38.823103404013985],[-77.10232338278263,38.82286257330861],[-77.10246636754705,38.82263481024104],[-77.1025974707615,38.82242597317064],[-77.10259917615052,38.82242273204746],[-77.10260088040546,38.82241949000982],[-77.10261267593246,38.822397066232966],[-77.10273918127521,38.82215653475407],[-77.10274215437695,38.822150881569804],[-77.10283073162073,38.822000672482474],[-77.10287864723622,38.821919417079215],[-77.10301096571796,38.821694986886385],[-77.10301176962695,38.8216952811567],[-77.10306694523538,38.82171549039606],[-77.10306869713413,38.82171613200513],[-77.10307621473953,38.82171888560335],[-77.10314735301003,38.821744941886045],[-77.10359346395838,38.821727932366265],[-77.1035934635076,38.821727896323],[-77.10359332651616,38.82172416206499],[-77.10380816760508,38.82171935417623],[-77.10394707818588,38.82159339663],[-77.1040477829278,38.82150307999797],[-77.10426011222546,38.82131265062095],[-77.10445405695083,38.82113871750779],[-77.10448693683524,38.82110922589839],[-77.10450394276948,38.82109397868669],[-77.10466488349972,38.82094964888708],[-77.10484998435518,38.820783627499914],[-77.10510437930537,38.82055545150895],[-77.10510481412035,38.82055506296352],[-77.1052826431406,38.820396182764625],[-77.10539896039705,38.82029225884483],[-77.1055024521412,38.82019979651272],[-77.10562650030022,38.82008896838383],[-77.10570073056654,38.82002264422847],[-77.10576978403631,38.81996094524831],[-77.10587637367121,38.81986570754059],[-77.10589473629408,38.81984930051158],[-77.10589542309037,38.81984868611622],[-77.10601753181149,38.81992859948354],[-77.10732338777817,38.82079006404069],[-77.10732395598222,38.82078238119589],[-77.1073245241686,38.82077469925186],[-77.10732727773662,38.820737468735864],[-77.10732761460253,38.820732925650894],[-77.107327950317,38.82072838255228],[-77.10734444581486,38.82050538204371],[-77.10735540780728,38.820357190916546],[-77.10736040898136,38.820289575579324],[-77.10736051060026,38.82028819563238],[-77.10736061333566,38.82028681750064],[-77.10736257841826,38.82026025385341],[-77.10736527906973,38.82022373084949],[-77.1073657970748,38.820216735731925],[-77.10736588614601,38.820215527717096],[-77.10736658229335,38.82020611656987],[-77.10736852571469,38.82017983826549],[-77.10738210971152,38.819996204323914],[-77.10738440106181,38.81996522719961],[-77.10738666138224,38.819934662340955],[-77.10739507077751,38.819820221938755],[-77.10740113083686,38.81973766973068],[-77.10740306853126,38.819711269727215],[-77.10741644481881,38.81952925140115],[-77.10743656548922,38.819255455154],[-77.10744449289257,38.8191475706163],[-77.10745634374632,38.818986302815155],[-77.10747063677506,38.81879179648217],[-77.10752732781722,38.81878885555623],[-77.10767678659963,38.81878110339243],[-77.10783323015075,38.818772987940896],[-77.10810005377272,38.818759146192676],[-77.1081181353545,38.81875820836812],[-77.108259544955,38.81875700627587],[-77.10824129420152,38.81873119747466],[-77.10821728811521,38.81869561629361],[-77.10815257791486,38.81859970501256],[-77.10805970809362,38.81842061656961],[-77.10801118769002,38.81831438048572],[-77.10794484119545,38.81808921405544],[-77.10791854926893,38.817996908114786],[-77.1078987738846,38.81788057010473],[-77.10790046658083,38.817743938863906],[-77.1079114147202,38.81753435772863],[-77.10793366024805,38.81739843880986],[-77.1079530428035,38.81730392864035],[-77.10798313948963,38.817199933356484],[-77.1080501116903,38.817004382388745],[-77.10812311885331,38.81685970564646],[-77.108224704279,38.816689279081146],[-77.1082825818542,38.816600717636675],[-77.10837658938411,38.81645903591085],[-77.10847413241834,38.81631602209248],[-77.10854633897114,38.81621252695158],[-77.10863322059706,38.816076252695524],[-77.1086731797875,38.81600670121307],[-77.1087785644526,38.81582121571442],[-77.10882979446063,38.815713352540136],[-77.10888493239204,38.81558493999168],[-77.10892217839329,38.81547416398523],[-77.10896303982956,38.815357939546786],[-77.1090121691647,38.815177279962576],[-77.1090389403188,38.81506363454156],[-77.10905069092402,38.81500061283889],[-77.10907926981109,38.81479362172239],[-77.10910388740301,38.8146099254116],[-77.10912021046104,38.8144920360656],[-77.10916077855124,38.81420967040669],[-77.10919169628791,38.8140631200811],[-77.10922232146703,38.81393167068348],[-77.1092488259989,38.813831752491495],[-77.10925637592386,38.813804381061665],[-77.10929367472598,38.81369086034398],[-77.10931231023397,38.81363478543758],[-77.10936401632505,38.81350221281573],[-77.10941202705443,38.81337920769512],[-77.10946370504796,38.813248007739084],[-77.10950802030874,38.81313456920128],[-77.10954515777196,38.813029283859414],[-77.10957152864154,38.812936229230374],[-77.10959072179072,38.81285132871292],[-77.10960661844523,38.812755402953684],[-77.1096203878588,38.81258805447189],[-77.1096248270581,38.81254005045454],[-77.10962863851151,38.8124629671723],[-77.10963059498891,38.81242340986149],[-77.10962551682854,38.81232311639201],[-77.1096274567851,38.81222290698834],[-77.10962228614322,38.81210163561842],[-77.109791160399,38.812092637945845],[-77.1098197132038,38.81209111670596],[-77.1109355065867,38.81199475876225],[-77.11152195181721,38.81194410992593],[-77.11240602548723,38.81186351638477],[-77.11318156180823,38.81179143024169],[-77.11319113842407,38.81179056681004],[-77.11319195396516,38.811790493562526],[-77.11316486709774,38.81164496388121],[-77.11325398624955,38.81163687804117],[-77.11378143789199,38.811589864140885],[-77.11393654651101,38.81157613637549],[-77.11394047181733,38.81157578993451],[-77.11327839244483,38.81085859628474],[-77.1131649716185,38.81057113589549],[-77.11312928502996,38.81048069033386],[-77.11259363828454,38.81022700265092],[-77.11256823965338,38.81021502329482],[-77.11235494543806,38.81011441712437],[-77.11235434521464,38.81011413433478],[-77.11233789673096,38.809996035271546],[-77.1122816029626,38.80992431517373],[-77.11229366769673,38.80966319160315],[-77.11212128340182,38.80936718174156],[-77.11215848627607,38.80919450801192],[-77.11221613125403,38.80892695653601],[-77.11204173580647,38.80851859050226],[-77.11197209737942,38.80821291591872],[-77.11155881382038,38.80801173298715],[-77.11098501404906,38.80760974012254],[-77.11096855980756,38.80760336569461],[-77.11035970196936,38.80717962277588],[-77.10947714081998,38.80652515905945],[-77.10946691093967,38.80651757163256],[-77.10408598886961,38.80738307906876],[-77.1026930998736,38.807599363733466],[-77.10034260156893,38.80748577001261],[-77.09948908732295,38.80741936661444],[-77.09744813358417,38.80699048790064],[-77.09716158331818,38.806930270299596],[-77.09712514905938,38.80692261349838],[-77.09509619879596,38.80649621193239],[-77.09289932500768,38.806034473481816],[-77.09178122149359,38.80594776053725],[-77.09142748188583,38.805920325128135],[-77.09102264143695,38.80588892429096],[-77.0742432134763,38.804586205881186],[-77.07414543992898,38.80457860726336],[-77.0741228437254,38.8045768514513],[-77.07395121136277,38.8047963130451],[-77.07395012105252,38.80479567092417],[-77.07383505446036,38.804727859966334],[-77.07364806378479,38.804720985427956],[-77.07355022834726,38.80471812008776],[-77.07346139485199,38.80471843548912],[-77.07341153964833,38.80471553630699],[-77.07313577362899,38.804699503400286],[-77.07303901783371,38.804693877621375],[-77.07286335503642,38.80467818951807],[-77.07272789518491,38.8046660931697],[-77.0725784888791,38.804652749427795],[-77.07245110002482,38.804641374424065],[-77.07235261462915,38.80463257728727],[-77.07227447088165,38.804625597996306],[-77.07217934511111,38.80461710287779],[-77.07208607331813,38.80460877259913],[-77.07200792730224,38.80460179400334],[-77.07197446915956,38.80459868206192],[-77.07184231708256,38.80459049185659],[-77.07154720681429,38.804573825992726],[-77.07128782748057,38.80455918112511],[-77.07102066992968,38.804544098574496],[-77.07074603447448,38.804528589154025],[-77.07048622762159,38.804513918381495],[-77.07019820841865,38.80449765266034],[-77.06992406632003,38.804473456695526],[-77.06966637722516,38.80445890271722],[-77.06938753521769,38.80444315412475],[-77.06910749605778,38.804435602488006],[-77.06897269396798,38.80442793351112],[-77.06883755654603,38.80442964105145],[-77.06870236611168,38.80443135049229],[-77.06856696876083,38.80442466483867],[-77.06843507120804,38.804424244646015],[-77.06830297597448,38.80443639925212],[-77.06817093080495,38.804438068983366],[-77.06811807794963,38.804438737490834],[-77.06803893631506,38.80443973738277],[-77.06791432597636,38.80445121620023],[-77.06778838816862,38.80445431419418],[-77.0676636396792,38.80446567303415],[-77.06753886690473,38.80447703504921],[-77.06739044486682,38.80449054882777],[-77.0672420643217,38.80450405752025],[-77.06709509648437,38.80452668655204],[-77.06694686484758,38.80454034264646],[-77.06681064675476,38.80456411080835],[-77.06667435928799,38.804587888776915],[-77.06653549180518,38.80460276153517],[-77.06640773040466,38.80462457838187],[-77.06626614341005,38.8046591080107],[-77.06613066323054,38.80468274475788],[-77.06600094396904,38.80470537782766],[-77.0658628587753,38.80473906503796],[-77.06574410205452,38.80476803763353],[-77.06562534061547,38.80479701095311],[-77.0655065952685,38.804825980746436],[-77.06542958035679,38.804844767262914],[-77.06538787419757,38.80485494080686],[-77.06538783016636,38.80485495468373],[-77.06525445038547,38.80489157458108],[-77.06520243413019,38.80490654299674],[-77.06520147060547,38.8049068204198],[-77.06519924361147,38.80490746169321],[-77.06512179939824,38.804929746582076],[-77.06498989014781,38.80496945643219],[-77.0649763576249,38.804973713699255],[-77.06494146095234,38.80498468844423],[-77.06485875029021,38.80501070267038],[-77.06472841122331,38.805053469466216],[-77.06472406946929,38.805054954281765],[-77.06470766704217,38.80506056298005],[-77.06470733198599,38.80506067780713],[-77.06463364265853,38.80505177032046],[-77.06450084661388,38.80507907790801],[-77.06433173378664,38.805113853124716],[-77.06430283166449,38.80511979621605],[-77.06418428193663,38.805164903224224],[-77.06415701139873,38.805175279138645],[-77.06389992834252,38.80527309726138],[-77.06255815230196,38.80584676279368],[-77.06255228154944,38.805849273005165],[-77.06252095924572,38.80586680836083],[-77.06070357799204,38.80684629173707],[-77.06215712741565,38.80705328584181],[-77.06244333856246,38.80713231152537],[-77.06256507949769,38.8072015479956],[-77.06259247162981,38.80722260292778],[-77.06274581900023,38.807340478115584],[-77.06283134334747,38.80740621816512],[-77.06287916274667,38.8074429755794],[-77.06693747385667,38.8105622773965],[-77.06738711844528,38.8109019648069],[-77.06758398859733,38.811054862408874],[-77.06763406502789,38.81109307156397],[-77.06780076305212,38.81122026284541],[-77.06856240055627,38.811801389709125],[-77.07155017573348,38.81405254719912],[-77.07155800857892,38.814056837405246],[-77.07158393466577,38.814071037651665],[-77.07179007349282,38.81418394733643],[-77.07187808854219,38.814328983080614],[-77.07529851380787,38.81740837143522],[-77.07532655704411,38.8174336169865],[-77.07532541577551,38.817434546427315],[-77.0753883203834,38.81749575334029],[-77.07542191509019,38.817521317635574],[-77.07580917762107,38.817877480574474],[-77.07581951499206,38.81788721831404],[-77.07593491228805,38.817991078885804],[-77.0759487441047,38.818003527646724],[-77.07596660721643,38.818019605718405],[-77.07599108359688,38.81804163555742],[-77.0759977816289,38.81803907254833],[-77.07659982306552,38.81858092625106],[-77.07679286455561,38.81875901849959],[-77.07680322939137,38.8187673834285],[-77.07683637357731,38.81879760516479],[-77.07745488874643,38.8193615796146],[-77.07785480357673,38.81972891284799],[-77.07789618250816,38.819766486738054],[-77.07850987995319,38.82032863644898],[-77.07880979601784,38.82060550736172],[-77.07922335402877,38.820993597557546],[-77.07956446511103,38.821317648029904],[-77.07962652266335,38.82137469429505],[-77.07982651670454,38.82155698546437],[-77.07993689447461,38.82165580786674],[-77.0800922175722,38.82178950118633],[-77.08033000337979,38.822013439346044],[-77.08084432235118,38.82245491839969],[-77.08122484166792,38.822739621917535],[-77.08160212440504,38.823010555430564],[-77.08224334574194,38.82342610003118],[-77.0823369393746,38.823486272797886],[-77.08333184514804,38.82412439838982],[-77.08360231970815,38.82429380406936],[-77.08403896109944,38.824581921574016],[-77.08469046901575,38.82501130691304],[-77.08521851216989,38.82536648166588],[-77.08553458517592,38.82558039612229],[-77.08560273443562,38.825626518202554],[-77.08643558549832,38.82619017902632],[-77.0868314617803,38.826459589199445],[-77.08727751486418,38.8268301308843],[-77.08727666279324,38.82683790482971],[-77.08728988110995,38.82684811855225],[-77.08740548681426,38.82693744555628],[-77.08757581509774,38.82706791344269],[-77.087829063126,38.827261895796404],[-77.08782977321573,38.82726379813669],[-77.08783031959499,38.82726354163445],[-77.08783768765386,38.82726007875681],[-77.08788335680487,38.827238346034214],[-77.0879041590404,38.82722844715634],[-77.08797070307888,38.82719300087283],[-77.08803747436677,38.82714611162715],[-77.08810690831325,38.82708780781916],[-77.08817401461403,38.827023753137695],[-77.08821343972376,38.82698146028476],[-77.08825262361195,38.82693942489114],[-77.08826370467875,38.826927538632866],[-77.0883012534876,38.82687838947867],[-77.08833621338788,38.82683684020979],[-77.08833938008877,38.826832069937026],[-77.0889384938509,38.82689897946725],[-77.08995476578531,38.826967201568365],[-77.09111704575044,38.82704659538693],[-77.09191618157116,38.82710146669592],[-77.0920983999466,38.82711233900923],[-77.09275335667598,38.8271514163536],[-77.09325472779555,38.82717865301676],[-77.09327686435458,38.8271802085331],[-77.09337394886673,38.82718736267332],[-77.09464959674007,38.827276637437905],[-77.09548915440405,38.827333623458344],[-77.09570899524772,38.82734862620277],[-77.09590882892142,38.82737810614055],[-77.09634446686869,38.82744236216095],[-77.09637823843599,38.82744735462695],[-77.09646861004005,38.827460686594165],[-77.09647631395171,38.827461822931134],[-77.09648266843296,38.82746275933529],[-77.09662882339435,38.82748431998182],[-77.09672929208975,38.82749962934731],[-77.09754759869675,38.827624318472544],[-77.09818225883784,38.827718501408846],[-77.09879254972054,38.827811872778106],[-77.09924671362815,38.82788201872952],[-77.09941582250691,38.82790814918489],[-77.0999122178648,38.827984375225554],[-77.09999867565227,38.82799647572011],[-77.100084857095,38.82800975489681],[-77.10017072885567,38.82802420965573],[-77.10025626571026,38.82803983429103],[-77.10034144126567,38.82805662398376],[-77.10042622916365,38.828074572113636],[-77.1005106029407,38.82809367746499],[-77.10059453859417,38.82811393074291],[-77.10067800973053,38.82813532712886],[-77.10076099000882,38.82815785910208],[-77.10087079708657,38.828189648252334],[-77.10101941745265,38.82823656021129],[-77.10107453151379,38.828254837939],[-77.10116696892973,38.828285493576665],[-77.10130896917916,38.82833488944682],[-77.10131342604315,38.828336396694624],[-77.1014586856264,38.82838936293917],[-77.10160694426907,38.82844589915242],[-77.10195179188884,38.82857226274255],[-77.10201818791802,38.82859617830612],[-77.10229686815109,38.8286982433201],[-77.10258404474077,38.82880244316983],[-77.10288801863696,38.828913342608004],[-77.10319232563154,38.82902368572159],[-77.10320751499732,38.829030228995364],[-77.10322236228932,38.829036357364025],[-77.10323734364965,38.82904228461353],[-77.10325245572884,38.82904800529823],[-77.10326769278652,38.82905351844879],[-77.10328305023403,38.82905882310967],[-77.10329852466916,38.82906391653741],[-77.1033141091827,38.829068798649786],[-77.10332980152393,38.829073466717105],[-77.10334559478355,38.82907792065715],[-77.10335229003941,38.82907970582962],[-77.10336148440781,38.8290821577128],[-77.10337746694209,38.829086177842896],[-77.10337938508658,38.82908663132284],[-77.10412762785488,38.829356454910496],[-77.10412843048009,38.82935693835501],[-77.10413001357517,38.8293578599332],[-77.10413161785331,38.829358758338714],[-77.10413324211048,38.82935963626008],[-77.10413488524755,38.829360490981365],[-77.10413654724704,38.82936132340328],[-77.10413822814404,38.82936213172446],[-77.10413992673442,38.82936291863331],[-77.10414164190165,38.82936368231475],[-77.10414337481483,38.82936442188164],[-77.10414512317085,38.829365137306624],[-77.10414688695215,38.829365829490506],[-77.10414866734538,38.82936649664539],[-77.10415046086085,38.82936714053179],[-77.10435982531475,38.82945096079073],[-77.10446959588968,38.82949766846083],[-77.1045783078769,38.829545868920064],[-77.10468592706737,38.829595544646615],[-77.10479242146721,38.8296466826497],[-77.10489776030373,38.829699266349515],[-77.1051918798984,38.82984975987152],[-77.10519533608779,38.8298268340312],[-77.10546010055079,38.82998610094764]]]},"properties":{"OBJECTID":153,"STDYAREA":"BNDRY","ELEM_":110,"MID_":null,"INT_":null,"HIGH_":null,"DISTRICT":null,"MOBILITY":null,"REGION1":null,"REGION2":null,"ELEM_DESC":"Douglas MacArthur","MID_DESC":null,"INT_DESC":null,"HIGH_DESC":null,"TRUSTEE":null,"ADD_SCHL1":null,"ADD_SCHL2":null,"ADD_SCHL3":null,"ADD_SCHL4":null,"ADD_SCHL5":null,"created_user":null,"created_date":null,"last_edited_user":null,"last_edited_date":null,"Creator":null,"Created":null,"Editor":null,"Edited":null,"Shape.STArea()":77475939.8443432,"Shape.STLength()":44013.043787726354}},{"type":"Feature","id":154,"geometry":{"type":"Polygon","coordinates":[[[-77.06769451341061,38.84375177410945],[-77.06766443604198,38.84375441986231],[-77.06753873741577,38.84376886426523],[-77.06745714481714,38.8437793808274],[-77.067413380134,38.843785020899084],[-77.06730122192243,38.843801054706],[-77.06729193529412,38.84380238197268],[-77.06728840226815,38.84380288662603],[-77.06725251344946,38.84380855880201],[-77.06725214157562,38.843811144490786],[-77.06781356501476,38.843821217762425],[-77.06839486328948,38.84383044240454],[-77.06883393687042,38.843848054112506],[-77.06904553331567,38.84386411023603],[-77.06950248574697,38.843898780627654],[-77.06952445891989,38.84390044758485],[-77.06967726716994,38.84391260666542],[-77.06989363104304,38.84392982391138],[-77.07034975029372,38.8439661070548],[-77.07087198773367,38.843951319549134],[-77.07134831306034,38.84393742505506],[-77.07181287589681,38.84392352425962],[-77.0721434954027,38.84391213851872],[-77.07254244711193,38.84386014465736],[-77.07291647826206,38.84380751762171],[-77.07385558462114,38.84368554789217],[-77.07430444919365,38.84362642706748],[-77.07430990007991,38.84362593378574],[-77.07490305695504,38.843572264267785],[-77.0753553622915,38.84354988402205],[-77.07577787202916,38.84354103853145],[-77.07604743972877,38.84354424777235],[-77.07631670030081,38.843554811607916],[-77.07660584966416,38.843577116602276],[-77.07688746751177,38.843622242463894],[-77.07704943419559,38.84363380023905],[-77.07716574759492,38.84366339004586],[-77.07717892163097,38.84369219806065],[-77.07717953403962,38.843693965935145],[-77.07726997640803,38.84371959139722],[-77.07737466804676,38.84374965547496],[-77.07740260238184,38.8437582791447],[-77.07742710297217,38.843764029515256],[-77.07745160350449,38.843769841144436],[-77.07747603948835,38.84377565468896],[-77.07750047789513,38.843781404290446],[-77.07752497801499,38.84378584195451],[-77.07754947862455,38.843791592299524],[-77.07757404057458,38.843794654055145],[-77.07760197716465,38.84379915406857],[-77.0776264785282,38.84380352956099],[-77.07765097827237,38.84380659144759],[-77.07767554029358,38.84380959191828],[-77.07770360280608,38.843811341940345],[-77.07772810487754,38.843814402938],[-77.0777526676277,38.8438160294568],[-77.0777771669523,38.84381771736727],[-77.07780522841604,38.843819404286],[-77.07782985407856,38.84381971616794],[-77.07787197892219,38.843820278800905],[-77.07789304149011,38.843820465514085],[-77.07791760377053,38.84382077841153],[-77.07793866697887,38.84381965334514],[-77.0779597301865,38.84381852827497],[-77.07798085435785,38.8438174661049],[-77.07800547958699,38.843816404000265],[-77.07802660458978,38.843813903920356],[-77.07804766624395,38.84381140306926],[-77.07806879281252,38.84381027784619],[-77.07809341720306,38.84380646602219],[-77.07811454218209,38.84380396682718],[-77.07813572899033,38.84380009082913],[-77.0781568558509,38.84379621680398],[-77.07817798044138,38.84379234094563],[-77.07819910608434,38.843788528162555],[-77.07822029286561,38.84378465304995],[-77.07824498018411,38.843779466210286],[-77.0782696675168,38.843774278464664],[-77.07829079280752,38.843769028650215],[-77.0783155430767,38.843762465910984],[-77.07833673057371,38.84375721594085],[-77.07835791881483,38.84375059022964],[-77.0783826068405,38.84374402852443],[-77.07840379382492,38.84373746585607],[-77.07842504309755,38.84373084087202],[-77.07844623088077,38.84372284119503],[-77.0784674820242,38.843714841380724],[-77.078488669719,38.84370690386045],[-77.0785099196223,38.84369896618883],[-77.07853110633157,38.8436909034174],[-77.07855241916424,38.843681590753974],[-77.07857016890227,38.843672152952436],[-77.07859135729802,38.84366284057701],[-77.07863748161905,38.843640028544776],[-77.07866229453691,38.84362802837492],[-77.078687169406,38.8436145279721],[-77.07870848206,38.843601090742574],[-77.07872985701562,38.843587590296366],[-77.07875466954849,38.843574153091886],[-77.07877598104395,38.84356071493531],[-77.07879735782966,38.84354584055474],[-77.07881873339394,38.843531027419964],[-77.07884010784063,38.843516153904346],[-77.0788614834051,38.84350133986096],[-77.07887210748993,38.84349458975804],[-77.0788828561891,38.84348515273663],[-77.07890423293017,38.84347027833636],[-77.07892210715072,38.84345396505996],[-77.07894710890227,38.84343096475055],[-77.07896504478583,38.8434133395343],[-77.07898648356752,38.84339433953245],[-77.07900442014922,38.84337533947334],[-77.07902235785531,38.84335634032611],[-77.07903673275729,38.84333871523538],[-77.07905473348855,38.84331827713269],[-77.07907267074879,38.84329790222615],[-77.07909060799885,38.84327752731677],[-77.07910504579606,38.84325852723284],[-77.07911948322696,38.843238090131976],[-77.07913398359463,38.84321627714393],[-77.07914835871777,38.84319590235159],[-77.07922473281886,38.84306358845571],[-77.07929404535115,38.84293671364656],[-77.07949348462617,38.84297071373631],[-77.0797769228578,38.84301946390374],[-77.08065880178005,38.84317021287949],[-77.08173668048623,38.84335621353491],[-77.08224762056808,38.84344477488359],[-77.08272355973342,38.843526088514174],[-77.08395537660813,38.843738650120784],[-77.08397287694224,38.84374158660335],[-77.08503675736058,38.84392327413277],[-77.08551613337009,38.84401008652737],[-77.0857435092479,38.844049899325526],[-77.08577350917207,38.84359852284408],[-77.08553438061953,38.84237089608747],[-77.08527287902841,38.84103039390145],[-77.08512950125507,38.840288580224765],[-77.08498293759864,38.83952889084734],[-77.08495081092863,38.839376078600246],[-77.08493437365765,38.839318266664165],[-77.08479581086117,38.83904607853995],[-77.08472481034786,38.83890789104677],[-77.08470168344036,38.838656391142344],[-77.08469305890462,38.83856013985035],[-77.08467287244838,38.83833613985348],[-77.08464449619404,38.83781820067404],[-77.08463593253796,38.837715013695814],[-77.08463443287445,38.83761344981717],[-77.08463299499202,38.83751038840527],[-77.08463499550479,38.83740745134206],[-77.0846369954206,38.837305888214225],[-77.08464730681416,38.837141262578406],[-77.0846570571335,38.837002699991146],[-77.08466674407404,38.836864136634645],[-77.08468005667673,38.83672419980387],[-77.08470036873271,38.836585761860164],[-77.08472061895644,38.83644876197729],[-77.08475636752355,38.83623769826058],[-77.08477568111726,38.83615007432182],[-77.0847949319046,38.836063822665814],[-77.0848176803458,38.83597626085682],[-77.08484049387887,38.835890010706315],[-77.08486674289489,38.83580244784871],[-77.08491530650768,38.83565469682672],[-77.08500018093645,38.83544700924086],[-77.08515443020767,38.83510150834327],[-77.08516899336868,38.83507557172735],[-77.08518005537067,38.835048258599564],[-77.08519111789973,38.835022321224606],[-77.08520218103678,38.83499500810828],[-77.08520974299564,38.83496900871215],[-77.08522080494801,38.834941696480534],[-77.08522830645605,38.83491432150766],[-77.08523593123554,38.834886945317294],[-77.08524349499291,38.83485950892816],[-77.08525099410748,38.834832196090076],[-77.08525862000346,38.83480482081232],[-77.08526268084029,38.83477738364006],[-77.08526674390427,38.83475000865975],[-77.08527080650116,38.834721195760494],[-77.08527480505026,38.834693820902906],[-77.0852793685217,38.83463894510849],[-77.08528811831356,38.834553945222495],[-77.08529280510713,38.83449356972347],[-77.08529527504484,38.83447917441622],[-77.08529680537396,38.83447025725957],[-77.08529773346292,38.834422454230044],[-77.08529843138794,38.83438650760561],[-77.08529941499656,38.834370378075576],[-77.08530361841775,38.834301444947485],[-77.08530174269575,38.83421769452397],[-77.08529993091308,38.834132570022575],[-77.08529236726412,38.833982756577505],[-77.08529905051472,38.83386922666741],[-77.08530286695083,38.8338043818746],[-77.08529011671283,38.83356119378314],[-77.08527361528941,38.83315044352378],[-77.08523579808869,38.832261958771205],[-77.08523280231931,38.832191565780505],[-77.08523349743491,38.832157223692896],[-77.08523455273301,38.832105128249864],[-77.0852721837499,38.83198622601206],[-77.08527567704802,38.83197519095902],[-77.08527402481471,38.831892262144095],[-77.08526686332544,38.831532939642415],[-77.08525805135159,38.83108937741805],[-77.08525917589219,38.831033064554354],[-77.085263736749,38.83097825175046],[-77.08526836399851,38.8309219396663],[-77.0852729877308,38.83086568880345],[-77.08528111232658,38.83081087661255],[-77.08528923752418,38.83075468867886],[-77.0853008624231,38.83069993940238],[-77.08530898706957,38.830645064142146],[-77.08532411288988,38.83058900113622],[-77.0853356756422,38.83053418803923],[-77.08535086192838,38.83047943844042],[-77.08538086223939,38.83038093803797],[-77.08539948777364,38.83032350091384],[-77.0854182376989,38.830266062582865],[-77.0854404256793,38.83020868821287],[-77.08546261256326,38.83015125075872],[-77.0854883002872,38.830095250165094],[-77.08551398786274,38.83003931353116],[-77.08553961215378,38.82998331306217],[-77.08556886226727,38.82992737430647],[-77.0856234875286,38.82982643714505],[-77.08591879958665,38.82927112276336],[-77.08604280023444,38.82903374731328],[-77.08621398830326,38.82871862250209],[-77.08633955153576,38.82876268514244],[-77.08639386440886,38.82867962138977],[-77.08644080123466,38.82861287144641],[-77.08648773847925,38.828547558503224],[-77.08653817708301,38.82848224626963],[-77.08658861387201,38.828418308841044],[-77.08664248975558,38.8283544335318],[-77.08668574101864,38.828300057787075],[-77.0867109907174,38.82826599516454],[-77.08674323965897,38.82823205827045],[-77.08677198942462,38.82819812157348],[-77.08680067767227,38.82816549500983],[-77.08683292769558,38.82813430780141],[-77.08686517823938,38.828101746642886],[-77.08688305254807,38.82808543396556],[-77.08689736611348,38.828070495602155],[-77.0869330529187,38.82803937047217],[-77.08696530284553,38.82800818232571],[-77.08700099023197,38.82797837076631],[-77.08703661526395,38.82794868277639],[-77.08707236539757,38.82792024499771],[-77.08711149129688,38.82789187037509],[-77.08714717803934,38.82786343181073],[-77.08718636598843,38.82783512007603],[-77.08722549123695,38.82780812025662],[-77.08726461706662,38.827782494378916],[-77.0873144916118,38.82774736943695],[-77.0873394293432,38.82772849473107],[-77.08736786627206,38.827709556730646],[-77.08739980387585,38.82769211949862],[-77.087428241837,38.827673244562625],[-77.08745667982487,38.82765711931713],[-77.08748861630332,38.82763961988221],[-77.08751699206505,38.82762349477425],[-77.08754892904116,38.8276074323432],[-77.08758080389251,38.82759130699031],[-77.0876126803919,38.82757661956367],[-77.0876445557267,38.82756193211447],[-77.08767642998569,38.827547181577295],[-77.08770830536531,38.82753243194605],[-77.0877402423283,38.827519118259445],[-77.08777211888751,38.82750711832225],[-77.08780743165646,38.82749380650145],[-77.08783924362032,38.82748186883532],[-77.0878746192565,38.82746986863213],[-77.0879035402331,38.82746126931464],[-77.08783493003467,38.82727760327168],[-77.08782977321573,38.82726379813669],[-77.087829063126,38.827261895796404],[-77.08757581509774,38.82706791344269],[-77.08740548681426,38.82693744555628],[-77.08728988110995,38.82684811855225],[-77.08727666279324,38.82683790482971],[-77.08726896351892,38.82683736256859],[-77.08163545860246,38.82644039034352],[-77.08055273249394,38.82633667859083],[-77.07883686325665,38.826058848301166],[-77.07879378280117,38.82616726504131],[-77.07876086928395,38.82629858543946],[-77.07870945353805,38.82652144537796],[-77.07865164307597,38.82653394952737],[-77.07850671893681,38.826565295051374],[-77.07849533796124,38.826567757334615],[-77.07849590236208,38.826569326420106],[-77.07850646162179,38.82659871450653],[-77.07854557451132,38.82670757176133],[-77.07855342425776,38.826717731364994],[-77.07855652372676,38.826721743002025],[-77.07868630675006,38.82688970434464],[-77.07868864396129,38.82689062189035],[-77.0786909159504,38.826891634146925],[-77.07869311818283,38.82689273745553],[-77.07907402921587,38.82697739612959],[-77.07902351069787,38.82711763454139],[-77.07909328002553,38.82727470146667],[-77.07910803578423,38.82730791978901],[-77.07916220514181,38.827429860717906],[-77.07923780929244,38.827600061064096],[-77.07923453879314,38.82760067285593],[-77.07923128471093,38.82760132809207],[-77.0792280447071,38.82760202854608],[-77.07922482227191,38.827602772458356],[-77.07921936216763,38.827604144270126],[-77.07924135479746,38.827719027648456],[-77.0792446599117,38.827718471233375],[-77.07924798972834,38.827718005212404],[-77.07925133616905,38.82771763038856],[-77.07925469921602,38.8277173476626],[-77.0792580708087,38.82771715693698],[-77.07926144866188,38.827717057282996],[-77.07926483041906,38.8277170513751],[-77.07926821039406,38.827717135540524],[-77.07927158390956,38.827717313326545],[-77.07927494751102,38.827717584691186],[-77.07927829666373,38.82771794597595],[-77.07928162904678,38.82771839805357],[-77.07928493773342,38.82771894174115],[-77.07928822160775,38.827719575223284],[-77.07929147260923,38.82772029840244],[-77.0792946907735,38.8277211094771],[-77.07929787151237,38.82772200749076],[-77.07930101021978,38.827722992387685],[-77.07930410232535,38.827724062310644],[-77.07930714556177,38.82772521543031],[-77.07931013534079,38.827726450790166],[-77.07931306824351,38.82772776654693],[-77.07931593851242,38.82772916263089],[-77.07931874733472,38.82773063725455],[-77.07932148672106,38.8277321867174],[-77.07932415784077,38.82773381013259],[-77.07932675268688,38.82773550470043],[-77.07932927129487,38.827737268619366],[-77.07933170905882,38.82773910183371],[-77.07933406376476,38.82774099981188],[-77.07933633312753,38.82774296162528],[-77.07933851378166,38.82774498272835],[-77.07934060112116,38.827747063065466],[-77.07934264462261,38.82774862302343],[-77.07960880283531,38.82795176208667],[-77.07966302360431,38.82799314579984],[-77.07969840796044,38.828020152090055],[-77.07973617967514,38.82804898015323],[-77.079752652676,38.82806155316776],[-77.07976374400563,38.82807001758479],[-77.0797849616694,38.82809409909383],[-77.07980763478838,38.82811983253629],[-77.07981899332748,38.82813272384738],[-77.0798164017789,38.82813493765315],[-77.07978369806341,38.828162876761496],[-77.07971534401607,38.82822127168166],[-77.07963033098302,38.82829389815763],[-77.07957900813201,38.82833774427009],[-77.07957859104609,38.828338100502805],[-77.07957687467048,38.828339566296144],[-77.07957994276865,38.82834668399989],[-77.07959420953674,38.828379781907984],[-77.0796303582021,38.82846365012832],[-77.07963660561026,38.82847814545099],[-77.07963911539588,38.828483967135675],[-77.07964525269777,38.828498206156205],[-77.07965379841134,38.828518034990424],[-77.0796571451026,38.82852580114383],[-77.07969190860216,38.82860645149975],[-77.07970202188923,38.828630358983176],[-77.07970548468857,38.82863854458102],[-77.07970825425903,38.828645091969946],[-77.07972814523617,38.82869211453919],[-77.07972947441917,38.82869525872453],[-77.0797308047538,38.82869840292383],[-77.07976378549786,38.828776371171735],[-77.07937407284624,38.82885434878857],[-77.07960441617328,38.82898128069019],[-77.0796369198863,38.82908091825255],[-77.07970883308437,38.829078465002084],[-77.07972780823636,38.829101393184615],[-77.07976560560279,38.82914706389505],[-77.07980618949954,38.82919609912635],[-77.07976456374436,38.829203755281604],[-77.07940610862993,38.829269695307254],[-77.0794367609533,38.82936381651527],[-77.07943731337302,38.8293656440223],[-77.0794379413019,38.829367439108225],[-77.0794386502482,38.82936921445297],[-77.07943943789101,38.829370970929396],[-77.07944030203419,38.82937270310526],[-77.07944124381143,38.829374411895195],[-77.07944226214252,38.82937609368235],[-77.07944335357276,38.82937774842487],[-77.07944452051227,38.82937937074625],[-77.07944575608745,38.82938095876136],[-77.079447063735,38.829382513412796],[-77.07944843888455,38.829384032843336],[-77.07944988164294,38.82938551164849],[-77.07945138852,38.829386951588],[-77.07945295843538,38.82938834904492],[-77.07954733285277,38.82953951757803],[-77.07956835827815,38.8295375854588],[-77.0795703314779,38.82953734536334],[-77.07957348127137,38.8295370753624],[-77.07958990469257,38.82953691556593],[-77.0796317500309,38.829536511172016],[-77.07975847043026,38.829535281602105],[-77.07988522538926,38.82953405141264],[-77.07993814129944,38.82969104258755],[-77.07998305557166,38.8298242806685],[-77.08020471462234,38.82977851397148],[-77.08026364836154,38.829908542081974],[-77.08032283178898,38.83003911825142],[-77.08038007848546,38.83016542027551],[-77.08041019020955,38.83023185567203],[-77.08047517667151,38.83037917311687],[-77.08036177191997,38.83038269079645],[-77.08032020003535,38.83038397899232],[-77.07979282337136,38.8304003317414],[-77.07969991973924,38.830406653772386],[-77.07969641977353,38.83040668979701],[-77.0797285718733,38.83050166512532],[-77.07988363019906,38.8310047056467],[-77.07991182610971,38.83117667864051],[-77.07992363972075,38.8312894114599],[-77.07993442397509,38.831454308511],[-77.0799246347451,38.831594240863],[-77.07991498005723,38.831727310503794],[-77.0798917037592,38.83188587705624],[-77.07988833050594,38.83188538486243],[-77.07970215025085,38.83247982794216],[-77.07958985072128,38.832838375579115],[-77.07765113821817,38.83288909590319],[-77.07764679204796,38.832998824837716],[-77.07763468709551,38.83333460887927],[-77.07763449553568,38.833339917654975],[-77.07752157659098,38.833342157383655],[-77.07751403920012,38.83334230748134],[-77.07750231080298,38.83334254012151],[-77.07743855356057,38.833344098984654],[-77.07731278507839,38.83334717020138],[-77.07730335353915,38.833347401834345],[-77.07729392201774,38.83334763256582],[-77.07714726804792,38.833351209921936],[-77.0771015348825,38.83335232672214],[-77.07709226123592,38.83335255394581],[-77.07708298875875,38.833352780281956],[-77.0770264815628,38.83335415653727],[-77.07698517149748,38.83335516204696],[-77.07689130359812,38.8333574483688],[-77.07688180294242,38.83335768003081],[-77.07687229998344,38.83335791166407],[-77.07668166911567,38.833362561560925],[-77.07667015399925,38.83336284265308],[-77.07666055883956,38.833363076754814],[-77.07665971986836,38.833363097212235],[-77.07663891243413,38.83336425665028],[-77.07663884430409,38.83336350983769],[-77.07651291528285,38.833365843076194],[-77.0765128334836,38.833365843885915],[-77.07646942174577,38.83336664893868],[-77.07644921849038,38.833367022835745],[-77.07626855639505,38.83337036947836],[-77.0762444986987,38.83337081460587],[-77.07606004317988,38.833374232932805],[-77.07602603882152,38.83337486275526],[-77.07601543075108,38.83337505928793],[-77.075968753423,38.83337592273677],[-77.07586173013314,38.833377905360926],[-77.07584850058366,38.83337815025244],[-77.07582877897609,38.83337851547225],[-77.07579874543632,38.83337907178601],[-77.07579075195122,38.833379218941154],[-77.07568013924019,38.833381267757325],[-77.07562267403901,38.83338233259558],[-77.07561949830189,38.833382391355364],[-77.07553234062183,38.83339619919239],[-77.07545471122025,38.83340849820762],[-77.07544287994261,38.83341037362692],[-77.07532303601928,38.83344046113552],[-77.0752053984929,38.83346999329522],[-77.07517444883007,38.83347776394558],[-77.0750073065334,38.833519734336],[-77.0749700432067,38.83352908061523],[-77.07480995557998,38.833569269617534],[-77.07476652291561,38.83358017343624],[-77.07460053911946,38.83362184379028],[-77.07457064628274,38.83362934782375],[-77.07439737251745,38.83367284837521],[-77.074305268552,38.833695970509496],[-77.07420181702162,38.83372235670174],[-77.0740014121479,38.83377347254089],[-77.07379923329938,38.83382504128384],[-77.07359735173392,38.833876532209075],[-77.07354766092656,38.833889211873284],[-77.07339916425586,38.83392708115314],[-77.07331602811452,38.833948295199285],[-77.07325617939188,38.83396354960454],[-77.07321826299075,38.83397258016902],[-77.07319262623626,38.833978685065986],[-77.0731361086773,38.833992144673005],[-77.07302258159154,38.834019182155394],[-77.07285101713632,38.83406004072016],[-77.07281390850329,38.83406887736291],[-77.07266800284727,38.83408808702339],[-77.0725068337902,38.83410930647026],[-77.07248834249279,38.83411174116289],[-77.07225232690983,38.83405349241555],[-77.07221064079036,38.83404320457175],[-77.07220473755254,38.83404174709382],[-77.07215274485256,38.8341531855519],[-77.07213094813453,38.8341999031186],[-77.07206343663695,38.83434460050339],[-77.07205737718793,38.8343575410039],[-77.07198563795814,38.83451127208494],[-77.07198187912563,38.8345193321977],[-77.07193450041066,38.83462085858333],[-77.07191899377987,38.83465408974286],[-77.07186354017625,38.83477292600093],[-77.07183884600965,38.834825841927184],[-77.07181740150239,38.834871799713376],[-77.07179731750124,38.834914797312486],[-77.07178788726982,38.834934987267346],[-77.0717737491719,38.83496525471779],[-77.0717661910014,38.834981437502606],[-77.07175059105536,38.83501483508011],[-77.0717179545463,38.835084706607816],[-77.07166160627902,38.83520534368923],[-77.07164163394141,38.83524810386776],[-77.07155369345273,38.835436350202045],[-77.0715457454239,38.835453364308734],[-77.07147235393221,38.835610479642924],[-77.0714398661185,38.83568002945883],[-77.07141187086869,38.83573996135093],[-77.07138438092858,38.83579881013846],[-77.07122174731326,38.835569260342446],[-77.07110070304425,38.83539840991171],[-77.0710098112454,38.83527011886525],[-77.07112597233719,38.83519931027817],[-77.0711984044938,38.83508127298472],[-77.0708544756161,38.8349293728943],[-77.07055255294364,38.83481712518326],[-77.0703767648085,38.83473845280169],[-77.07037693649723,38.834896437427474],[-77.06998738504797,38.83493525167526],[-77.06983434794776,38.834472338159884],[-77.06961358113523,38.83427467394205],[-77.06932511707957,38.83416688185933],[-77.06918408105936,38.83416010548736],[-77.06897180140007,38.834238016355926],[-77.06848840144696,38.83453419373205],[-77.06787947709289,38.834610521848575],[-77.06765071619274,38.83463793727001],[-77.06755292435136,38.83461202886242],[-77.06680021249228,38.83591136050107],[-77.06654838492202,38.836214475838034],[-77.0663712407344,38.836391242747844],[-77.06602657051221,38.83667494078474],[-77.06514475457149,38.837404239563455],[-77.06464595879817,38.83794187058145],[-77.06437725753624,38.8383150770226],[-77.06432453804584,38.83838830109494],[-77.06433376574874,38.838394266542345],[-77.06493497862118,38.83878293902753],[-77.06582165227529,38.839195519488115],[-77.06585063945347,38.83920900773279],[-77.06592869842991,38.839245329195414],[-77.06654398496637,38.83953162711723],[-77.06686541108427,38.83968118626215],[-77.0675029380486,38.84016049884956],[-77.06762866802978,38.8402550247808],[-77.06772679255053,38.84032879639514],[-77.06773359975553,38.840331794033006],[-77.0679930587797,38.84044609285169],[-77.06797328009007,38.840468623939834],[-77.06787193686532,38.84058407391666],[-77.06781197692487,38.84073201067212],[-77.06782550927805,38.84076499107221],[-77.06788470563376,38.84090925441598],[-77.0682226087357,38.841731330554964],[-77.06816823972979,38.84199967542477],[-77.06810204040235,38.842115530858344],[-77.06776161078169,38.842261518759464],[-77.06744558580817,38.84254217108773],[-77.06765704119888,38.842780229093734],[-77.06767439236617,38.84286098476477],[-77.06769451341061,38.84375177410945]]]},"properties":{"OBJECTID":154,"STDYAREA":"BNDRY","ELEM_":120,"MID_":null,"INT_":null,"HIGH_":null,"DISTRICT":null,"MOBILITY":null,"REGION1":null,"REGION2":null,"ELEM_DESC":"Charles Barrett","MID_DESC":null,"INT_DESC":null,"HIGH_DESC":null,"TRUSTEE":null,"ADD_SCHL1":null,"ADD_SCHL2":null,"ADD_SCHL3":null,"ADD_SCHL4":null,"ADD_SCHL5":null,"created_user":null,"created_date":null,"last_edited_user":null,"last_edited_date":null,"Creator":null,"Created":null,"Editor":null,"Edited":null,"Shape.STArea()":23339467.407746103,"Shape.STLength()":27116.091071299492}},{"type":"Feature","id":155,"geometry":{"type":"Polygon","coordinates":[[[-77.06337861372185,38.844950916600474],[-77.06340673965168,38.84495129056065],[-77.06343130124978,38.84495154160848],[-77.06345936379601,38.84495191658227],[-77.06348392647243,38.84495222889684],[-77.0635120524309,38.84495110455368],[-77.06354017708897,38.84495010271697],[-77.06356480180422,38.844949041826396],[-77.06359286536222,38.84494804193222],[-77.06361755220415,38.84494560333866],[-77.06364567898544,38.844943228456195],[-77.06367386461552,38.844940791220694],[-77.06369836594315,38.84493835394393],[-77.06372655259707,38.84493454095906],[-77.06375124155458,38.84493072931686],[-77.06377942811105,38.84492697848362],[-77.06380411576765,38.84492179196611],[-77.06382880356631,38.84491654057689],[-77.0643934312969,38.84477660273041],[-77.06461930586352,38.84471891496113],[-77.06471010326595,38.84469695823797],[-77.06470041356535,38.8446724555696],[-77.06458085379539,38.84437211181052],[-77.06451320001686,38.84423812868627],[-77.06448709738311,38.844185960739544],[-77.06448631953603,38.84418418536633],[-77.06448035115949,38.844172009023715],[-77.06387200777856,38.84268769703494],[-77.06385993072456,38.842658229666945],[-77.06383714857598,38.84260264162257],[-77.06320097185453,38.84105034137793],[-77.06321844824095,38.84066321524149],[-77.06323086529189,38.84047425509962],[-77.06326014557462,38.84030576373911],[-77.0634749225125,38.839930169177016],[-77.06432453804584,38.83838830109494],[-77.06437725753624,38.8383150770226],[-77.06426413606124,38.838238886491176],[-77.0642614531495,38.83823681301934],[-77.06422108074368,38.83820546700363],[-77.0642035449457,38.838191851749784],[-77.06415940432217,38.838157579276],[-77.06413850181251,38.838141350611565],[-77.06410205675888,38.838117941321755],[-77.06399859927866,38.83805161613661],[-77.0638763084135,38.83797580404789],[-77.06378717486525,38.83792087257238],[-77.06372043107125,38.83788032120301],[-77.06370353410492,38.837869848997144],[-77.06362104394105,38.83781768982834],[-77.06354546410846,38.83776825315737],[-77.06345999958722,38.83771017696328],[-77.06344996106463,38.83770334831983],[-77.06335685902903,38.83763872235412],[-77.06333222129247,38.837621619845464],[-77.06327943478888,38.8375836698264],[-77.06321632454156,38.837538297504],[-77.06307124484496,38.837429758727595],[-77.0629725002101,38.83735310053659],[-77.06280376744871,38.83721566661868],[-77.06276190987448,38.83718128911245],[-77.06269694877597,38.837127936634346],[-77.0626886633862,38.83712123660521],[-77.06261694212269,38.83706320103832],[-77.06258944856188,38.83704071714874],[-77.06257643246629,38.837030148151115],[-77.06256267113841,38.837020151138304],[-77.0625488591571,38.83701021026339],[-77.0625348290945,38.83700046042025],[-77.06252058206609,38.83699090342439],[-77.06250612494583,38.83698154116192],[-77.06249146109833,38.836972378178636],[-77.06247659390651,38.83696341811971],[-77.06246153028017,38.836954661069676],[-77.06244627243245,38.83694611156044],[-77.06243082723705,38.836937771477885],[-77.06241519809478,38.83692964356651],[-77.06240204010088,38.83692305681625],[-77.06239938957609,38.836921729684114],[-77.06238340736712,38.83691403350414],[-77.06236725490457,38.83690655596948],[-77.06235093904424,38.8368992998669],[-77.06233446316877,38.836892268841645],[-77.06231951263666,38.83688614934106],[-77.06231783303642,38.83688546296414],[-77.06230105321754,38.83687888409219],[-77.06228412938005,38.836872536799994],[-77.06226507569332,38.8368657255527],[-77.06203716727552,38.83677136441607],[-77.06194539581963,38.836733368586806],[-77.06194382266249,38.8367327168438],[-77.06186317109363,38.83669890967442],[-77.06164679334266,38.836608978480434],[-77.06162300524574,38.83659906749437],[-77.0616064097227,38.83659232320276],[-77.06158175186069,38.83658230064223],[-77.06154429659571,38.83656707680533],[-77.06153367017332,38.83656275804443],[-77.06151771570609,38.83655627296229],[-77.06141214584015,38.83651390735438],[-77.06140807763839,38.83651221956015],[-77.06140463349259,38.836510718704304],[-77.06140093124397,38.83650904890963],[-77.06139726687707,38.83650732822499],[-77.06139364152534,38.83650555756515],[-77.06139005632244,38.836503737844986],[-77.06138651242003,38.83650186907865],[-77.06138300981814,38.83649995126613],[-77.06137955189942,38.836497988052706],[-77.0613761375664,38.83649597672197],[-77.06137319012383,38.836494177432],[-77.06121326552348,38.836459687294834],[-77.0604552374368,38.83540943912147],[-77.06017703740937,38.834575328221995],[-77.06010375873065,38.834158023630586],[-77.05962317281748,38.83153141099958],[-77.05960608992604,38.83143804102842],[-77.05959803791897,38.831394031570895],[-77.05954246274277,38.831111650370396],[-77.05953669727137,38.83107958046574],[-77.0593860035282,38.83151785965977],[-77.05922993540699,38.83194708295348],[-77.05909378579216,38.83233032900457],[-77.05909362710298,38.83233077482964],[-77.05897690206223,38.832659338050604],[-77.05889870046776,38.83288218522791],[-77.0588626255254,38.83296319015423],[-77.05886254590465,38.832963369367015],[-77.05793961177307,38.83225074989832],[-77.05712499645692,38.83157170872978],[-77.05655540802563,38.831094281715394],[-77.05632497914358,38.83111703890208],[-77.05587630490723,38.83115970077038],[-77.05353043144589,38.83138272900577],[-77.05121327109096,38.831615277240516],[-77.05121320485917,38.83161473494959],[-77.05108754826107,38.83162716916545],[-77.05109670924358,38.83174833533732],[-77.05110533826667,38.831824513913155],[-77.0511151579135,38.83191121591196],[-77.05116895986318,38.832386267446246],[-77.05116904515155,38.83238689286011],[-77.05116997420386,38.832393938976445],[-77.05116797173744,38.83239407913014],[-77.05091172121081,38.832415178071415],[-77.04984396755698,38.83250308619315],[-77.04854957932542,38.83261004450406],[-77.04781016896078,38.832669958375995],[-77.04781297074807,38.8327238692061],[-77.0472831647299,38.83270020951376],[-77.04702859170206,38.83268884046272],[-77.04702350258295,38.83276830830019],[-77.04702248099444,38.83278423984122],[-77.04700786750934,38.83295936480596],[-77.04699122007537,38.83313435916923],[-77.0469725327557,38.83330923096542],[-77.04695181132675,38.83348392170328],[-77.04691209623802,38.83382959188901],[-77.04687155573974,38.83417521848259],[-77.04683018672993,38.834520783425766],[-77.04681787248315,38.834623530707916],[-77.04679385232217,38.83482394871149],[-77.04675982200823,38.835127256018055],[-77.04672809099175,38.8354307160992],[-77.04671781848684,38.83553603923434],[-77.04670954761477,38.8356414376052],[-77.04670329087008,38.835746920376444],[-77.04669904418374,38.83585246137005],[-77.0466968090444,38.8359580443875],[-77.04669658143791,38.83606364054861],[-77.0466983699269,38.83616922563352],[-77.04670216830316,38.836274765328874],[-77.04670833614395,38.836376097176434],[-77.04671652140144,38.8364773539957],[-77.046726721322,38.83657850151585],[-77.04673893532768,38.83667951179945],[-77.0467531547606,38.83678035771008],[-77.04676938107265,38.836881024849475],[-77.04678603971756,38.83697348154214],[-77.04680454361412,38.8370657205224],[-77.04682489669807,38.83715771841329],[-77.046847087861,38.83724945525521],[-77.04687111515267,38.83734091390493],[-77.04689697578115,38.83743206189218],[-77.04692466282502,38.837522900031125],[-77.0469579651129,38.83762754090962],[-77.0469936636578,38.83773166456147],[-77.04703174923779,38.83783527177126],[-77.04707221107489,38.83793832636508],[-77.04711503274186,38.83804078669314],[-77.04716482368342,38.83815225090389],[-77.04721682960783,38.838263108234365],[-77.04727103750585,38.838373318878645],[-77.04732737849743,38.83848275764954],[-77.04732741283242,38.83848282564601],[-77.04732745733206,38.83848290367873],[-77.0474352219009,38.83867890183052],[-77.04754506399577,38.838874333650125],[-77.04765691011625,38.839069074791595],[-77.04777075268724,38.839263101730545],[-77.0478866116869,38.839456452548376],[-77.04803689942753,38.839711036243756],[-77.0481878573323,38.83996534510833],[-77.0483395133432,38.84021942182991],[-77.04846622881044,38.84043286236161],[-77.0485928001387,38.84064634690249],[-77.0487192388075,38.8408598773969],[-77.0488176440368,38.84102884871],[-77.04883461167438,38.8410579826636],[-77.04895008889952,38.84126321021597],[-77.048960558876,38.841281821784555],[-77.04897334565432,38.841305785719726],[-77.04897359874344,38.84130625914553],[-77.04897747032112,38.84131351372378],[-77.0490371760346,38.84132129545322],[-77.04910723993922,38.841331733263985],[-77.04917724039706,38.84134223331511],[-77.04924367754192,38.84135542096845],[-77.04928911531469,38.84136698319754],[-77.0493380540415,38.841378546333196],[-77.04938342952876,38.84139017082221],[-77.04942880280392,38.84140304578762],[-77.04947417839874,38.84141592076393],[-77.04952305346228,38.8414302958072],[-77.04954032885631,38.841435720395815],[-77.04956647400644,38.841447225197534],[-77.04961877233923,38.84147023758519],[-77.04970433062279,38.841487138924585],[-77.04972262299043,38.84149075252485],[-77.04981900600194,38.84153090325485],[-77.04991223465028,38.841568899498874],[-77.04998982921069,38.84159276119976],[-77.05006332742838,38.84160942769745],[-77.05013356016676,38.84162036790449],[-77.05020148032851,38.841626541398504],[-77.05027806443879,38.84162845404839],[-77.0503507510916,38.841625356069414],[-77.05042750592163,38.84161681698543],[-77.05050126547022,38.84160331535792],[-77.05057225949294,38.84158511080112],[-77.05064339130143,38.84156127785491],[-77.05071017817347,38.84153319728602],[-77.05079293225994,38.841489403915695],[-77.05138600642984,38.841084782788776],[-77.052057742752,38.840637889742574],[-77.05224824980574,38.840541229614765],[-77.05229075051571,38.84052254283902],[-77.05231562574271,38.84051047958397],[-77.05238293825988,38.84047972963366],[-77.0524002876743,38.84047485503433],[-77.05241118740399,38.84047179198524],[-77.05243943762973,38.84046254345846],[-77.05245000021989,38.84045991771431],[-77.0524537006542,38.84045910654603],[-77.05246543603471,38.840456534906195],[-77.05246768775598,38.840456041925904],[-77.05247125319497,38.840454898442886],[-77.05249243712095,38.840448104341924],[-77.05252068842444,38.84044022976063],[-77.05254887628777,38.84043373014371],[-77.05257706304259,38.840428542292244],[-77.05260531312483,38.84042204162725],[-77.05263350205496,38.84041691685575],[-77.05266168879709,38.84041172898393],[-77.05268987654925,38.84040660508542],[-77.05271806426519,38.84040285423026],[-77.05274625212924,38.84039766725307],[-77.05275921965209,38.84039671897581],[-77.05277787719949,38.840395354341744],[-77.05279558207135,38.84039295988279],[-77.05280606383765,38.84039154218759],[-77.05282514338468,38.840389930482736],[-77.05283419041662,38.84038916630428],[-77.05286231580571,38.84038679220152],[-77.05287085201337,38.84038605235443],[-77.05289044017861,38.840384354111904],[-77.05290253918925,38.84038397262092],[-77.05292212746697,38.84038335461564],[-77.05293346857496,38.84038239617781],[-77.05295025173544,38.840380978676144],[-77.05296686244193,38.84038120148105],[-77.05297831478003,38.84038135438277],[-77.05300038533433,38.84038052100706],[-77.0530064402174,38.840380292031924],[-77.05300904273817,38.84038039799418],[-77.053055565835,38.84038229142153],[-77.05308256824124,38.84038259276325],[-77.05308362782986,38.84038260492435],[-77.05308550783116,38.840382721798996],[-77.05311175306139,38.840384353515226],[-77.05313012461416,38.84038546111517],[-77.05313975280463,38.84038604108958],[-77.0531423608181,38.84038633181173],[-77.0531677546737,38.84038916660247],[-77.05318672458984,38.84039030769703],[-77.05319581546058,38.840390854915874],[-77.05320228599845,38.84039189418856],[-77.05322381500795,38.8403953534371],[-77.05325181700323,38.84039841586482],[-77.05327271793715,38.84040074387586],[-77.05327987877075,38.84040154208908],[-77.0532877347368,38.840402945299914],[-77.05330437990409,38.840405917285466],[-77.05333237946414,38.840410415780816],[-77.05336037903585,38.8404162287581],[-77.05338755160633,38.84042060623034],[-77.05338831635677,38.840420729175726],[-77.05338903751391,38.84042090023524],[-77.05339069323902,38.84042122786635],[-77.0534176760167,38.840426963429465],[-77.0534283980585,38.84042940020859],[-77.05344178284197,38.840432441907815],[-77.05344452699126,38.84043306585118],[-77.05347123696751,38.84043953411729],[-77.05349779909,38.840446365440535],[-77.0535104717469,38.84044981729817],[-77.05352420531537,38.84045355882096],[-77.05353001341497,38.84045522958736],[-77.05355044535109,38.840461110527954],[-77.05357651459076,38.84046902050489],[-77.0536024027782,38.84047728321983],[-77.05362810181542,38.84048590037495],[-77.05364330622464,38.840490913232266],[-77.05380869619286,38.84054545051712],[-77.05390122332975,38.840578163480444],[-77.05399300749067,38.84061213575611],[-77.0540840189708,38.84064735526745],[-77.05417423152008,38.840683809980504],[-77.05481271349139,38.84090076054582],[-77.05492858677609,38.84094108847427],[-77.05515663177587,38.84102045600492],[-77.05524288979191,38.84105047706103],[-77.05524293450819,38.84105037310108],[-77.05524515093362,38.84104522261601],[-77.05532856040931,38.84107528602743],[-77.05536687048071,38.84109084848382],[-77.05538087180658,38.8410968661816],[-77.05548524510631,38.841141724344055],[-77.05548751277856,38.84114954187624],[-77.05567545201617,38.84123016534489],[-77.05773283657012,38.8421177278643],[-77.0602394735093,38.84319335416471],[-77.06107577899611,38.843727046772095],[-77.06129691763923,38.84386816586287],[-77.06130240852448,38.84387160361683],[-77.06192117002179,38.84425891648029],[-77.06202173243034,38.84432329152565],[-77.06266323652804,38.84472791680081],[-77.06268054808514,38.84474054116023],[-77.06269436078811,38.844750290990426],[-77.06270829896414,38.84476010361983],[-77.06272211155157,38.844768478596556],[-77.0627394862172,38.844776916107165],[-77.06275336103867,38.84478672885627],[-77.06276723700239,38.84479510370251],[-77.06278111158291,38.844802166747975],[-77.06279854962959,38.84481060412474],[-77.06281242435891,38.844819041115905],[-77.06282980007414,38.844826103777045],[-77.06284373572916,38.844833166661694],[-77.06286111262064,38.84484022843156],[-77.0628750483739,38.84484722914812],[-77.06289248737569,38.844854353839175],[-77.06290636196378,38.84485997895449],[-77.06292379991234,38.84486704146238],[-77.06294117543057,38.84487279142121],[-77.06295867547229,38.844878478934504],[-77.06297617551681,38.84488416644517],[-77.06299005000693,38.84488985461567],[-77.06300754992819,38.84489416727149],[-77.0630249254777,38.84489991631718],[-77.06304248759972,38.8449042297292],[-77.0630599252212,38.844908604680946],[-77.06307742621078,38.84491297950486],[-77.0630948617354,38.84491722919373],[-77.06311236269097,38.844920166997916],[-77.06312986355574,38.84492316696386],[-77.06314736340133,38.84492754176321],[-77.06316479984373,38.844930479670765],[-77.06318586394447,38.844932103349116],[-77.06320336375558,38.844935041125616],[-77.06324536313879,38.844941041089534],[-77.06326992592605,38.84494272919975],[-77.0632979266139,38.84494579188739],[-77.06332598825004,38.84494747866396],[-77.06335055104142,38.8449491667573],[-77.06337861372185,38.844950916600474]]]},"properties":{"OBJECTID":155,"STDYAREA":"BNDRY","ELEM_":160,"MID_":null,"INT_":null,"HIGH_":null,"DISTRICT":null,"MOBILITY":null,"REGION1":null,"REGION2":null,"ELEM_DESC":"Cora Kelly","MID_DESC":null,"INT_DESC":null,"HIGH_DESC":null,"TRUSTEE":null,"ADD_SCHL1":null,"ADD_SCHL2":null,"ADD_SCHL3":null,"ADD_SCHL4":null,"ADD_SCHL5":null,"created_user":null,"created_date":null,"last_edited_user":null,"last_edited_date":null,"Creator":null,"Created":null,"Editor":null,"Edited":null,"Shape.STArea()":15576449.299062494,"Shape.STLength()":18757.30993944051}},{"type":"Feature","id":156,"geometry":{"type":"Polygon","coordinates":[[[-77.13265126548878,38.831611432084195],[-77.13357667789509,38.83102627351791],[-77.1340371109575,38.830852851546474],[-77.13431470732408,38.83084214826556],[-77.13485037010251,38.83082149458626],[-77.13488752984527,38.830820061885156],[-77.1349095654261,38.83081921184472],[-77.1355218792123,38.830557211444024],[-77.13582450531638,38.83033414820729],[-77.13615207044701,38.83009352187243],[-77.13646175849026,38.82986920929318],[-77.13675369771734,38.8296570830844],[-77.1372497616733,38.82941427020815],[-77.13794476400466,38.82886901820343],[-77.13818345382491,38.82868370591585],[-77.13844014147567,38.82847664241523],[-77.13882032919909,38.828238016611245],[-77.13917214368966,38.82801276570239],[-77.13986295957343,38.82768301589825],[-77.14026421116577,38.827441889844344],[-77.14090971228696,38.82709513698325],[-77.14107627707313,38.82664257427461],[-77.14111327725197,38.82654276127462],[-77.14128546442849,38.826347073131544],[-77.14146127789758,38.826145885927936],[-77.14157615400298,38.82601263581794],[-77.14187034147196,38.825679634731124],[-77.14191340456675,38.825630759706065],[-77.14190352922243,38.825593508606175],[-77.14185309191234,38.82529088419803],[-77.14180540375308,38.825029446578895],[-77.1417643416536,38.82478731981933],[-77.14178646730221,38.82472850746128],[-77.14189340438007,38.824459257166396],[-77.14200040502868,38.824183131513536],[-77.14212952974208,38.82385100604876],[-77.14214415483954,38.823820943273496],[-77.1421479054681,38.823810005992776],[-77.14209521779645,38.82381081800402],[-77.14198984181803,38.8238136933567],[-77.14143146513804,38.8238250688008],[-77.141294526614,38.82382763217055],[-77.14118915174733,38.823830505916845],[-77.14111190048105,38.8238310069244],[-77.14030077178708,38.82384356983562],[-77.13997414512583,38.82385075733081],[-77.13972833141942,38.82385619501101],[-77.13937364263705,38.823864382628024],[-77.13880120418472,38.82387694564663],[-77.13856582656229,38.823881134319095],[-77.1385237655868,38.82388200855398],[-77.13838795204995,38.82363875852631],[-77.13833695030758,38.82355169606163],[-77.13810595078586,38.8231439452536],[-77.13794644977385,38.82285788171252],[-77.13786138653734,38.82271138216381],[-77.137711886396,38.82245288156704],[-77.13757257299963,38.82221094393723],[-77.13731444703753,38.82175350560627],[-77.13736806080978,38.82173258214677],[-77.13723532140696,38.82148069198768],[-77.13724874386705,38.82146954103249],[-77.13784169836765,38.820976941096916],[-77.1379593867326,38.8208795034831],[-77.13823382493959,38.820660253034575],[-77.13878314095217,38.820199751601],[-77.13902564111837,38.81999799993052],[-77.13915407954505,38.8198910628436],[-77.139460767785,38.81963643685206],[-77.13953207964624,38.819576874359356],[-77.13891251519149,38.81911374983252],[-77.13863907524211,38.81891018626758],[-77.1384210120733,38.81874699894934],[-77.13849232554824,38.81868874796797],[-77.1389665771804,38.818300248357986],[-77.13947282994249,38.81751799652933],[-77.13967876758942,38.817205933259665],[-77.13973289275,38.81712830657514],[-77.14011595763878,38.81729062005313],[-77.14018433206837,38.81720218211415],[-77.14032014599898,38.817260056861],[-77.14053602232217,38.817351806588384],[-77.1410233361195,38.81756749397535],[-77.14112796167478,38.817417681445704],[-77.14121433747933,38.81730474392234],[-77.14144102576523,38.81701355494804],[-77.14157065178041,38.81684067993315],[-77.14173615200896,38.81662699198331],[-77.1417505902788,38.81660661670631],[-77.14175421487784,38.81659842944603],[-77.14202040325799,38.81625405261647],[-77.14215721595755,38.816078552795474],[-77.14229390430782,38.81590161527262],[-77.14294865756146,38.815057925165156],[-77.14354590975114,38.81428629805201],[-77.14347047113732,38.81419204847406],[-77.14362259759335,38.814129296921195],[-77.14362422200526,38.81404279807028],[-77.14365534738836,38.813510421693344],[-77.14365697176386,38.81342392192884],[-77.14366991075843,38.81321744452185],[-77.14275131192741,38.81361529910522],[-77.14048475188967,38.814542529172165],[-77.13799195005907,38.81555027591382],[-77.13798411452403,38.815553443673714],[-77.1379824829659,38.81555409954162],[-77.13698719357532,38.815954235613816],[-77.13662029042831,38.81610546327848],[-77.13459029364354,38.816917078527446],[-77.13402520129931,38.81714299903819],[-77.13406466510617,38.81737032078118],[-77.13264375973866,38.81798368904549],[-77.13263990335741,38.817985846014594],[-77.13250583312032,38.81806083593983],[-77.13242733639169,38.81810474127135],[-77.1319200550156,38.8183844218117],[-77.13057914413358,38.8192483957262],[-77.13043236766772,38.81934296300649],[-77.13024974649433,38.81946062633529],[-77.1299151887375,38.819709433594134],[-77.12972987567032,38.81984724765412],[-77.12964874404771,38.81991063033651],[-77.12929870645061,38.82018409952728],[-77.12864924617426,38.82067721921527],[-77.12891396674674,38.82125504946393],[-77.1289140485496,38.82125498735366],[-77.12895846727972,38.82132460338448],[-77.1289899843291,38.821400832045555],[-77.12918851331315,38.82188101320285],[-77.12944960691583,38.82230779597283],[-77.1296198529049,38.82253290667887],[-77.12971316023847,38.82264108611753],[-77.12986394077232,38.82281723977088],[-77.1299032684464,38.82286253623578],[-77.12993610988704,38.822890866060156],[-77.13030580709844,38.8231962755032],[-77.13036665449269,38.82324654122821],[-77.13066522549508,38.8237300178619],[-77.13076747834685,38.82381709076744],[-77.13098687751747,38.82399770584422],[-77.13118240350376,38.82406613853439],[-77.13156641305876,38.8242005053677],[-77.13182868046503,38.8245280526307],[-77.13183318928164,38.824533683840194],[-77.13183770487043,38.824539322336015],[-77.13195347858601,38.82497609164024],[-77.13197727012351,38.82503719887942],[-77.13194903006273,38.82505235146772],[-77.13181417159866,38.82512457816967],[-77.13177743186226,38.825144254357475],[-77.13165610551637,38.825207799502756],[-77.13155723847399,38.82526000768849],[-77.13144485113014,38.82532133692946],[-77.13133102469487,38.825380329351034],[-77.1311916849161,38.82545526447091],[-77.13103738682034,38.8255369856165],[-77.13089806853397,38.825610761129006],[-77.13074226455015,38.82569362383632],[-77.13056247415788,38.82579012600053],[-77.13042466013823,38.825862758097465],[-77.13028531732608,38.82593769211924],[-77.13016100108025,38.826002362155755],[-77.1300575951599,38.82605915506774],[-77.12992577669398,38.82612837623408],[-77.1298223925265,38.826184009681484],[-77.12968612653046,38.82625317865283],[-77.12957754827254,38.82631179372066],[-77.12951630262164,38.82634546928397],[-77.12934978467351,38.826435663050326],[-77.12918758659589,38.826520725720435],[-77.12905812903922,38.82658926446045],[-77.1289567325224,38.82664363563016],[-77.12880699865221,38.826722805280674],[-77.12867129570165,38.8267948924168],[-77.1285683325157,38.82685045311258],[-77.12844511621084,38.826915439628316],[-77.12835463982091,38.82696389979153],[-77.12827042995491,38.8270076022776],[-77.1281596772321,38.82706669516094],[-77.12801461911215,38.82714350304333],[-77.12788826845916,38.82721086776647],[-77.12779779132123,38.82725932749697],[-77.12768860508343,38.82731723009329],[-77.1275653871815,38.82738221567824],[-77.12745933507229,38.827437740189325],[-77.12733141612574,38.8275062932419],[-77.12721130905167,38.82757010578098],[-77.12710834245593,38.82762566607298],[-77.12699758897504,38.82768475786457],[-77.12693747787092,38.827718003910654],[-77.1270443338656,38.82784486362017],[-77.12705738780004,38.82786036120774],[-77.12707059378543,38.82787603895939],[-77.12708601050865,38.82789434269508],[-77.12767805574765,38.82848337407662],[-77.12767914511345,38.82848447065],[-77.12768129220485,38.82848663189366],[-77.12776021492164,38.82856607105802],[-77.12776751278776,38.828573417092386],[-77.12792309640088,38.82873001824082],[-77.12805384308852,38.82886161865295],[-77.1282600909587,38.8290798315691],[-77.12826911943715,38.82908938168432],[-77.12844689222892,38.82927746632802],[-77.12871635794467,38.829551473817006],[-77.12872286030098,38.82955808613466],[-77.1288893246054,38.829727355075946],[-77.1291190909725,38.829960989597325],[-77.12929598591897,38.83014086403415],[-77.12933978471352,38.83018539833677],[-77.12942603702265,38.83027320607613],[-77.12945984697738,38.830307625916454],[-77.12948894882774,38.830337252708695],[-77.12961758838547,38.830468213112205],[-77.12994940800964,38.830806012531326],[-77.13020477366791,38.831062954594834],[-77.13031051299942,38.83117059809417],[-77.1303093389713,38.83117242591784],[-77.13053089642324,38.83139795591096],[-77.1305614714723,38.83142907805593],[-77.13093778696748,38.83081081674699],[-77.13265126548878,38.831611432084195]]]},"properties":{"OBJECTID":156,"STDYAREA":"BNDRY","ELEM_":190,"MID_":null,"INT_":null,"HIGH_":null,"DISTRICT":null,"MOBILITY":null,"REGION1":null,"REGION2":null,"ELEM_DESC":"William Ramsay","MID_DESC":null,"INT_DESC":null,"HIGH_DESC":null,"TRUSTEE":null,"ADD_SCHL1":null,"ADD_SCHL2":null,"ADD_SCHL3":null,"ADD_SCHL4":null,"ADD_SCHL5":null,"created_user":null,"created_date":null,"last_edited_user":null,"last_edited_date":null,"Creator":null,"Created":null,"Editor":null,"Edited":null,"Shape.STArea()":14742930.800066758,"Shape.STLength()":21881.68473403604}},{"type":"Feature","id":157,"geometry":{"type":"Polygon","coordinates":[[[-77.11602188003235,38.8269791408907],[-77.11573652999971,38.82806722153724],[-77.11571758038346,38.82807537139437],[-77.11591773354067,38.828902072353316],[-77.116109181855,38.82880967598522],[-77.11750558457314,38.82813574345173],[-77.1190582421193,38.827291928613455],[-77.11984246124238,38.82686572599474],[-77.1199738049051,38.82669906338801],[-77.12036752624188,38.826561967021675],[-77.12078857796732,38.82631791599861],[-77.12098011378043,38.82620689659505],[-77.12130616286011,38.82601790839688],[-77.12192622854398,38.8255728156903],[-77.12225967681425,38.82533345977696],[-77.12231002628538,38.82529731758539],[-77.1228296514505,38.82492431566403],[-77.12309579541437,38.8248280582725],[-77.12395661509865,38.82423464257601],[-77.1240452976676,38.82408545446385],[-77.12418095382309,38.82407998972703],[-77.12422724144164,38.8240474641435],[-77.12428454491379,38.824007197936446],[-77.12446614927019,38.823879587221505],[-77.12485944513878,38.82360322100874],[-77.12603604774453,38.82268355640644],[-77.12609428810693,38.822638033375554],[-77.12637427173247,38.82241918780648],[-77.12647241870857,38.82234404919017],[-77.12655655853868,38.82227963446305],[-77.12713500479768,38.82185973591632],[-77.12747336116821,38.821601761544684],[-77.12748558966625,38.821592121220405],[-77.12762166159324,38.82148484888988],[-77.12791302610069,38.821255150288124],[-77.1282623263713,38.82097977646482],[-77.12827762475182,38.82096767723074],[-77.12854001873501,38.82076015212853],[-77.12864924617426,38.82067721921527],[-77.12929870645061,38.82018409952728],[-77.12964874404771,38.81991063033651],[-77.12972987567032,38.81984724765412],[-77.1299151887375,38.819709433594134],[-77.13024974649433,38.81946062633529],[-77.13043236766772,38.81934296300649],[-77.13057914413358,38.8192483957262],[-77.1319200550156,38.8183844218117],[-77.13242733639169,38.81810474127135],[-77.13250583312032,38.81806083593983],[-77.13263990335741,38.817985846014594],[-77.13264375973866,38.81798368904549],[-77.13406466510617,38.81737032078118],[-77.13402520129931,38.81714299903819],[-77.13459029364354,38.816917078527446],[-77.13662029042831,38.81610546327848],[-77.13698719357532,38.815954235613816],[-77.1379824829659,38.81555409954162],[-77.13798411452403,38.815553443673714],[-77.13799195005907,38.81555027591382],[-77.14048475188967,38.814542529172165],[-77.14275131192741,38.81361529910522],[-77.14366991075843,38.81321744452185],[-77.14367709771196,38.81310292122622],[-77.14368254599366,38.81299607189],[-77.14368231347422,38.81299618902758],[-77.14363905817521,38.81301680531516],[-77.1434759263306,38.81310553989534],[-77.14328477291505,38.813191205056164],[-77.14309380176017,38.81326725984537],[-77.1430266861924,38.81328982619761],[-77.14296318463516,38.813306941255995],[-77.14289266478183,38.813323975102406],[-77.14283630998078,38.81333430756287],[-77.1427694029885,38.81334589007025],[-77.14270618552423,38.813347905751804],[-77.14257980481229,38.81334918976068],[-77.14235550453982,38.81333149112162],[-77.14191771610587,38.81328111427509],[-77.14127335606224,38.813203629972776],[-77.14060791784541,38.81312727094076],[-77.14013142760164,38.81308193114452],[-77.13984538000919,38.81306288044602],[-77.13971109345103,38.81305533685446],[-77.13961097380238,38.813049577623076],[-77.13904809142846,38.81301719453394],[-77.13852627050112,38.81298969894741],[-77.13848005365604,38.81298726345047],[-77.13846601720013,38.812987100566254],[-77.13798906064592,38.81296646134922],[-77.13722809961355,38.81293016536554],[-77.1372263930061,38.81291469163479],[-77.13721612093939,38.81282155606492],[-77.13718937311266,38.81264065006059],[-77.13713213349614,38.81225351219572],[-77.13709115122721,38.812008634056255],[-77.13704354304073,38.81174308330655],[-77.13698943700624,38.81144999621822],[-77.13697438156761,38.811377760106424],[-77.13694440071004,38.81123390472857],[-77.13692876388798,38.81115845088275],[-77.13690903199077,38.81106323587096],[-77.13684856254417,38.810908484271295],[-77.13684679447579,38.81090396080373],[-77.13684543386125,38.81090047815738],[-77.13676057472485,38.81074845678908],[-77.13674591624937,38.81072557813606],[-77.13667194636189,38.81061012286141],[-77.13651061755634,38.810418767532035],[-77.13617348580371,38.81005923050125],[-77.1361631934958,38.810046753487306],[-77.13597423998104,38.809831734533766],[-77.13588403294779,38.809703845181616],[-77.13580335380637,38.80958946450585],[-77.13576268053323,38.80951347428169],[-77.13575308243044,38.80949385899816],[-77.13568159386831,38.80934776548973],[-77.13555915672242,38.80914175753151],[-77.13536033269764,38.80889229665848],[-77.13523397098582,38.80870821224123],[-77.13514275220193,38.808521789528],[-77.1350617202439,38.80835333569363],[-77.13495813658952,38.808078892458155],[-77.13484835708496,38.807576453795335],[-77.13450422674515,38.80758618026016],[-77.1335067147548,38.807626742405496],[-77.13326839764193,38.8076333307831],[-77.13326157105305,38.80763349270946],[-77.1331450397618,38.807636259633455],[-77.13306821826069,38.80763795570895],[-77.13296094214847,38.807901116468244],[-77.13279117142706,38.80841056497021],[-77.13263586089748,38.80886103639442],[-77.13259979130429,38.808974546988935],[-77.13255545384075,38.80911407243413],[-77.13249342278621,38.809285035565544],[-77.13248506183226,38.809308080720044],[-77.13247913954417,38.80932587295151],[-77.1323765877336,38.80963385171393],[-77.13226811383655,38.809959620795055],[-77.13212639880287,38.81039633303702],[-77.13203709484455,38.81064926584595],[-77.13191076824256,38.81097830585421],[-77.13177444232117,38.81124959828841],[-77.13176770265655,38.8112630104585],[-77.13173135236862,38.81134427532317],[-77.13163101143385,38.81153673822264],[-77.13151105207893,38.81174409999251],[-77.13141134290754,38.81190328822269],[-77.13130003538649,38.812062342867364],[-77.13122052329392,38.812176384995354],[-77.13110938674454,38.812326364423214],[-77.13096253450344,38.81252433573001],[-77.13079617621061,38.812731154450425],[-77.13044072207492,38.81312032366947],[-77.1303853842089,38.813183213312534],[-77.13043675704783,38.813211038674005],[-77.13050680508151,38.813248978885206],[-77.13041146695285,38.81335094775735],[-77.13028897571972,38.813478243190424],[-77.13020729212796,38.8135642677955],[-77.13009357348456,38.81368204244164],[-77.12986675476041,38.81393255342935],[-77.12967076941372,38.8141392038752],[-77.12957631366052,38.81423880028023],[-77.12957073668727,38.81424501473314],[-77.12955607620995,38.81424404796203],[-77.12950254658449,38.81424051626347],[-77.12944754826376,38.814236888101156],[-77.1293981544521,38.814233629001144],[-77.12939526785584,38.814236868417375],[-77.12939586227863,38.81423347789456],[-77.12928077412693,38.81422588537194],[-77.12907240116529,38.814202272330846],[-77.12884873730158,38.81416940409732],[-77.12865606112562,38.81413387044031],[-77.12842120153873,38.81407969199472],[-77.12829042143258,38.81404617503109],[-77.12824803057879,38.8140353104445],[-77.12806724212231,38.81398478881165],[-77.12790965142713,38.81393453727863],[-77.12779740537361,38.81389334240928],[-77.12771380267704,38.813862660433585],[-77.12751812889613,38.81378170826987],[-77.12721881826302,38.81366021153953],[-77.12707982517662,38.81359797495177],[-77.12692741649681,38.81352973045252],[-77.12678177566615,38.813468958127274],[-77.12666073504032,38.81341845064554],[-77.12665886259795,38.813417669230816],[-77.12657231800848,38.813380280483294],[-77.12649313783938,38.81334607263281],[-77.12629531982522,38.81326177510051],[-77.12610088361626,38.813177515927045],[-77.12592313942622,38.81310403172666],[-77.12577550781927,38.81304676562146],[-77.12558757782867,38.81297580497751],[-77.1255162796804,38.812951465858326],[-77.1254431750861,38.812926510907026],[-77.12536278029643,38.812899502829225],[-77.12521479312868,38.81284978717893],[-77.1250435171262,38.81280405990042],[-77.12486870632776,38.812758141382645],[-77.12469010154945,38.812715103503],[-77.1245152351971,38.812672108274796],[-77.124351412151,38.812638016585815],[-77.12418753323345,38.81260684938556],[-77.12400117623,38.812578341910985],[-77.1239907628241,38.81257702422759],[-77.12390252308883,38.81287830657461],[-77.12390048455015,38.81287808265524],[-77.12389813577003,38.8128778235639],[-77.12384997571829,38.81311883679673],[-77.12384016814491,38.81317195691071],[-77.12377471370915,38.81350083119845],[-77.1237725502224,38.81351175412699],[-77.12373194197843,38.813716731504464],[-77.12363033965744,38.81421947520681],[-77.12361778560651,38.81428159236157],[-77.1235621391186,38.81455694186699],[-77.12356182013188,38.81456186900556],[-77.12356161043292,38.81456680193101],[-77.12356151125938,38.81457173615301],[-77.12356152262848,38.81457667077086],[-77.12356164342357,38.81458160396957],[-77.12356187479594,38.81458653576265],[-77.12356221564607,38.81459146343433],[-77.12356266600855,38.81459638518319],[-77.12356322705197,38.81460130012188],[-77.12356389765952,38.814606206435506],[-77.12356467669723,38.81461110320976],[-77.12356556533366,38.81461598955744],[-77.12356656248663,38.814620861862004],[-77.12356766930738,38.81462572013699],[-77.1235688835279,38.81463056255394],[-77.12357020518273,38.81463538731127],[-77.12357163542325,38.81464019442256],[-77.12357317088177,38.81464497934355],[-77.12357481497777,38.81464974391622],[-77.12357656315784,38.81465448538432],[-77.1235784177591,38.81465920197334],[-77.12358037766482,38.81466389186834],[-77.12358244170646,38.81466855595651],[-77.12358460881896,38.81467318972062],[-77.12358688015372,38.81467779317421],[-77.1235892522741,38.814682365375965],[-77.12359172751721,38.814686904551415],[-77.12359430246366,38.81469140885856],[-77.12359697828211,38.81469587741016],[-77.12359975268724,38.81470030927843],[-77.12360262571346,38.81470470266189],[-77.12360559739538,38.814709055759046],[-77.12360866429637,38.81471336762863],[-77.12361182760225,38.81471763648262],[-77.12361508616168,38.81472186230755],[-77.12361843772396,38.81472604237415],[-77.12362453747397,38.814733258434536],[-77.12363142788271,38.8147428424475],[-77.12363810350574,38.81475251763892],[-77.12364456204043,38.81476228398182],[-77.12365080130476,38.81477213514398],[-77.12365682128157,38.814782072026176],[-77.12365946414035,38.81478663839273],[-77.12372523323462,38.81496904248577],[-77.12372566753436,38.81497167834375],[-77.12372722346294,38.81498260705632],[-77.1237285360678,38.814993553636455],[-77.12372960419758,38.815004518070765],[-77.12373042797294,38.815015494053895],[-77.12373102030331,38.81502682950269],[-77.12373147703714,38.81504055357195],[-77.12373162851748,38.81505428216919],[-77.12373147252782,38.815068010763625],[-77.12373101032283,38.81508173396428],[-77.12373024308825,38.815095449983225],[-77.12372916860743,38.815109154289736],[-77.12372779045513,38.815122840619004],[-77.12372610522891,38.81513650622841],[-77.12372411646896,38.81515014665465],[-77.1237218242613,38.81516375739402],[-77.12371995831505,38.81517537573495],[-77.12371922748905,38.8151773366315],[-77.12371632859264,38.815190877188115],[-77.12371312879245,38.81520437547439],[-77.12370962815719,38.81521782788729],[-77.12370582673866,38.815231231724624],[-77.12370392666607,38.81523741966078],[-77.12370172809402,38.815244581622345],[-77.12369733232686,38.81525787217604],[-77.12369264062279,38.8152711015976],[-77.1236876542538,38.81528426359536],[-77.12368237438835,38.81529735728197],[-77.12367680458381,38.81531037729353],[-77.12367094379229,38.81532331821195],[-77.12366479668799,38.815336176488294],[-77.12365836215393,38.815348950307474],[-77.1236516449162,38.815361633418306],[-77.12364464502633,38.81537422311852],[-77.12363736602464,38.815386714944815],[-77.12362980911394,38.81539910620835],[-77.12362197670039,38.81541139153179],[-77.12361387113842,38.81542356823976],[-77.12360549596812,38.81543563186899],[-77.12359685237519,38.815447580631464],[-77.12358794391716,38.815459409163175],[-77.12357877296563,38.81547111388814],[-77.12356148690135,38.8154920076664],[-77.12352848310411,38.81553319916852],[-77.12351818038864,38.81554657267855],[-77.1234964035191,38.81557483576005],[-77.12347727688935,38.815600671246834],[-77.12346525759952,38.81561690493939],[-77.12343505483337,38.81565939240346],[-77.12340580352277,38.81570228563709],[-77.12337751428983,38.815745571251355],[-77.1233501942682,38.81578923761839],[-77.1233238529807,38.81583326863355],[-77.12328216319959,38.81590740216294],[-77.12323894944394,38.81598587837571],[-77.12315551517952,38.81613739623139],[-77.1231511901026,38.816145249481146],[-77.12314175958625,38.816162375723906],[-77.12312797772148,38.81618740355759],[-77.12311394053364,38.81621289418275],[-77.12309828780377,38.816241320050885],[-77.12309810405692,38.816241653947635],[-77.12308005550517,38.81627443029767],[-77.12307844596988,38.8162773529994],[-77.12307683645182,38.81628027480039],[-77.12302934073769,38.81637021658088],[-77.1228485696753,38.816658209627576],[-77.12279134548527,38.81663443320915],[-77.12243684807187,38.81648714384178],[-77.1221174326177,38.81633309743231],[-77.12172402384121,38.81614336390556],[-77.12141907729345,38.816693278815734],[-77.12142009895527,38.81669392868953],[-77.1213066936836,38.816915595787414],[-77.12127647122253,38.81697466979774],[-77.12120837804703,38.817107768320554],[-77.1211980297221,38.81712792161642],[-77.12117704578475,38.817169214969496],[-77.12116893030166,38.81718487535393],[-77.12110721416727,38.81730550758003],[-77.12107547298024,38.81736755032675],[-77.12107539874279,38.817367698110495],[-77.12106083710981,38.817396941079274],[-77.12101118000466,38.817496658052555],[-77.12098108014335,38.817558257877145],[-77.12091143667661,38.817700785325584],[-77.12088774020718,38.81774928224413],[-77.12081607053224,38.817895954497615],[-77.12079571523198,38.81793759212325],[-77.12071932825107,38.818093912058764],[-77.1207017559345,38.818129873084594],[-77.12062059515536,38.81829596075556],[-77.12061219977501,38.81831310977691],[-77.12052400086436,38.81849359194526],[-77.12051997304795,38.81850183509944],[-77.12042701221286,38.81869206080067],[-77.12031871511337,38.818913668046775],[-77.12018364592787,38.818874746399075],[-77.12015427943926,38.81886628444191],[-77.12004091373478,38.81883361634854],[-77.1200235770469,38.81880155229744],[-77.11959119639558,38.81872550427966],[-77.11951712958718,38.81870355346598],[-77.11949568697783,38.81869716214334],[-77.11946776667924,38.818688841357535],[-77.1192960254961,38.81863765598029],[-77.11924621370562,38.81862275560331],[-77.11911983034986,38.81858483767226],[-77.11909066656656,38.81857608772627],[-77.11907904799466,38.81857260217286],[-77.11906068692123,38.81856706509479],[-77.11903221547732,38.81855872420332],[-77.11886281093257,38.81850739180081],[-77.11879210824162,38.818485991858395],[-77.11868723504381,38.81845210792599],[-77.11863853703092,38.818436374410155],[-77.11863199725515,38.81843426218205],[-77.11861128440981,38.81842777838079],[-77.11853868756478,38.81840613254922],[-77.1184651714761,38.81838522003085],[-77.11844476490613,38.8183792794728],[-77.11842218495981,38.81837317277336],[-77.11835025781645,38.818353715900614],[-77.1182551950234,38.81832944487254],[-77.11823946973561,38.81832566491635],[-77.1181968102974,38.818315416112576],[-77.1181675663915,38.81830838760041],[-77.11815960513323,38.81830647573356],[-77.11806351680404,38.81828481512664],[-77.11796696101388,38.81826446882123],[-77.11795461496357,38.81826204761402],[-77.1178699652346,38.818245445248316],[-77.1178136679553,38.818235216751575],[-77.11735057854983,38.818152137959444],[-77.1172034005499,38.81813038995407],[-77.11717191379445,38.818125735783035],[-77.11715789923285,38.818123666017776],[-77.11703570497134,38.81810560970704],[-77.11695224552793,38.818093597512984],[-77.11692356841125,38.81808949984209],[-77.11691980719023,38.81808896268981],[-77.11691468646917,38.81808821670997],[-77.1169009757147,38.81808621896686],[-77.11672040316236,38.81806022876807],[-77.11669399020025,38.81805642801678],[-77.11668802679152,38.81805566668671],[-77.1166669232704,38.81805297812645],[-77.11665868515782,38.81805187104224],[-77.1166257912559,38.81804745239936],[-77.11655042487484,38.8180373282171],[-77.11647410658365,38.81802616388071],[-77.11598204785471,38.817960634478126],[-77.11587551617397,38.817944969015194],[-77.11583249606801,38.81793864321892],[-77.11561616351241,38.81790784545278],[-77.1151823948253,38.817845219423944],[-77.11499880802805,38.81781985137978],[-77.11496692420971,38.817816034312315],[-77.11496169383973,38.817815123880976],[-77.1149251258651,38.81780990099043],[-77.11482768696,38.81779595099555],[-77.11477574748336,38.81778850414732],[-77.11476848247023,38.81778746067258],[-77.11476682520583,38.81778710685608],[-77.11473262338174,38.817782325373884],[-77.11472136570666,38.81778074464371],[-77.11470921931006,38.81777896782496],[-77.11470440391365,38.817778395631805],[-77.11467303088817,38.817773353820606],[-77.11454434424599,38.81775467858013],[-77.11450229835296,38.81774818811148],[-77.11449147885946,38.81774651883466],[-77.11429821242767,38.81771731087426],[-77.114292452042,38.817716057199284],[-77.11426284624928,38.81770961175049],[-77.1142576649876,38.81770848473923],[-77.11425432131438,38.81770773620486],[-77.11421065133534,38.81769756409968],[-77.11416721397039,38.817686796496375],[-77.1141240241012,38.81767543807576],[-77.11408109434144,38.817663491689835],[-77.11405755172409,38.81765657543346],[-77.11403843728739,38.81765096109151],[-77.1140270517708,38.81764747328056],[-77.11401321399656,38.81764323394243],[-77.11399606670408,38.81763784914653],[-77.11395399400158,38.817624161395536],[-77.11391223409625,38.81760990071803],[-77.113870798398,38.81759507265472],[-77.11383205941388,38.817580562935866],[-77.11382969950307,38.817579680958545],[-77.11380084332276,38.81756841246653],[-77.11379346867457,38.8175655333068],[-77.1137889511762,38.817563728495294],[-77.11374856360645,38.81754722439518],[-77.1137085517099,38.8175301715376],[-77.11366892576247,38.817512574549184],[-77.11362969836,38.817494437182795],[-77.11356808206911,38.81746426978693],[-77.11320687584112,38.81737399229161],[-77.11332019476009,38.81744525048725],[-77.11329340840757,38.81747518053181],[-77.11227372239273,38.81861452262344],[-77.11207548952812,38.81883601298479],[-77.1119834402978,38.818938860147554],[-77.11197818529276,38.81894476315771],[-77.11194263747082,38.81898469428094],[-77.11166409115778,38.819297589973495],[-77.11145810761396,38.819530861181555],[-77.11136851405246,38.81962591490073],[-77.11142738441286,38.81968349018215],[-77.11188407954114,38.81989366912309],[-77.11216992753981,38.81970984700829],[-77.11226642806378,38.819787246295746],[-77.11256473929335,38.82002650854213],[-77.11272139935622,38.820152156321534],[-77.11320716326932,38.82053063089928],[-77.11360732327358,38.8208514629852],[-77.11380155424818,38.82100718889015],[-77.11330621988809,38.82143234920166],[-77.11311622448949,38.8215954283966],[-77.11311484611717,38.8215966112655],[-77.11307454040386,38.82156770911325],[-77.11280562932023,38.821374881138865],[-77.11262039454616,38.821536141854445],[-77.11246895926062,38.82166797791095],[-77.11241054457935,38.821718831231486],[-77.112255283979,38.821853994024785],[-77.11209243681006,38.821995761818734],[-77.11178841973143,38.822260424286824],[-77.11123198282213,38.821859028133765],[-77.11046956301068,38.82254937951712],[-77.1100761615047,38.822635746672],[-77.11005744636932,38.82263985494396],[-77.10971196515861,38.8224019475591],[-77.10958831189217,38.82231679708952],[-77.10912879762743,38.822664791125106],[-77.10861244001869,38.82255218762165],[-77.10823618670743,38.82330976835417],[-77.10800151658043,38.82364475528748],[-77.10749819351162,38.82412641488964],[-77.10737174150714,38.824235025310045],[-77.10729614887101,38.82429995226894],[-77.10696185951345,38.82458522618905],[-77.10664415317676,38.824883402126886],[-77.10660078962938,38.82492409834821],[-77.10663672524976,38.824944380112434],[-77.107077245075,38.82519299978907],[-77.1073541182293,38.82534925858051],[-77.1076532924283,38.825534158418925],[-77.10789556716594,38.8256838915528],[-77.1085271637995,38.826074232395925],[-77.10867671179662,38.82619645577944],[-77.10915619748349,38.826588323950226],[-77.11046050496228,38.82765427374479],[-77.11056933959618,38.82774321718646],[-77.1104846195478,38.82760648931382],[-77.11054182825791,38.827561910371216],[-77.1121476297579,38.82634645165848],[-77.11310281490434,38.82678116171486],[-77.11341784788144,38.826543336447784],[-77.11602188003235,38.8269791408907]]]},"properties":{"OBJECTID":157,"STDYAREA":"BNDRY","ELEM_":220,"MID_":null,"INT_":null,"HIGH_":null,"DISTRICT":null,"MOBILITY":null,"REGION1":null,"REGION2":null,"ELEM_DESC":"James K Polk","MID_DESC":null,"INT_DESC":null,"HIGH_DESC":null,"TRUSTEE":null,"ADD_SCHL1":null,"ADD_SCHL2":null,"ADD_SCHL3":null,"ADD_SCHL4":null,"ADD_SCHL5":null,"created_user":null,"created_date":null,"last_edited_user":null,"last_edited_date":null,"Creator":null,"Created":null,"Editor":null,"Edited":null,"Shape.STArea()":25024182.692834683,"Shape.STLength()":33181.16931015506}},{"type":"Feature","id":158,"geometry":{"type":"Polygon","coordinates":[[[-77.10975953688708,38.84326581723811],[-77.10975222481088,38.84328081601509],[-77.11032728911789,38.84350319242424],[-77.11041055973246,38.843527564011616],[-77.11057222800285,38.84357487989286],[-77.11059610320014,38.84358187992908],[-77.11077741527515,38.84346731698673],[-77.11087635438406,38.84343556659001],[-77.11124729351305,38.8433205044526],[-77.1113285436831,38.84329537894096],[-77.11186548093839,38.84312868967381],[-77.11288636241429,38.84281400101502],[-77.11293229948879,38.842799439571394],[-77.11443336636297,38.84234618728337],[-77.11457581707454,38.842303101831355],[-77.11500555637596,38.842173123932255],[-77.11500855407179,38.84217221962113],[-77.11575430938801,38.841947185435686],[-77.11699762593967,38.84156912099633],[-77.11782050288765,38.841320682273505],[-77.11903544522727,38.84095461873287],[-77.12083676489559,38.84040461658915],[-77.12094744225537,38.8403706892982],[-77.12125300663298,38.84027702420942],[-77.12128532789136,38.84026711601973],[-77.12130651558792,38.84026049071233],[-77.12146501712296,38.8407813667098],[-77.1216016052095,38.84122875385843],[-77.1216467686523,38.84137668090938],[-77.12185470576264,38.84133511697729],[-77.12251383345804,38.841204178598],[-77.12311308545435,38.84108355358675],[-77.12330690019104,38.84104599008794],[-77.1236030265891,38.84098630341145],[-77.12397665013542,38.840911052637644],[-77.12431502803535,38.84084498982168],[-77.12446659230942,38.84081380249739],[-77.12454940333835,38.84107292763313],[-77.124617967497,38.84134417818235],[-77.12506934393042,38.84105842654872],[-77.12532165749131,38.840900738733005],[-77.12574103395781,38.84063648731126],[-77.12542040784491,38.840329299616116],[-77.12559453224512,38.84022017518829],[-77.12544759480234,38.84000973803967],[-77.12527659391387,38.83977154915701],[-77.12512959282284,38.839562486557575],[-77.12532371854796,38.839511236321975],[-77.12567322008566,38.83941098670134],[-77.1258108448607,38.83937411078387],[-77.12598034598435,38.839326673150126],[-77.12576509450383,38.83883260957278],[-77.12523734266009,38.838153672072906],[-77.12480915228362,38.83759529493285],[-77.1247953413973,38.837581420782975],[-77.12528203031603,38.837470419696196],[-77.125606406823,38.83739873230902],[-77.12593428304308,38.83732429388722],[-77.12624115749838,38.83725510628489],[-77.12642809624744,38.83721198133557],[-77.12648803331513,38.837198918183255],[-77.12691822446479,38.837102355265536],[-77.12726022571455,38.83702535486705],[-77.1277433510979,38.83691566779656],[-77.12777160185215,38.83690916716079],[-77.1279144774279,38.83696297949532],[-77.12793603962501,38.83693854217111],[-77.1282557908164,38.83655785439114],[-77.12840310421956,38.83638104010999],[-77.12854679061842,38.83621110339295],[-77.12878729255968,38.835935164917295],[-77.12883404308027,38.83587941398137],[-77.12897048164984,38.83572035202528],[-77.12920035709799,38.83544847614914],[-77.12952373184086,38.835063662205975],[-77.1295632956091,38.83501328766707],[-77.12966335810074,38.834923850148506],[-77.1300242967511,38.83459028561638],[-77.13027798457969,38.8343570981405],[-77.13030304831967,38.83433403554456],[-77.13063390351859,38.834036208879766],[-77.13066742381567,38.834006034640915],[-77.13088192427306,38.83380528292531],[-77.13114980094349,38.83356128293823],[-77.13134292672669,38.83338096940541],[-77.13154067819636,38.83332009505146],[-77.13187967770071,38.83321696954241],[-77.13225049258831,38.8331032196588],[-77.13227168091504,38.83309790687821],[-77.13261068175812,38.83299478019339],[-77.1330838702829,38.832850655033646],[-77.1332216223258,38.83280834206951],[-77.13374781207146,38.83264690365901],[-77.13382549925673,38.83262309069758],[-77.13415387501043,38.83252259189071],[-77.13448231471392,38.83242346595182],[-77.13494494087054,38.832281902473504],[-77.13526981805006,38.83218265182936],[-77.13499637742551,38.831422963120175],[-77.1349095654261,38.83081921184472],[-77.13488752984527,38.830820061885156],[-77.13485037010251,38.83082149458626],[-77.13431470732408,38.83084214826556],[-77.1340371109575,38.830852851546474],[-77.13357667789509,38.83102627351791],[-77.13265126548878,38.831611432084195],[-77.13093778696748,38.83081081674699],[-77.1305614714723,38.83142907805593],[-77.13053089642324,38.83139795591096],[-77.1303093389713,38.83117242591784],[-77.13031051299942,38.83117059809417],[-77.13020477366791,38.831062954594834],[-77.12994940800964,38.830806012531326],[-77.12961758838547,38.830468213112205],[-77.12948894882774,38.830337252708695],[-77.12945984697738,38.830307625916454],[-77.12942603702265,38.83027320607613],[-77.12933978471352,38.83018539833677],[-77.12929598591897,38.83014086403415],[-77.1291190909725,38.829960989597325],[-77.1288893246054,38.829727355075946],[-77.12872286030098,38.82955808613466],[-77.12871635794467,38.829551473817006],[-77.12844689222892,38.82927746632802],[-77.12826911943715,38.82908938168432],[-77.1282600909587,38.8290798315691],[-77.12805384308852,38.82886161865295],[-77.12792309640088,38.82873001824082],[-77.12776751278776,38.828573417092386],[-77.12776021492164,38.82856607105802],[-77.12768129220485,38.82848663189366],[-77.12767914511345,38.82848447065],[-77.12767805574765,38.82848337407662],[-77.12708601050865,38.82789434269508],[-77.12707059378543,38.82787603895939],[-77.12705738780004,38.82786036120774],[-77.1270443338656,38.82784486362017],[-77.12693747787092,38.827718003910654],[-77.1269322793638,38.82771182838429],[-77.12687979297074,38.827740858004276],[-77.12673136663524,38.827832117484185],[-77.12663293833259,38.82789256132959],[-77.12662361672248,38.82789877776322],[-77.12660468765336,38.827911401886674],[-77.12653546500133,38.827957565133055],[-77.12653189967263,38.82795994333948],[-77.1264520639185,38.82801865679543],[-77.12636598808463,38.82808210549193],[-77.12630105377802,38.8281332956082],[-77.12629776400003,38.828135839202886],[-77.12626694745764,38.82815965078113],[-77.12623114715029,38.828187314104575],[-77.12572871938502,38.828670147330556],[-77.12530176254158,38.82925776379859],[-77.1245096875456,38.83106852494434],[-77.124176717069,38.83166949340668],[-77.12413966203707,38.8317145340924],[-77.1241011021724,38.831761403156186],[-77.12404274160131,38.83183234029199],[-77.12374129133696,38.83219874899283],[-77.12316454087207,38.83268291604671],[-77.1222716785968,38.83317345861137],[-77.12139742901175,38.83347758999133],[-77.120745437024,38.83359718503983],[-77.1177510012075,38.83398601028461],[-77.1171404847963,38.8341592827067],[-77.117076831825,38.83409457741629],[-77.11704092655268,38.834208620092696],[-77.11700221860033,38.83422441338564],[-77.11699677580242,38.83422663404086],[-77.11699347506003,38.834227980796165],[-77.11703043277,38.834270760636905],[-77.11708168349094,38.834330085330436],[-77.11709238210891,38.834342468727975],[-77.11700475601678,38.83437278631837],[-77.11682630614447,38.83444644729831],[-77.1167183867219,38.83450003833276],[-77.1166070782445,38.834556202057776],[-77.1164887881663,38.83462795889271],[-77.11640419363987,38.83468443643213],[-77.11631903069275,38.834742369441045],[-77.11629136623027,38.83474413707774],[-77.11591024420501,38.834768488605036],[-77.11548798760062,38.83479470511683],[-77.11384698195572,38.83490031777698],[-77.11233855787872,38.834998111686204],[-77.11233580489397,38.834998288155354],[-77.11232900191132,38.83498451517425],[-77.11208872672073,38.83464261095275],[-77.11199351814635,38.83450713172553],[-77.1118673522793,38.83432760218797],[-77.11186578977697,38.834325366483775],[-77.11140623790365,38.83366846277826],[-77.11140554423089,38.83366728424426],[-77.11140400983773,38.83366466866731],[-77.11130853795889,38.833502081695535],[-77.11130848417993,38.83350200357804],[-77.11035870221775,38.832122138160926],[-77.11005640766928,38.83168294517481],[-77.11009681135486,38.83165911799398],[-77.10992818475798,38.831417941523746],[-77.10839842394415,38.83191196076264],[-77.10827737120754,38.83194812085225],[-77.10822214983368,38.83196461548377],[-77.1080275690889,38.832022738679704],[-77.10783694798432,38.83207967873633],[-77.10782223722997,38.83208398102863],[-77.10785171932119,38.832138728024745],[-77.10775573701797,38.8321034309888],[-77.10769377732322,38.83212157615283],[-77.1074882904869,38.83218175206793],[-77.10669094487339,38.83241524927371],[-77.10617998464421,38.83256487620248],[-77.105732510964,38.83269591097436],[-77.1052236991387,38.83286287006664],[-77.10518482175532,38.832876137531535],[-77.10461301395245,38.83303273310336],[-77.10313054824532,38.83343799806902],[-77.10276197662802,38.83353573197118],[-77.10259342273463,38.8335804265832],[-77.10170830029539,38.833815127165856],[-77.10097769178242,38.834012377361844],[-77.10082238932212,38.834054463312285],[-77.10070944894622,38.83408469676426],[-77.10011985697183,38.834252043829295],[-77.09965027518484,38.834386493002455],[-77.09815097635376,38.834798883421456],[-77.0980606539353,38.83482383917916],[-77.09804871105084,38.83482726246342],[-77.09787986510487,38.83488636381501],[-77.09817410682648,38.83505862405552],[-77.09822967061376,38.83508949912795],[-77.09828529578878,38.83511906132717],[-77.09869173561192,38.83533943549417],[-77.0992164874119,38.83561893673553],[-77.09988367866019,38.83597562420378],[-77.10039372427764,38.83624695140423],[-77.10055430566322,38.83633237396348],[-77.10056468077244,38.83633799974581],[-77.10057518229628,38.836345000075376],[-77.10058205620217,38.83635331217224],[-77.10058886905458,38.83636162444166],[-77.10059218090977,38.83637131215418],[-77.10059549484299,38.836382311667926],[-77.10059880675978,38.83639193721572],[-77.10059861999811,38.83640293733392],[-77.10059493178564,38.836412499237966],[-77.10059124470632,38.83642206205635],[-77.10058743206075,38.836431625179294],[-77.10045449297232,38.83658931275116],[-77.10031793071846,38.836751124738335],[-77.10030724263785,38.83675918686927],[-77.100300056266,38.83676737454772],[-77.10028949344553,38.836771374907364],[-77.10027886843433,38.83677537452437],[-77.10026474301657,38.836777999896235],[-77.10025080528685,38.83677637504278],[-77.10023324236846,38.83677481326416],[-77.10021924352458,38.836773250744244],[-77.10020168062522,38.8367716880601],[-77.10018761895299,38.83677287537327],[-77.10017355524599,38.83677274908216],[-77.1001559929007,38.836773875719736],[-77.10014193007564,38.836775063013675],[-77.10013130651964,38.83677768779214],[-77.10011724330307,38.836780312987344],[-77.10010668080093,38.836782937590854],[-77.10009255428382,38.8367855007638],[-77.10007842944239,38.836790813640285],[-77.10006430570787,38.83679618779261],[-77.10005367990283,38.83679875037205],[-77.1000430560261,38.83680274998143],[-77.10003242919888,38.83680950014089],[-77.10001824188686,38.836816125843455],[-77.1000075547765,38.836824313190455],[-77.09999680469767,38.83683106277752],[-77.09998624268748,38.83683643796243],[-77.09997555422405,38.83684587580263],[-77.09996486634614,38.8368526252278],[-77.09995767915024,38.83685937586799],[-77.09995055495324,38.83686756246517],[-77.09994336660283,38.83687431309073],[-77.09993611733866,38.83688525058327],[-77.09992899202771,38.83689337590162],[-77.09992180452558,38.836901500477666],[-77.09991811643589,38.836909750585654],[-77.09991093006496,38.8369178760755],[-77.09990724203355,38.83692606401862],[-77.09990361737776,38.83693425091578],[-77.09989992936224,38.836942437957894],[-77.09989624247996,38.83695062591436],[-77.09989255406792,38.83696025086031],[-77.09988886718388,38.836968438816555],[-77.09988867957274,38.836978000113504],[-77.09988499153572,38.83698618805581],[-77.09988480381098,38.83699581421947],[-77.09988111695938,38.83700400037391],[-77.09988086722703,38.83701775122659],[-77.09988061752975,38.8370315002778],[-77.09988042980429,38.83704112644133],[-77.09988374167315,38.83705075110708],[-77.09988349225821,38.83706312712081],[-77.09988667991442,38.837076876634335],[-77.09989005508443,38.83708656331922],[-77.09989342948099,38.83709481298688],[-77.09989324183503,38.837104376085065],[-77.09989655394743,38.837112688976745],[-77.0999034298349,38.83712237597814],[-77.09990680423466,38.83713062564536],[-77.09991011718492,38.83714031338917],[-77.09991342937887,38.837148563215074],[-77.0999203044192,38.83715687626356],[-77.09992718061271,38.837165189325354],[-77.09993055495691,38.83717350115634],[-77.09993736697606,38.837180438609465],[-77.09994424317387,38.83718875167021],[-77.09995111734293,38.8371957511281],[-77.09995799356135,38.83720406328727],[-77.09996836734304,38.8372110017817],[-77.09997530493608,38.837217938928454],[-77.09998218024508,38.83722493929893],[-77.09999261766355,38.83723056407103],[-77.0999994930106,38.837237562639025],[-77.10000993047494,38.837243126145786],[-77.10002030453909,38.83724875106058],[-77.10003080571526,38.83725293778008],[-77.10004118091653,38.837258563607456],[-77.1000516811622,38.8372614394386],[-77.10006568069988,38.83726568860427],[-77.10007611752818,38.837268626742876],[-77.10008655533377,38.83727281450331],[-77.10010405579018,38.837275813466],[-77.10011455605846,38.83727868839071],[-77.10013205654252,38.83728162698615],[-77.10014955591141,38.83728456376379],[-77.10016699332573,38.837286188023576],[-77.10018461769982,38.837286376601924],[-77.10019868031331,38.837286564141756],[-77.10021624397748,38.83728537624793],[-77.10023380642939,38.837284250502194],[-77.10025136890567,38.837283064390846],[-77.1002689939513,38.837280500576874],[-77.1002795565207,38.83727787595905],[-77.10029368080708,38.83727531363717],[-77.10030424454408,38.83727268813009],[-77.10031486847582,38.837268688497545],[-77.10032555638274,38.83726193904116],[-77.10033611804417,38.83725800173028],[-77.1003467451538,38.8372553751733],[-77.10036080690035,38.83725418874194],[-77.10037480705272,38.837255689094],[-77.10038530734641,38.837258563093805],[-77.10039924469578,38.837262812378825],[-77.10077012201856,38.83751031304298],[-77.10113743500472,38.83776043860797],[-77.10149081241104,38.83800356416487],[-77.10185131433862,38.838242626435886],[-77.10192056288393,38.83829431416153],[-77.1019586265408,38.8383221887127],[-77.10199318941787,38.83835006479834],[-77.10202775208091,38.83837931391053],[-77.10206231473698,38.83840856481381],[-77.10209681409607,38.83843781405156],[-77.1021313777036,38.83846843888548],[-77.10216237840895,38.83849900145516],[-77.10219337798893,38.838529564002734],[-77.10222437759538,38.8385601265419],[-77.10225531582367,38.83859212715003],[-77.10228631521238,38.83862406451069],[-77.10231375251192,38.83865737663024],[-77.1023344410775,38.83867681401521],[-77.10234125379564,38.8386878767556],[-77.10235156502131,38.83869893881121],[-77.1023618775957,38.83870868910659],[-77.10236875483325,38.83871975171256],[-77.10237906599197,38.8387308768309],[-77.10238587873967,38.83874193866784],[-77.10239619219004,38.8387530647128],[-77.10240294158197,38.83876412669516],[-77.10240981651023,38.838775190171894],[-77.10241656678943,38.83878762700539],[-77.10242337951318,38.83879869064143],[-77.10243012866275,38.83881112655965],[-77.10243694140843,38.838822189294106],[-77.10244375502224,38.83883462778086],[-77.10245056663804,38.83884568960006],[-77.10245731693087,38.838858126430985],[-77.10246062981015,38.83887050251149],[-77.10246737887974,38.838883002393246],[-77.10247069206451,38.83889400183372],[-77.10247744234789,38.838906439564084],[-77.10248075409866,38.83891881472942],[-77.10249706712312,38.83898218950276],[-77.10250700484498,38.83901250208264],[-77.10251694113933,38.839044190386645],[-77.10252688002986,38.83907450297807],[-77.10253675435818,38.83910487786579],[-77.10255025507738,38.83913525268351],[-77.10256369365689,38.83916556549526],[-77.10257712982828,38.83919600260679],[-77.10259063063974,38.83922631525474],[-77.10260750463081,38.83926087817432],[-77.10262106760108,38.83928569039115],[-77.10263456750265,38.83931469034609],[-77.10265144260951,38.839343753005565],[-77.1026685054923,38.83937281609587],[-77.10273369310325,38.83945319058378],[-77.10278500700322,38.83951969020822],[-77.10279188024184,38.83952806522085],[-77.10279875608697,38.839535004158726],[-77.10280900675761,38.83955025303828],[-77.10281588154776,38.839557127995484],[-77.10282281956724,38.83956412803525],[-77.10282969428465,38.83957106605679],[-77.10283656902098,38.83957800317722],[-77.10284344489274,38.83958494121172],[-77.10285725678386,38.839597502616556],[-77.10286413150786,38.839604440636045],[-77.1028710696119,38.83961137760763],[-77.10288144422485,38.83961700316714],[-77.10288838233181,38.83962394013772],[-77.10290219453783,38.839635065435466],[-77.10291256915659,38.83964069099214],[-77.10291950725133,38.83964762886159],[-77.10293682026455,38.839658815645656],[-77.10295419458186,38.83966862831577],[-77.10297157114968,38.83967850317515],[-77.10298200691331,38.83968406548629],[-77.10299932010972,38.83969394138902],[-77.10300975845593,38.83969812798632],[-77.10308631922544,38.83973337869238],[-77.1031628832885,38.83977000332648],[-77.10331600850259,38.839841815400455],[-77.10355613553514,38.83995456702364],[-77.10379613581611,38.84006587782807],[-77.10437020074835,38.84034044048876],[-77.10441582675642,38.84034100281523],[-77.10501426691886,38.84080531694953],[-77.10576308131277,38.840215564968986],[-77.10578488290439,38.840199055573976],[-77.10583439386106,38.84016156438623],[-77.10586836927796,38.84019893276441],[-77.10594143299275,38.84027929084018],[-77.10612195166426,38.84047783145484],[-77.10623314579442,38.84060012699947],[-77.10656408477192,38.840918440536505],[-77.10701871321459,38.84137419053403],[-77.10702552473316,38.84138394029509],[-77.10702890011659,38.84139219155062],[-77.10703221314446,38.841401816004655],[-77.10703202499782,38.84141287825702],[-77.10703183598795,38.84142244132936],[-77.10702815085817,38.84143062861398],[-77.10702446324377,38.84144019070853],[-77.1070207757371,38.84144844103073],[-77.10701358742973,38.841456566018486],[-77.1066797735374,38.84164894200482],[-77.1066124619198,38.84167969129174],[-77.10668158157775,38.84185470378494],[-77.10670621188788,38.8419170675457],[-77.10672104406565,38.84195511205483],[-77.10673104666509,38.8419807698257],[-77.10678308670519,38.84211425413789],[-77.10688683605053,38.84237775552247],[-77.10694040005386,38.84251288043131],[-77.1070320882377,38.84249475595751],[-77.10710958798059,38.8424791929002],[-77.1071871523111,38.842462317884326],[-77.10726127681689,38.84244531731381],[-77.1073389023811,38.842427004118875],[-77.10739177638187,38.84241394161752],[-77.10743059085496,38.842404755723024],[-77.10746590111566,38.84239419214416],[-77.10750471455162,38.842383692638066],[-77.10754359042987,38.8423717550539],[-77.10757896534288,38.8423598164683],[-77.1076178399729,38.84234794191103],[-77.10765321501266,38.84233462936664],[-77.1076920275725,38.84232138011057],[-77.10772740375464,38.84230806665664],[-77.10776283996326,38.84229337996602],[-77.10779821628405,38.842278691653505],[-77.10783715240584,38.84226269143458],[-77.10785127743915,38.84226006694261],[-77.10786184154476,38.84225750472447],[-77.10787590290188,38.842257629152535],[-77.10788990404511,38.84225925473676],[-77.10790040425566,38.842262066783476],[-77.10791084103252,38.842264942043855],[-77.10792127870653,38.842270503925995],[-77.10793171631121,38.84227612887243],[-77.10793859171118,38.84228312965542],[-77.10794546721824,38.8422900655714],[-77.10794884152739,38.842298379850185],[-77.10805877869463,38.84242181724723],[-77.10857971977478,38.842720441622326],[-77.10913884627864,38.84304150449975],[-77.10914965942607,38.843026567064946],[-77.10916034734208,38.84301981771415],[-77.1091709105701,38.843015817462934],[-77.10918503435967,38.84301462979868],[-77.10930334634497,38.843069567430874],[-77.10931022202438,38.843076505067046],[-77.10932059852149,38.84308487974008],[-77.10933097276974,38.843093192220465],[-77.10934134820373,38.843100254205545],[-77.10935172359092,38.843108567598456],[-77.10936216036121,38.84311287973044],[-77.10937259811804,38.843119817220064],[-77.10954672364,38.84319463023439],[-77.10955391096422,38.8431837545069],[-77.10975953688708,38.84326581723811]]]},"properties":{"OBJECTID":158,"STDYAREA":"BNDRY","ELEM_":230,"MID_":null,"INT_":null,"HIGH_":null,"DISTRICT":null,"MOBILITY":null,"REGION1":null,"REGION2":null,"ELEM_DESC":"John Adams","MID_DESC":null,"INT_DESC":null,"HIGH_DESC":null,"TRUSTEE":null,"ADD_SCHL1":null,"ADD_SCHL2":null,"ADD_SCHL3":null,"ADD_SCHL4":null,"ADD_SCHL5":null,"created_user":null,"created_date":null,"last_edited_user":null,"last_edited_date":null,"Creator":null,"Created":null,"Editor":null,"Edited":null,"Shape.STArea()":25712222.030103017,"Shape.STLength()":30802.968843833485}},{"type":"Feature","id":159,"geometry":{"type":"Polygon","coordinates":[[[-77.13852627050112,38.81298969894741],[-77.13904809142846,38.81301719453394],[-77.13961097380238,38.813049577623076],[-77.13971109345103,38.81305533685446],[-77.13984538000919,38.81306288044602],[-77.14013142760164,38.81308193114452],[-77.14060791784541,38.81312727094076],[-77.14127335606224,38.813203629972776],[-77.14191771610587,38.81328111427509],[-77.14235550453982,38.81333149112162],[-77.14257980481229,38.81334918976068],[-77.14270618552423,38.813347905751804],[-77.1427694029885,38.81334589007025],[-77.14283630998078,38.81333430756287],[-77.14289266478183,38.813323975102406],[-77.14296318463516,38.813306941255995],[-77.1430266861924,38.81328982619761],[-77.14309380176017,38.81326725984537],[-77.14328477291505,38.813191205056164],[-77.1434759263306,38.81310553989534],[-77.14363905817521,38.81301680531516],[-77.14368231347422,38.81299618902758],[-77.14368254599366,38.81299607189],[-77.14368822183255,38.81288473307479],[-77.14369903366669,38.81268435837161],[-77.14372072186806,38.8122781697818],[-77.14373728494763,38.81195848192394],[-77.14373778522,38.81193235582061],[-77.14375709810533,38.81165248001576],[-77.14375741016558,38.81163741803324],[-77.14376215926647,38.811386167137236],[-77.14381078533958,38.81048460279184],[-77.14381503433215,38.810439416385194],[-77.144325411088,38.81036428931056],[-77.14403322176848,38.8091127882116],[-77.14372809586267,38.80780078565088],[-77.14361103391505,38.807307909983976],[-77.14349097073138,38.80678747104041],[-77.14343553243106,38.806561658552],[-77.14334421898184,38.80619809465239],[-77.14321765586774,38.80565153194917],[-77.14287621802613,38.8057066576848],[-77.14278097055224,38.805722120606994],[-77.14261559015686,38.805748969921275],[-77.14256194041627,38.80575782801768],[-77.14239033836532,38.805786158257426],[-77.14235865226198,38.80579128284046],[-77.14231877665156,38.805672720010165],[-77.1418867114929,38.80476565599101],[-77.14180239966764,38.80458615656869],[-77.14167077333498,38.80430865571776],[-77.1415729595954,38.80409746755237],[-77.1411106459725,38.803122716733164],[-77.14109033273445,38.80307990360684],[-77.14106650996199,38.80302918726292],[-77.14102289537246,38.802936341324724],[-77.14091826949165,38.802715465895936],[-77.140530393259,38.8018857765712],[-77.14043608047898,38.801681464220046],[-77.140402205001,38.801613776295135],[-77.14029101601409,38.80136946347913],[-77.14023701649154,38.80125621380268],[-77.1400245155352,38.800803399493695],[-77.14000439056652,38.80075515020793],[-77.13989307712679,38.80051627451085],[-77.13977151313621,38.800263587232735],[-77.13778581623254,38.80078840260842],[-77.13774467574174,38.80079906598338],[-77.13774000366242,38.80080027665849],[-77.13774025445296,38.80078790235594],[-77.13773293496898,38.80068398767676],[-77.1377153782062,38.80043471327698],[-77.13768519044173,38.79998952618835],[-77.13764425382148,38.79937396213201],[-77.1376010661466,38.79868827357893],[-77.13758750361771,38.798479397979726],[-77.13757137804394,38.79821833492339],[-77.1372934389118,38.79825633475423],[-77.13690287341679,38.79831077302091],[-77.13626605870735,38.79839952418157],[-77.13599161922953,38.79843752468934],[-77.13597755766442,38.798438712603954],[-77.13582274443341,38.79846027391298],[-77.13563974262742,38.79848564972292],[-77.13529849056113,38.7985324008354],[-77.13522461766192,38.79854121306775],[-77.1352105529869,38.798543774800635],[-77.13511555329863,38.7985550259875],[-77.13464748834177,38.79862783801595],[-77.13440448064202,38.79865569561277],[-77.13428873719492,38.798668963322],[-77.13414104844674,38.79868646370869],[-77.13321560625225,38.79881440266082],[-77.13217416425834,38.79896152883548],[-77.13212485221788,38.79896915336101],[-77.13201585098425,38.798983029016604],[-77.13122409748219,38.79909459323323],[-77.13085871334027,38.799144436571474],[-77.13043603172623,38.79920209406846],[-77.13037971814924,38.79920971900715],[-77.13016509309635,38.799236031575944],[-77.12979927843378,38.79928253219087],[-77.12948615229384,38.79932553262079],[-77.12914139992127,38.79937234483862],[-77.12800845732933,38.79952522200436],[-77.12785358137035,38.7995454089772],[-77.12670663807812,38.79970084784521],[-77.12615076073463,38.799775410864285],[-77.12159023981773,38.80042760361277],[-77.12108673739448,38.80051510478239],[-77.12081917355026,38.800561354836844],[-77.1204702967085,38.80063141789734],[-77.12032242139671,38.80066260492403],[-77.1193430428477,38.80085979451535],[-77.11875060137005,38.801006607984064],[-77.11829578772527,38.80111798351309],[-77.11805947424028,38.801176984353745],[-77.1179572230877,38.80120323350886],[-77.11716678231998,38.80142592219656],[-77.11714921973875,38.80143123439024],[-77.11712803277945,38.801437797620885],[-77.1170467813679,38.80146436020778],[-77.11676777963443,38.80155579845842],[-77.11659477949068,38.80161142285775],[-77.11642171686728,38.80166842382054],[-77.11605434026379,38.80179179913268],[-77.11605390262655,38.801815111465515],[-77.11600090232808,38.8018323619467],[-77.11560177539393,38.80196773762334],[-77.1151494619395,38.80212848823233],[-77.11513177235581,38.802135175279915],[-77.11470408437253,38.802293488618666],[-77.11467933222005,38.80230280135621],[-77.11419139373342,38.80249480322566],[-77.11410651881481,38.80252811505946],[-77.11357226687059,38.8027524897672],[-77.11304138937228,38.80298236713158],[-77.11281538795768,38.802692741267286],[-77.1126201369357,38.80244049055776],[-77.11256001128957,38.80246730351026],[-77.11236500992332,38.802024240220305],[-77.11142313062884,38.80227530433856],[-77.1109716284654,38.80239493006423],[-77.11051675181484,38.802508930904544],[-77.11029462507143,38.802561305492695],[-77.11005843625577,38.80261611860287],[-77.10960024760908,38.80271780752386],[-77.10913868259544,38.80281255695581],[-77.10860674387588,38.802913370312744],[-77.10809261566186,38.80300199550695],[-77.10757523795203,38.803082371324166],[-77.10705442312069,38.80315580998018],[-77.1065337957138,38.80322249773255],[-77.10585497963572,38.80329812289713],[-77.1065343864036,38.80429853077071],[-77.10689869104266,38.80456554146974],[-77.10843928811971,38.805945782292646],[-77.10882977419571,38.8060781528916],[-77.10946128413701,38.80651369121671],[-77.10946691093967,38.80651757163256],[-77.10947714081998,38.80652515905945],[-77.11035970196936,38.80717962277588],[-77.11096855980756,38.80760336569461],[-77.11098501404906,38.80760974012254],[-77.11155881382038,38.80801173298715],[-77.11197209737942,38.80821291591872],[-77.11204173580647,38.80851859050226],[-77.11221613125403,38.80892695653601],[-77.11215848627607,38.80919450801192],[-77.11212128340182,38.80936718174156],[-77.11229366769673,38.80966319160315],[-77.1122816029626,38.80992431517373],[-77.11233789673096,38.809996035271546],[-77.11235434521464,38.81011413433478],[-77.11235494543806,38.81011441712437],[-77.11256823965338,38.81021502329482],[-77.11259363828454,38.81022700265092],[-77.11312928502996,38.81048069033386],[-77.1131649716185,38.81057113589549],[-77.11327839244483,38.81085859628474],[-77.11394047181733,38.81157578993451],[-77.11394354093864,38.81157911465472],[-77.1139470070979,38.811582869313135],[-77.11401499817087,38.81157769832735],[-77.11401953952101,38.811577352854414],[-77.11407526848109,38.8115731145147],[-77.11472876436179,38.81152340841053],[-77.11534252089463,38.81151291826897],[-77.11564074877413,38.81154388130101],[-77.11581329987575,38.8115618314979],[-77.11604811848511,38.81158825779808],[-77.11622328518806,38.81161240793627],[-77.11649935147206,38.8116470274201],[-77.11690626826996,38.811698055391794],[-77.11911079162331,38.81197508245473],[-77.11968697992882,38.81204375314033],[-77.12024525451687,38.81211496541813],[-77.12129679673346,38.81225016099973],[-77.12167713811706,38.81229260917495],[-77.12169064610458,38.81229456074663],[-77.12169156108021,38.81229164611932],[-77.12173630137937,38.812149196760075],[-77.12189469345263,38.81157712318571],[-77.12201155929503,38.81115696952347],[-77.12201525267317,38.81114740159386],[-77.1221370493683,38.81065316040897],[-77.12219355533936,38.81045198560544],[-77.12224135772829,38.81033858429512],[-77.12229274794915,38.8102211050615],[-77.12241238924337,38.810022044553676],[-77.12258511052323,38.80980026535732],[-77.1226261236796,38.80975616346001],[-77.12273920794625,38.809634562101905],[-77.12289246239523,38.80951278707219],[-77.12297533360073,38.80944936362481],[-77.12311686863676,38.8093410424515],[-77.12343960359671,38.809166332922416],[-77.12368754389887,38.80904841388272],[-77.12385723536097,38.808984498294144],[-77.1240939388032,38.80890351699516],[-77.12425278615572,38.80885595109657],[-77.12455621040965,38.808773005152666],[-77.12475336708565,38.808740990288115],[-77.1249292336736,38.80872108296229],[-77.1251648039661,38.80869912894015],[-77.12537562793585,38.808686495811706],[-77.12562512965822,38.8086701953732],[-77.12610011959535,38.80860847957865],[-77.12633151753509,38.80856225238959],[-77.1265546066561,38.8085176861279],[-77.12690401084848,38.80841605160774],[-77.12720083220374,38.808311053795585],[-77.12734938570345,38.80825100409067],[-77.12749796632049,38.808189582374155],[-77.12765398294943,38.808106277853135],[-77.1278311333698,38.80801910207778],[-77.12799796541952,38.80792082011989],[-77.12812577891764,38.807844051274195],[-77.12828582840163,38.80773333220738],[-77.12848149010831,38.807595568378524],[-77.12899742951973,38.807226756078535],[-77.12912484481438,38.80753855466026],[-77.12915561106969,38.80758147760843],[-77.1292039238805,38.80762460646865],[-77.12932909085335,38.80768648370151],[-77.12944436018167,38.807715290326854],[-77.12954944235885,38.80772613007619],[-77.12965860615685,38.80772515733806],[-77.12968283228122,38.80772494118111],[-77.12982334463419,38.80771834404477],[-77.12982361648417,38.80772220147137],[-77.12984446694755,38.80770602882447],[-77.13306821826069,38.80763795570895],[-77.1331450397618,38.807636259633455],[-77.13326157105305,38.80763349270946],[-77.13326839764193,38.8076333307831],[-77.1335067147548,38.807626742405496],[-77.13450422674515,38.80758618026016],[-77.13484835708496,38.807576453795335],[-77.13495813658952,38.808078892458155],[-77.1350617202439,38.80835333569363],[-77.13514275220193,38.808521789528],[-77.13523397098582,38.80870821224123],[-77.13536033269764,38.80889229665848],[-77.13555915672242,38.80914175753151],[-77.13568159386831,38.80934776548973],[-77.13575308243044,38.80949385899816],[-77.13576268053323,38.80951347428169],[-77.13580335380637,38.80958946450585],[-77.13588403294779,38.809703845181616],[-77.13597423998104,38.809831734533766],[-77.1361631934958,38.810046753487306],[-77.13617348580371,38.81005923050125],[-77.13651061755634,38.810418767532035],[-77.13667194636189,38.81061012286141],[-77.13674591624937,38.81072557813606],[-77.13676057472485,38.81074845678908],[-77.13684543386125,38.81090047815738],[-77.13684679447579,38.81090396080373],[-77.13684856254417,38.810908484271295],[-77.13690903199077,38.81106323587096],[-77.13692876388798,38.81115845088275],[-77.13694440071004,38.81123390472857],[-77.13697438156761,38.811377760106424],[-77.13698943700624,38.81144999621822],[-77.13704354304073,38.81174308330655],[-77.13709115122721,38.812008634056255],[-77.13713213349614,38.81225351219572],[-77.13718937311266,38.81264065006059],[-77.13721612093939,38.81282155606492],[-77.1372263930061,38.81291469163479],[-77.13722809961355,38.81293016536554],[-77.13798906064592,38.81296646134922],[-77.13846601720013,38.812987100566254],[-77.13848005365604,38.81298726345047],[-77.13852627050112,38.81298969894741]]]},"properties":{"OBJECTID":159,"STDYAREA":"BNDRY","ELEM_":333,"MID_":null,"INT_":null,"HIGH_":null,"DISTRICT":null,"MOBILITY":null,"REGION1":null,"REGION2":null,"ELEM_DESC":"Samuel W Tucker","MID_DESC":null,"INT_DESC":null,"HIGH_DESC":null,"TRUSTEE":null,"ADD_SCHL1":null,"ADD_SCHL2":null,"ADD_SCHL3":null,"ADD_SCHL4":null,"ADD_SCHL5":null,"created_user":null,"created_date":null,"last_edited_user":null,"last_edited_date":null,"Creator":null,"Created":null,"Editor":null,"Edited":null,"Shape.STArea()":34208822.45686542,"Shape.STLength()":31392.561206472452}},{"type":"Feature","id":160,"geometry":{"type":"Polygon","coordinates":[[[-77.11186578977697,38.834325366483775],[-77.1118673522793,38.83432760218797],[-77.11199351814635,38.83450713172553],[-77.11208872672073,38.83464261095275],[-77.11232900191132,38.83498451517425],[-77.11233580489397,38.834998288155354],[-77.11233855787872,38.834998111686204],[-77.11384698195572,38.83490031777698],[-77.11548798760062,38.83479470511683],[-77.11591024420501,38.834768488605036],[-77.11629136623027,38.83474413707774],[-77.11631903069275,38.834742369441045],[-77.11640419363987,38.83468443643213],[-77.1164887881663,38.83462795889271],[-77.1166070782445,38.834556202057776],[-77.1167183867219,38.83450003833276],[-77.11682630614447,38.83444644729831],[-77.11700475601678,38.83437278631837],[-77.11709238210891,38.834342468727975],[-77.11708168349094,38.834330085330436],[-77.11703043277,38.834270760636905],[-77.11699347506003,38.834227980796165],[-77.11699677580242,38.83422663404086],[-77.11700221860033,38.83422441338564],[-77.11704092655268,38.834208620092696],[-77.117076831825,38.83409457741629],[-77.1171404847963,38.8341592827067],[-77.1177510012075,38.83398601028461],[-77.120745437024,38.83359718503983],[-77.12139742901175,38.83347758999133],[-77.1222716785968,38.83317345861137],[-77.12316454087207,38.83268291604671],[-77.12374129133696,38.83219874899283],[-77.12404274160131,38.83183234029199],[-77.1241011021724,38.831761403156186],[-77.12413966203707,38.8317145340924],[-77.124176717069,38.83166949340668],[-77.1245096875456,38.83106852494434],[-77.12530176254158,38.82925776379859],[-77.12572871938502,38.828670147330556],[-77.12623114715029,38.828187314104575],[-77.12626694745764,38.82815965078113],[-77.12629776400003,38.828135839202886],[-77.12630105377802,38.8281332956082],[-77.12636598808463,38.82808210549193],[-77.1264520639185,38.82801865679543],[-77.12653189967263,38.82795994333948],[-77.12653546500133,38.827957565133055],[-77.12660468765336,38.827911401886674],[-77.12662361672248,38.82789877776322],[-77.12663293833259,38.82789256132959],[-77.12673136663524,38.827832117484185],[-77.12687979297074,38.827740858004276],[-77.1269322793638,38.82771182838429],[-77.12693747787092,38.827718003910654],[-77.12699758897504,38.82768475786457],[-77.12710834245593,38.82762566607298],[-77.12721130905167,38.82757010578098],[-77.12733141612574,38.8275062932419],[-77.12745933507229,38.827437740189325],[-77.1275653871815,38.82738221567824],[-77.12768860508343,38.82731723009329],[-77.12779779132123,38.82725932749697],[-77.12788826845916,38.82721086776647],[-77.12801461911215,38.82714350304333],[-77.1281596772321,38.82706669516094],[-77.12827042995491,38.8270076022776],[-77.12835463982091,38.82696389979153],[-77.12844511621084,38.826915439628316],[-77.1285683325157,38.82685045311258],[-77.12867129570165,38.8267948924168],[-77.12880699865221,38.826722805280674],[-77.1289567325224,38.82664363563016],[-77.12905812903922,38.82658926446045],[-77.12918758659589,38.826520725720435],[-77.12934978467351,38.826435663050326],[-77.12951630262164,38.82634546928397],[-77.12957754827254,38.82631179372066],[-77.12968612653046,38.82625317865283],[-77.1298223925265,38.826184009681484],[-77.12992577669398,38.82612837623408],[-77.1300575951599,38.82605915506774],[-77.13016100108025,38.826002362155755],[-77.13028531732608,38.82593769211924],[-77.13042466013823,38.825862758097465],[-77.13056247415788,38.82579012600053],[-77.13074226455015,38.82569362383632],[-77.13089806853397,38.825610761129006],[-77.13103738682034,38.8255369856165],[-77.1311916849161,38.82545526447091],[-77.13133102469487,38.825380329351034],[-77.13144485113014,38.82532133692946],[-77.13155723847399,38.82526000768849],[-77.13165610551637,38.825207799502756],[-77.13177743186226,38.825144254357475],[-77.13181417159866,38.82512457816967],[-77.13194903006273,38.82505235146772],[-77.13197727012351,38.82503719887942],[-77.13195347858601,38.82497609164024],[-77.13183770487043,38.824539322336015],[-77.13183318928164,38.824533683840194],[-77.13182868046503,38.8245280526307],[-77.13156641305876,38.8242005053677],[-77.13118240350376,38.82406613853439],[-77.13098687751747,38.82399770584422],[-77.13076747834685,38.82381709076744],[-77.13066522549508,38.8237300178619],[-77.13036665449269,38.82324654122821],[-77.13030580709844,38.8231962755032],[-77.12993610988704,38.822890866060156],[-77.1299032684464,38.82286253623578],[-77.12986394077232,38.82281723977088],[-77.12971316023847,38.82264108611753],[-77.1296198529049,38.82253290667887],[-77.12944960691583,38.82230779597283],[-77.12918851331315,38.82188101320285],[-77.1289899843291,38.821400832045555],[-77.12895846727972,38.82132460338448],[-77.1289140485496,38.82125498735366],[-77.12891396674674,38.82125504946393],[-77.12864924617426,38.82067721921527],[-77.12854001873501,38.82076015212853],[-77.12827762475182,38.82096767723074],[-77.1282623263713,38.82097977646482],[-77.12791302610069,38.821255150288124],[-77.12762166159324,38.82148484888988],[-77.12748558966625,38.821592121220405],[-77.12747336116821,38.821601761544684],[-77.12713500479768,38.82185973591632],[-77.12655655853868,38.82227963446305],[-77.12647241870857,38.82234404919017],[-77.12637427173247,38.82241918780648],[-77.12609428810693,38.822638033375554],[-77.12603604774453,38.82268355640644],[-77.12485944513878,38.82360322100874],[-77.12446614927019,38.823879587221505],[-77.12428454491379,38.824007197936446],[-77.12422724144164,38.8240474641435],[-77.12418095382309,38.82407998972703],[-77.1240452976676,38.82408545446385],[-77.12395661509865,38.82423464257601],[-77.12309579541437,38.8248280582725],[-77.1228296514505,38.82492431566403],[-77.12231002628538,38.82529731758539],[-77.12225967681425,38.82533345977696],[-77.12192622854398,38.8255728156903],[-77.12130616286011,38.82601790839688],[-77.12098011378043,38.82620689659505],[-77.12078857796732,38.82631791599861],[-77.12036752624188,38.826561967021675],[-77.1199738049051,38.82669906338801],[-77.11984246124238,38.82686572599474],[-77.1190582421193,38.827291928613455],[-77.11750558457314,38.82813574345173],[-77.116109181855,38.82880967598522],[-77.11591773354067,38.828902072353316],[-77.11571758038346,38.82807537139437],[-77.11573652999971,38.82806722153724],[-77.11602188003235,38.8269791408907],[-77.11341784788144,38.826543336447784],[-77.11310281490434,38.82678116171486],[-77.1121476297579,38.82634645165848],[-77.11054182825791,38.827561910371216],[-77.1104846195478,38.82760648931382],[-77.11056933959618,38.82774321718646],[-77.11082843049653,38.82795495610647],[-77.11109889899237,38.82817598989675],[-77.1130343139202,38.82955997735404],[-77.11346809664136,38.82995906025897],[-77.11347388217868,38.8299652649484],[-77.11346833187092,38.82996775535394],[-77.11340329122085,38.829996742407076],[-77.11337717494796,38.83000747941828],[-77.11337308463123,38.83000916090341],[-77.11338657522893,38.83002213533996],[-77.11345435481327,38.83009175032644],[-77.11348197423725,38.83011990322181],[-77.11319868424779,38.83022775775939],[-77.11306778228702,38.83027975938425],[-77.11310578183401,38.83031178837612],[-77.1130557035444,38.83028450966797],[-77.11185789906169,38.83075563272558],[-77.11138416305046,38.83092577832852],[-77.11028503613896,38.83130134110747],[-77.10992818475798,38.831417941523746],[-77.11009681135486,38.83165911799398],[-77.11005640766928,38.83168294517481],[-77.11035870221775,38.832122138160926],[-77.11130848417993,38.83350200357804],[-77.11130853795889,38.833502081695535],[-77.11140400983773,38.83366466866731],[-77.11140554423089,38.83366728424426],[-77.11140623790365,38.83366846277826],[-77.11186578977697,38.834325366483775]]]},"properties":{"OBJECTID":160,"STDYAREA":"BNDRY","ELEM_":350,"MID_":null,"INT_":null,"HIGH_":null,"DISTRICT":null,"MOBILITY":null,"REGION1":null,"REGION2":null,"ELEM_DESC":"Ferdinand T. Day","MID_DESC":null,"INT_DESC":null,"HIGH_DESC":null,"TRUSTEE":null,"ADD_SCHL1":null,"ADD_SCHL2":null,"ADD_SCHL3":null,"ADD_SCHL4":null,"ADD_SCHL5":null,"created_user":null,"created_date":null,"last_edited_user":null,"last_edited_date":null,"Creator":null,"Created":null,"Editor":null,"Edited":null,"Shape.STArea()":13492460.41300225,"Shape.STLength()":20408.94779058502}}]}