{"type":"FeatureCollection","features":[{"type":"Feature","id":1,"geometry":{"type":"Polygon","coordinates":[[[-77.10681135579975,38.852764163486924],[-77.10716511906831,38.853444499356335],[-77.10773198109044,38.85401192168511],[-77.10861954700911,38.854573248031684],[-77.10887035709898,38.854795775585515],[-77.11053396104285,38.85627173498176],[-77.11118332290665,38.85617273377654],[-77.1114898344217,38.85612281098793],[-77.11159330445041,38.85610434538388],[-77.11169594760153,38.85608323368485],[-77.11179765905905,38.85605944719303],[-77.11188826971528,38.856035803967785],[-77.11198782943303,38.856007048946786],[-77.11207634795294,38.855978987132254],[-77.11216378210034,38.85594888034185],[-77.11219810136367,38.855933990436746],[-77.11232516630339,38.85588128502446],[-77.1129007636489,38.85564245138204],[-77.11330261280648,38.85543849741667],[-77.11333531538543,38.85542364300837],[-77.11376373427954,38.85522947524718],[-77.11388540299582,38.85517783033524],[-77.11399929367026,38.85513249181152],[-77.11411461542224,38.85508942184847],[-77.1142215399092,38.85505199193493],[-77.11432955022534,38.855016524449844],[-77.1144385761548,38.8549830185614],[-77.11456867131058,38.8549459991014],[-77.11464653519202,38.85492499231705],[-77.11523982287837,38.85476493311337],[-77.11550950986049,38.85469369543269],[-77.11598645413804,38.85455594692954],[-77.1169715575424,38.854271365427365],[-77.11719584786236,38.85420658298114],[-77.11771357524242,38.854057041553624],[-77.1183456323942,38.85387912244851],[-77.11888175184316,38.853722561632836],[-77.1193630873795,38.85358405483406],[-77.11948266345136,38.853547730085936],[-77.11961321354215,38.85351051820958],[-77.11975493932061,38.853472888371066],[-77.11988750763136,38.853440285852756],[-77.12003124371556,38.853407677158536],[-77.12017587699663,38.85337771505914],[-77.12037317686152,38.85334103973054],[-77.1204292601032,38.853331977727386],[-77.12051884505628,38.853317515169984],[-77.12060247754076,38.85330578359145],[-77.12067591232615,38.853296568361614],[-77.12076006116492,38.85328720435556],[-77.12083384256644,38.853280052649644],[-77.12093953832077,38.85327151832114],[-77.12104544185048,38.85326496350625],[-77.12105723600938,38.85326423359892],[-77.12101101145537,38.853229134814455],[-77.12092098937406,38.85316217173231],[-77.12004913003514,38.85247913999612],[-77.11991766355456,38.85237599005055],[-77.11971011623491,38.85221153194103],[-77.11929151343719,38.85188257330721],[-77.11884865446667,38.85153685132011],[-77.11758036689137,38.85054263485862],[-77.11757899606896,38.850541559762355],[-77.1174093393916,38.850415988572095],[-77.11720871957034,38.85025709955845],[-77.11705651304821,38.850137225526744],[-77.11674518551371,38.849891903225185],[-77.1165065307325,38.84970235798638],[-77.11640527513056,38.849626526383425],[-77.1162193598002,38.84947928748655],[-77.1160291190865,38.84932875692211],[-77.11594261689532,38.84926185880578],[-77.1153995638411,38.8488325596718],[-77.1150501579922,38.84855932279591],[-77.11483220629773,38.848389240751565],[-77.11445859993472,38.84809649395465],[-77.11430640258568,38.8479766162948],[-77.11386359171813,38.84763087517644],[-77.11354185965124,38.8473799289651],[-77.11353407809666,38.84737374077175],[-77.1134657359238,38.847321362279466],[-77.1134252263536,38.84728961114764],[-77.11271163310649,38.84673028474997],[-77.11258710307382,38.846632700330126],[-77.11235182163504,38.84645142433449],[-77.1120751026465,38.84623395892336],[-77.1119470636139,38.84613633230256],[-77.11181216276002,38.84603038616054],[-77.11153885153651,38.845818451877086],[-77.11146969940972,38.84576271237528],[-77.11114452650385,38.8455089725044],[-77.11096473276866,38.845364049098634],[-77.11078137594896,38.84522182931131],[-77.11060498806654,38.84508243778926],[-77.11042157953536,38.844942962878264],[-77.1103143783955,38.844859311457846],[-77.1104595991113,38.844248655435],[-77.1104977875582,38.8440898350109],[-77.11060958517609,38.84357489579054],[-77.11017022610913,38.84341591401252],[-77.11011788615201,38.843398817799574],[-77.1099575153215,38.84333925110068],[-77.10980076167402,38.84327423486298],[-77.10968927368143,38.84322897712548],[-77.10958134958393,38.843181015417926],[-77.10957176674223,38.84317722215798],[-77.10956130838365,38.84317330868296],[-77.10955172713933,38.84316943305792],[-77.10954127037819,38.843165437217664],[-77.10952211533956,38.843157301600755],[-77.10951165964539,38.84315325084883],[-77.10950208531948,38.8431490183114],[-77.10949250939935,38.84314486813666],[-77.10948293667101,38.84314055323418],[-77.10947336234847,38.84313632069441],[-77.10946291410512,38.84313188557538],[-77.10944377184738,38.8431230910379],[-77.10943420231564,38.84311861140455],[-77.10942551255656,38.84311403234985],[-77.1094159446226,38.84310947035153],[-77.10939681301281,38.843100126716685],[-77.10937768406711,38.84309064580622],[-77.10936899910139,38.843085819656956],[-77.1093594731943,38.843080901161585],[-77.10935075472071,38.84307599223156],[-77.10934119371039,38.84307107331881],[-77.10926117702174,38.843034426258576],[-77.10918110828696,38.84299503244701],[-77.1091724531328,38.842990481243895],[-77.10916376181018,38.84298598453313],[-77.10915507155248,38.84298143291274],[-77.10914550418528,38.84297684343777],[-77.10912812420742,38.84296771273914],[-77.10911943661375,38.84296302384369],[-77.10911074582971,38.842958499674474],[-77.10910205770641,38.8429538382322],[-77.10909336745648,38.84294928660721],[-77.10907599068351,38.84293999117391],[-77.1090664233269,38.842935401692436],[-77.10905773520923,38.842930740246864],[-77.10904904815659,38.842926023891636],[-77.10902298328186,38.84291206700356],[-77.10900561025072,38.842902579378354],[-77.108996921609,38.842897945382724],[-77.10895348852499,38.842874253759604],[-77.10894476850831,38.84286942716266],[-77.10893699474924,38.842864694161634],[-77.1089283093085,38.84285989543397],[-77.10891962280493,38.84285515161459],[-77.10886751285183,38.842826221958674],[-77.10885970718898,38.84282132380953],[-77.10885102229068,38.84281649762159],[-77.1088423389896,38.842811589069555],[-77.10883365409362,38.84280676288035],[-77.10881628749738,38.84279694577305],[-77.10880848184122,38.842792047620435],[-77.10878243195916,38.8427773219529],[-77.10877375026364,38.84277233103231],[-77.10876594461307,38.84276743287683],[-77.10875726291988,38.84276244195504],[-77.10874861526942,38.84275750635762],[-77.10873989847305,38.84275251501841],[-77.1087320944231,38.842747534497214],[-77.10871469594191,38.84273755223171],[-77.10870692700097,38.84273257212493],[-77.10869824531612,38.84272758119871],[-77.1086895652287,38.8427225079084],[-77.10868176171765,38.8427174999293],[-77.1086730816326,38.842712426637725],[-77.10866439995254,38.842707435708945],[-77.10865663261463,38.84270237323533],[-77.10863923787953,38.84269219877721],[-77.10863143543946,38.84268713588577],[-77.10862275589379,38.842682035135994],[-77.10861495292386,38.842676999697964],[-77.10860627338056,38.8426718989469],[-77.10859759490273,38.842666743286244],[-77.10858979300049,38.84266165293753],[-77.10858111452507,38.84265649727565],[-77.10857331368935,38.84265135201686],[-77.10856460011082,38.8426461959376],[-77.10855683491506,38.84264102363937],[-77.10854815644453,38.84263586797499],[-77.1085403556134,38.84263072271404],[-77.10853167767743,38.84262553959395],[-77.10852387684861,38.84262039433181],[-77.1085152005115,38.84261512884709],[-77.10850739968498,38.842609983583856],[-77.10849872335037,38.842604718097895],[-77.10849092252616,38.84259957283354],[-77.108482246194,38.84259430734635],[-77.108466683382,38.84258382504975],[-77.10845797141583,38.84257858659897],[-77.10845017272608,38.84257333151401],[-77.1084414974644,38.84256801111478],[-77.10843369877702,38.84256275602868],[-77.1084259011551,38.842557446033055],[-77.10841722483279,38.842552180541006],[-77.10840163012706,38.842541533092565],[-77.10839295380846,38.84253626759869],[-77.10837735910981,38.842525620146986],[-77.10836872109358,38.8425201903406],[-77.10835309129652,38.842509542469415],[-77.10834441817859,38.84250411224499],[-77.10833662056967,38.84249880224338],[-77.10832886019624,38.842493382839514],[-77.10832102801638,38.84248804496615],[-77.10831235437124,38.8424826421938],[-77.10828893284334,38.84246638231089],[-77.10828117354149,38.842460907994905],[-77.10827250043486,38.84245547776509],[-77.1082647049655,38.84245005794068],[-77.10825691109405,38.84244455575233],[-77.10824911562705,38.842439135926924],[-77.10823349225238,38.842428158585776],[-77.10822482128236,38.842422618534485],[-77.10821702528791,38.842417226161345],[-77.1082092665291,38.84241172438606],[-77.10820143915741,38.842406139414244],[-77.10818585143492,38.84239513502847],[-77.10817805917229,38.84238955047133],[-77.10817026478175,38.842384075731644],[-77.10816247252151,38.842378491173484],[-77.10815467866568,38.84237298897819],[-77.10810792513702,38.84233948161496],[-77.10810013448338,38.84233381468917],[-77.10809234223407,38.842328230126284],[-77.1080845521152,38.84232253574489],[-77.10807675986833,38.84231695118093],[-77.10803780663703,38.84228861653605],[-77.10803089362828,38.84228296001329],[-77.10802310298689,38.84227729308232],[-77.10801531447602,38.8422715163328],[-77.10800752383709,38.84226584940074],[-77.10799973479638,38.84226010010472],[-77.10799194415993,38.84225443317156],[-77.10798503275515,38.84224869428267],[-77.10795387714687,38.84222566963477],[-77.10794696628027,38.842219903289056],[-77.10793917724939,38.84221415398892],[-77.10785215606685,38.842265379808154],[-77.10784327484795,38.84227068424968],[-77.10782907298754,38.842278754046575],[-77.10782017845507,38.84228474484844],[-77.10781129084248,38.842290378741374],[-77.10780152825656,38.84229586495165],[-77.10779177472031,38.84230088443486],[-77.10778202437724,38.84230573919038],[-77.10777140438512,38.84231017171808],[-77.107760789716,38.842314329699974],[-77.10775018143487,38.84231815822708],[-77.10773961517974,38.84232163026138],[-77.10772810746778,38.84232476159804],[-77.10771751941641,38.842327546851855],[-77.10770606011928,38.84232999224067],[-77.10769460774331,38.8423320807201],[-77.10766636370208,38.842339983931105],[-77.10730296744669,38.84242903946714],[-77.10713360915297,38.84247096716859],[-77.10704541938686,38.84249188926683],[-77.1069607401154,38.84251285296203],[-77.10691063916573,38.84238044650356],[-77.10673491106438,38.841938218973624],[-77.10671558507066,38.8418898490621],[-77.10671404260222,38.84188598795609],[-77.10662939520245,38.84167411160094],[-77.10663912901914,38.84167010802938],[-77.10664798680719,38.8416660116754],[-77.10665775892392,38.84166184379213],[-77.10666658320338,38.84165766465661],[-77.10667628723918,38.84165338612041],[-77.10668518439077,38.84164907054446],[-77.10669492566063,38.84164468260551],[-77.10670379196767,38.84164014697559],[-77.10671265614228,38.841635721162895],[-77.10672240167126,38.84163111358577],[-77.10673126957334,38.84162649559032],[-77.10674900857096,38.841617094870465],[-77.1067579142387,38.841612340017235],[-77.10677562558355,38.84160255451385],[-77.106783622247,38.8415975966434],[-77.10680137455044,38.84158750955346],[-77.10680937493998,38.84158235949987],[-77.10681825242061,38.84157724731705],[-77.1068271320311,38.841572025315614],[-77.10683513561372,38.841566710533314],[-77.10700922768724,38.841461679598794],[-77.10706603483183,38.841429400791256],[-77.10702476124547,38.84138497368454],[-77.10587534271968,38.84018227373778],[-77.10586151425083,38.840171125158435],[-77.10502381335003,38.84081748580827],[-77.10501973424776,38.84081429478112],[-77.10443584078698,38.84035739277193],[-77.10442201304161,38.840346216568996],[-77.10441157512294,38.8403412868167],[-77.10440201054557,38.84033658713429],[-77.10439156782631,38.8403319044705],[-77.10438112297355,38.840327331623755],[-77.10437067705469,38.84032281368503],[-77.10436022740113,38.84031848792672],[-77.10434977614767,38.84031424453093],[-77.10433932329427,38.84031008349766],[-77.1043288688409,38.84030600482689],[-77.10431753464466,38.84030202553756],[-77.10430707539008,38.84029819395513],[-77.10341090693255,38.83988808890321],[-77.10340133179947,38.83988393822833],[-77.10339524518531,38.83988095495628],[-77.10304719528888,38.839723032360084],[-77.1030194325656,38.83970622542672],[-77.10301074362862,38.839701645893435],[-77.10300117548854,38.83969713827747],[-77.10299248495114,38.83969264110628],[-77.10297334386873,38.83968387296098],[-77.10296465119765,38.83967948560557],[-77.10295508146069,38.83967506034927],[-77.10294997612883,38.839666761330854],[-77.10294217922701,38.83966145096734],[-77.10293438606618,38.8396559484219],[-77.1029256802016,38.839650435012146],[-77.1029101354012,38.83963910088263],[-77.1028945624473,38.839627409424985],[-77.1028876549085,38.839621505505455],[-77.10287983840631,38.83961539853996],[-77.10287296971383,38.83960930285606],[-77.10286606912422,38.839603042026994],[-77.10285829093557,38.83959677075104],[-77.10285139195132,38.83959042755765],[-77.10284449457117,38.83958400200042],[-77.10283847692948,38.83957747707147],[-77.1028315827575,38.83957088678662],[-77.10282469072398,38.83956418668341],[-77.10281266453175,38.839550670097],[-77.10280665330737,38.83954381571266],[-77.1028006436871,38.839536878964566],[-77.10279463567092,38.839529859852696],[-77.10278859468922,38.83952273050468],[-77.10278350098152,38.83951563989371],[-77.10277749617468,38.83950845605406],[-77.10276724550286,38.8394939170868],[-77.1027621236416,38.83948646914868],[-77.10275700017841,38.83947910357377],[-77.10275275698665,38.839471611173565],[-77.10274763673146,38.83946408087135],[-77.10273915462719,38.839448876434126],[-77.10273067626682,38.83943347981487],[-77.10272643842384,38.83942571286881],[-77.10272307978286,38.839417874006635],[-77.10271884407899,38.8394099972423],[-77.10271548543957,38.83940215837991],[-77.10271212893825,38.83939420969945],[-77.10270877404069,38.83938617865548],[-77.10270629620712,38.83937818551348],[-77.10270294077661,38.839370181923776],[-77.10268619035286,38.83932879124951],[-77.10267615506979,38.83930318811817],[-77.10267368953286,38.83929456352229],[-77.10267034586573,38.839285955932894],[-77.10266295353547,38.839259862508726],[-77.10263950301591,38.8392019155545],[-77.10263631272089,38.839185428528005],[-77.10263383757416,38.83917729811167],[-77.1026304826955,38.839169267064996],[-77.10262800648124,38.83916119155753],[-77.10262465160399,38.839153160510676],[-77.10262217432218,38.83914513991193],[-77.10261546403684,38.83912910527228],[-77.10261298675691,38.839121084673295],[-77.10260962974569,38.839113163443905],[-77.10260627487273,38.83910513239639],[-77.10258949090027,38.83906547133807],[-77.1025861328255,38.839057605016805],[-77.1025827758202,38.839049683786506],[-77.10257853961906,38.83904183447095],[-77.1025718229404,38.83902612928209],[-77.10256758781064,38.839018225057124],[-77.10256422706846,38.83901049600759],[-77.10255995576799,38.83900264627333],[-77.10255663066546,38.838994890186996],[-77.10254391780782,38.838971561872484],[-77.10254055760478,38.83896380536767],[-77.1025193611588,38.83892535495972],[-77.10251508505857,38.83891775231398],[-77.10251088076974,38.83891006814059],[-77.10250576218321,38.83890245546337],[-77.10250152118941,38.83889485323508],[-77.10249731369693,38.83888733378803],[-77.10249303760122,38.83887973114146],[-77.1024879174155,38.83887220082684],[-77.10248367482208,38.83886468096131],[-77.10247855463841,38.83885715064625],[-77.10247431204688,38.83884963078033],[-77.10246918972753,38.83884221028283],[-77.10246403390893,38.838834707003585],[-77.10245982535498,38.838827242464106],[-77.10245470357317,38.838819794511345],[-77.10244957965466,38.838812456376374],[-77.10244445787498,38.83880500842321],[-77.1024290871978,38.83878293910711],[-77.10242396168121,38.838775683334354],[-77.10241880319987,38.83876831732546],[-77.10240858780992,38.83875377874231],[-77.1024034606941,38.83874660533204],[-77.10239745812744,38.83873931165371],[-77.10239233101377,38.83873213824296],[-77.10238632684607,38.838724926927426],[-77.10238119813118,38.838717835879656],[-77.10237519182792,38.8387107343815],[-77.10237006311512,38.83870364333319],[-77.10236405734862,38.83869651437991],[-77.10235804944543,38.838689495244346],[-77.10235292073585,38.83868240419521],[-77.10234090493519,38.83866836592247],[-77.10233489543317,38.83866142914907],[-77.10232888753578,38.83865441001187],[-77.10231085904023,38.83863359968882],[-77.10229282574466,38.83861303645322],[-77.10228593706036,38.83860617158993],[-77.10227992436185,38.8385993995405],[-77.102273913268,38.838592545127284],[-77.10226790003729,38.83858580053171],[-77.10226100815093,38.83857910039384],[-77.10225499545706,38.83857232834307],[-77.10224810303869,38.83856565565891],[-77.10224208874362,38.83855896597094],[-77.10223519686227,38.83855226583146],[-77.1022291825695,38.83854557614281],[-77.10221539453686,38.83853239549782],[-77.10220937864403,38.83852578817152],[-77.10218179671875,38.83849972887443],[-77.10217577708998,38.83849331372778],[-77.10216888201387,38.83848677831124],[-77.10216198480082,38.838480352712196],[-77.10215508598536,38.838474009476194],[-77.10214818877478,38.838467583876344],[-77.10214041291003,38.83846120273315],[-77.1021335492018,38.838454859913924],[-77.10212661368416,38.83844859862161],[-77.10211971487489,38.83844225538353],[-77.10211281446314,38.83843599450842],[-77.10210503486304,38.83842980554422],[-77.10209813445374,38.838423544668245],[-77.10209123244196,38.83841736615531],[-77.10208345231115,38.838411204644174],[-77.10207654976723,38.83840505358488],[-77.10206876910442,38.838398919527215],[-77.10206186549381,38.838392823375976],[-77.1020540491956,38.83838671635366],[-77.10204717855243,38.83838073043757],[-77.10203939736017,38.83837462383242],[-77.10203249215058,38.83836861004284],[-77.10202470721872,38.838362695618095],[-77.10201692442654,38.838356671374825],[-77.10200913949726,38.83835075694905],[-77.10200219598151,38.838344907466436],[-77.10199444615807,38.83833899345778],[-77.10197108710842,38.83832146981007],[-77.10194772325856,38.838304193247986],[-77.1019243540736,38.838287191226016],[-77.10191656274384,38.838281606247776],[-77.10190877301919,38.83827593890554],[-77.10190010250403,38.838270425836036],[-77.10189231117795,38.83826484085615],[-77.10045436122712,38.837281080944045],[-77.10044482354085,38.83727503566605],[-77.10043350181269,38.837270452000155],[-77.10042215064992,38.837267378329706],[-77.100409888734,38.83726599637135],[-77.1003975957764,38.837266206771716],[-77.10038526749457,38.8372682291667],[-77.10037378520556,38.83727188183993],[-77.10036403151919,38.83727511575202],[-77.10035347421264,38.837278147853915],[-77.10034288822514,38.837280850082415],[-77.10033230705395,38.83728330521968],[-77.10032173284014,38.83728540344768],[-77.1003111985458,38.83728725500302],[-77.10030059886236,38.83728885862978],[-77.10028916206213,38.83729017766373],[-77.10027860925626,38.83729117770852],[-77.10026806180271,38.837291903207586],[-77.10025664320037,38.83729228878594],[-77.10024610698706,38.83729243773887],[-77.10023470069581,38.83729219186204],[-77.10022414169099,38.837291708941294],[-77.10021278013778,38.83729096930021],[-77.10020226747712,38.83728991025203],[-77.10019088313325,38.837288538737134],[-77.10018038171442,38.83728690314286],[-77.10016988618432,38.8372849655483],[-77.1001593954725,38.83728278086249],[-77.10014891118497,38.83728026672201],[-77.10013843225128,38.83727747803574],[-77.10012795813621,38.837274442258156],[-77.10011479777589,38.83727412052682],[-77.1001079046104,38.83726750262388],[-77.1000983230585,38.83726370858523],[-77.10008787089562,38.837259547170326],[-77.10007914359159,38.83725515918005],[-77.1000696142764,38.83725048701431],[-77.10006005467771,38.83724556733878],[-77.10005137586343,38.83724049340308],[-77.10004270400988,38.83723506255845],[-77.10003491294064,38.83722947745389],[-77.10002648528011,38.83722379035881],[-77.10002624911994,38.837223634790796],[-77.10001846822495,38.83721752805],[-77.10001069054344,38.837211256581774],[-77.1000037947168,38.83720477594502],[-77.09999690370964,38.83719804821748],[-77.09999001538061,38.837191183217186],[-77.09998400783546,38.8371841639575],[-77.09997800350374,38.83717697997063],[-77.09997200292077,38.837169603802074],[-77.09996688312138,38.83716207337445],[-77.09996176653533,38.83715437821968],[-77.09995752752027,38.83714669353286],[-77.09995329011224,38.837138926482424],[-77.09994905645281,38.83713096725047],[-77.09994570197007,38.83712293612316],[-77.09994231292073,38.83711487712254],[-77.0999389972899,38.837106654232365],[-77.09993655869381,38.837098469264895],[-77.09993405310504,38.83709011873303],[-77.09993246018871,38.83708177908817],[-77.09993090451712,38.83707333004412],[-77.0999301556738,38.83706491808543],[-77.0999287314056,38.8370479302785],[-77.09992922878047,38.837022425064305],[-77.09993027017718,38.83701403446101],[-77.09993222531534,38.83700559983588],[-77.09993411024759,38.83699716437318],[-77.09993794496233,38.83698056882998],[-77.09994161584844,38.83697237435838],[-77.09994440755989,38.83696425178185],[-77.09994807523212,38.836956222036854],[-77.09995170565938,38.836948301691045],[-77.09995541003877,38.83694019000114],[-77.09995907610245,38.83693224261929],[-77.09996361759099,38.83692441552334],[-77.0999681558663,38.83691675315412],[-77.0999735706369,38.83690915616174],[-77.09997897951733,38.83690186116846],[-77.09998526489274,38.83689463155185],[-77.09999154651936,38.83688759411628],[-77.09999782386187,38.83688077631621],[-77.10000497609296,38.83687410625607],[-77.10001212403988,38.83686765583136],[-77.10001926663202,38.836861479951025],[-77.10002728357716,38.83685547926484],[-77.1000352935615,38.83684983548636],[-77.10004417950476,38.83684428453833],[-77.10005305848723,38.83683909049791],[-77.10006193318576,38.83683411609273],[-77.10007080252973,38.8368294162317],[-77.1000796654486,38.83682504582381],[-77.10008940218506,38.83682087806384],[-77.10009913249655,38.83681703975687],[-77.10010973501966,38.83681348646098],[-77.10011945355215,38.83681025215102],[-77.10013005821452,38.83680658903537],[-77.100139779957,38.83680318999678],[-77.10015037444654,38.83680004851444],[-77.10016183954197,38.8367972744062],[-77.10017242064737,38.83679481928404],[-77.10018299586386,38.83679266616024],[-77.1001944448983,38.83679071568338],[-77.10020500887266,38.83678913910181],[-77.1002164461299,38.836787792621436],[-77.10022790938973,38.83678691328485],[-77.10023929923238,38.83678619783675],[-77.10025071614855,38.83678589462352],[-77.10026125014649,38.83678585548805],[-77.1002726552869,38.836786156271366],[-77.10028405507491,38.8367867315984],[-77.10029544844015,38.83678763637815],[-77.10030858676726,38.83678908372316],[-77.10032176042043,38.836788719070654],[-77.10033409504452,38.83678636722831],[-77.10034646445743,38.83678223084304],[-77.10035710871048,38.836776536074865],[-77.10036602833854,38.83676925546978],[-77.10059274018194,38.83648636579837],[-77.10061800757153,38.83645096793597],[-77.10062341849243,38.83644356309424],[-77.10062796041275,38.83643570851719],[-77.10063075523638,38.836427421196355],[-77.1006326773143,38.836418876321865],[-77.10063284480485,38.83641028306659],[-77.1006312566385,38.83640169633945],[-77.10062878449033,38.83639342860303],[-77.10062455079996,38.83638546939401],[-77.1006185518221,38.8363780108936],[-77.10061166137183,38.83637125574637],[-77.10060387891404,38.836365231406624],[-77.10059520177315,38.836360075146565],[-77.10041448888902,38.836264553348876],[-77.09919828005073,38.83561569760247],[-77.0981766794694,38.83507075877735],[-77.09802027620296,38.83498925398785],[-77.09801159458891,38.8349843446255],[-77.09800291136774,38.83497951762601],[-77.09799422975605,38.834974608262364],[-77.09798642568857,38.83496970938099],[-77.0979777440792,38.83496480001613],[-77.09796906086265,38.834959973014094],[-77.09794301604524,38.83494524491366],[-77.09793521198443,38.83494034602889],[-77.09789180398474,38.83491579917894],[-77.09788399993066,38.83491090029073],[-77.09787531833538,38.834905990918216],[-77.0978666383498,38.83490099918158],[-77.09784931026695,38.83489118085269],[-77.09784147111674,38.834886281542225],[-77.09783278952736,38.83488137216656],[-77.09782411008389,38.83487635297225],[-77.09780674637494,38.83486656167214],[-77.09779894394053,38.83486158041475],[-77.09779026235708,38.834856671035894],[-77.09778158238336,38.834851679292925],[-77.09777290080228,38.834846769912744],[-77.09776422083098,38.83484177816849],[-77.09775641679362,38.834836879271684],[-77.09774773736086,38.83483186007174],[-77.09773905471206,38.834827005598015],[-77.09773037581793,38.83482195894226],[-77.09772257339368,38.83481697767972],[-77.09771389182082,38.83481206829517],[-77.09768785193542,38.834797093047214],[-77.09768004790813,38.83479219414529],[-77.09766425040647,38.83478310805946],[-77.097654008037,38.834777218889755],[-77.09764620615915,38.83477221016761],[-77.09762884625339,38.83476222665953],[-77.09762104384266,38.834757245390165],[-77.09759500399653,38.83474227012142],[-77.09758720159033,38.83473728884978],[-77.09756116229474,38.834722286118996],[-77.0975533615019,38.83471722248163],[-77.09753600162234,38.834707238959645],[-77.09752819922404,38.83470225768406],[-77.09751952143239,38.83469715610358],[-77.09750216156239,38.8346871725766],[-77.09749436024123,38.83468213638978],[-77.09748568084548,38.834677117170216],[-77.09747700305988,38.83467201558658],[-77.0974692357711,38.834667034726486],[-77.09746052234998,38.83466196017661],[-77.09745184242274,38.834656968409035],[-77.0974440416447,38.83465190476431],[-77.09743532661828,38.834646912576],[-77.09742668394144,38.83464181140809],[-77.09741888316681,38.834636747761735],[-77.09741020324552,38.83463175599101],[-77.09740152493444,38.8346266818562],[-77.09739372469956,38.83462159075366],[-77.09738504639087,38.834616516617594],[-77.09737636701071,38.83461149738989],[-77.09736856570659,38.83460646119462],[-77.09735120963397,38.8345962854637],[-77.09734337376814,38.834591221392685],[-77.09732605226792,38.834581073531965],[-77.09731825204337,38.83457598242435],[-77.09730089491252,38.834565861594875],[-77.09729309469141,38.834560770485496],[-77.09727573864053,38.83455059474328],[-77.09726793788647,38.83454553108677],[-77.09725926174141,38.8345403471234],[-77.09725142588815,38.83453528304621],[-77.09723410441444,38.83452513517178],[-77.09722630581166,38.834519961694504],[-77.09721762752709,38.834514887545964],[-77.09720982678101,38.834509823885526],[-77.09720115064447,38.83450463991784],[-77.0971924723635,38.834499565767416],[-77.09718467323012,38.834494419741816],[-77.09717599495156,38.83448934559016],[-77.09716731881993,38.834484161619955],[-77.0971594829793,38.83447909753656],[-77.0971508414151,38.834473941439136],[-77.09714304121462,38.83446885031974],[-77.0971343645514,38.83446369380153],[-77.09712656542607,38.834458547772],[-77.09711788769239,38.83445344616154],[-77.09710921103284,38.83444828964146],[-77.09710144701248,38.83444314402983],[-77.09709273418098,38.83443804199794],[-77.09708493452494,38.834432923420145],[-77.0970762584067,38.834427739443065],[-77.09706845982592,38.83442256595518],[-77.0970511070591,38.83441222545251],[-77.09704330794533,38.83440707941742],[-77.09703462968731,38.83440200525521],[-77.0970268311123,38.83439683176454],[-77.09701815446614,38.83439167523764],[-77.09701035696641,38.834386446836874],[-77.09700168085918,38.834381262854286],[-77.09699388175231,38.834376116815875],[-77.09697652900746,38.834365776302015],[-77.09696872990408,38.83436063026191],[-77.09696005433946,38.83435541882172],[-77.09695225470189,38.83435030023498],[-77.09694358021274,38.8343450338846],[-77.09693578111396,38.834339887842276],[-77.09692710448121,38.83433473130858],[-77.09691930753081,38.83432947544723],[-77.09691063090052,38.83432431891227],[-77.09690283234288,38.834319145413296],[-77.0968941573246,38.83431390651365],[-77.09688635823275,38.83430876046802],[-77.09687764865208,38.834303493693064],[-77.09686988466392,38.83429834806594],[-77.09686121072363,38.834293054254914],[-77.09685341109984,38.834287935661536],[-77.0968447366255,38.83428266930376],[-77.09683693915022,38.83427744089134],[-77.09682826306867,38.83427225689578],[-77.09682046559573,38.83426702848225],[-77.09681179112633,38.83426176212202],[-77.09680399204603,38.83425661607083],[-77.0967953170425,38.83425137716381],[-77.09678752011081,38.834246121293596],[-77.09677884510975,38.83424088238536],[-77.09677104657067,38.834235708877486],[-77.09676324910586,38.83423048046012],[-77.09675457464506,38.834225214095625],[-77.09674677718257,38.834219985677116],[-77.09673810272425,38.834214719311376],[-77.09673030526413,38.83420949089175],[-77.09672166590964,38.83420422494448],[-77.09671383335049,38.83419899610409],[-77.09670515889711,38.834193729735894],[-77.09669736144166,38.834188501314074],[-77.09668868699077,38.83418323494464],[-77.09668088953767,38.83417800652172],[-77.09667309423213,38.834172668280345],[-77.0966644192483,38.83416742936354],[-77.0966566223353,38.83416217348454],[-77.09664791225265,38.8341569341468],[-77.09664014990666,38.834151706140894],[-77.09663147707427,38.83414635740368],[-77.09661588272216,38.83413587309518],[-77.09660720989349,38.83413052435618],[-77.0965994129887,38.83412526847334],[-77.09659073962588,38.834119947187574],[-77.09658294272344,38.834114691303604],[-77.09657514689542,38.83410938051012],[-77.09656647246304,38.83410411413154],[-77.09655867663737,38.83409880333694],[-77.09654996710623,38.834093536537395],[-77.09654220692084,38.834088198706965],[-77.09653440948873,38.8340829702742],[-77.09652573667253,38.83407762152914],[-77.09651794085276,38.83407231073177],[-77.09650926857574,38.834066934530995],[-77.09650147061166,38.834061733550506],[-77.09649367533208,38.834056395297075],[-77.09648500252212,38.83405104654896],[-77.09647720670826,38.83404573574887],[-77.09646940928548,38.83404050731178],[-77.09646073647924,38.834035158561804],[-77.0964529412056,38.83402982030564],[-77.09644426840187,38.834024471554464],[-77.0964286773238,38.83401382249383],[-77.09642000452382,38.834008473740866],[-77.09640441345283,38.83399782467699],[-77.09639574011985,38.833992503376656],[-77.09638794485566,38.83398716511611],[-77.0963801512028,38.8339817444916],[-77.09637147787359,38.83397642318946],[-77.09635588735347,38.833965746664546],[-77.09634721402799,38.83396042536064],[-77.09633942038109,38.83395500473335],[-77.09633162458843,38.833949693923486],[-77.09632295180342,38.83394434516326],[-77.09631515816011,38.833938924534365],[-77.09629956711976,38.83392827545638],[-77.09629089594999,38.83392284433028],[-77.09628310123793,38.833917478608186],[-77.096275306527,38.83391211288557],[-77.09626663375074,38.83390676412111],[-77.0962510459452,38.833895950309675],[-77.09624237317269,38.833890601543445],[-77.09623457954127,38.83388518090913],[-77.09622678430074,38.833879842637735],[-77.09621899013491,38.833874449456836],[-77.09621035407892,38.833869018744565],[-77.0962025253511,38.833863597688236],[-77.09619472957849,38.833858286869166],[-77.09618605842509,38.83385285573524],[-77.09616267702268,38.8338366212738],[-77.09615400533754,38.83383121759202],[-77.09614621064563,38.833825851860695],[-77.09613058777468,38.833815037613185],[-77.09612195119566,38.833809634348846],[-77.09611415811897,38.83380418625193],[-77.09610636611711,38.83379868324552],[-77.09609857196912,38.83379329005652],[-77.09608990083089,38.83378785891541],[-77.09605872586616,38.8337662037884],[-77.09605005634471,38.83376069028088],[-77.09603446914035,38.83374984898581],[-77.09602671171476,38.83374437384842],[-77.09601800548671,38.83373894228203],[-77.09601021188872,38.83373352163262],[-77.0960024199025,38.83372801861922],[-77.09599462630686,38.83372259796876],[-77.09598679868508,38.83371712198884],[-77.09597816266555,38.8337116912593],[-77.09597037068414,38.833706188243724],[-77.0959625770933,38.83370076759112],[-77.09595478565116,38.83369523712001],[-77.09594695588785,38.833689870955396],[-77.09593919901225,38.83368436835768],[-77.09593052950989,38.83367885484118],[-77.09592273592501,38.833673434185876],[-77.095914943952,38.8336679311666],[-77.09548602801488,38.83333876021713],[-77.09331086954025,38.831640311111855],[-77.0933048238472,38.83163529567873],[-77.09329707385068,38.83162946344984],[-77.09307231428657,38.83145368291735],[-77.09306540565184,38.83144791568079],[-77.0928406643145,38.83126947119093],[-77.09261675877944,38.83109680307057],[-77.09260897433523,38.83109094292009],[-77.09035091552705,38.829333829106865],[-77.09034139968979,38.82932676718051],[-77.09013043857887,38.82916416298771],[-77.0901226939585,38.82915808345546],[-77.08799264110276,38.8275012918998],[-77.08798313599806,38.8274937081438],[-77.08797184900084,38.82748747599593],[-77.08795965378167,38.82748279819501],[-77.08794654818037,38.82747978455859],[-77.08793340640675,38.82747861037159],[-77.08792114424315,38.827477336923316],[-77.08790971687694,38.82747824293677],[-77.0878982128389,38.82748126252242],[-77.08788761757178,38.82748627023338],[-77.08787788571229,38.82749021735444],[-77.0878690329217,38.82749409266979],[-77.08785930321986,38.82749792997138],[-77.08784956973743,38.82750195945354],[-77.08784071586398,38.82750588967574],[-77.08782125051366,38.827513866272746],[-77.08781239447738,38.82751790631072],[-77.08780265990971,38.82752199069795],[-77.08779380225154,38.827526113098045],[-77.08777433311076,38.827534281868594],[-77.0877654759894,38.82753837681206],[-77.08775573979639,38.827542543558835],[-77.08773802176866,38.82755092562365],[-77.0877282839524,38.827555174731586],[-77.08771942520588,38.827559352035],[-77.08770968684739,38.82756362859592],[-77.0877008264788,38.82756788826136],[-77.08769196394914,38.827572257744116],[-77.08768222396726,38.82757661666617],[-77.08767336413541,38.82758084887506],[-77.08766449998248,38.82758530071915],[-77.08765475999718,38.827589659638974],[-77.08764589638201,38.82759408402713],[-77.08763703384581,38.82759845350573],[-77.087627292777,38.82760286733219],[-77.08761842645839,38.82760742899074],[-77.08760956283881,38.827611853376204],[-77.08758296603305,38.82762542852789],[-77.087573221177,38.82763003453123],[-77.08753775208827,38.82764847332633],[-77.08750227596046,38.827667269018995],[-77.08747562835352,38.82768163990381],[-77.08746767024547,38.82768643217079],[-77.08745879958572,38.82769121345307],[-77.08743218219844,38.82770583184078],[-77.0874241857461,38.82771078840919],[-77.08741531346016,38.82771565205162],[-77.08739756510387,38.82772557151586],[-77.08738956810683,38.827730555536405],[-77.08737181650261,38.82774063972367],[-77.08736381680147,38.82774576101483],[-77.08735493910586,38.82775089919754],[-77.0873469394024,38.82775602048755],[-77.08733893753725,38.827761251594936],[-77.08733005821753,38.82776647213924],[-77.08732202125185,38.82777170282297],[-77.0873131775679,38.82777689633393],[-77.0872891670933,38.82779283673793],[-77.0872802861456,38.82779813964181],[-77.0872562707951,38.82781432712931],[-77.08724826405535,38.82781980532084],[-77.0872402589349,38.82782520114837],[-77.08723137527872,38.8278306413209],[-77.08722336637457,38.82783622932863],[-77.08721539418782,38.82784173539492],[-77.0872073507232,38.827847295524535],[-77.08720021980997,38.82785286663971],[-77.08719221144108,38.827858427190776],[-77.08716017039036,38.82788105375243],[-77.08715215877403,38.82788677902763],[-77.08714502407112,38.827892542320825],[-77.08712900029195,38.82790402032309],[-77.08712186450505,38.827909838523766],[-77.08711385234223,38.82791559125086],[-77.08710671601273,38.8279214369051],[-77.08709870114626,38.8279273269035],[-77.08709068735894,38.82793316199242],[-77.08707641199032,38.82794499057],[-77.08706839495781,38.82795099038423],[-77.08706125700036,38.82795691839915],[-77.08705323996526,38.82796291821234],[-77.08703892570458,38.82797493854406],[-77.08703094214307,38.82798102114175],[-77.0870238025588,38.827987031517765],[-77.08701666135255,38.827993124256786],[-77.08700951852433,38.82799929935879],[-77.08700237731566,38.828005392096934],[-77.08697380598555,38.828030092498736],[-77.08694522815237,38.82805512234725],[-77.08693804589123,38.82806151665806],[-77.08693093706717,38.828067747086756],[-77.0869237904421,38.82807411436482],[-77.08691751965206,38.828080574571594],[-77.086903226936,38.8280932816711],[-77.08689692320533,38.82809963163619],[-77.08688981221269,38.82810597188025],[-77.08688266395924,38.828112421519194],[-77.08687639370247,38.8281188542692],[-77.08686924544651,38.82812530390733],[-77.0868629751874,38.828131736656594],[-77.086855826929,38.828138186293856],[-77.08684952156923,38.828144618619746],[-77.08684240678569,38.8281511510423],[-77.08682986247472,38.82816420871894],[-77.08682271258911,38.828170740717574],[-77.08681643853953,38.82817736564566],[-77.08681016665012,38.8281838807555],[-77.08680301513974,38.82819049511633],[-77.08678419297692,38.8282103698963],[-77.08677791783961,38.82821704973125],[-77.08677076632294,38.82822366409009],[-77.0867519398196,38.82824375850054],[-77.08674566251494,38.82825054815163],[-77.08673938683022,38.8282572554389],[-77.08673398698258,38.82826405565636],[-77.08670887774294,38.82829121425458],[-77.08670259880893,38.82829808626672],[-77.08669719679324,38.828304996300346],[-77.08668463891935,38.82831874032298],[-77.08667923744076,38.82832562290124],[-77.0866729585009,38.82833249491172],[-77.08666667793867,38.82833944928525],[-77.0866612764568,38.82834633186269],[-77.08665499535181,38.82835331369013],[-77.08664959278697,38.828360251175916],[-77.0866441875191,38.82836732593384],[-77.08663790641063,38.8283743077603],[-77.08663250168092,38.8283813550632],[-77.08662622111049,38.828388309434565],[-77.08661000637125,38.82840947879523],[-77.0866037236345,38.82841654298324],[-77.08659294547648,38.82843083018955],[-77.08658750563968,38.82843787706757],[-77.08657669291722,38.82845213639511],[-77.08657128385222,38.82845940333087],[-77.08656047058285,38.82847369011133],[-77.08653342901373,38.82850983260231],[-77.08652889686203,38.82851713755904],[-77.08652348832776,38.82852437703805],[-77.08651807817103,38.82853169888019],[-77.08651354547594,38.828539031290795],[-77.08650272569761,38.8285536475194],[-77.08649819299957,38.82856097992936],[-77.08649278229704,38.82856832922471],[-77.08648824851612,38.828575716543256],[-77.08648283727102,38.828583093292615],[-77.08647830456908,38.82859042570183],[-77.08647377024482,38.8285978404742],[-77.08646835845607,38.828605244677334],[-77.0864638230489,38.82861271435828],[-77.08645928818126,38.82862015658457],[-77.08645387638933,38.82862756078703],[-77.08642212471548,38.82868004072677],[-77.08641758713681,38.82868762022367],[-77.08641305117867,38.82869511735699],[-77.08639943843404,38.82871785584606],[-77.08625283516497,38.82867489835374],[-77.08557885007086,38.82991902541832],[-77.08557518818198,38.829926697819545],[-77.08557065043514,38.82993427728151],[-77.08556698854458,38.829941949682464],[-77.08556244917342,38.82994961150743],[-77.08555512484743,38.82996498376309],[-77.08555058547356,38.82997264558758],[-77.08554692141557,38.82998042780567],[-77.08553959762394,38.8299957726058],[-77.08553593410443,38.83000352736905],[-77.08553223656656,38.83001122680019],[-77.08552773066404,38.83001897141014],[-77.08550208437109,38.830073337110676],[-77.08549929832499,38.83008110244893],[-77.08549563263335,38.83008896702861],[-77.08549196910434,38.8300967217903],[-77.08548463825794,38.830112423494555],[-77.08548185220845,38.83012018883233],[-77.08547452135745,38.830135890535885],[-77.08547173314248,38.83014376569118],[-77.08546440228685,38.830159467394],[-77.08546161461076,38.83016731509458],[-77.0854579489106,38.83017517967291],[-77.08545515961058,38.8301831097367],[-77.08545149390889,38.830190974314796],[-77.08544870623017,38.830198822015014],[-77.08544591638731,38.830206779533],[-77.08544224906079,38.83021472647412],[-77.08543946138012,38.83022257417409],[-77.08543667153533,38.83023053169178],[-77.08543300474746,38.83023845117818],[-77.08543021490134,38.830246408695665],[-77.08542742667724,38.83025428384974],[-77.08542463737076,38.83026221391264],[-77.08542097003907,38.830270160853026],[-77.0854181785677,38.83027820073357],[-77.0854098100997,38.830302018375725],[-77.08540701862587,38.830310058255925],[-77.08540422877408,38.83031801577268],[-77.08540143729901,38.830326055652755],[-77.08539864798686,38.830333985714915],[-77.08539585596967,38.8303420530493],[-77.0853930666563,38.83034998311121],[-77.08539027571962,38.83035799553656],[-77.08538836172632,38.830366045993316],[-77.08538277876825,38.83038212575243],[-77.08537998945188,38.830390055814036],[-77.08537807545656,38.8303981062706],[-77.08537528397545,38.830406146149876],[-77.08537252597037,38.830414268815545],[-77.08537057741509,38.83042229139443],[-77.0853677859322,38.83043033127346],[-77.08536590703385,38.83043838215284],[-77.08536307882767,38.83044650397207],[-77.08536116536987,38.83045452697381],[-77.08535837388466,38.830462566852596],[-77.08535645826228,38.83047069967202],[-77.08535366677592,38.83047873955066],[-77.08535175115256,38.830486872369974],[-77.0853498376924,38.830494895371466],[-77.08534704458161,38.83050301761327],[-77.08534321333167,38.83051928325159],[-77.08534129932879,38.83052733370731],[-77.0853385062158,38.83053545594884],[-77.08532318173188,38.83060049104495],[-77.08532126447902,38.83060870622692],[-77.0853174332176,38.830624971864],[-77.08531555106295,38.830633187468926],[-77.08531447836083,38.830641302987495],[-77.0853125627287,38.83064943580588],[-77.08531064547334,38.830657650987604],[-77.08530872984034,38.8306657838059],[-77.08530769007275,38.830674009565236],[-77.08530577443898,38.830682142383445],[-77.08530473467083,38.83069036814275],[-77.08530281903627,38.83069850096089],[-77.0853009017785,38.83070671614234],[-77.08529986200942,38.83071494190152],[-77.08529794637367,38.83072307471955],[-77.08529586683412,38.83073952623781],[-77.08529394957448,38.83074774141909],[-77.085292909804,38.83075596717814],[-77.08529099416636,38.830764099995925],[-77.08528787485254,38.8307887772729],[-77.08528595759063,38.83079699245393],[-77.0852838429466,38.830813443548564],[-77.08528283665083,38.830821752093904],[-77.08528179363238,38.83083014257947],[-77.08527987474584,38.830838440123706],[-77.08527883118586,38.830846858063616],[-77.0852777897894,38.830855166185756],[-77.08527671167022,38.83086355624806],[-77.08527570537292,38.830871864793245],[-77.08527361933265,38.830888645764],[-77.08527257739404,38.830896981340416],[-77.08527153437329,38.83090537182578],[-77.08527049297514,38.830913679947656],[-77.08526840693243,38.830930460918175],[-77.0852673649926,38.83093879649446],[-77.08526719946262,38.830947197557684],[-77.08526511341817,38.830963978528],[-77.08526407201843,38.83097228664976],[-77.08526390594703,38.83098071516736],[-77.08526185500051,38.830997496560606],[-77.08526169109258,38.83100581526035],[-77.08525956940451,38.83102262326162],[-77.08525940387342,38.83103102432467],[-77.0852583608492,38.831039414809624],[-77.08525819477697,38.831047843327084],[-77.08525715337522,38.83105615144861],[-77.08525698784376,38.83106455251159],[-77.08525594481875,38.83107294299643],[-77.08525561321451,38.831089772576746],[-77.085254570189,38.83109816306154],[-77.08525423912525,38.831114965187304],[-77.0852531971811,38.83112330076308],[-77.08525253451164,38.83115693246879],[-77.08525149148478,38.83116532295341],[-77.08525016776576,38.831232504000496],[-77.08525087972865,38.831240915641274],[-77.08525038258975,38.831266146283475],[-77.08532308186426,38.833991150354244],[-77.08531917489196,38.83454581453366],[-77.08531900935975,38.83455421558977],[-77.0853197229865,38.83456254486022],[-77.08531840089154,38.83462964349065],[-77.08531735944479,38.83463795160566],[-77.08531719337118,38.83464638011599],[-77.08531615030117,38.83465477059425],[-77.08531598585024,38.8346631167413],[-77.08531494277986,38.83467150721951],[-77.08531477832877,38.83467985336649],[-77.08531373579896,38.83468821639021],[-77.08531269272794,38.83469660686835],[-77.08531060983094,38.83471322309796],[-77.08530956675921,38.83472161357604],[-77.08530748331982,38.834738257259914],[-77.08530644024734,38.834746647737894],[-77.08530539879752,38.83475495585257],[-77.08530347980884,38.83476325338947],[-77.08530139690778,38.834779869618664],[-77.08529947791797,38.83478816715542],[-77.08529840082419,38.834796502301266],[-77.0852965163942,38.83480482771551],[-77.08529459956704,38.8348130154344],[-77.08529268057555,38.83482131297102],[-77.08529076266554,38.83482955559873],[-77.08528972175368,38.83483783625866],[-77.08528780438385,38.83484605143182],[-77.08528504295255,38.83485433881347],[-77.0852773383652,38.834887199082374],[-77.08527454345244,38.834895403677294],[-77.08527262770228,38.83490353648681],[-77.08526983278834,38.8349117410816],[-77.08526791703721,38.834919873891],[-77.0852651221221,38.834928078485625],[-77.0852595360768,38.83494429549366],[-77.08525762032365,38.83495242830284],[-77.08525203373381,38.83496867276485],[-77.08524924206088,38.834976712632404],[-77.08524557122303,38.834984824285016],[-77.08523719673933,38.83500891643254],[-77.08523352752148,38.8350169457214],[-77.0852307358446,38.83502498558845],[-77.08522706878917,38.8350329050594],[-77.08522427711095,38.83504094492626],[-77.08521694245523,38.83505681132199],[-77.08521415239797,38.835064768825276],[-77.08521048533865,38.835072688295625],[-77.08520681936056,38.83508055285696],[-77.08520315175865,38.83508849978147],[-77.08519945175922,38.83509630901061],[-77.08505636748056,38.83541041245607],[-77.08505269768088,38.83541846919296],[-77.08504990867347,38.83542637178283],[-77.08504623941334,38.83543440106502],[-77.08504257177557,38.83544234798387],[-77.0850397800608,38.835450387845555],[-77.08503611296257,38.83545830730974],[-77.08503244369928,38.83546633659146],[-77.0850296519824,38.83547437645286],[-77.08502598488184,38.8354822959167],[-77.08502319316364,38.83549033577791],[-77.08501585463004,38.835506394340314],[-77.08501306453299,38.835514351838015],[-77.08500939580532,38.83552235366445],[-77.0850066040837,38.835530393525204],[-77.08500293481342,38.8355384228059],[-77.08500014363152,38.835546435212045],[-77.08499647598293,38.83555438212921],[-77.08499368425865,38.83556242198959],[-77.08499001498525,38.83557045126981],[-77.08498722380071,38.835578463675574],[-77.08498355452578,38.83558649295555],[-77.08498076279876,38.835594532815556],[-77.08497709406339,38.83560253464091],[-77.08497430233503,38.83561057450073],[-77.08497063305703,38.835618603780226],[-77.08496784132734,38.83562664363986],[-77.08496417258888,38.835634645464744],[-77.08496138085783,38.83564268532421],[-77.08495771157675,38.83565071460324],[-77.08495491984435,38.835658754462514],[-77.08495125110282,38.83566675628693],[-77.08494566763471,38.83568283600503],[-77.08494199672649,38.83569094764677],[-77.08493920553187,38.835698960051175],[-77.08493553624542,38.83570698932943],[-77.08492995277066,38.835723069046615],[-77.0849262818586,38.8357311806878],[-77.084920698921,38.835747232950055],[-77.08491702800666,38.835755344590915],[-77.0849114450651,38.83577139685263],[-77.08490777414852,38.835779508493125],[-77.08490492829324,38.835790293793146],[-77.08490213384388,38.83579847092304],[-77.08489933668825,38.83580678532487],[-77.0848956625217,38.835815061691505],[-77.08489286752923,38.83582326627551],[-77.08488730885642,38.83583986804745],[-77.08488447875996,38.83584807220798],[-77.08485651200517,38.83593096912819],[-77.08485459130974,38.83593934901869],[-77.08484899805818,38.83595592291069],[-77.08484619926683,38.83596431967427],[-77.0848442450906,38.83597261677802],[-77.08484148410597,38.8359808766926],[-77.08483868531275,38.835989273455944],[-77.08483588868353,38.835997560401516],[-77.08483396744275,38.83600596774597],[-77.08483120429098,38.8360143374779],[-77.08482925011171,38.8360226345813],[-77.0848264518566,38.83603100388988],[-77.08473652418587,38.83631825944701],[-77.08473370371955,38.836327754383866],[-77.08473179591257,38.836337260325955],[-77.0847298162769,38.83634684778468],[-77.08472768232484,38.83636604471264],[-77.0847273002412,38.8363854275311],[-77.08472798838133,38.836395047159115],[-77.08467508772813,38.83711937808222],[-77.08467492157338,38.83712780658673],[-77.0846738783923,38.837136197054264],[-77.08467354716481,38.837152999154284],[-77.08467250344198,38.83716141707626],[-77.08467217383773,38.83717813681292],[-77.08467113065558,38.8371865272804],[-77.08467030204322,38.83722855998422],[-77.0846692583189,38.83723697790602],[-77.08466693971258,38.83735459260179],[-77.08466765166784,38.83736300423389],[-77.08466698866653,38.837396635886435],[-77.08466769953976,38.83740510242724],[-77.08466720485939,38.83743019575798],[-77.08466791681543,38.837438607389906],[-77.08466758504397,38.83745543694313],[-77.0846682970003,38.837463848575],[-77.08466813084397,38.837472277078774],[-77.08466887790337,38.837480689133926],[-77.08466854667316,38.83749749123255],[-77.08466922352719,38.837505902441016],[-77.08466905845329,38.83751427603587],[-77.0846697704104,38.83752268766763],[-77.08466960587776,38.83753103380807],[-77.08467031783512,38.83753944543979],[-77.08468018339282,38.837929537135985],[-77.08467985324563,38.83794628432406],[-77.08468056683193,38.83795461359161],[-77.08467957909593,38.83800471788322],[-77.0846802926828,38.83801304715072],[-77.08467914095428,38.8380714701266],[-77.08467985454178,38.83807979939396],[-77.08467853665512,38.83814665087135],[-77.08467925024328,38.83815498013853],[-77.08467661716978,38.83828854581775],[-77.08467733021791,38.83829690253911],[-77.08467420299186,38.838455534083984],[-77.08467316141511,38.838463842185696],[-77.0846715160694,38.838547303570465],[-77.08493625205284,38.839368858656876],[-77.08496179178701,38.83949823290037],[-77.08515288585549,38.840439941953754],[-77.08515303984817,38.8404407024178],[-77.0856697336927,38.842986855531215],[-77.08569471088059,38.84310993758111],[-77.08573326795086,38.84329164405189],[-77.08571716528853,38.843574297222816],[-77.08571651624328,38.84360724247191],[-77.08569975015693,38.84398594581665],[-77.08678829427627,38.84423877291121],[-77.0875071628664,38.844362356254166],[-77.08784859909447,38.84442105149385],[-77.0879712915929,38.84444214313492],[-77.08842284169383,38.844520580637045],[-77.08845149613593,38.84452555752757],[-77.08854468237753,38.84454650312556],[-77.0886586984115,38.844572128882064],[-77.08945224835779,38.84475048322535],[-77.0895637287829,38.8447767384009],[-77.08968436042217,38.8448051492546],[-77.08998101985556,38.84488084945247],[-77.08998482573531,38.844881839136974],[-77.09028357123961,38.84496254261696],[-77.09057681582478,38.84504623944603],[-77.09058047106981,38.845047301103314],[-77.09087547436131,38.845136024750886],[-77.09117812064386,38.845222156795955],[-77.09118004309866,38.84522272050494],[-77.09147929338779,38.84531508237652],[-77.09148152249851,38.845315788780745],[-77.09177808987839,38.84541461732611],[-77.09177968784087,38.84541516511806],[-77.09207433428396,38.84552077843183],[-77.09280014080973,38.845790634407805],[-77.09409388339779,38.846357504081716],[-77.09427731337203,38.84643787500831],[-77.09443709395872,38.84651138044691],[-77.09450744643381,38.84654374443244],[-77.09488816944791,38.84673750749573],[-77.09521827788836,38.84690196873375],[-77.09523211031726,38.846908860456274],[-77.09547116313576,38.84703886462531],[-77.09587764553204,38.84724446614998],[-77.09647018299434,38.84756100832869],[-77.09689062544017,38.84778929102915],[-77.09733623137541,38.848059805517444],[-77.09830036954534,38.84864506067013],[-77.0986808755497,38.848904989008076],[-77.09913627322825,38.84919629129242],[-77.09958398279717,38.8494858523817],[-77.09989616327876,38.84970239728149],[-77.10038585565128,38.85003639317272],[-77.10050414401137,38.850122162956346],[-77.10067846006874,38.850248583387206],[-77.10076277813216,38.85031179740897],[-77.10137183760071,38.85076841332238],[-77.10137201100827,38.85076852523147],[-77.10138187170375,38.85077611204381],[-77.10139183505507,38.85078383738219],[-77.10140183351801,38.85079156313796],[-77.10141183198311,38.85079928889291],[-77.10142179534084,38.85080701422872],[-77.10143179381025,38.85081473998192],[-77.10144175717235,38.85082246531596],[-77.10145172000162,38.850830218103546],[-77.10146168336794,38.8508379434359],[-77.10147164620157,38.850845696221796],[-77.10148160903731,38.850853449006785],[-77.10149157187519,38.85086120179094],[-77.10150149960575,38.850868954155985],[-77.10151142733844,38.850876706520154],[-77.10152139018277,38.850884459301746],[-77.10153131738488,38.850892239118586],[-77.10154124512395,38.85089999148019],[-77.10155117233036,38.85090777129539],[-77.10156109953893,38.85091555110971],[-77.10157099164007,38.85092333050489],[-77.1015809188529,38.850931110317504],[-77.10159081095833,38.850938889710996],[-77.10160070253107,38.85094669655802],[-77.1016105946408,38.85095447594985],[-77.1016204862179,38.850962282795216],[-77.1016303777971,38.85097008963971],[-77.10164026937841,38.85097789648345],[-77.1016501609619,38.85098570332622],[-77.10166001743796,38.85099350974999],[-77.10166990902574,38.8510013165911],[-77.10167976497127,38.851009150467526],[-77.10168962145379,38.851016956888756],[-77.1016994774036,38.85102479076354],[-77.10170933335563,38.85103262463749],[-77.10171915420011,38.851040458092385],[-77.10172901015643,38.85104829196465],[-77.10173886611484,38.851056125836024],[-77.10174868696583,38.851063959288396],[-77.10175850728416,38.851071820194356],[-77.10176832813944,38.85107965364507],[-77.10177814846203,38.85108751454933],[-77.10178796878682,38.85109537545277],[-77.10179778911375,38.85110323635532],[-77.10180757433318,38.851111096838906],[-77.10181739466444,38.851118957739835],[-77.10182717935336,38.85112684567618],[-77.10183696457925,38.85113470615727],[-77.1018467492725,38.85114259409192],[-77.10185653450266,38.851150454571325],[-77.10186631920023,38.85115834250431],[-77.10187610389991,38.8511662304365],[-77.10188585349212,38.851174117949704],[-77.10189563766139,38.85118203333457],[-77.10190538725784,38.8511899208461],[-77.10191513632176,38.851197835811206],[-77.10192488592251,38.85120572332111],[-77.10193463499073,38.851213638284555],[-77.10194438406104,38.85122155324722],[-77.10195413313355,38.85122946820902],[-77.1019638470985,38.85123738275185],[-77.10197356106559,38.85124529729388],[-77.10198330960979,38.85125323970761],[-77.10199302358119,38.851261154248014],[-77.10200273702,38.85126909624202],[-77.10201245046098,38.85127703823516],[-77.10202212879435,38.85128497980936],[-77.10203184223963,38.85129292180092],[-77.102041555687,38.85130086379158],[-77.10205123402685,38.851308805363395],[-77.10206091183413,38.85131677438877],[-77.10207059017823,38.85132471595892],[-77.1020802679898,38.85133268498264],[-77.10208994580351,38.85134065400557],[-77.10209962361945,38.85134862302768],[-77.10210926632769,38.85135659163092],[-77.10211894414785,38.85136456065142],[-77.10212858686042,38.85137252925299],[-77.10213822904049,38.8513805253082],[-77.10214787175731,38.8513884939082],[-77.10215751394166,38.85139648996178],[-77.10216715612813,38.851404486014516],[-77.10217679831679,38.85141248206648],[-77.10218640539777,38.85142047769962],[-77.10219604759068,38.85142847374991],[-77.10220565467597,38.85143646938142],[-77.10221526122876,38.8514444924665],[-77.10222486778372,38.851452515550804],[-77.10223447487543,38.851460511179866],[-77.10224408143466,38.851468534262565],[-77.10225365288623,38.85147655692638],[-77.10226325944974,38.851484580007465],[-77.10227283090559,38.851492602669744],[-77.10228240182903,38.851500652785575],[-77.10229200839899,38.851508675864245],[-77.10230157932665,38.85151672597851],[-77.10231111514662,38.851524775673944],[-77.10232068661323,38.851532798332194],[-77.10233025754732,38.85154084844405],[-77.10233979337377,38.851548898137096],[-77.10234932866771,38.851556975283785],[-77.1023588996083,38.85156502539327],[-77.10236843544111,38.85157307508396],[-77.10237797074156,38.85158115222821],[-77.10238747093425,38.85158922895375],[-77.10239700623892,38.85159730609642],[-77.10240654154579,38.851605383238386],[-77.10241604174489,38.85161345996153],[-77.10242554194615,38.85162153668385],[-77.10243504214954,38.85162961340546],[-77.10244454182052,38.85163771758063],[-77.10245404202819,38.85164579430064],[-77.10246354170347,38.85165389847424],[-77.10247300627097,38.85166200222909],[-77.10248250595052,38.851670106401144],[-77.10249197052235,38.851678210154446],[-77.10250143509626,38.85168631390695],[-77.10251093424775,38.851694445531066],[-77.10252036371604,38.85170254886406],[-77.10252982776186,38.851710680068635],[-77.10253929234436,38.85171878381803],[-77.10254875639447,38.851726915021054],[-77.10255818533682,38.85173504580534],[-77.10256761428123,38.8517431765889],[-77.10257704269335,38.851751334826005],[-77.10258647164213,38.85175946560796],[-77.102595900593,38.85176759638919],[-77.10260532901151,38.85177575462402],[-77.10261475743219,38.851783912858046],[-77.10262415074504,38.851792070673426],[-77.10263354406001,38.85180022848798],[-77.10264297248713,38.85180838671971],[-77.10265236580638,38.85181654453275],[-77.10266175912777,38.85182470234503],[-77.10267111680687,38.85183288719304],[-77.10268051013253,38.851841045003724],[-77.10268990292589,38.85184923026814],[-77.10269926061136,38.85185741511383],[-77.102708618299,38.851865599958764],[-77.10271801109879,38.85187378522084],[-77.10272736879065,38.85188197006425],[-77.10273669137467,38.85189015448898],[-77.10274604853637,38.851898366785285],[-77.10275540623469,38.85190655162637],[-77.1027647282907,38.85191476350326],[-77.10277408545883,38.85192297579726],[-77.10278340751908,38.85193118767265],[-77.1027927295815,38.851939399547234],[-77.10280205164595,38.85194761142108],[-77.10281137371263,38.85195582329413],[-77.10282066013696,38.85196406220302],[-77.1028299822079,38.8519722740746],[-77.10283926863646,38.851980512981946],[-77.10284855506718,38.85198875188854],[-77.10285787661012,38.85199699121228],[-77.10286716304512,38.852005230117356],[-77.10287641437219,38.85201346860384],[-77.10288570081143,38.85202170750746],[-77.10289498725281,38.852029946410276],[-77.10290423805189,38.85203821234895],[-77.10291352396318,38.85204647870469],[-77.10292277530085,38.852054717187436],[-77.10293202610632,38.85206298312384],[-77.10294127691392,38.8520712490595],[-77.10295052772362,38.852079514994436],[-77.102959742891,38.85208780796517],[-77.10296899370495,38.85209607389859],[-77.10297820887659,38.85210436686786],[-77.10298742458471,38.852112632381974],[-77.10299667487077,38.85212092576757],[-77.10300585493864,38.85212921831679],[-77.1030150701188,38.85213751128309],[-77.1030242853011,38.85214580424864],[-77.10303350048551,38.852154097213464],[-77.1030426805619,38.85216238975971],[-77.10305186010609,38.8521707097597],[-77.10306107476259,38.85217903017667],[-77.10306219424675,38.85218004066677],[-77.10307025484535,38.85218732272076],[-77.10307939928579,38.85219564230068],[-77.1030885788385,38.85220396229765],[-77.1030977583933,38.85221228229397],[-77.10310690284011,38.85222060187167],[-77.1031160818649,38.85222894932087],[-77.10312522631594,38.85223726889712],[-77.10313437023481,38.85224561592711],[-77.10314351469009,38.85225393550195],[-77.10315265861323,38.85226228253045],[-77.10316176742822,38.85227062914041],[-77.1031709113556,38.85227897616746],[-77.1031800201749,38.85228732277602],[-77.10318916410654,38.85229566980161],[-77.10319827239582,38.85230404386308],[-77.10320738122145,38.852312390469436],[-77.10321648951496,38.85232076452951],[-77.10322556270036,38.8523291381711],[-77.1032346709981,38.85233751222967],[-77.10324374418775,38.852345885869816],[-77.10325285248975,38.85235425992697],[-77.10326192568361,38.85236263356562],[-77.10327099887964,38.85237100720364],[-77.10328007154352,38.85237940829529],[-77.10328910963348,38.85238778151411],[-77.10329818230161,38.85239618260431],[-77.10330725497185,38.852404583693804],[-77.10331629253395,38.852412984364896],[-77.10332533009819,38.852421385035235],[-77.10333436766447,38.85242978570484],[-77.10334340523293,38.85243818637381],[-77.10335244226931,38.85244661449638],[-77.10336147984196,38.85245501516391],[-77.10337048177226,38.852463442867396],[-77.10337948370471,38.85247187057018],[-77.10338852074953,38.852480298689876],[-77.10339752268615,38.852488726391236],[-77.10340652462492,38.8524971540919],[-77.1034155265658,38.85250558179182],[-77.10342449286432,38.85251403652778],[-77.10343349480941,38.85252246422631],[-77.1034424611121,38.852530918960795],[-77.10345146306142,38.85253934665794],[-77.10346042936838,38.852547801391076],[-77.10347898222379,38.85256532237],[-77.1044697316242,38.85355688111803],[-77.10446994909134,38.85355709824014],[-77.10456592105585,38.85365314680134],[-77.10456617425659,38.85365299362807],[-77.1053864294996,38.8531595227853],[-77.10566987825315,38.85289903150586],[-77.10667583394398,38.852643705032705],[-77.10671264388738,38.85263436246076],[-77.10681135579975,38.852764163486924]]]},"properties":{"OBJECTID":1,"ES_Name":"Abingdon Elementary School","Website":"https://abingdon.apsva.us/","School_Year":"2022-2023","Shape__Area":42254758.12026152,"Shape__Length":33314.16079419245}},{"type":"Feature","id":2,"geometry":{"type":"Polygon","coordinates":[[[-77.10417866983045,38.89596995861351],[-77.10421140968846,38.89597229733943],[-77.10435620944304,38.895989121071466],[-77.10452131083666,38.896010030267945],[-77.1046607769131,38.89603008551309],[-77.10474632540385,38.89604359618187],[-77.10479925862752,38.89605378113932],[-77.10484131867419,38.89606293073717],[-77.10527157579587,38.89617107172328],[-77.10574490682356,38.89627966746072],[-77.10633891530884,38.89643500280146],[-77.1068203832937,38.896559041079065],[-77.1070326583763,38.89661181108771],[-77.10714799672142,38.896643934432205],[-77.10742856646708,38.896708497661805],[-77.10757416224345,38.89674416468839],[-77.10767863992164,38.896776433370405],[-77.10778076381288,38.89681048644941],[-77.10788056914994,38.89684088718466],[-77.10806623317409,38.89690149567709],[-77.1082752252124,38.896964192644475],[-77.10851104111201,38.89707520780169],[-77.1084208526846,38.89680263822227],[-77.10839371873823,38.896730480307255],[-77.10833298415422,38.89657897558975],[-77.10826104401188,38.89641278404362],[-77.1082016994642,38.89628746549719],[-77.10813365744984,38.89615583780099],[-77.10811318569407,38.89612429033855],[-77.10808316514408,38.89608683557361],[-77.1080557399683,38.89605869318036],[-77.10803332094757,38.89603876585087],[-77.10798748356964,38.89598159926386],[-77.10794425171109,38.89593322341235],[-77.10790490180885,38.89589304929742],[-77.10787056870893,38.895860541164126],[-77.10784588999027,38.89582306725949],[-77.10781824390017,38.89577734751062],[-77.10779685697739,38.895738649427784],[-77.1077769551912,38.895699474654585],[-77.10774506837375,38.89562783689406],[-77.10773297669739,38.89557733113872],[-77.10772324523637,38.89552652383077],[-77.10771480850339,38.8954669445275],[-77.10771018070747,38.89541570342097],[-77.10768796847061,38.89487639172199],[-77.10768824355327,38.894699275133654],[-77.10768087152076,38.89385318806929],[-77.1076773573432,38.893449695771196],[-77.10763936593666,38.893071664215604],[-77.10768285637405,38.892641325188784],[-77.10774436868483,38.892223831530636],[-77.10778798102184,38.892040637982696],[-77.10799563470957,38.89138926544913],[-77.10808477818071,38.891175581021656],[-77.10817229326081,38.89066546894073],[-77.1082074631209,38.890475419872224],[-77.1082462671351,38.89027734046913],[-77.10825870138139,38.89021597634754],[-77.10827179681915,38.890098792919275],[-77.10829178855751,38.88989779945414],[-77.10832688570021,38.88953757689581],[-77.10831963249557,38.88928295979931],[-77.1082916448554,38.88830042169899],[-77.10825481362907,38.88746408804168],[-77.10824039444437,38.88712066103585],[-77.1082124379704,38.886587596159075],[-77.1081832980825,38.88622422306449],[-77.10817972513131,38.88615484296248],[-77.10817550571183,38.886111542673476],[-77.1081698083098,38.88606836217162],[-77.10821374447646,38.88606745487873],[-77.10825757634942,38.886064679019555],[-77.10830112669376,38.88606011487567],[-77.10834429119099,38.88605370629031],[-77.10838699798683,38.88604553479413],[-77.10842907197697,38.886035570852414],[-77.10853199259607,38.88600603447251],[-77.10860220264419,38.88598193212005],[-77.10867030080671,38.88595439960643],[-77.10883218210118,38.88588656750058],[-77.10897889740374,38.88582533829893],[-77.10911646994714,38.885771744504765],[-77.10923530970575,38.88573294962286],[-77.10938968572576,38.885687929938996],[-77.10952523856128,38.88565512681433],[-77.10971619761774,38.88562781245555],[-77.10999660319492,38.88560806455238],[-77.11095257738732,38.88559191405256],[-77.11085407464077,38.88472014151693],[-77.11076239487322,38.88398240172245],[-77.1106761216322,38.883375602435784],[-77.11067337173206,38.8833252897156],[-77.11066773782962,38.88327513510163],[-77.11066088483739,38.88323350628352],[-77.11065202438995,38.8831921283219],[-77.11063383128399,38.883126502166874],[-77.11061996552422,38.88308597118569],[-77.11060748261046,38.883053859477684],[-77.11059376447426,38.883022035220584],[-77.11052437956067,38.88287127996467],[-77.11047532140613,38.882759429555584],[-77.11046184962723,38.882718518764136],[-77.11045597316378,38.88269359747224],[-77.1104517874958,38.88266844903993],[-77.11044885713218,38.88263472031863],[-77.11044891453116,38.88260091710487],[-77.11045199162322,38.88256720453957],[-77.11045808521402,38.88253374734781],[-77.11046715698419,38.88250070983896],[-77.11048260750921,38.88245939980186],[-77.1105010334037,38.882411397138355],[-77.11050941925797,38.88238474981051],[-77.11051601958076,38.88235777929161],[-77.11052079765398,38.88233056752904],[-77.11052096845913,38.88232900430046],[-77.11052371622796,38.88230322392437],[-77.11052480989812,38.88227577634753],[-77.11052404141502,38.88224833419988],[-77.11052144484223,38.88222095280543],[-77.11049949144817,38.882004825945025],[-77.11049382986285,38.881970625537015],[-77.11049055234484,38.88192761104811],[-77.11047752819225,38.881852709421466],[-77.11046544216558,38.881769278669445],[-77.11045760335567,38.881702374478074],[-77.1104507015956,38.88162699607083],[-77.11042418402285,38.881381707002895],[-77.1104138083173,38.881191832019745],[-77.11040400285819,38.88104507679813],[-77.1103619383862,38.880415516741174],[-77.11032849358287,38.87991493770847],[-77.11023784442601,38.87991325058758],[-77.10933421774016,38.87990933135162],[-77.10906239524603,38.87989635345533],[-77.10889979976241,38.879888590506695],[-77.1076129790774,38.87989193156071],[-77.10756243547506,38.87989101993183],[-77.10743527421661,38.87988872610263],[-77.10719252585957,38.879891696511365],[-77.10712748936696,38.87989389091496],[-77.10706260184021,38.87989746007686],[-77.10699782815192,38.879902403580694],[-77.1069332742026,38.879908695222326],[-77.106858232515,38.87991774577481],[-77.10679425372777,38.879926982442036],[-77.10668870833109,38.87994374441417],[-77.10661585045567,38.879957928383625],[-77.1064707604481,38.87998663313943],[-77.10640131408498,38.88000604750126],[-77.10638731814268,38.88001035748758],[-77.1063839249282,38.8800114156436],[-77.10634225533731,38.8800242395256],[-77.10630467388711,38.880038210330284],[-77.10627182148485,38.880049271506],[-77.10625119223708,38.8800586653383],[-77.10606203884345,38.88015286181642],[-77.1060465009785,38.880160586029724],[-77.10454028802523,38.88097887230663],[-77.10408538014123,38.88121072531523],[-77.10338793786748,38.881592949988466],[-77.10335812328158,38.881608522554146],[-77.10270832537309,38.881943226396196],[-77.1026136066382,38.881990155401446],[-77.10244774153533,38.882064247489865],[-77.10190855053047,38.88231156551924],[-77.10162983089585,38.88244362775063],[-77.10118819498504,38.88266052439331],[-77.1009249063132,38.88279386718254],[-77.10073521997343,38.88288222719912],[-77.1004359013926,38.88302722227526],[-77.10019955695628,38.883147978081865],[-77.10001443813064,38.883254240749444],[-77.09995658379837,38.883284306916686],[-77.09988874430137,38.88332194297525],[-77.09983568489689,38.883352944983706],[-77.0997768457144,38.883392061306246],[-77.09972920552865,38.88342801585592],[-77.09968426542927,38.883466034661176],[-77.09941145167207,38.88372706196302],[-77.09915496743002,38.88397938618927],[-77.0989412701509,38.88416356889855],[-77.09891763678283,38.884186353833115],[-77.09861512834615,38.88447800056447],[-77.09856269710578,38.884462381478],[-77.09850948802239,38.884448812627575],[-77.09845546650232,38.88443726613876],[-77.09838980759463,38.88442612995632],[-77.09809808569439,38.884395736848234],[-77.0978696038782,38.884383398167465],[-77.09686350636369,38.88441202429386],[-77.09660842252252,38.88441254641243],[-77.09613357619955,38.884421974759995],[-77.09588335621488,38.884425299499625],[-77.09550832639736,38.88443289795363],[-77.09459978953537,38.884449215666265],[-77.09375231215017,38.88446927812808],[-77.09354576642052,38.88446707948726],[-77.09304655863032,38.884482519561146],[-77.0929517058739,38.884483827229964],[-77.0924532185534,38.88449655481857],[-77.0917196767893,38.88451140495482],[-77.09074075141497,38.88453371395466],[-77.08983166616068,38.88454202466046],[-77.08929906042849,38.884558420844314],[-77.08882774637381,38.88456676368229],[-77.08872502205305,38.88457349294054],[-77.08774078818658,38.884579786019934],[-77.08707812812148,38.88460262671296],[-77.08668223266734,38.88461346094479],[-77.08662663548874,38.88467128299256],[-77.08630830732477,38.8846896948634],[-77.08626769783713,38.88469296815154],[-77.08624327550845,38.88469495340443],[-77.08617846089125,38.88470166993652],[-77.0860925111167,38.884712937603304],[-77.08600717730737,38.8847268213814],[-77.08592260104038,38.884743268055544],[-77.085838886603,38.88476233380441],[-77.08577871255429,38.88477959594674],[-77.08572904661999,38.88479492504886],[-77.08567002188299,38.88481448020648],[-77.0856213377536,38.88483168840824],[-77.0855255354279,38.88486864998736],[-77.08537425559119,38.88493234898263],[-77.08532749446398,38.88495358947537],[-77.08528169302075,38.88497604977649],[-77.0852368518014,38.88499970243309],[-77.08519311185059,38.885024521684635],[-77.08515043858255,38.885050479655185],[-77.08510890333159,38.885077522283936],[-77.08506854068186,38.88510567744944],[-77.0850294576357,38.885134864060085],[-77.08499165419309,38.88516508211715],[-77.0849551314369,38.885196276713614],[-77.08487808520745,38.88526566303232],[-77.08478996939714,38.88559353652492],[-77.08477401693311,38.885652825702174],[-77.08483662351968,38.88596561840909],[-77.0848575377292,38.886070150345525],[-77.08485823065679,38.88606964380818],[-77.08487986422962,38.886055099767525],[-77.08497257531397,38.88599259570486],[-77.08502858291781,38.885925217935466],[-77.08513126162023,38.88597771013359],[-77.08515543951901,38.88594939258967],[-77.08518609473813,38.88594471598449],[-77.08518676260492,38.8859450346778],[-77.08535595930991,38.88603111933839],[-77.08544098329695,38.88607435549269],[-77.0860588594996,38.886388628273814],[-77.08607910637724,38.88636621873872],[-77.08607927373413,38.886366306567815],[-77.08618738258097,38.886423682525475],[-77.0861876088162,38.88642345698257],[-77.0862098045083,38.886400326015725],[-77.08631527239996,38.88645488452882],[-77.08631864022263,38.88649348317688],[-77.08629875725447,38.886519046519545],[-77.0863288261998,38.886532653032],[-77.0863290138439,38.886533382996355],[-77.08633788041445,38.886567297144246],[-77.0863717229196,38.88669676584517],[-77.08634277277685,38.88672846048269],[-77.08634151810847,38.886729837290204],[-77.08634163641649,38.886730296962874],[-77.08635289546314,38.88677318519269],[-77.08635292096093,38.886773339965465],[-77.0862880895238,38.88677791788069],[-77.08621982599625,38.88678270845803],[-77.08614839382956,38.88678771486287],[-77.08605874566824,38.88681670329821],[-77.08603078639923,38.886825744499085],[-77.08602806026622,38.886824566916054],[-77.08602587190887,38.88682362407339],[-77.08598924689947,38.88680784296904],[-77.08598868507573,38.88680760279009],[-77.0858677617152,38.88675549755586],[-77.08581497865353,38.88673516247878],[-77.08581109057599,38.88673366540087],[-77.08541967658861,38.886582866609004],[-77.08523620739736,38.886510460589996],[-77.0849804266916,38.88640951654665],[-77.08493176958467,38.88639500779814],[-77.0849220590928,38.88639211384986],[-77.08489037771582,38.8863826735713],[-77.08481927748184,38.88636418718373],[-77.08474732766811,38.88634780498193],[-77.08467466769288,38.886333583565786],[-77.0846013332184,38.886321495903125],[-77.0845485255548,38.88631435133908],[-77.08449525142278,38.88630948035969],[-77.08444168536784,38.88630693998925],[-77.08438803814532,38.8863067327677],[-77.08434514287548,38.88630827529391],[-77.0843023939839,38.886311302441676],[-77.08425986172152,38.88631581505806],[-77.08421761633925,38.886321813990016],[-77.08417576321476,38.886329300508315],[-77.08414467946092,38.886335873333344],[-77.08412464477539,38.88634093514462],[-77.08404146479472,38.88636195234651],[-77.08395745729554,38.886379722593674],[-77.0839043601896,38.88638902315521],[-77.08386164941567,38.88639545571846],[-77.08381871008795,38.886401006770946],[-77.0837648063144,38.886406672742645],[-77.08361194568862,38.886491467648916],[-77.08344611906698,38.8865755207243],[-77.08332709950422,38.88663585268057],[-77.0832374874043,38.886679422710586],[-77.08323296828978,38.886681527288665],[-77.0832877859323,38.88674825188414],[-77.08335060238021,38.88682471160428],[-77.08338879239074,38.88687119621143],[-77.08342083430223,38.8869165408381],[-77.0834486681699,38.886964585912416],[-77.08347206457104,38.88701493907306],[-77.08349083390362,38.88706719299204],[-77.08346068141822,38.887109216499795],[-77.08347277327579,38.88716567374001],[-77.08347880061623,38.88722309447501],[-77.08349457790659,38.88738396190297],[-77.08349466495406,38.88743160538454],[-77.08349129348478,38.887479129921864],[-77.08348447948319,38.88752628169691],[-77.08346434689862,38.88766974708886],[-77.08344754956747,38.887789430626626],[-77.08348077201245,38.88784830179096],[-77.08348089714072,38.88792671532928],[-77.08348608301917,38.88800495820139],[-77.08349630539837,38.88808270230301],[-77.08351577244008,38.88819105975278],[-77.08352487971591,38.888241755440646],[-77.08357504855447,38.888520994556444],[-77.08362470539586,38.88883820030423],[-77.08365280505815,38.88904090312562],[-77.0836634943777,38.88914973992455],[-77.08366829435785,38.889231748789776],[-77.08367730741759,38.88931715178295],[-77.0837034648465,38.88950979601445],[-77.08371499525757,38.8896151914833],[-77.08373569111423,38.88973453759946],[-77.08387497944247,38.89074006437396],[-77.08387750819796,38.89083913658772],[-77.08388010909995,38.89094089565644],[-77.08395968566174,38.89148977932931],[-77.08401008208327,38.891486985201134],[-77.08422980321616,38.89147480335514],[-77.08481602812815,38.89143441599739],[-77.08482656690862,38.891434542971915],[-77.08483710839698,38.891434532675255],[-77.08484765151006,38.89143444001556],[-77.08484993653721,38.89143438516402],[-77.08500541353074,38.89140768210409],[-77.08509448199833,38.89138345700685],[-77.08518113824793,38.891354374875675],[-77.08526495108227,38.891320584988065],[-77.08534550217536,38.89128225222412],[-77.08541094010991,38.89124456464349],[-77.08541176512253,38.89124404424716],[-77.08547306725684,38.8912035968087],[-77.08553155386817,38.891159476907966],[-77.08553226373161,38.891158893337895],[-77.08558620409079,38.891112448017076],[-77.08570877756887,38.89099020209056],[-77.08600382739051,38.890671037763376],[-77.0860487236462,38.89063049722057],[-77.0861071530793,38.89059146513526],[-77.08618427972918,38.89054864883528],[-77.08628183294064,38.89050344212722],[-77.08647506078196,38.890422754365495],[-77.08649381967778,38.890415840368114],[-77.08750208055143,38.89000708160358],[-77.08855841022266,38.889579779369875],[-77.0895701619324,38.889167392743545],[-77.09057470625824,38.888770728296016],[-77.091024174166,38.888604107999626],[-77.09104109093863,38.88859791262096],[-77.09132930792231,38.88850333547131],[-77.09168702237424,38.88839448763433],[-77.0922112326602,38.88823436095988],[-77.09255078575082,38.88811980072306],[-77.09314419757328,38.887870703130055],[-77.09319154862243,38.88835869513669],[-77.0932178826039,38.88870007060055],[-77.09327563562675,38.8890160094126],[-77.09335155593966,38.88962398894239],[-77.09337827947682,38.88983803438155],[-77.09340075424687,38.890017895468525],[-77.09342028285528,38.89018673704495],[-77.09394904454584,38.89036854076168],[-77.09418570230645,38.89046666155187],[-77.09436883777896,38.8905347585879],[-77.09440088740135,38.89054887239278],[-77.09481571623884,38.89073902968302],[-77.09503826403115,38.890834700690945],[-77.09507242022248,38.8908453245585],[-77.0951054791762,38.89085456226568],[-77.09513942317014,38.89086166862799],[-77.09517397224433,38.89086658537521],[-77.09520891508383,38.89086933744011],[-77.09527158531439,38.89087008695679],[-77.09525373391624,38.89102090635216],[-77.09525976122187,38.891100696338434],[-77.0952582909458,38.891175783287615],[-77.09525789528782,38.89119598950112],[-77.09523875307256,38.89128352440104],[-77.09521018679695,38.89135886395638],[-77.09514564692066,38.89149124812379],[-77.09497096498119,38.891796908796195],[-77.09484072733201,38.892023822373744],[-77.09477136574942,38.89213860137506],[-77.09456130972849,38.89251174808592],[-77.0945120170622,38.89261366839059],[-77.09447076081642,38.892708929550025],[-77.09443073161353,38.892813294807965],[-77.09439556546818,38.89291873428394],[-77.09436537048012,38.89302511197315],[-77.09436256391169,38.89303743561918],[-77.0943598928571,38.89304822309798],[-77.09435732719206,38.89305901183783],[-77.09435483124861,38.893069828872534],[-77.09435240556458,38.893080646747926],[-77.0943500852703,38.8930914658844],[-77.09434786982776,38.893102313736115],[-77.09434575977502,38.893113162848955],[-77.09434368431384,38.89312403983618],[-77.09434174937267,38.89313491850498],[-77.0943398846912,38.89314579801451],[-77.09433812486174,38.89315670623923],[-77.09433643583003,38.89316758785068],[-77.09433485111245,38.893178525631406],[-77.09433333719275,38.893189436798785],[-77.0943319286631,38.893200349227364],[-77.09433062498566,38.893211290371184],[-77.09432939156827,38.893222232355754],[-77.09432826354106,38.89323317560147],[-77.09432720523601,38.89324414714208],[-77.09432625285919,38.89325509248979],[-77.09432537020461,38.89326606613235],[-77.09432459347839,38.89327701358199],[-77.09432392160464,38.89328798974687],[-77.09432335512145,38.89329896717296],[-77.09432282376828,38.89330994501944],[-77.09432243293597,38.893320924547474],[-77.09432211236405,38.89333190491634],[-77.0943218971828,38.89334288654637],[-77.09432175226198,38.89335386901717],[-77.094321712732,38.89336485274916],[-77.09432174346249,38.89337583732197],[-77.09432191471411,38.893386823576364],[-77.09432212163406,38.893397782797024],[-77.0943233242005,38.89340993473466],[-77.09432268941546,38.89344233054253],[-77.09434383263728,38.89367418551413],[-77.09435934179737,38.8938905127793],[-77.09437654539045,38.89410644839809],[-77.09437668152157,38.89411743422996],[-77.0943768527834,38.8941284204822],[-77.09437702404526,38.894139406734375],[-77.09437726610646,38.89415036637326],[-77.09437750762974,38.89416135346616],[-77.09437778428381,38.89417234097942],[-77.09437809606864,38.89418332891307],[-77.09437840839145,38.89419428939257],[-77.0943787904378,38.89420527816693],[-77.0943791724843,38.89421626694123],[-77.09437962533019,38.894227229102235],[-77.09438007763829,38.894238218717256],[-77.09438056561521,38.894249181298555],[-77.09438108818505,38.8942601717543],[-77.09438138925555,38.89426632651038],[-77.09438161129292,38.89427113475592],[-77.09438220412451,38.89428212605238],[-77.09438279749418,38.89429308989474],[-77.0943834259948,38.89430405415742],[-77.09438408962632,38.89431501884046],[-77.09438478785083,38.89432601139795],[-77.09438548661355,38.89433697650134],[-77.094385901684,38.89434269325336],[-77.09438780519963,38.894342386505485],[-77.09440668191523,38.89433843839274],[-77.09442049620175,38.894336406856034],[-77.09443437268023,38.89433478796947],[-77.09444834648164,38.89433358215341],[-77.09446238193752,38.894332816441484],[-77.09447640932464,38.89433246253897],[-77.09449046377388,38.89433252086616],[-77.09450450961688,38.89433301845673],[-77.0945226965849,38.89433378527921],[-77.09453657877663,38.89433546170952],[-77.09455023135897,38.89433809650865],[-77.09456351542303,38.89434160563299],[-77.09457639530065,38.89434601611648],[-77.09458873100706,38.894351298823885],[-77.09460041876393,38.89435737013214],[-77.09461142397852,38.8943642021671],[-77.09462160666578,38.8943717657936],[-77.09463089817777,38.89437997780895],[-77.09463929905223,38.8943888107594],[-77.09464663578659,38.89439815272725],[-77.0946529440492,38.894407976678906],[-77.0946581557294,38.89441817195769],[-77.09466220164104,38.89442868281498],[-77.09470055717598,38.89456045781981],[-77.09476665095762,38.89479021418527],[-77.09477440212726,38.894808897671496],[-77.09477915392436,38.89481925220474],[-77.09478450725194,38.89482939424982],[-77.09479049670345,38.8948393516809],[-77.09479701796162,38.89484906832906],[-77.0948035901235,38.89485977416377],[-77.09480759128195,38.89486539650993],[-77.09481549556087,38.894874470649626],[-77.09482446614105,38.89488292595287],[-77.09483436357411,38.89489070583042],[-77.09484515380451,38.89489775495354],[-77.09485669792144,38.89490398927887],[-77.0948689262003,38.89490938051158],[-77.09488176945437,38.89491387290295],[-77.09483042619419,38.89519217500319],[-77.0948461683426,38.89520474800108],[-77.09487237527928,38.8952230481193],[-77.09489851089148,38.89524140229925],[-77.09492453951016,38.89525983757484],[-77.0949504962667,38.895278354366305],[-77.09497638169874,38.895296925219675],[-77.09500216013735,38.89531557716875],[-77.0950278672515,38.89533428317991],[-77.09505346683459,38.89535309774102],[-77.09509717930752,38.89538544727055],[-77.09512267245786,38.89540431546397],[-77.09514859418651,38.89542283179078],[-77.09517490882446,38.895441023284725],[-77.09520161637164,38.895458889945495],[-77.09522871790323,38.89547637686471],[-77.0952561426188,38.895493510655854],[-77.0952839607809,38.89551029215909],[-77.09531213725803,38.895526720953875],[-77.09534063745627,38.895542769165864],[-77.0953694965067,38.8955584372149],[-77.0953986792778,38.89557372468065],[-77.09542818576925,38.895588631562916],[-77.09545798084942,38.89560315744132],[-77.09548813531833,38.89561727570171],[-77.09551854324395,38.895631012537784],[-77.09554924029493,38.89564434091526],[-77.09558026106475,38.89565728870805],[-77.09561150069632,38.89566982720179],[-77.09564302998959,38.89568192978221],[-77.09568814318548,38.895698396206114],[-77.09572094671131,38.89570823477809],[-77.09575374970868,38.89571810079495],[-77.09578651704626,38.89572799383673],[-77.09581928385545,38.89573791432346],[-77.0958520144675,38.89574788928914],[-77.09588474455123,38.895757891699766],[-77.0959174389753,38.89576792113539],[-77.0959501328712,38.89577797801591],[-77.0959827905701,38.89578808937554],[-77.09601544774087,38.89579822818017],[-77.09604806925213,38.89580839400981],[-77.09608069023531,38.89581858728451],[-77.09611331015314,38.89582883545821],[-77.09614589441159,38.89583911065703],[-77.09617844301059,38.895849412881],[-77.09621549973339,38.89585919230021],[-77.09629762781654,38.89587681480108],[-77.0963802746406,38.89589307041816],[-77.09645293404668,38.89590613106798],[-77.09653633567146,38.89591973192605],[-77.0966096380224,38.895930466018804],[-77.09669365390525,38.89594141043619],[-77.09677801446045,38.895950903504925],[-77.09686257861978,38.89595897099971],[-77.09695797942723,38.89596634405452],[-77.09705355621779,38.895971906741636],[-77.09748811657886,38.89599055169515],[-77.09798628487938,38.896014347920605],[-77.09799653579124,38.89601485471597],[-77.09823847387011,38.89602740817009],[-77.09846343863056,38.8960507977221],[-77.0986872742347,38.896076232906665],[-77.09875458140291,38.89608482601851],[-77.09891048783503,38.89610473581663],[-77.09893484736993,38.896108280429715],[-77.09925437287646,38.89615477838774],[-77.09978468343321,38.896233212128955],[-77.1000662797616,38.89628077979478],[-77.10035025220306,38.896314644860546],[-77.10063541275555,38.89634165827439],[-77.10086071772568,38.89635669928515],[-77.10115253963735,38.896366490691804],[-77.10134395149377,38.89636805597664],[-77.10144274955714,38.896368847856415],[-77.10202375438345,38.89637960829642],[-77.1021460130174,38.89638106323274],[-77.10225280508415,38.89637195395327],[-77.10236979531209,38.89635884684756],[-77.10248614436964,38.89634257404554],[-77.10259120287242,38.89632504093629],[-77.10268509637652,38.89630701793633],[-77.10291162610395,38.896259185142],[-77.10313622939091,38.896201992451694],[-77.10332420449926,38.896149032110124],[-77.10347053156082,38.89610546209791],[-77.10367500200842,38.89605352112074],[-77.10382540552905,38.896017138844265],[-77.10387645030667,38.896001571331844],[-77.10390773881323,38.89599362268415],[-77.1039394275205,38.89598677720254],[-77.10397148236667,38.89598097956089],[-77.10400383202146,38.89597628383209],[-77.10404728325842,38.895971720024406],[-77.10408003939644,38.89596961038761],[-77.10411291468985,38.895968600575614],[-77.10414580321122,38.895968716790094],[-77.10417866983045,38.89596995861351]]]},"properties":{"OBJECTID":2,"ES_Name":"Arlington Science Focus Elementary School","Website":"https://asfs.apsva.us/","School_Year":"2022-2023","Shape__Area":26143663.244355273,"Shape__Length":28754.9501073049}},{"type":"Feature","id":3,"geometry":{"type":"Polygon","coordinates":[[[-77.11095257738732,38.88559191405256],[-77.11221912226907,38.88555855592353],[-77.11312798380048,38.88554400041689],[-77.1141434079306,38.88548760984025],[-77.11511276325345,38.88545153725693],[-77.1161692278091,38.88543488158657],[-77.11643041900271,38.88542752377507],[-77.1171662678389,38.88540241352067],[-77.11724318430035,38.88540386831192],[-77.11748802662908,38.88540620143745],[-77.11787437372054,38.885394821489605],[-77.11837564250463,38.88538177157217],[-77.11869151129994,38.88537030127165],[-77.11869257547966,38.88536886181564],[-77.11909899425544,38.884819348193695],[-77.11939178715963,38.88441115806047],[-77.11957491539849,38.88415133781027],[-77.11961520771159,38.88409505060762],[-77.11998866380746,38.88357348910321],[-77.12039701653815,38.8831114587182],[-77.12044133445605,38.88306318205478],[-77.12050102940636,38.883002701322724],[-77.12055663028563,38.882950492995285],[-77.12061451979592,38.88289984930778],[-77.12063333009526,38.8828845001481],[-77.12067305574217,38.882850412863235],[-77.12073874704566,38.882794047705346],[-77.12118659624227,38.882409779648526],[-77.12139837253422,38.88224915057453],[-77.12167155740107,38.88205574006599],[-77.12174950306584,38.8819979443391],[-77.1218227540241,38.881948606214515],[-77.12189020108215,38.88190694379228],[-77.12195090961181,38.88187223214349],[-77.12206158048416,38.881810115875574],[-77.12208553347172,38.88179667182437],[-77.12210000377905,38.88178855196944],[-77.12235387773795,38.88164189818653],[-77.12258413867418,38.88151918705254],[-77.12285948656867,38.881366523056954],[-77.1229834382313,38.88130039625255],[-77.12307048576415,38.88125152118939],[-77.12318170880361,38.88118593145483],[-77.1231911820292,38.88118074779148],[-77.12345733497776,38.88103510918838],[-77.12365787097819,38.88091968157313],[-77.12391392849453,38.88077241845864],[-77.12409352922853,38.8806732210835],[-77.12433423050297,38.88053887579609],[-77.1245113750674,38.880439456795685],[-77.12465210359389,38.880364847236926],[-77.12482653630323,38.88028222927387],[-77.12503223064992,38.880190722886674],[-77.12521101277346,38.88011392197873],[-77.12535954305748,38.8800501124928],[-77.12544366949128,38.88001899244906],[-77.1256222582343,38.879952929132585],[-77.12586786508766,38.87986850635103],[-77.12615536694713,38.879770266267016],[-77.12637822273899,38.87970889021059],[-77.12666843248724,38.87963429655208],[-77.12698702833634,38.87956151691933],[-77.12760554561531,38.87944259318078],[-77.12781329040891,38.87941072258991],[-77.12790998940206,38.879399031802464],[-77.12803238505161,38.87938422917452],[-77.12837139536497,38.87935158434171],[-77.1289119539899,38.87932079747311],[-77.12952137996788,38.87930786474404],[-77.13048532327504,38.87929274769002],[-77.13066538296337,38.87928663664396],[-77.13135916001006,38.87926304152311],[-77.13152588754394,38.87925737104966],[-77.13174985034978,38.87925321331154],[-77.13255008381438,38.87923835325936],[-77.13279844493813,38.879233748194764],[-77.13356410140085,38.879226183062606],[-77.13443687386709,38.87920750132569],[-77.13454466577777,38.87920518480939],[-77.13487759939743,38.87919257907979],[-77.1349825841767,38.87919262202137],[-77.13498475790432,38.87919262325915],[-77.13539472849102,38.87919279495494],[-77.13584720511994,38.87921205654318],[-77.13621429823043,38.879237629353895],[-77.13632471008961,38.879245337222144],[-77.13678752272243,38.87929382324377],[-77.13720066749745,38.87936781847955],[-77.13789414359937,38.87951865787969],[-77.13805628627053,38.87955695086319],[-77.13827932350283,38.8796145386945],[-77.13842133688699,38.8796537219267],[-77.13867449778803,38.87972901837095],[-77.13894697809869,38.87981873690892],[-77.13913165947744,38.879882817475846],[-77.13915748264091,38.87984778031395],[-77.13919085998161,38.87980505423554],[-77.13922569946826,38.87976303159965],[-77.1392619649342,38.87972176690678],[-77.1392996558574,38.87968128760997],[-77.13933214833949,38.87964816238109],[-77.13937237510824,38.87960919530355],[-77.13941395500144,38.879571122621805],[-77.1394495705167,38.87954003815191],[-77.1394605794372,38.87953091153431],[-77.13949350802991,38.87950361291949],[-77.1395695193373,38.87944501422849],[-77.1396407380409,38.87939459809549],[-77.13976956403776,38.87930569062754],[-77.13982108066318,38.87926973750399],[-77.13982631409606,38.87926609096268],[-77.13989404738189,38.879223460525566],[-77.13992903443548,38.87920327041453],[-77.13997368878681,38.87917904572652],[-77.1400379498706,38.879147221857],[-77.14010409742424,38.87911780885258],[-77.14019340353441,38.87907133644738],[-77.14028446128832,38.8790269712466],[-77.14037716479996,38.87898473948065],[-77.14047144226726,38.87894472269562],[-77.14056722344932,38.878906920074776],[-77.14065464025713,38.878874842165345],[-77.14062157799971,38.8788527932069],[-77.14059080007151,38.87882884845271],[-77.1405624805292,38.87880309230057],[-77.14053679134818,38.87877571896591],[-77.14051935179548,38.878754235269994],[-77.14050350789007,38.87873197369114],[-77.14048936292026,38.87870904526729],[-77.14047695096787,38.87868550531446],[-77.14026624388335,38.87840324430895],[-77.14020748134784,38.87835258597489],[-77.14028900295159,38.87816624987323],[-77.14040609662746,38.877910246570444],[-77.14058512486857,38.877518866288355],[-77.1409745717459,38.87669211955505],[-77.14141227712413,38.87572810591475],[-77.14180097491993,38.874865676532046],[-77.14208481563162,38.87429036783305],[-77.14209952661915,38.87424995142756],[-77.14211084278601,38.874208864174754],[-77.14211872537987,38.87416729785048],[-77.14212354098981,38.87411701856495],[-77.14212373931831,38.874074978938296],[-77.14212038781967,38.874033035565816],[-77.14211355362522,38.87399135398594],[-77.14210078896697,38.87394191490764],[-77.14198206824558,38.87357548301626],[-77.14187627207231,38.873300204328004],[-77.14236340332319,38.873194073245756],[-77.14270710024567,38.873149441369755],[-77.1429004006952,38.87312586265014],[-77.14314778679,38.8731029085681],[-77.1434131292277,38.87309636306224],[-77.14366355489719,38.873098432003395],[-77.14397083292259,38.873122026862596],[-77.1439954018107,38.87312313438609],[-77.14419440620135,38.87313229731803],[-77.14449329240783,38.873153844225854],[-77.14507262012899,38.87320638900388],[-77.14608737068306,38.873293993675475],[-77.14623407357213,38.873306669177666],[-77.14637481478873,38.87331880894787],[-77.14641654996836,38.87332239305543],[-77.14679462784446,38.87334964902784],[-77.14679160259155,38.87334731092371],[-77.14664973034667,38.87323308825097],[-77.14504340566317,38.871981591410965],[-77.14440983593035,38.8714909754285],[-77.14440912857938,38.87149239177304],[-77.14407058961842,38.87122618442326],[-77.14362744003651,38.870883303008],[-77.1433262599026,38.87064915593646],[-77.14278628930658,38.87022551722551],[-77.14277680423947,38.87021813057411],[-77.14276897945348,38.87021210867433],[-77.14275340272015,38.870199928412816],[-77.14215972235489,38.869737715517914],[-77.14199008120386,38.8696066895549],[-77.14181352030421,38.869470118665085],[-77.14163690862887,38.86933626549609],[-77.1414638614575,38.86919970724282],[-77.14129072784563,38.869065893769026],[-77.14110036576483,38.86891815041224],[-77.14091342920457,38.868773192428144],[-77.1407403847675,38.868636633089665],[-77.14056728898132,38.86850281893709],[-77.14039073402495,38.86836621841621],[-77.14021760442465,38.86823240333254],[-77.13987155710326,38.86795925526099],[-77.13969503940594,38.86782268153699],[-77.13952191241395,38.86768886540961],[-77.13917583472261,38.86741574229864],[-77.13900274479812,38.86728192579938],[-77.13876046164876,38.86709238590782],[-77.13869121580757,38.86703940817918],[-77.138433461563,38.866834365257624],[-77.13840747040348,38.86681368817606],[-77.13807529182534,38.86654896098953],[-77.13794377366744,38.86644583158729],[-77.13787680713313,38.86639265667934],[-77.13757044398312,38.86614936862306],[-77.13756980831435,38.866148854944164],[-77.13418252551696,38.86623641626467],[-77.13391237296814,38.866196146870166],[-77.13104336963266,38.86629310993404],[-77.13098369983189,38.866295125962715],[-77.13049751156332,38.86630907684436],[-77.12839052593412,38.866369509449655],[-77.12838962859163,38.86637499450893],[-77.12838206645488,38.866421245840904],[-77.12837374544364,38.86647102041962],[-77.12834050259667,38.86666990981853],[-77.12833564937294,38.86670330006511],[-77.12832790008609,38.86674486718188],[-77.12831829376312,38.86678619291959],[-77.1283068314503,38.86682722236888],[-77.12829351366946,38.8668679280749],[-77.12827837710944,38.866908228083965],[-77.12826145740964,38.866948095351304],[-77.12824662921399,38.866979611585094],[-77.12808301317892,38.867295747996344],[-77.12792220692522,38.86762284629908],[-77.12790101292427,38.86766395421061],[-77.12775368321527,38.8679493324311],[-77.12763842670147,38.86815366483382],[-77.12753033385609,38.86834291748898],[-77.12746026730925,38.868456723919685],[-77.12742439402089,38.86850864436873],[-77.12738716156862,38.86855999970789],[-77.12734298902143,38.86861791935483],[-77.12730290142981,38.86866795064549],[-77.12724386583477,38.86873895993784],[-77.12720632476689,38.86878072788542],[-77.12716666453916,38.86882126278142],[-77.12712492079368,38.86886053758002],[-77.12708862590891,38.868892242044595],[-77.12658039549056,38.86929353836473],[-77.12616458700032,38.86965582149699],[-77.12592654567895,38.86990833677004],[-77.12584429362768,38.869995604926686],[-77.12579025996457,38.8700529143036],[-77.12545120349583,38.870478977754395],[-77.124995461213,38.870999785787966],[-77.12496032617098,38.87104235009168],[-77.12492383457713,38.871084211986116],[-77.12485344602378,38.87115901399434],[-77.12480023343791,38.871211883928616],[-77.12477262653547,38.87123737351019],[-77.12472854665963,38.871273764210656],[-77.1246815603609,38.87130784163026],[-77.12463177668215,38.871339414819026],[-77.12457947868717,38.8713683772469],[-77.12452487972783,38.871394594107045],[-77.12446819210493,38.871417985501566],[-77.12440962969907,38.87143838916976],[-77.12434385364973,38.87145760987949],[-77.12355172639191,38.871732296706256],[-77.12271321757244,38.87202562915842],[-77.12265405713183,38.87204602494542],[-77.12196212872864,38.872284557521894],[-77.12092204445382,38.87264718359297],[-77.12083555771436,38.872676484288284],[-77.11997973745673,38.87296646359301],[-77.11933879665762,38.87319591395157],[-77.11865766384041,38.87341445306165],[-77.11864033845458,38.87342029057718],[-77.11830906367706,38.87353038191607],[-77.11797357920938,38.87364012071967],[-77.11774306166065,38.873718690740155],[-77.11753943832952,38.87378521968801],[-77.11731735604491,38.87386169134279],[-77.11726283612268,38.87388356702853],[-77.11655776712446,38.87432259500024],[-77.11633435434439,38.87470111511797],[-77.11632245326572,38.87473532802773],[-77.11631254720731,38.87476992143038],[-77.1163030980899,38.87481360965544],[-77.11629976620965,38.87483883409384],[-77.11629198002439,38.87491469820527],[-77.1162877269479,38.87498222848125],[-77.11628602359181,38.875041413335055],[-77.11628649052042,38.87509735595651],[-77.1162866788781,38.87511855771247],[-77.11628663740366,38.87511888675026],[-77.11628564276005,38.87514496254266],[-77.11628309694649,38.87517132212318],[-77.11627900790262,38.87519755367727],[-77.11626879344684,38.87524084843007],[-77.11626064088397,38.875266482890865],[-77.11625288910905,38.8752822637403],[-77.11623218350846,38.8753212608661],[-77.11620955784606,38.87535963123075],[-77.1161850147667,38.87539723756174],[-77.11616406977174,38.8754267854292],[-77.11613618144246,38.87546297930221],[-77.11611262558196,38.87549128812942],[-77.11605387531343,38.87553206118227],[-77.11596549209834,38.87559747405184],[-77.11593438673414,38.875621959233655],[-77.11590106903942,38.875644578476106],[-77.11586568214949,38.87566519616171],[-77.11583790327126,38.8756793129825],[-77.11580919992706,38.87569218317581],[-77.1157796077692,38.875703779700686],[-77.11574926728589,38.87571410421254],[-77.11571821518903,38.87572307476188],[-77.11515437480458,38.875869107540815],[-77.11484538944005,38.87595196408577],[-77.11424969586461,38.8760918501214],[-77.1138020108965,38.876207667447744],[-77.1135752870843,38.87628740005196],[-77.11356778945353,38.87629362745962],[-77.11338250864128,38.876446591947804],[-77.11289469509231,38.876857132864835],[-77.11233279195054,38.87733819373823],[-77.1119969046361,38.87763079813278],[-77.11140766907576,38.878143935018485],[-77.11128782292451,38.87823725674321],[-77.11176040398041,38.87857868651242],[-77.11253017922807,38.87912106707353],[-77.11254233969994,38.87912807587424],[-77.11259728010774,38.87916649690248],[-77.11357564507308,38.879850682833634],[-77.11385044738232,38.880018703500525],[-77.11368703052351,38.88004421277614],[-77.11368567637231,38.880044407893884],[-77.1135195367057,38.88006400652936],[-77.11335373620952,38.88007729816503],[-77.11335239063214,38.8800773904032],[-77.11318462176492,38.88008459493381],[-77.112433182079,38.880073311056165],[-77.11182600714363,38.880064189386026],[-77.11169976563863,38.88005791897708],[-77.11157381825181,38.88004870505157],[-77.11142890160471,38.880034399327464],[-77.11142719280404,38.88003419891348],[-77.11128469655709,38.880016229903916],[-77.1106948424808,38.879941999185995],[-77.110573187778,38.87992939896626],[-77.11057167076753,38.87992927289268],[-77.11045101374329,38.879920374358434],[-77.11044960559784,38.87992029591106],[-77.11032849358287,38.87991493770847],[-77.1103619383862,38.880415516741174],[-77.11040400285819,38.88104507679813],[-77.1104138083173,38.881191832019745],[-77.11042418402285,38.881381707002895],[-77.1104507015956,38.88162699607083],[-77.11045760335567,38.881702374478074],[-77.11046544216558,38.881769278669445],[-77.11047752819225,38.881852709421466],[-77.11049055234484,38.88192761104811],[-77.11049382986285,38.881970625537015],[-77.11049949144817,38.882004825945025],[-77.11052144484223,38.88222095280543],[-77.11052404141502,38.88224833419988],[-77.11052480989812,38.88227577634753],[-77.11052371622796,38.88230322392437],[-77.11052096845913,38.88232900430046],[-77.11052079765398,38.88233056752904],[-77.11051601958076,38.88235777929161],[-77.11050941925797,38.88238474981051],[-77.1105010334037,38.882411397138355],[-77.11048260750921,38.88245939980186],[-77.11046715698419,38.88250070983896],[-77.11045808521402,38.88253374734781],[-77.11045199162322,38.88256720453957],[-77.11044891453116,38.88260091710487],[-77.11044885713218,38.88263472031863],[-77.1104517874958,38.88266844903993],[-77.11045597316378,38.88269359747224],[-77.11046184962723,38.882718518764136],[-77.11047532140613,38.882759429555584],[-77.11052437956067,38.88287127996467],[-77.11059376447426,38.883022035220584],[-77.11060748261046,38.883053859477684],[-77.11061996552422,38.88308597118569],[-77.11063383128399,38.883126502166874],[-77.11065202438995,38.8831921283219],[-77.11066088483739,38.88323350628352],[-77.11066773782962,38.88327513510163],[-77.11067337173206,38.8833252897156],[-77.1106761216322,38.883375602435784],[-77.11076239487322,38.88398240172245],[-77.11085407464077,38.88472014151693],[-77.11095257738732,38.88559191405256]]]},"properties":{"OBJECTID":3,"ES_Name":"Ashlawn Elementary School","Website":"https://ashlawn.apsva.us/","School_Year":"2022-2023","Shape__Area":35917613.51910918,"Shape__Length":30425.17988384452}},{"type":"Feature","id":4,"geometry":{"type":"MultiPolygon","coordinates":[[[[-77.09563985454406,38.8603376029318],[-77.0957195037513,38.860525159887366],[-77.09572306577992,38.86053338579006],[-77.0959181346478,38.860975090469246],[-77.0959322341276,38.86097251301115],[-77.09600885779844,38.861149177973154],[-77.09601961108582,38.861174021216385],[-77.09586073633588,38.86121605843317],[-77.09569481988306,38.86126075728505],[-77.09556416247489,38.86129489338556],[-77.09540172200064,38.86133963340621],[-77.09530993864388,38.86114081808529],[-77.09530737687128,38.86113532275056],[-77.09528760581985,38.861140550890056],[-77.09520851943597,38.86116157323178],[-77.09514499087523,38.86117728953342],[-77.09497903895175,38.86122198695408],[-77.09494018667945,38.86123308297226],[-77.09481303306909,38.86126942956953],[-77.09478834483048,38.86127465369632],[-77.09464356872985,38.861314111942924],[-77.09447410525493,38.86135873916272],[-77.09416348409403,38.861451712910224],[-77.09399132586158,38.86149558804457],[-77.09381916964688,38.86153946123637],[-77.09380257461494,38.861543690523646],[-77.09364701318816,38.861583335891225],[-77.093714934334,38.86173928714578],[-77.09354278394993,38.861783160008564],[-77.09329122062162,38.86184738899734],[-77.09319060973657,38.86187307615389],[-77.0931555261833,38.86188203361591],[-77.09319371424829,38.861994223771916],[-77.09303134250605,38.862035410349556],[-77.09207007641591,38.862281345323524],[-77.09207224706195,38.86235152838657],[-77.09208946422024,38.862709273618705],[-77.09210791281063,38.86332653748608],[-77.092107754107,38.86360498737392],[-77.092109240185,38.86366530895156],[-77.09211284075347,38.863734223629855],[-77.09211848073733,38.863803025457564],[-77.09212304677911,38.863846001323644],[-77.0921324992142,38.86390488061944],[-77.09216143794707,38.86406441743625],[-77.09218222788311,38.86416487089785],[-77.09218685771901,38.86418132046287],[-77.09229625142669,38.86448846213001],[-77.09236749375157,38.8646294208451],[-77.09243135286088,38.86476359058326],[-77.09256219231683,38.86495161729105],[-77.09266186208706,38.865084870562946],[-77.09270283077713,38.86513613646981],[-77.09274543103358,38.86518659809451],[-77.09278319877069,38.865229148020674],[-77.09282217289525,38.8652710807954],[-77.09289072204304,38.865348847229086],[-77.092962999489,38.865424571283135],[-77.0930039008016,38.86546496182676],[-77.09308203691045,38.865539273128626],[-77.09312765206117,38.8655793081986],[-77.09316745296289,38.86561133744077],[-77.09320193405448,38.865637014428],[-77.09320414923228,38.86563868861135],[-77.09324192055712,38.86566495422181],[-77.09338221679747,38.86576494435996],[-77.09346473466746,38.865820030469365],[-77.09359494841355,38.865896832570364],[-77.09372840365184,38.86596955423921],[-77.09440324668,38.866323639578304],[-77.09461725998135,38.86642613081245],[-77.09474787023873,38.866500739485694],[-77.09491033165637,38.86659907075491],[-77.09519437099243,38.86676695895288],[-77.09520128911676,38.8667711900032],[-77.09532662815487,38.86673976756985],[-77.09571190200062,38.866645517502654],[-77.09599016250807,38.866577447315485],[-77.09600782851328,38.866572166416105],[-77.0960325179483,38.866566969493995],[-77.09615958419471,38.86653553593767],[-77.09632900568344,38.86649362431502],[-77.09649486157146,38.86645441589861],[-77.09666428213608,38.86641253124565],[-77.09683370357654,38.86637059143924],[-77.09699955890449,38.86633138230875],[-77.09713343624584,38.86629827160766],[-77.0971689794208,38.866289469472065],[-77.09733840193404,38.86624755641673],[-77.0973658916492,38.86624093725205],[-77.09745838779341,38.866218782952146],[-77.09750801894899,38.86621163187159],[-77.09768186048144,38.86618611021523],[-77.09770144614508,38.86618324106937],[-77.09789167008365,38.8661553059915],[-77.09796582779354,38.86614397150332],[-77.0980748660927,38.86612728669553],[-77.09829680004059,38.866094237433266],[-77.09830840471155,38.866111648737],[-77.09846232932011,38.866341547107275],[-77.09855618301872,38.86648178314765],[-77.09869100300409,38.86668110910457],[-77.09888392961285,38.86696625636346],[-77.09893171664486,38.86703547826683],[-77.10006619020956,38.86866221374547],[-77.10011744617375,38.86873570540898],[-77.10023363297843,38.86890185445174],[-77.10049336000478,38.869272923082555],[-77.1005082977444,38.86929408105607],[-77.10061835984861,38.86945016271646],[-77.1006615337143,38.86951136526796],[-77.1006965699176,38.86956104719723],[-77.10063974791831,38.86959639841579],[-77.10058292423687,38.86963172041018],[-77.10012173764775,38.86991846112622],[-77.10011968071268,38.86991597544344],[-77.1000003272414,38.86997441841851],[-77.10015016131516,38.87011950298814],[-77.10024968968209,38.87022147003381],[-77.10041804210763,38.87038057910958],[-77.10047431275898,38.87043117323958],[-77.10054435882948,38.87049409658158],[-77.1006237568803,38.870565616668216],[-77.10067530152264,38.870609203400036],[-77.10072359349815,38.87065003960974],[-77.10076964576653,38.870688981786536],[-77.10088069664235,38.87066014980354],[-77.10126935453282,38.87055696958341],[-77.10201326141409,38.870370418600494],[-77.10295505315291,38.87013423446288],[-77.10328340374913,38.870052106392485],[-77.10350764687803,38.86999599057108],[-77.10362008491944,38.86996785216639],[-77.1045681607142,38.86972983170719],[-77.10467341629293,38.869703405617784],[-77.10669447690071,38.86918961039089],[-77.10682984662549,38.869155879911226],[-77.10685931328165,38.869148537112444],[-77.10961638670193,38.86846152289919],[-77.11105871693366,38.86810198419919],[-77.11117422208387,38.868015328876325],[-77.11164549444142,38.867888344558025],[-77.11282910680583,38.867569411368486],[-77.1129086055244,38.867550880955804],[-77.11449002166486,38.86718224235606],[-77.11516635329153,38.867026279454464],[-77.1151730349248,38.867024738082186],[-77.11573263635691,38.86689568817412],[-77.11614410298681,38.86684976367605],[-77.1164353873469,38.86681387273542],[-77.11664067808815,38.8667983597769],[-77.11684173613412,38.866783757721166],[-77.11711584485838,38.86676238165047],[-77.11774406936642,38.866734629296026],[-77.11826955511854,38.86671582505688],[-77.1186858438742,38.86671303408645],[-77.1189426891921,38.866708915603226],[-77.11998833292847,38.86668297084139],[-77.12046199515609,38.8666712160755],[-77.12046587177701,38.86667111916999],[-77.12047080703391,38.866670996943824],[-77.12067525228822,38.86659751489617],[-77.12107752899139,38.86658458266427],[-77.12193250998479,38.866520457794124],[-77.12209585415843,38.86651068685706],[-77.12244331862291,38.86648990174906],[-77.12345023589583,38.86645699116756],[-77.12322264165479,38.866287211449134],[-77.1231600380679,38.86624051009714],[-77.12300406528871,38.86613158482457],[-77.1228584173654,38.86603376466231],[-77.12255953725548,38.865865495376724],[-77.12227398495592,38.86573857255716],[-77.12197382517067,38.86563891070916],[-77.12158209727883,38.86555198581575],[-77.12120056146101,38.865483083587385],[-77.12065451011297,38.865384539842054],[-77.12064418339448,38.865382715971776],[-77.12063385773186,38.86538083719178],[-77.12062353206981,38.86537895841085],[-77.12061324258042,38.8653770251328],[-77.12060291744719,38.86537511889573],[-77.12059262848653,38.865373158161496],[-77.12058234005418,38.86537116997195],[-77.1205720521501,38.86536915432715],[-77.12056179989106,38.8653671116396],[-77.12055154763253,38.86536506895121],[-77.12054126131333,38.865362970940524],[-77.12053100958371,38.86536090079587],[-77.1205207594379,38.86535874828724],[-77.12051054440937,38.865356596190225],[-77.12050029479248,38.86535441622539],[-77.12049687771997,38.865353679266235],[-77.12049008082069,38.865352209217846],[-77.12047986737723,38.86534997475501],[-77.12046968905106,38.8653477407039],[-77.12045947666442,38.86534545133055],[-77.12044929939503,38.86534316236886],[-77.12043912265412,38.865340845951955],[-77.12042898208604,38.86533847503792],[-77.12041880587418,38.865336131164874],[-77.12040866583526,38.8653337327947],[-77.12039852632472,38.86533130696934],[-77.12038842193158,38.86532888155565],[-77.12037828347798,38.86532640081975],[-77.1203682152585,38.86532392090818],[-77.1203580773341,38.86532141271613],[-77.12034801017154,38.86531887789407],[-77.12033790842082,38.86531631520411],[-77.12032784284312,38.86531369801718],[-77.12031777673836,38.865311108283706],[-77.12030774627878,38.86530849150767],[-77.12029771687554,38.86530581982197],[-77.12028768747311,38.86530314813546],[-77.12027765859918,38.865300448993686],[-77.12026763025384,38.86529772239666],[-77.12025763755375,38.86529496875701],[-77.12024764485446,38.865292215116554],[-77.12023768832826,38.86528940697913],[-77.1202277669195,38.86528659925347],[-77.12021777633385,38.865283735792936],[-77.1202078208657,38.86528087274417],[-77.12019790104281,38.8652779826529],[-77.12018798174859,38.86527506510635],[-77.12017806245515,38.86527214755897],[-77.12016814421824,38.86526917510201],[-77.12015826109885,38.86526620305684],[-77.120148379036,38.86526317610209],[-77.12013853209066,38.86526014955922],[-77.12012868567398,38.865257095561134],[-77.12011883925817,38.865254041562196],[-77.1201090290156,38.86525093306636],[-77.12009918418507,38.86524779670259],[-77.12008937447212,38.865244660750726],[-77.12007960040451,38.86524149775638],[-77.1200698263378,38.8652383347612],[-77.12006005385562,38.86523508940203],[-77.12005028137435,38.86523184404206],[-77.12004054401059,38.86522859909399],[-77.12003080770356,38.86522529923635],[-77.12002110651403,38.865221999790606],[-77.12001140585332,38.865218672889704],[-77.12000170572144,38.865215318533544],[-77.11999204123501,38.86521193713497],[-77.11998237674946,38.86520855573562],[-77.11997271332075,38.86520511942663],[-77.11996308500954,38.86520168352967],[-77.11995345722725,38.86519822017751],[-77.11994382997378,38.86519472937014],[-77.11993423836583,38.86519121152038],[-77.11992464675883,38.86518769366978],[-77.11991509185329,38.865184093868045],[-77.11990550077611,38.86518054856151],[-77.11989598098904,38.86517694917098],[-77.1198864266143,38.8651733219125],[-77.11987694247377,38.865169695478755],[-77.11986742427351,38.86516601372272],[-77.11985794119082,38.86516233237871],[-77.11984845916506,38.865158596125106],[-77.11983904684554,38.86515488815069],[-77.11982956587772,38.86515109698685],[-77.1198201194995,38.865147333689336],[-77.11981070876692,38.86514354334953],[-77.11980129909129,38.86513969810013],[-77.11979192453329,38.865135853262814],[-77.11978254997629,38.86513200842473],[-77.11977317647624,38.8651281086771],[-77.1197638386219,38.86512418188714],[-77.11975453852521,38.865120118237336],[-77.11974527354617,38.86511605499962],[-77.11973600962423,38.86511193685233],[-77.11972678134792,38.86510779166275],[-77.11971755307268,38.86510364647247],[-77.11970832532658,38.8650994738271],[-77.11969913322615,38.86509527413938],[-77.1196899416548,38.865091046996575],[-77.11968078572914,38.86508679281152],[-77.11967166492121,38.8650825390385],[-77.11966254464237,38.86507825781044],[-77.11965342489265,38.86507394912728],[-77.11964430567214,38.86506961298898],[-77.1196352220973,38.86506524980847],[-77.11962617364013,38.86506088704009],[-77.11961712624021,38.865056469362194],[-77.11960811395798,38.86505205209648],[-77.11959910220489,38.86504760737568],[-77.11959009045295,38.8650431626542],[-77.11958114999135,38.86503866384892],[-77.11957217441436,38.86503416463013],[-77.1195632350112,38.86502961091472],[-77.11955433019762,38.86502508506588],[-77.11954542644135,38.86502050430762],[-77.11953655780276,38.8650159239615],[-77.11952768969336,38.86501131616032],[-77.11951882211326,38.86500668090414],[-77.11950999017895,38.865002018605765],[-77.11950119389039,38.86499732926517],[-77.11949239760298,38.86499263992394],[-77.11948363748951,38.86498789608616],[-77.11947487684903,38.864983179702094],[-77.11946615238251,38.86497840882148],[-77.11945742897338,38.86497358303147],[-77.11944873962568,38.8649688125625],[-77.1194400513354,38.86496398718401],[-77.11943139869096,38.86495913476349],[-77.1194227465758,38.864954254887884],[-77.11941412957836,38.864949375424565],[-77.11940554822671,38.86494446891909],[-77.11939696740434,38.86493953495864],[-77.11938838711134,38.86493457354317],[-77.11937987705258,38.864929612952935],[-77.11937133293475,38.864924597040314],[-77.11936282340645,38.8649196089944],[-77.11935435005215,38.86491456645204],[-77.11934591234376,38.86490949686759],[-77.11933743951997,38.86490442686956],[-77.11932903798679,38.86489930278807],[-77.11932063592658,38.86489420616034],[-77.11931226951219,38.86488908249056],[-77.11930390362723,38.864883931365746],[-77.11929553827164,38.86487875278597],[-77.11928724367839,38.8648735475771],[-77.11927894855813,38.86486836982202],[-77.11927065555189,38.86486308224881],[-77.11926239713512,38.86485782254234],[-77.11925417383598,38.86485256324827],[-77.11924595159448,38.86484724904479],[-77.11923776447067,38.8648419352537],[-77.11922957840449,38.86483656655326],[-77.11922142639958,38.864831253174025],[-77.11921331109691,38.86482585784397],[-77.11920519579549,38.86482046251338],[-77.11919711561174,38.86481506759517],[-77.11918903648564,38.86480961776762],[-77.11918099247724,38.86480416835255],[-77.11917294899824,38.86479869148247],[-77.11916497628161,38.86479318798342],[-77.11915696844973,38.864787684070876],[-77.11914903138023,38.86478215352933],[-77.11914109484012,38.864776595532874],[-77.11913319394597,38.864771010494444],[-77.11912529305302,38.86476542545549],[-77.11911742780597,38.86475981337461],[-77.11910956256017,38.86475420129323],[-77.11910173348848,38.8647485347155],[-77.11909393953445,38.86474286855026],[-77.11908614558168,38.86473720238449],[-77.11907838780309,38.864731481722444],[-77.11907066514206,38.86472576147289],[-77.11906294301056,38.86472001376839],[-77.11905525599668,38.86471426647644],[-77.11904760515704,38.864708464688185],[-77.11903995379029,38.8647026903538],[-77.11903233859773,38.864696861523235],[-77.11902472393474,38.864691005237674],[-77.1190171789774,38.86468517723211],[-77.11900959943324,38.86467932135866],[-77.11900209117962,38.864673411401945],[-77.11899458292727,38.86466750144482],[-77.11898710979251,38.864661591900166],[-77.11897963718731,38.86465565490069],[-77.11897220022796,38.86464969085935],[-77.11896479891452,38.864643699776224],[-77.11895743271873,38.864637709105594],[-77.11895006705244,38.86463169098016],[-77.11894270191567,38.86462564539987],[-77.11893540648455,38.86461962809957],[-77.11892811316794,38.8646135009813],[-77.11892085338397,38.86460745663874],[-77.11891359518613,38.864601329932626],[-77.11890637157761,38.8645952310934],[-77.11889918414322,38.8645890777581],[-77.11889203182649,38.8645829248354],[-77.11888488003932,38.86457674445783],[-77.11887776336965,38.86457056449289],[-77.11887064722956,38.86456435707318],[-77.11886360185166,38.8645581230247],[-77.11885655594669,38.86455191643025],[-77.11884951162793,38.864545627472175],[-77.11884253807143,38.86453931188545],[-77.11883556345943,38.86453305120706],[-77.11882858990532,38.86452673561943],[-77.11882172170137,38.864520421270676],[-77.11881478379438,38.86451407864097],[-77.1188079166496,38.864507709382615],[-77.11880104950602,38.86450134012386],[-77.11879425312462,38.86449494423648],[-77.11878745727273,38.86448852089431],[-77.11878066142212,38.86448209755174],[-77.11877393633368,38.864475647580576],[-77.11876721124639,38.864469197609004],[-77.118760521805,38.86446272059578],[-77.11875383236475,38.86445624358213],[-77.11874721421509,38.864449712485595],[-77.11874059553821,38.86444320884299],[-77.11873401303555,38.86443665070437],[-77.11872743053414,38.86443009256535],[-77.11872088315019,38.864423534839084],[-77.11871437141205,38.864416950071174],[-77.11870789531972,38.8644103382616],[-77.11870145381648,38.86440375431919],[-77.1186950138996,38.86439708801324],[-77.11868860857174,38.864390449574444],[-77.11868220377352,38.864383783680914],[-77.11867528621254,38.86437821017865],[-77.11866906016822,38.86437138162368],[-77.11866287082665,38.86436447111837],[-77.11865667990097,38.864357642975875],[-77.11865052567792,38.86435073288301],[-77.1186443709277,38.86434385024422],[-77.11863821670701,38.864336940150636],[-77.11863209760374,38.86433003046994],[-77.11862597850165,38.86432312078886],[-77.11861989451695,38.864316211520624],[-77.11861381106186,38.864309274797684],[-77.11860772760788,38.86430233807438],[-77.11860167979978,38.864295374309535],[-77.11859566658059,38.86428843841188],[-77.118589653891,38.86428147505957],[-77.11858364173102,38.86427448425255],[-77.1185776636314,38.8642675487671],[-77.11857168711842,38.8642605309182],[-77.1185657457227,38.864253513482105],[-77.11855980432816,38.864246496045716],[-77.11855386240634,38.864239506063434],[-77.11854795613029,38.8642324890396],[-77.11854208549998,38.86422544497423],[-77.1185362143424,38.8642184283629],[-77.1185303431859,38.864211411751334],[-77.11852447361605,38.86420431277625],[-77.11851867375113,38.86419724208163],[-77.11851287388734,38.86419017138671],[-77.11850707402465,38.86418310069151],[-77.11850130927928,38.864176030409176],[-77.11849554506351,38.864168932672136],[-77.11848978084892,38.86416183493479],[-77.11837315217407,38.86401492139481],[-77.11836721240381,38.86400782158511],[-77.11836123804709,38.86400069390754],[-77.11835529880763,38.86399356664281],[-77.1183493946854,38.86398643979103],[-77.11834352673749,38.863979258443344],[-77.11833765826212,38.863972104549795],[-77.11833186054855,38.863964924027975],[-77.1183260633647,38.86395771605149],[-77.11832030182661,38.863950481033534],[-77.11831457487709,38.863943273882896],[-77.11830888410184,38.86393601223644],[-77.11830326355975,38.863928751416196],[-77.11829757278676,38.86392148976916],[-77.11829195277552,38.863914201493955],[-77.118286403526,38.863906886590556],[-77.11828085427754,38.86389957168688],[-77.11827534014624,38.86389225719618],[-77.11826979142862,38.86388491483757],[-77.11826438370463,38.86387754667729],[-77.11825894086577,38.86387017810352],[-77.11825356878857,38.863862782901585],[-77.11824819671244,38.8638553876994],[-77.11824285975345,38.86384799291018],[-77.11823755896857,38.86384054362522],[-77.11823225765629,38.86383312179437],[-77.11822702710556,38.863825673335455],[-77.11822183220049,38.86381819783514],[-77.11821663729648,38.86381072233457],[-77.11821147803806,38.863803219792615],[-77.11820635389668,38.86379571766373],[-77.11820126487233,38.86378821594785],[-77.11819621149351,38.86378068719063],[-77.1181911937603,38.86377313139211],[-77.11818617602816,38.86376557559328],[-77.11818119341297,38.8637580202075],[-77.11817628155927,38.863750438193726],[-77.11817140535115,38.86374282913858],[-77.11816652861542,38.86373524753758],[-77.11816168805386,38.863727611440915],[-77.11815688208061,38.86372000321171],[-77.11815211228149,38.863712340486785],[-77.11814734195481,38.863704705216016],[-77.11814299249116,38.86369710235889],[-77.11813860685525,38.86368955399707],[-77.11813418663306,38.86368197776741],[-77.11812973076728,38.863674428578626],[-77.11812527437385,38.863666906844074],[-77.11812071263371,38.86365938386948],[-77.11811622112623,38.86365186172127],[-77.11811162374354,38.86364436578734],[-77.11810702636176,38.86363686985325],[-77.11810235822065,38.86362940054675],[-77.11809772519635,38.86362193165332],[-77.11809302141263,38.86361448938753],[-77.11808828251408,38.86360704670822],[-77.1180835085007,38.863599603615405],[-77.11807869884383,38.86359218756343],[-77.11807388865925,38.86358479896565],[-77.11806900877274,38.8635773820867],[-77.11806412782985,38.86357002011629],[-77.11805921177218,38.86356265773231],[-77.11805426059972,38.863555294934805],[-77.11804927378383,38.8635479591782],[-77.11804428696891,38.8635406234213],[-77.11803919427894,38.86353331387869],[-77.1180341367058,38.86352600474909],[-77.11802900837344,38.86351872224706],[-77.11802388004213,38.863511439744755],[-77.11801871606744,38.86350418428334],[-77.118013516978,38.8634969284083],[-77.11800828224513,38.8634896995741],[-77.11800301186881,38.86348249778074],[-77.11799774202227,38.86347526853268],[-77.11799240088794,38.863468093366514],[-77.1179870602833,38.8634608907457],[-77.11798168350659,38.863453742620095],[-77.11797627161523,38.86344659408087],[-77.11797082460917,38.863439445128044],[-77.11796534195977,38.863432323216045],[-77.11795985931147,38.863425201303706],[-77.11795430537535,38.863418133473246],[-77.117948751969,38.86341103818812],[-77.11794316239066,38.86340399739816],[-77.11793753875506,38.863396901285746],[-77.11793187947612,38.86338983221412],[-77.11792621861223,38.863382845505356],[-77.11792048804665,38.86337583051523],[-77.11791475695351,38.863368842979206],[-77.11790899074578,38.863361855029524],[-77.11790318889469,38.86335489412057],[-77.11789735140039,38.86334796025237],[-77.11789147879139,38.863341025970506],[-77.11788557106789,38.86333409127496],[-77.11787969793254,38.86332718444683],[-77.11787375403814,38.863320304246095],[-77.11786777502924,38.863313423631645],[-77.11786176037702,38.86330657005792],[-77.11785574519725,38.86329974393826],[-77.11784965925847,38.863292944445945],[-77.11784353926265,38.863286089631124],[-77.11783745332626,38.86327929013812],[-77.11783129663087,38.86327251727242],[-77.11782513993673,38.863265744406405],[-77.11781894759928,38.86325899858104],[-77.1178126845029,38.86325227938296],[-77.11780642140774,38.86324556018458],[-77.11780015778496,38.86323886844017],[-77.11779382393208,38.863232175868674],[-77.1177874895516,38.8632255107512],[-77.11778111952788,38.86321887267438],[-77.1177747143897,38.86321223418384],[-77.11776827360833,38.86320562273386],[-77.11776179771246,38.863199010870154],[-77.11775532128907,38.86319242646047],[-77.11774880922243,38.863185869091396],[-77.1177422625701,38.86317928385411],[-77.11773571433274,38.863172780979745],[-77.11772909639404,38.863166249823685],[-77.11772247792774,38.86315974612169],[-77.11771582381832,38.86315326946019],[-77.1177091340656,38.863146819839386],[-77.11770244431416,38.86314037021811],[-77.11769571944828,38.8631339201831],[-77.11768895841045,38.86312752464301],[-77.11768216225823,38.86312112868908],[-77.11767533099159,38.863114732321336],[-77.11766853378418,38.86310839127537],[-77.1176616312312,38.863102048988786],[-77.11765472867945,38.86309570670173],[-77.1176478245425,38.86308944677743],[-77.11764088634874,38.863083131530445],[-77.11763387739633,38.86307684291065],[-77.117626902503,38.86307060961257],[-77.11761985790864,38.86306434803284],[-77.1176128122578,38.86305814136145],[-77.11760573149265,38.863051934276164],[-77.1175986501999,38.86304575464485],[-77.11759149814839,38.86303960164056],[-77.11758434609814,38.86303344863584],[-77.11757715840473,38.863027322671606],[-77.1175699701837,38.86302122416132],[-77.11756271120392,38.86301515227804],[-77.11755545222543,38.86300908039431],[-77.1175481581326,38.86300300809666],[-77.11754082733893,38.86299701774826],[-77.11753349760416,38.862990972490586],[-77.11752616681297,38.86298498214125],[-77.11751876526307,38.862979018418876],[-77.11751132806998,38.86297308173697],[-77.11750389140705,38.86296711760016],[-77.11749645368756,38.86296120837165],[-77.11748894573827,38.862955298315725],[-77.11748143726136,38.86294941571369],[-77.11747389314134,38.86294356015205],[-77.1174663128492,38.86293775908523],[-77.11745873361612,38.862931903109136],[-77.11745111821102,38.86292610162782],[-77.1174435373937,38.86292032801388],[-77.11743581611569,38.86291455274546],[-77.11742812889659,38.86290883279882],[-77.11742044167868,38.86290311285162],[-77.11741271934658,38.86289739249044],[-77.11740496084239,38.862891726624],[-77.11739716722393,38.86288606034353],[-77.11738937307783,38.86288042151696],[-77.11738154381749,38.862874782276336],[-77.11737367838504,38.862869197530415],[-77.11736581295382,38.862863612784004],[-77.11735791187947,38.862858055077865],[-77.11734997516197,38.862852524412105],[-77.11734203844564,38.862846993745784],[-77.11733403097071,38.86284148970629],[-77.11732605808355,38.86283601353407],[-77.1173180495532,38.86283056440226],[-77.11731000590865,38.86282511485629],[-77.11730196173635,38.86281969276418],[-77.11729384680548,38.86281429729879],[-77.11728576646226,38.862808929700805],[-77.11727761536046,38.86280358872954],[-77.1172694642599,38.86279824775772],[-77.11726127751612,38.86279293382614],[-77.11725309024463,38.86278764734839],[-77.11724486680097,38.86278241536533],[-77.11723678752297,38.86277699285509],[-77.11722867154383,38.862771652293944],[-77.11722052045053,38.86276631131867],[-77.11721236882943,38.86276099779721],[-77.11720418156517,38.86275571131599],[-77.1171959586577,38.86275045187506],[-77.11718773522253,38.86274521988786],[-77.11717947667304,38.86273998748657],[-77.11717118195148,38.8627348095799],[-77.11716288723107,38.86272963167261],[-77.11715455686745,38.862724480805504],[-77.11714619086064,38.862719356978616],[-77.117137824326,38.86271426060554],[-77.11712942214822,38.862709191272664],[-77.11712098485617,38.86270412152557],[-77.11711254650734,38.86269910668666],[-77.11710407304425,38.86269409143353],[-77.11709556393801,38.86268910322058],[-77.1170870543039,38.86268414246135],[-77.11707854414192,38.86267920915597],[-77.11706996322138,38.86267430247711],[-77.11706138177297,38.862669423251965],[-77.11705276521033,38.862664543612595],[-77.1170441475908,38.8626597188814],[-77.1170354948571,38.862654893735915],[-77.11702677083571,38.86265012267135],[-77.11701811704623,38.86264535243337],[-77.11700939249812,38.862640608821856],[-77.11700066742216,38.86263589266412],[-77.11699190670284,38.862631203546485],[-77.11698311034037,38.86262654146893],[-77.11697431397899,38.862621879390694],[-77.11696551656061,38.862617272220575],[-77.11695664944173,38.862612636768176],[-77.11694778020771,38.8626081111326],[-77.11693891150391,38.862603558041975],[-77.11693000662774,38.86259905944581],[-77.11692106663735,38.86259456043529],[-77.11691212611896,38.86259008887849],[-77.11690315048638,38.86258561690741],[-77.11689410303701,38.86258122647141],[-77.1168851258194,38.862576836862054],[-77.11687611295842,38.86257247429271],[-77.11686706498327,38.862568111309066],[-77.1168579808356,38.86256380281976],[-77.11684889615998,38.86255952178415],[-77.11683977637014,38.862555240334174],[-77.11683065552313,38.862551013792256],[-77.11682149956191,38.86254678683594],[-77.11681234254345,38.862542614787685],[-77.11680315041082,38.862538442325075],[-77.11679395775015,38.862534297316074],[-77.11678472891691,38.86253020680144],[-77.11677546496944,38.862526115872384],[-77.116766201023,38.86252202494258],[-77.11675693549023,38.86251801637521],[-77.11674759972792,38.86251400697971],[-77.11673833366804,38.862510025865284],[-77.11672899684947,38.86250607137711],[-77.11671962438749,38.86250214392884],[-77.11671025139738,38.862498243934155],[-77.11670087787908,38.86249437139319],[-77.11669146871742,38.86249052589212],[-77.11668202391226,38.862486707430904],[-77.11667257910811,38.862482888968984],[-77.11666313324659,38.86247912541506],[-77.11665365174164,38.862475388901025],[-77.11664416970847,38.8624716798406],[-77.116634652561,38.86246797036571],[-77.1166250992409,38.86246431538506],[-77.11661557997861,38.86246071572614],[-77.11660599154514,38.86245706033018],[-77.11659643664035,38.86245348771038],[-77.11658684609198,38.86244994213039],[-77.11657722042932,38.86244639613587],[-77.11656759370922,38.86244290504935],[-77.11655793187471,38.86243941354826],[-77.11654830409805,38.86243597736893],[-77.11653860609175,38.86243254036124],[-77.11652890702793,38.86242915826155],[-77.11651920743579,38.862425803615494],[-77.11650950784454,38.862422448968566],[-77.11649977208053,38.862419148815874],[-77.11649000120208,38.862415848248574],[-77.11648022926609,38.86241260258921],[-77.116470457331,38.86240935692907],[-77.11646064922299,38.86240616576308],[-77.11645084058661,38.86240300205067],[-77.11644103195111,38.862399838337424],[-77.11643118714271,38.86239672911833],[-77.11642134180588,38.86239364735281],[-77.11641146135466,38.86239056517266],[-77.11640157984574,38.86238753790044],[-77.11639166322243,38.86238451021358],[-77.11638178065661,38.8623815378485],[-77.11637186244714,38.862378592523136],[-77.11636190912317,38.86237564678311],[-77.11635191962625,38.862372755537166],[-77.11634199930195,38.86236992002685],[-77.11633200927733,38.86236705623363],[-77.1163220181949,38.86236424734831],[-77.11631202711322,38.86236143846216],[-77.11630199985852,38.862358684070095],[-77.11629197207522,38.86235595713157],[-77.11628194376338,38.86235325764658],[-77.11627187980774,38.862350585201234],[-77.11626181532357,38.86234794020949],[-77.11625175031075,38.86234532267115],[-77.11624164912479,38.86234275962694],[-77.1162315484689,38.86234016912751],[-77.11622144622572,38.86233766099031],[-77.11621130886806,38.86233515243837],[-77.11620117151105,38.862332643885615],[-77.11619103256675,38.86233021769509],[-77.11618085797846,38.86232781854423],[-77.11617071850617,38.86232541980637],[-77.11616050827473,38.86232304769421],[-77.11615033210045,38.86232073090387],[-77.1161401208116,38.862318413698766],[-77.11613537750245,38.8623173623439],[-77.11612990846466,38.86231615140154],[-77.115993372147,38.86229312273459],[-77.11591985262764,38.862280722617356],[-77.11530452695142,38.862133418085584],[-77.11529424071904,38.86213134706798],[-77.11528395448725,38.86212927604948],[-77.11527366878575,38.86212717757571],[-77.1152633830849,38.862125079101034],[-77.11525313355916,38.8621229261308],[-77.11524284891892,38.86212077274557],[-77.11523256480899,38.86211859190502],[-77.11522231581485,38.86211641147774],[-77.11521206788073,38.86211417614078],[-77.11520185506237,38.86211194121714],[-77.11519160765931,38.862109678424],[-77.1151813959017,38.862107388589756],[-77.11517118414473,38.86210509875465],[-77.11516097344791,38.862102754009875],[-77.11515072763673,38.862100408850004],[-77.11514055205636,38.86209806451762],[-77.11513041265123,38.86209566568979],[-77.11512023813172,38.86209326644688],[-77.11510999391244,38.86209083892031],[-77.11509989068402,38.86208838559525],[-77.1150897172261,38.8620859314409],[-77.11507957941372,38.86208345024554],[-77.11506944213185,38.86208094159486],[-77.11505934049556,38.86207840590317],[-77.11504920374487,38.86207586979639],[-77.11503910263978,38.86207330664853],[-77.11502900206523,38.86207071604543],[-77.11501890202118,38.86206809798709],[-77.11500880197788,38.86206547992787],[-77.11499873758021,38.86206283482764],[-77.11498867371311,38.862060162272115],[-77.11581285577718,38.86054397658173],[-77.1158419537756,38.86049211695331],[-77.11600233322157,38.86018919449447],[-77.11487898382023,38.85997823037262],[-77.1145296316915,38.85969950180965],[-77.11396219362521,38.859256179858484],[-77.11373911394645,38.85880463978433],[-77.1136442353198,38.85861259233817],[-77.11276367991243,38.856689664992764],[-77.11219810136367,38.855933990436746],[-77.11216378210034,38.85594888034185],[-77.11207634795294,38.855978987132254],[-77.11198782943303,38.856007048946786],[-77.11188826971528,38.856035803967785],[-77.11179765905905,38.85605944719303],[-77.11169594760153,38.85608323368485],[-77.11159330445041,38.85610434538388],[-77.1114898344217,38.85612281098793],[-77.11118332290665,38.85617273377654],[-77.11053396104285,38.85627173498176],[-77.10861954700911,38.854573248031684],[-77.10773198109044,38.85401192168511],[-77.10716511906831,38.853444499356335],[-77.10681135579975,38.852764163486924],[-77.10671264388738,38.85263436246076],[-77.10566987825315,38.85289903150586],[-77.1053864294996,38.8531595227853],[-77.10456617425659,38.85365299362807],[-77.10456592105585,38.85365314680134],[-77.10446994909134,38.85355709824014],[-77.10412791185446,38.85383071481144],[-77.10390601858964,38.85400821868264],[-77.10362296649143,38.85426051173275],[-77.10355246637226,38.85433532748272],[-77.10347870912352,38.85441869965595],[-77.1034451927154,38.854459052685314],[-77.10341397734554,38.85449665954433],[-77.10339834252645,38.85451866182388],[-77.10335991310504,38.85457867319134],[-77.10335109830613,38.854594907462875],[-77.10332633151232,38.85464041732557],[-77.10330102338752,38.854695696764935],[-77.1032883184102,38.85472775705534],[-77.10328298014171,38.85474400522197],[-77.10327355615061,38.854784888548366],[-77.10327346740928,38.85478527537549],[-77.10327046319064,38.85480994228166],[-77.10327041597714,38.85481033818432],[-77.10326938135228,38.854835081728545],[-77.1032693648279,38.85483547971262],[-77.10327107928326,38.8548686332043],[-77.10327110009818,38.8548690299163],[-77.10327823178218,38.85491019087598],[-77.1032782988146,38.85491058127267],[-77.10331425370909,38.855026481424034],[-77.1033295350744,38.85506777194448],[-77.10335003948636,38.85511678614401],[-77.1033809921363,38.85518113788209],[-77.10341758010182,38.85526090719808],[-77.10342472851637,38.85527436561259],[-77.10345914881395,38.85533919794876],[-77.10350068695762,38.85540823405216],[-77.10369170219761,38.8556917588763],[-77.10387975123763,38.8559346611255],[-77.10390400523832,38.85596246519904],[-77.10392331379515,38.8559827136799],[-77.1039504450119,38.856008849392985],[-77.10397181625859,38.85602777681805],[-77.10401705294035,38.85606379398458],[-77.1040654302563,38.856097239707545],[-77.10433059137422,38.85625960954906],[-77.10434550382965,38.85626934316031],[-77.10438930386769,38.85629798362517],[-77.10442965920831,38.856326775350176],[-77.10445063133405,38.85634275964245],[-77.10446097881984,38.856350654027324],[-77.10449887197507,38.85638144855276],[-77.10453530474383,38.85641329667471],[-77.10456269211187,38.856449760514145],[-77.10459329069583,38.856494473269564],[-77.10462141117443,38.85654020006962],[-77.10464292355417,38.85657898314273],[-77.10466634266554,38.856626274234905],[-77.1046871831269,38.85667433103505],[-77.10469930020874,38.85670682377079],[-77.10471106775162,38.856748264544294],[-77.10472103882674,38.85679822253206],[-77.1047211169081,38.856798609626345],[-77.10472525708724,38.85683201501961],[-77.10472530650638,38.85683240863844],[-77.10472710231487,38.856857462139835],[-77.10472712972205,38.856857858929665],[-77.1047273324929,38.85690840278662],[-77.10472733353241,38.85690880097931],[-77.10472307804851,38.85695923864574],[-77.10472304400876,38.85695963470527],[-77.10471127709587,38.85702610597192],[-77.10471120801017,38.85702649818233],[-77.10469639242835,38.8570833580061],[-77.10469629278585,38.857083741271886],[-77.10467616390666,38.857139988730424],[-77.10465086234488,38.85719493897454],[-77.1046251750768,38.85724082259317],[-77.10459593136964,38.85728537328178],[-77.10455741432465,38.857335415726006],[-77.10434305021593,38.85762732882583],[-77.1043230226147,38.85765847833446],[-77.10431710435986,38.85766843113838],[-77.10431156967555,38.85767852580545],[-77.10430641856186,38.85768876233572],[-77.10430168719955,38.8576990862379],[-77.1042973399421,38.85770952454909],[-77.10429341190242,38.85772007768669],[-77.10428990361464,38.8577307181964],[-77.10428678049983,38.857741418206416],[-77.10428417462175,38.857751820581264],[-77.10428407713731,38.8577522055886],[-77.10428187678424,38.85776263681252],[-77.1042817945949,38.85776302543426],[-77.10428003161763,38.85777354080731],[-77.10427996691803,38.85777393306958],[-77.10427857704825,38.85778445116187],[-77.10427852548258,38.85778484529659],[-77.10427754110502,38.85779539395387],[-77.10427750486794,38.85779578998713],[-77.10427696109566,38.85780636962684],[-77.10427694018702,38.85780676755859],[-77.1042767672949,38.85781735160744],[-77.10427676174825,38.85781774972185],[-77.10427702996233,38.85782833901465],[-77.10427703977753,38.857828737311664],[-77.10427768156717,38.85783930530123],[-77.10427770458314,38.85783970203888],[-77.10427878578531,38.8578502495079],[-77.10427882639111,38.85785064473832],[-77.1042803140543,38.85786117301127],[-77.10428037008873,38.857861564992554],[-77.10428226694147,38.85787204664119],[-77.10428233621008,38.85787243534721],[-77.1042846395242,38.85788289779973],[-77.1042847242214,38.85788328325662],[-77.10428750061165,38.85789402594021],[-77.10429073453905,38.857904719141565],[-77.10430025632493,38.85793160653076],[-77.10424593328585,38.85794738222554],[-77.10406966221498,38.857999658692385],[-77.10359841831051,38.858139871016576],[-77.10264534290819,38.85842263549218],[-77.10226019343843,38.858524076592225],[-77.10184772806193,38.85863944325284],[-77.10132971596558,38.85878211026545],[-77.10106608451731,38.85886547052457],[-77.10039232467227,38.859052136924504],[-77.1001846203354,38.85911309492219],[-77.10018175022574,38.859113939444995],[-77.0998553965834,38.85920994999016],[-77.09871956698707,38.859533341987],[-77.09871845494116,38.859533634214856],[-77.0977029188475,38.85979984752847],[-77.09709245972353,38.85995990031626],[-77.09569662209674,38.860323187119384],[-77.0956946365876,38.86032369198986],[-77.09563985454406,38.8603376029318]]],[[[-77.09563985454406,38.8603376029318],[-77.09488269007853,38.86052986693199],[-77.09396003978327,38.860772426208726],[-77.09563985454406,38.8603376029318]]],[[[-77.09207007641591,38.862281345323524],[-77.09206135671715,38.861904034909216],[-77.09206429617294,38.862094373079465],[-77.09207007641591,38.862281345323524]]]]},"properties":{"OBJECTID":4,"ES_Name":"Barcroft Elementary School","Website":"https://barcroft.apsva.us/","School_Year":"2022-2023","Shape__Area":26568319.3425416,"Shape__Length":27885.852100928492}},{"type":"Feature","id":5,"geometry":{"type":"Polygon","coordinates":[[[-77.1277005917787,38.866387442812595],[-77.12710633088453,38.866398175417906],[-77.12652906266518,38.866399442822164],[-77.12558019665434,38.866405308697374],[-77.12536169630351,38.866407147979714],[-77.12492102986224,38.86641618526073],[-77.12432386099545,38.86642842984013],[-77.12425318880611,38.86643074090148],[-77.12378266905233,38.86644612450535],[-77.12345023589583,38.86645699116756],[-77.12244331862291,38.86648990174906],[-77.12209585415843,38.86651068685706],[-77.12193250998479,38.866520457794124],[-77.12107752899139,38.86658458266427],[-77.12067525228822,38.86659751489617],[-77.12047080703391,38.866670996943824],[-77.12046199515609,38.8666712160755],[-77.11998833292847,38.86668297084139],[-77.1189426891921,38.866708915603226],[-77.1186858438742,38.86671303408645],[-77.11826955511854,38.86671582505688],[-77.11774406936642,38.866734629296026],[-77.11711584485838,38.86676238165047],[-77.11684173613412,38.866783757721166],[-77.11664067808815,38.8667983597769],[-77.1164353873469,38.86681387273542],[-77.11614410298681,38.86684976367605],[-77.11573263635691,38.86689568817412],[-77.1151730349248,38.867024738082186],[-77.11516635329153,38.867026279454464],[-77.11449002166486,38.86718224235606],[-77.1129086055244,38.867550880955804],[-77.11282910680583,38.867569411368486],[-77.11164549444142,38.867888344558025],[-77.11117422208387,38.868015328876325],[-77.11105871693366,38.86810198419919],[-77.11018265921196,38.86832036683586],[-77.10961638670193,38.86846152289919],[-77.10685931328165,38.869148537112444],[-77.10682984662549,38.869155879911226],[-77.10669447690071,38.86918961039089],[-77.10467341629293,38.869703405617784],[-77.1045681607142,38.86972983170719],[-77.10362008491944,38.86996785216639],[-77.1035445276165,38.86998676132232],[-77.10350764687803,38.86999599057108],[-77.10328340374913,38.870052106392485],[-77.10295505315291,38.87013423446288],[-77.10201326141409,38.870370418600494],[-77.10126935453282,38.87055696958341],[-77.10088069664235,38.87066014980354],[-77.10076964576653,38.870688981786536],[-77.10126648322661,38.871075529511195],[-77.1013205310392,38.87111406897752],[-77.10177143271395,38.8714275472036],[-77.10244334277748,38.871906193623715],[-77.10300868522764,38.87230893032366],[-77.10355763341786,38.872711441767194],[-77.10462902438798,38.87347138087965],[-77.10520672557028,38.87387752121314],[-77.10583968809354,38.874332645316805],[-77.10585791051976,38.874345795594934],[-77.10633958520425,38.874693891698634],[-77.10654580536097,38.874838035542204],[-77.10673402972553,38.87497581432829],[-77.1069122663228,38.87510627964287],[-77.10727474949984,38.87536241331471],[-77.10748302254564,38.875509579858274],[-77.10781498126005,38.87574583222333],[-77.10832980324014,38.87609931060174],[-77.10867475184901,38.876354387559225],[-77.10911140362838,38.87666327390211],[-77.10973980702026,38.87712051893003],[-77.11006267512107,38.87733716005856],[-77.11068484280277,38.877790481530546],[-77.11128782292451,38.87823725674321],[-77.11140766907576,38.878143935018485],[-77.1119969046361,38.87763079813278],[-77.11233279195054,38.87733819373823],[-77.11289469509231,38.876857132864835],[-77.11338250864128,38.876446591947804],[-77.11356726065486,38.87629406401786],[-77.11356778945353,38.87629362745962],[-77.1135752870843,38.87628740005196],[-77.1138020108965,38.876207667447744],[-77.11424969586461,38.8760918501214],[-77.11484538944005,38.87595196408577],[-77.11515437480458,38.875869107540815],[-77.11571821518903,38.87572307476188],[-77.11574926728589,38.87571410421254],[-77.1157796077692,38.875703779700686],[-77.11580919992706,38.87569218317581],[-77.11583790327126,38.8756793129825],[-77.11586568214949,38.87566519616171],[-77.11590106903942,38.875644578476106],[-77.11593438673414,38.875621959233655],[-77.11596549209834,38.87559747405184],[-77.11605387531343,38.87553206118227],[-77.11611262558196,38.87549128812942],[-77.11613618144246,38.87546297930221],[-77.11616406977174,38.8754267854292],[-77.1161850147667,38.87539723756174],[-77.11620955784606,38.87535963123075],[-77.11623218350846,38.8753212608661],[-77.11625288910905,38.8752822637403],[-77.11626064088397,38.875266482890865],[-77.11626879344684,38.87524084843007],[-77.11627900790262,38.87519755367727],[-77.11628309694649,38.87517132212318],[-77.11628564276005,38.87514496254266],[-77.11628663740366,38.87511888675026],[-77.1162866788781,38.87511855771247],[-77.11628649052042,38.87509735595651],[-77.11628602359181,38.875041413335055],[-77.1162877269479,38.87498222848125],[-77.11629198002439,38.87491469820527],[-77.11629890630721,38.874847220022055],[-77.11629976620965,38.87483883409384],[-77.1163030980899,38.87481360965544],[-77.11631254720731,38.87476992143038],[-77.11632245326572,38.87473532802773],[-77.11633435434439,38.87470111511797],[-77.11655776712446,38.87432259500024],[-77.11726283612268,38.87388356702853],[-77.11731735604491,38.87386169134279],[-77.11753943832952,38.87378521968801],[-77.11774306166065,38.873718690740155],[-77.11797357920938,38.87364012071967],[-77.11830906367706,38.87353038191607],[-77.11864033845458,38.87342029057718],[-77.11865766384041,38.87341445306165],[-77.11933879665762,38.87319591395157],[-77.11997973745673,38.87296646359301],[-77.12083555771436,38.872676484288284],[-77.12092204445382,38.87264718359297],[-77.12196212872864,38.872284557521894],[-77.12265405713183,38.87204602494542],[-77.12271321757244,38.87202562915842],[-77.12355172639191,38.871732296706256],[-77.12434385364973,38.87145760987949],[-77.12440962969907,38.87143838916976],[-77.12446819210493,38.871417985501566],[-77.12452487972783,38.871394594107045],[-77.12457947868717,38.8713683772469],[-77.12463177668215,38.871339414819026],[-77.1246815603609,38.87130784163026],[-77.12472854665963,38.871273764210656],[-77.12477262653547,38.87123737351019],[-77.12480023343791,38.871211883928616],[-77.12485344602378,38.87115901399434],[-77.12492383457713,38.871084211986116],[-77.12496032617098,38.87104235009168],[-77.124995461213,38.870999785787966],[-77.12545120349583,38.870478977754395],[-77.12579025996457,38.8700529143036],[-77.12584429362768,38.869995604926686],[-77.12592654567895,38.86990833677004],[-77.12616458700032,38.86965582149699],[-77.12658039549056,38.86929353836473],[-77.12708862590891,38.868892242044595],[-77.12712492079368,38.86886053758002],[-77.12716666453916,38.86882126278142],[-77.12720632476689,38.86878072788542],[-77.12724386583477,38.86873895993784],[-77.12730290142981,38.86866795064549],[-77.12734298902143,38.86861791935483],[-77.12738716156862,38.86855999970789],[-77.12742439402089,38.86850864436873],[-77.12746026730925,38.868456723919685],[-77.12753033385609,38.86834291748898],[-77.12763842670147,38.86815366483382],[-77.12775368321527,38.8679493324311],[-77.12790101292427,38.86766395421061],[-77.12792220692522,38.86762284629908],[-77.12808301317892,38.867295747996344],[-77.12824662921399,38.866979611585094],[-77.12826145740964,38.866948095351304],[-77.12827837710944,38.866908228083965],[-77.12829351366946,38.8668679280749],[-77.1283068314503,38.86682722236888],[-77.12831829376312,38.86678619291959],[-77.12832790008609,38.86674486718188],[-77.12833564937294,38.86670330006511],[-77.12834050259667,38.86666990981853],[-77.12837374544364,38.86647102041962],[-77.12838206645488,38.866421245840904],[-77.12838962859163,38.86637499450893],[-77.12839052593412,38.866369509449655],[-77.1277005917787,38.866387442812595]]]},"properties":{"OBJECTID":5,"ES_Name":"Barrett Elementary School","Website":"https://barrett.apsva.us/","School_Year":"2022-2023","Shape__Area":16820352.34980469,"Shape__Length":19055.39141129223}},{"type":"Feature","id":6,"geometry":{"type":"Polygon","coordinates":[[[-77.12300406528871,38.86613158482457],[-77.1231600380679,38.86624051009714],[-77.12322264165479,38.866287211449134],[-77.12345023589583,38.86645699116756],[-77.12378266905233,38.86644612450535],[-77.12425318880611,38.86643074090148],[-77.12432386099545,38.86642842984013],[-77.12492102986224,38.86641618526073],[-77.12536169630351,38.866407147979714],[-77.12558019665434,38.866405308697374],[-77.12652906266518,38.866399442822164],[-77.12710633088453,38.866398175417906],[-77.1277005917787,38.866387442812595],[-77.12839052593412,38.866369509449655],[-77.13098369983189,38.866295125962715],[-77.13104336963266,38.86629310993404],[-77.13391237296814,38.866196146870166],[-77.13418252551696,38.86623641626467],[-77.13756980831435,38.866148854944164],[-77.13719980346113,38.865855036355256],[-77.13715131736272,38.86581877492776],[-77.13569177026937,38.864678572994954],[-77.13565267153894,38.86464802880892],[-77.13550723526374,38.8645364966625],[-77.13541727279447,38.864466799844145],[-77.1353134898808,38.864383212058016],[-77.13201877240122,38.86180751694051],[-77.1319357522934,38.86174064427231],[-77.13192580060907,38.86173286338546],[-77.13180771092581,38.86164029423799],[-77.13149617838397,38.86140050263923],[-77.13145477349158,38.86136157523193],[-77.1310878976554,38.86107720048795],[-77.13100828598847,38.86101585898623],[-77.13068643398873,38.860764960584085],[-77.13048265936133,38.860606049961305],[-77.1303611251914,38.860511274874646],[-77.1291948121791,38.859605194285706],[-77.12904251337592,38.85948808151452],[-77.1281393170068,38.858782805765955],[-77.12702164127914,38.85790745007694],[-77.12697658884197,38.857873997931165],[-77.12666863519586,38.85763423477783],[-77.12655433847105,38.85755051588839],[-77.12651278086787,38.857519823041805],[-77.12649202834862,38.857503103889556],[-77.12608542919456,38.85718600928474],[-77.12607311089289,38.85717636375393],[-77.12607072542697,38.85717438613358],[-77.1260666053458,38.857171289788624],[-77.12589428515646,38.85703696262419],[-77.12520475999757,38.85649945451505],[-77.12481382859966,38.85619006298139],[-77.1246200408604,38.856039505455435],[-77.12456119193187,38.85599487899621],[-77.12440875049921,38.855885996451946],[-77.12415622125513,38.85568532068693],[-77.12402131954883,38.855579389232894],[-77.12377211061812,38.85538698970903],[-77.12349537576476,38.855166778789474],[-77.12343306920548,38.85511939259414],[-77.1233742744247,38.85507202008306],[-77.12300400426125,38.854784833024276],[-77.12253690034703,38.85441961877818],[-77.12240542673777,38.85431647166713],[-77.12229124566046,38.854227257665876],[-77.12119100338411,38.85336580621545],[-77.12105723600938,38.85326423359892],[-77.12104544185048,38.85326496350625],[-77.12093953832077,38.85327151832114],[-77.12083384256644,38.853280052649644],[-77.12076006116492,38.85328720435556],[-77.12067591232615,38.853296568361614],[-77.12060247754076,38.85330578359145],[-77.12051884505628,38.853317515169984],[-77.1204292601032,38.853331977727386],[-77.12037317686152,38.85334103973054],[-77.12017587699663,38.85337771505914],[-77.12003124371556,38.853407677158536],[-77.11988750763136,38.853440285852756],[-77.11975493932061,38.853472888371066],[-77.11961321354215,38.85351051820958],[-77.11948266345136,38.853547730085936],[-77.1193630873795,38.85358405483406],[-77.11888175184316,38.853722561632836],[-77.1185539992222,38.85381827427364],[-77.1183456323942,38.85387912244851],[-77.11771357524242,38.854057041553624],[-77.11771225975116,38.85405742081159],[-77.11719584786236,38.85420658298114],[-77.1169715575424,38.854271365427365],[-77.11598645413804,38.85455594692954],[-77.11550950986049,38.85469369543269],[-77.11523982287837,38.85476493311337],[-77.11464653519202,38.85492499231705],[-77.11456867131058,38.8549459991014],[-77.1144385761548,38.8549830185614],[-77.11432955022534,38.855016524449844],[-77.1142215399092,38.85505199193493],[-77.11411461542224,38.85508942184847],[-77.11399929367026,38.85513249181152],[-77.11388540299582,38.85517783033524],[-77.11376373427954,38.85522947524718],[-77.11333531538543,38.85542364300837],[-77.11330261280648,38.85543849741667],[-77.1129007636489,38.85564245138204],[-77.11232516630339,38.85588128502446],[-77.11219810136367,38.855933990436746],[-77.11276367991243,38.856689664992764],[-77.1136442353198,38.85861259233817],[-77.11373911394645,38.85880463978433],[-77.11396219362521,38.859256179858484],[-77.1145296316915,38.85969950180965],[-77.11487898382023,38.85997823037262],[-77.11600233322157,38.86018919449447],[-77.11599971795698,38.860194134041876],[-77.1158419537756,38.86049211695331],[-77.11581285577718,38.86054397658173],[-77.11498867371311,38.862060162272115],[-77.11499873758021,38.86206283482764],[-77.11500880197788,38.86206547992787],[-77.11501890202118,38.86206809798709],[-77.11502900206523,38.86207071604543],[-77.11503910263978,38.86207330664853],[-77.11504920374487,38.86207586979639],[-77.11505934049556,38.86207840590317],[-77.11506944213185,38.86208094159486],[-77.11507957941372,38.86208345024554],[-77.1150897172261,38.8620859314409],[-77.11509989068402,38.86208838559525],[-77.11510999391244,38.86209083892031],[-77.11512023813172,38.86209326644688],[-77.11513041265123,38.86209566568979],[-77.11514055205636,38.86209806451762],[-77.11515072763673,38.862100408850004],[-77.11516097344791,38.862102754009875],[-77.11517118414473,38.86210509875465],[-77.1151813959017,38.862107388589756],[-77.11519160765931,38.862109678424],[-77.11520185506237,38.86211194121714],[-77.11521206788073,38.86211417614078],[-77.11522231581485,38.86211641147774],[-77.11523256480899,38.86211859190502],[-77.11524284891892,38.86212077274557],[-77.11525313355916,38.8621229261308],[-77.1152633830849,38.862125079101034],[-77.11527366878575,38.86212717757571],[-77.11528395448725,38.86212927604948],[-77.11529424071904,38.86213134706798],[-77.11530452695142,38.862133418085584],[-77.11591985262764,38.862280722617356],[-77.115993372147,38.86229312273459],[-77.11612990846466,38.86231615140154],[-77.11613537750245,38.8623173623439],[-77.1161401208116,38.862318413698766],[-77.11615033210045,38.86232073090387],[-77.11616050827473,38.86232304769421],[-77.11617071850617,38.86232541980637],[-77.11618085797846,38.86232781854423],[-77.11619103256675,38.86233021769509],[-77.11620117151105,38.862332643885615],[-77.11621130886806,38.86233515243837],[-77.11622144622572,38.86233766099031],[-77.1162315484689,38.86234016912751],[-77.11624164912479,38.86234275962694],[-77.11625175031075,38.86234532267115],[-77.11626181532357,38.86234794020949],[-77.11627187980774,38.862350585201234],[-77.11628194376338,38.86235325764658],[-77.11629197207522,38.86235595713157],[-77.11630199985852,38.862358684070095],[-77.11631202711322,38.86236143846216],[-77.1163220181949,38.86236424734831],[-77.11633200927733,38.86236705623363],[-77.11634199930195,38.86236992002685],[-77.11635191962625,38.862372755537166],[-77.11636190912317,38.86237564678311],[-77.11637186244714,38.862378592523136],[-77.11638178065661,38.8623815378485],[-77.11639166322243,38.86238451021358],[-77.11640157984574,38.86238753790044],[-77.11641146135466,38.86239056517266],[-77.11642134180588,38.86239364735281],[-77.11643118714271,38.86239672911833],[-77.11644103195111,38.862399838337424],[-77.11645084058661,38.86240300205067],[-77.11646064922299,38.86240616576308],[-77.116470457331,38.86240935692907],[-77.11648022926609,38.86241260258921],[-77.11649000120208,38.862415848248574],[-77.11649977208053,38.862419148815874],[-77.11650950784454,38.862422448968566],[-77.11651920743579,38.862425803615494],[-77.11652890702793,38.86242915826155],[-77.11653860609175,38.86243254036124],[-77.11654830409805,38.86243597736893],[-77.11655793187471,38.86243941354826],[-77.11656759370922,38.86244290504935],[-77.11657722042932,38.86244639613587],[-77.11658684609198,38.86244994213039],[-77.11659643664035,38.86245348771038],[-77.11660599154514,38.86245706033018],[-77.11661557997861,38.86246071572614],[-77.1166250992409,38.86246431538506],[-77.116634652561,38.86246797036571],[-77.11664416970847,38.8624716798406],[-77.11665365174164,38.862475388901025],[-77.11666313324659,38.86247912541506],[-77.11667257910811,38.862482888968984],[-77.11668202391226,38.862486707430904],[-77.11669146871742,38.86249052589212],[-77.11670087787908,38.86249437139319],[-77.11671025139738,38.862498243934155],[-77.11671962438749,38.86250214392884],[-77.11672899684947,38.86250607137711],[-77.11673833366804,38.862510025865284],[-77.11674759972792,38.86251400697971],[-77.11675693549023,38.86251801637521],[-77.116766201023,38.86252202494258],[-77.11677546496944,38.862526115872384],[-77.11678472891691,38.86253020680144],[-77.11679395775015,38.862534297316074],[-77.11680315041082,38.862538442325075],[-77.11681234254345,38.862542614787685],[-77.11682149956191,38.86254678683594],[-77.11683065552313,38.862551013792256],[-77.11683977637014,38.862555240334174],[-77.11684889615998,38.86255952178415],[-77.1168579808356,38.86256380281976],[-77.11686706498327,38.862568111309066],[-77.11687611295842,38.86257247429271],[-77.1168851258194,38.862576836862054],[-77.11689410303701,38.86258122647141],[-77.11690315048638,38.86258561690741],[-77.11691212611896,38.86259008887849],[-77.11692106663735,38.86259456043529],[-77.11693000662774,38.86259905944581],[-77.11693891150391,38.862603558041975],[-77.11694778020771,38.8626081111326],[-77.11695664944173,38.862612636768176],[-77.11696551656061,38.862617272220575],[-77.11697431397899,38.862621879390694],[-77.11698311034037,38.86262654146893],[-77.11699190670284,38.862631203546485],[-77.11700066742216,38.86263589266412],[-77.11700939249812,38.862640608821856],[-77.11701811704623,38.86264535243337],[-77.11702677083571,38.86265012267135],[-77.1170354948571,38.862654893735915],[-77.1170441475908,38.8626597188814],[-77.11705276521033,38.862664543612595],[-77.11706138177297,38.862669423251965],[-77.11706996322138,38.86267430247711],[-77.11707854414192,38.86267920915597],[-77.1170870543039,38.86268414246135],[-77.11709556393801,38.86268910322058],[-77.11710407304425,38.86269409143353],[-77.11711254650734,38.86269910668666],[-77.11712098485617,38.86270412152557],[-77.11712942214822,38.862709191272664],[-77.117137824326,38.86271426060554],[-77.11714619086064,38.862719356978616],[-77.11715455686745,38.862724480805504],[-77.11716288723107,38.86272963167261],[-77.11717118195148,38.8627348095799],[-77.11717947667304,38.86273998748657],[-77.11718773522253,38.86274521988786],[-77.1171959586577,38.86275045187506],[-77.11720418156517,38.86275571131599],[-77.11721236882943,38.86276099779721],[-77.11722052045053,38.86276631131867],[-77.11722867154383,38.862771652293944],[-77.11723678752297,38.86277699285509],[-77.11724486680097,38.86278241536533],[-77.11725309024463,38.86278764734839],[-77.11726127751612,38.86279293382614],[-77.1172694642599,38.86279824775772],[-77.11727761536046,38.86280358872954],[-77.11728576646226,38.862808929700805],[-77.11729384680548,38.86281429729879],[-77.11730196173635,38.86281969276418],[-77.11731000590865,38.86282511485629],[-77.1173180495532,38.86283056440226],[-77.11732605808355,38.86283601353407],[-77.11733403097071,38.86284148970629],[-77.11734203844564,38.862846993745784],[-77.11734997516197,38.862852524412105],[-77.11735791187947,38.862858055077865],[-77.11736581295382,38.862863612784004],[-77.11737367838504,38.862869197530415],[-77.11738154381749,38.862874782276336],[-77.11738937307783,38.86288042151696],[-77.11739716722393,38.86288606034353],[-77.11740496084239,38.862891726624],[-77.11741271934658,38.86289739249044],[-77.11742044167868,38.86290311285162],[-77.11742812889659,38.86290883279882],[-77.11743581611569,38.86291455274546],[-77.1174435373937,38.86292032801388],[-77.11745111821102,38.86292610162782],[-77.11745873361612,38.862931903109136],[-77.1174663128492,38.86293775908523],[-77.11747389314134,38.86294356015205],[-77.11748143726136,38.86294941571369],[-77.11748894573827,38.862955298315725],[-77.11749645368756,38.86296120837165],[-77.11750389140705,38.86296711760016],[-77.11751132806998,38.86297308173697],[-77.11751876526307,38.862979018418876],[-77.11752616681297,38.86298498214125],[-77.11753349760416,38.862990972490586],[-77.11754082733893,38.86299701774826],[-77.1175481581326,38.86300300809666],[-77.11755545222543,38.86300908039431],[-77.11756271120392,38.86301515227804],[-77.1175699701837,38.86302122416132],[-77.11757715840473,38.863027322671606],[-77.11758434609814,38.86303344863584],[-77.11759149814839,38.86303960164056],[-77.1175986501999,38.86304575464485],[-77.11760573149265,38.863051934276164],[-77.1176128122578,38.86305814136145],[-77.11761985790864,38.86306434803284],[-77.117626902503,38.86307060961257],[-77.11763387739633,38.86307684291065],[-77.11764088634874,38.863083131530445],[-77.1176478245425,38.86308944677743],[-77.11765472867945,38.86309570670173],[-77.1176616312312,38.863102048988786],[-77.11766853378418,38.86310839127537],[-77.11767533099159,38.863114732321336],[-77.11768216225823,38.86312112868908],[-77.11768895841045,38.86312752464301],[-77.11769571944828,38.8631339201831],[-77.11770244431416,38.86314037021811],[-77.1177091340656,38.863146819839386],[-77.11771582381832,38.86315326946019],[-77.11772247792774,38.86315974612169],[-77.11772909639404,38.863166249823685],[-77.11773571433274,38.863172780979745],[-77.1177422625701,38.86317928385411],[-77.11774880922243,38.863185869091396],[-77.11775532128907,38.86319242646047],[-77.11776179771246,38.863199010870154],[-77.11776827360833,38.86320562273386],[-77.1177747143897,38.86321223418384],[-77.11778111952788,38.86321887267438],[-77.1177874895516,38.8632255107512],[-77.11779382393208,38.863232175868674],[-77.11780015778496,38.86323886844017],[-77.11780642140774,38.86324556018458],[-77.1178126845029,38.86325227938296],[-77.11781894759928,38.86325899858104],[-77.11782513993673,38.863265744406405],[-77.11783129663087,38.86327251727242],[-77.11783745332626,38.86327929013812],[-77.11784353926265,38.863286089631124],[-77.11784965925847,38.863292944445945],[-77.11785574519725,38.86329974393826],[-77.11786176037702,38.86330657005792],[-77.11786777502924,38.863313423631645],[-77.11787375403814,38.863320304246095],[-77.11787969793254,38.86332718444683],[-77.11788557106789,38.86333409127496],[-77.11789147879139,38.863341025970506],[-77.11789735140039,38.86334796025237],[-77.11790318889469,38.86335489412057],[-77.11790899074578,38.863361855029524],[-77.11791475695351,38.863368842979206],[-77.11792048804665,38.86337583051523],[-77.11792621861223,38.863382845505356],[-77.11793187947612,38.86338983221412],[-77.11793753875506,38.863396901285746],[-77.11794316239066,38.86340399739816],[-77.117948751969,38.86341103818812],[-77.11795430537535,38.863418133473246],[-77.11795985931147,38.863425201303706],[-77.11796534195977,38.863432323216045],[-77.11797082460917,38.863439445128044],[-77.11797627161523,38.86344659408087],[-77.11798168350659,38.863453742620095],[-77.1179870602833,38.8634608907457],[-77.11799240088794,38.863468093366514],[-77.11799774202227,38.86347526853268],[-77.11800301186881,38.86348249778074],[-77.11800828224513,38.8634896995741],[-77.118013516978,38.8634969284083],[-77.11801871606744,38.86350418428334],[-77.11802388004213,38.863511439744755],[-77.11802900837344,38.86351872224706],[-77.1180341367058,38.86352600474909],[-77.11803919427894,38.86353331387869],[-77.11804428696891,38.8635406234213],[-77.11804927378383,38.8635479591782],[-77.11805426059972,38.863555294934805],[-77.11805921177218,38.86356265773231],[-77.11806412782985,38.86357002011629],[-77.11806900877274,38.8635773820867],[-77.11807388865925,38.86358479896565],[-77.11807869884383,38.86359218756343],[-77.1180835085007,38.863599603615405],[-77.11808828251408,38.86360704670822],[-77.11809302141263,38.86361448938753],[-77.11809772519635,38.86362193165332],[-77.11810235822065,38.86362940054675],[-77.11810702636176,38.86363686985325],[-77.11811162374354,38.86364436578734],[-77.11811622112623,38.86365186172127],[-77.11812071263371,38.86365938386948],[-77.11812527437385,38.863666906844074],[-77.11812973076728,38.863674428578626],[-77.11813418663306,38.86368197776741],[-77.11813860685525,38.86368955399707],[-77.11814299249116,38.86369710235889],[-77.11814734195481,38.863704705216016],[-77.11815211228149,38.863712340486785],[-77.11815688208061,38.86372000321171],[-77.11816168805386,38.863727611440915],[-77.11816652861542,38.86373524753758],[-77.11817140535115,38.86374282913858],[-77.11817628155927,38.863750438193726],[-77.11818119341297,38.8637580202075],[-77.11818617602816,38.86376557559328],[-77.1181911937603,38.86377313139211],[-77.11819621149351,38.86378068719063],[-77.11820126487233,38.86378821594785],[-77.11820635389668,38.86379571766373],[-77.11821147803806,38.863803219792615],[-77.11821663729648,38.86381072233457],[-77.11822183220049,38.86381819783514],[-77.11822702710556,38.863825673335455],[-77.11823225765629,38.86383312179437],[-77.11823755896857,38.86384054362522],[-77.11824285975345,38.86384799291018],[-77.11824819671244,38.8638553876994],[-77.11825356878857,38.863862782901585],[-77.11825894086577,38.86387017810352],[-77.11826438370463,38.86387754667729],[-77.11826979142862,38.86388491483757],[-77.11827534014624,38.86389225719618],[-77.11828085427754,38.86389957168688],[-77.118286403526,38.863906886590556],[-77.11829195277552,38.863914201493955],[-77.11829757278676,38.86392148976916],[-77.11830326355975,38.863928751416196],[-77.11830888410184,38.86393601223644],[-77.11831457487709,38.863943273882896],[-77.11832030182661,38.863950481033534],[-77.1183260633647,38.86395771605149],[-77.11833186054855,38.863964924027975],[-77.11833765826212,38.863972104549795],[-77.11834352673749,38.863979258443344],[-77.1183493946854,38.86398643979103],[-77.11835529880763,38.86399356664281],[-77.11836123804709,38.86400069390754],[-77.11836721240381,38.86400782158511],[-77.11837315217407,38.86401492139481],[-77.11848978084892,38.86416183493479],[-77.11849554506351,38.864168932672136],[-77.11850130927928,38.864176030409176],[-77.11850707402465,38.86418310069151],[-77.11851287388734,38.86419017138671],[-77.11851867375113,38.86419724208163],[-77.11852447361605,38.86420431277625],[-77.1185303431859,38.864211411751334],[-77.1185362143424,38.8642184283629],[-77.11854208549998,38.86422544497423],[-77.11854795613029,38.8642324890396],[-77.11855386240634,38.864239506063434],[-77.11855980432816,38.864246496045716],[-77.1185657457227,38.864253513482105],[-77.11857168711842,38.8642605309182],[-77.1185776636314,38.8642675487671],[-77.11858364173102,38.86427448425255],[-77.118589653891,38.86428147505957],[-77.11859566658059,38.86428843841188],[-77.11860167979978,38.864295374309535],[-77.11860772760788,38.86430233807438],[-77.11861381106186,38.864309274797684],[-77.11861989451695,38.864316211520624],[-77.11862597850165,38.86432312078886],[-77.11863209760374,38.86433003046994],[-77.11863821670701,38.864336940150636],[-77.1186443709277,38.86434385024422],[-77.11865052567792,38.86435073288301],[-77.11865667990097,38.864357642975875],[-77.11866287082665,38.86436447111837],[-77.11866906016822,38.86437138162368],[-77.11867528621254,38.86437821017865],[-77.11868220377352,38.864383783680914],[-77.11868860857174,38.864390449574444],[-77.1186950138996,38.86439708801324],[-77.11870145381648,38.86440375431919],[-77.11870789531972,38.8644103382616],[-77.11871437141205,38.864416950071174],[-77.11872088315019,38.864423534839084],[-77.11872743053414,38.86443009256535],[-77.11873401303555,38.86443665070437],[-77.11874059553821,38.86444320884299],[-77.11874721421509,38.864449712485595],[-77.11875383236475,38.86445624358213],[-77.118760521805,38.86446272059578],[-77.11876721124639,38.864469197609004],[-77.11877393633368,38.864475647580576],[-77.11878066142212,38.86448209755174],[-77.11878745727273,38.86448852089431],[-77.11879425312462,38.86449494423648],[-77.11880104950602,38.86450134012386],[-77.1188079166496,38.864507709382615],[-77.11881478379438,38.86451407864097],[-77.11882172170137,38.864520421270676],[-77.11882858990532,38.86452673561943],[-77.11883556345943,38.86453305120706],[-77.11884253807143,38.86453931188545],[-77.11884951162793,38.864545627472175],[-77.11885655594669,38.86455191643025],[-77.11886360185166,38.8645581230247],[-77.11887064722956,38.86456435707318],[-77.11887776336965,38.86457056449289],[-77.11888488003932,38.86457674445783],[-77.11889203182649,38.8645829248354],[-77.11889918414322,38.8645890777581],[-77.11890637157761,38.8645952310934],[-77.11891359518613,38.864601329932626],[-77.11892085338397,38.86460745663874],[-77.11892811316794,38.8646135009813],[-77.11893540648455,38.86461962809957],[-77.11894270191567,38.86462564539987],[-77.11895006705244,38.86463169098016],[-77.11895743271873,38.864637709105594],[-77.11896479891452,38.864643699776224],[-77.11897220022796,38.86464969085935],[-77.11897963718731,38.86465565490069],[-77.11898710979251,38.864661591900166],[-77.11899458292727,38.86466750144482],[-77.11900209117962,38.864673411401945],[-77.11900959943324,38.86467932135866],[-77.1190171789774,38.86468517723211],[-77.11902472393474,38.864691005237674],[-77.11903233859773,38.864696861523235],[-77.11903995379029,38.8647026903538],[-77.11904760515704,38.864708464688185],[-77.11905525599668,38.86471426647644],[-77.11906294301056,38.86472001376839],[-77.11907066514206,38.86472576147289],[-77.11907838780309,38.864731481722444],[-77.11908614558168,38.86473720238449],[-77.11909393953445,38.86474286855026],[-77.11910173348848,38.8647485347155],[-77.11910956256017,38.86475420129323],[-77.11911742780597,38.86475981337461],[-77.11912529305302,38.86476542545549],[-77.11913319394597,38.864771010494444],[-77.11914109484012,38.864776595532874],[-77.11914903138023,38.86478215352933],[-77.11915696844973,38.864787684070876],[-77.11916497628161,38.86479318798342],[-77.11917294899824,38.86479869148247],[-77.11918099247724,38.86480416835255],[-77.11918903648564,38.86480961776762],[-77.11919711561174,38.86481506759517],[-77.11920519579549,38.86482046251338],[-77.11921331109691,38.86482585784397],[-77.11922142639958,38.864831253174025],[-77.11922957840449,38.86483656655326],[-77.11923776447067,38.8648419352537],[-77.11924595159448,38.86484724904479],[-77.11925417383598,38.86485256324827],[-77.11926239713512,38.86485782254234],[-77.11927065555189,38.86486308224881],[-77.11927894855813,38.86486836982202],[-77.11928724367839,38.8648735475771],[-77.11929553827164,38.86487875278597],[-77.11930390362723,38.864883931365746],[-77.11931226951219,38.86488908249056],[-77.11932063592658,38.86489420616034],[-77.11932903798679,38.86489930278807],[-77.11933743951997,38.86490442686956],[-77.11934591234376,38.86490949686759],[-77.11935435005215,38.86491456645204],[-77.11936282340645,38.8649196089944],[-77.11937133293475,38.864924597040314],[-77.11937987705258,38.864929612952935],[-77.11938838711134,38.86493457354317],[-77.11939696740434,38.86493953495864],[-77.11940554822671,38.86494446891909],[-77.11941412957836,38.864949375424565],[-77.1194227465758,38.864954254887884],[-77.11943139869096,38.86495913476349],[-77.1194400513354,38.86496398718401],[-77.11944873962568,38.8649688125625],[-77.11945742897338,38.86497358303147],[-77.11946615238251,38.86497840882148],[-77.11947487684903,38.864983179702094],[-77.11948363748951,38.86498789608616],[-77.11949239760298,38.86499263992394],[-77.11950119389039,38.86499732926517],[-77.11950999017895,38.865002018605765],[-77.11951882211326,38.86500668090414],[-77.11952768969336,38.86501131616032],[-77.11953655780276,38.8650159239615],[-77.11954542644135,38.86502050430762],[-77.11955433019762,38.86502508506588],[-77.1195632350112,38.86502961091472],[-77.11957217441436,38.86503416463013],[-77.11958114999135,38.86503866384892],[-77.11959009045295,38.8650431626542],[-77.11959910220489,38.86504760737568],[-77.11960811395798,38.86505205209648],[-77.11961712624021,38.865056469362194],[-77.11962617364013,38.86506088704009],[-77.1196352220973,38.86506524980847],[-77.11964430567214,38.86506961298898],[-77.11965342489265,38.86507394912728],[-77.11966254464237,38.86507825781044],[-77.11967166492121,38.8650825390385],[-77.11968078572914,38.86508679281152],[-77.1196899416548,38.865091046996575],[-77.11969913322615,38.86509527413938],[-77.11970832532658,38.8650994738271],[-77.11971755307268,38.86510364647247],[-77.11972678134792,38.86510779166275],[-77.11973600962423,38.86511193685233],[-77.11974527354617,38.86511605499962],[-77.11975453852521,38.865120118237336],[-77.1197638386219,38.86512418188714],[-77.11977317647624,38.8651281086771],[-77.11978254997629,38.86513200842473],[-77.11979192453329,38.865135853262814],[-77.11980129909129,38.86513969810013],[-77.11981070876692,38.86514354334953],[-77.1198201194995,38.865147333689336],[-77.11982956587772,38.86515109698685],[-77.11983904684554,38.86515488815069],[-77.11984845916506,38.865158596125106],[-77.11985794119082,38.86516233237871],[-77.11986742427351,38.86516601372272],[-77.11987694247377,38.865169695478755],[-77.1198864266143,38.8651733219125],[-77.11989598098904,38.86517694917098],[-77.11990550077611,38.86518054856151],[-77.11991509185329,38.865184093868045],[-77.11992464675883,38.86518769366978],[-77.11993423836583,38.86519121152038],[-77.11994382997378,38.86519472937014],[-77.11995345722725,38.86519822017751],[-77.11996308500954,38.86520168352967],[-77.11997271332075,38.86520511942663],[-77.11998237674946,38.86520855573562],[-77.11999204123501,38.86521193713497],[-77.12000170572144,38.865215318533544],[-77.12001140585332,38.865218672889704],[-77.12002110651403,38.865221999790606],[-77.12003080770356,38.86522529923635],[-77.12004054401059,38.86522859909399],[-77.12005028137435,38.86523184404206],[-77.12006005385562,38.86523508940203],[-77.1200698263378,38.8652383347612],[-77.12007960040451,38.86524149775638],[-77.12008937447212,38.865244660750726],[-77.12009918418507,38.86524779670259],[-77.1201090290156,38.86525093306636],[-77.12011883925817,38.865254041562196],[-77.12012868567398,38.865257095561134],[-77.12013853209066,38.86526014955922],[-77.120148379036,38.86526317610209],[-77.12015826109885,38.86526620305684],[-77.12016814421824,38.86526917510201],[-77.12017806245515,38.86527214755897],[-77.12018798174859,38.86527506510635],[-77.12019790104281,38.8652779826529],[-77.1202078208657,38.86528087274417],[-77.12021777633385,38.865283735792936],[-77.1202277669195,38.86528659925347],[-77.12023768832826,38.86528940697913],[-77.12024764485446,38.865292215116554],[-77.12025763755375,38.86529496875701],[-77.12026763025384,38.86529772239666],[-77.12027765859918,38.865300448993686],[-77.12028768747311,38.86530314813546],[-77.12029771687554,38.86530581982197],[-77.12030774627878,38.86530849150767],[-77.12031777673836,38.865311108283706],[-77.12032784284312,38.86531369801718],[-77.12033790842082,38.86531631520411],[-77.12034801017154,38.86531887789407],[-77.1203580773341,38.86532141271613],[-77.1203682152585,38.86532392090818],[-77.12037828347798,38.86532640081975],[-77.12038842193158,38.86532888155565],[-77.12039852632472,38.86533130696934],[-77.12040866583526,38.8653337327947],[-77.12041880587418,38.865336131164874],[-77.12042898208604,38.86533847503792],[-77.12043912265412,38.865340845951955],[-77.12044929939503,38.86534316236886],[-77.12045947666442,38.86534545133055],[-77.12046968905106,38.8653477407039],[-77.12047986737723,38.86534997475501],[-77.12049008082069,38.865352209217846],[-77.12050029479248,38.86535441622539],[-77.12051054440937,38.865356596190225],[-77.1205207594379,38.86535874828724],[-77.12053100958371,38.86536090079587],[-77.12054126131333,38.865362970940524],[-77.12055154763253,38.86536506895121],[-77.12056179989106,38.8653671116396],[-77.1205720521501,38.86536915432715],[-77.12058234005418,38.86537116997195],[-77.12059262848653,38.865373158161496],[-77.12060291744719,38.86537511889573],[-77.12061324258042,38.8653770251328],[-77.12062353206981,38.86537895841085],[-77.12063385773186,38.86538083719178],[-77.12064418339448,38.865382715971776],[-77.12065451011297,38.865384539842054],[-77.12120056146101,38.865483083587385],[-77.12158209727883,38.86555198581575],[-77.12197382517067,38.86563891070916],[-77.12227398495592,38.86573857255716],[-77.12255953725548,38.865865495376724],[-77.1228584173654,38.86603376466231],[-77.12300406528871,38.86613158482457]]]},"properties":{"OBJECTID":6,"ES_Name":"Carlin Springs Elementary School","Website":"https://carlinsprings.apsva.us/","School_Year":"2022-2023","Shape__Area":18037089.29851504,"Shape__Length":19147.466245906813}},{"type":"Feature","id":7,"geometry":{"type":"Polygon","coordinates":[[[-77.13144304220984,38.905908213175834],[-77.13160772046449,38.90611866456101],[-77.13177406645343,38.90637438960959],[-77.13199368649687,38.906711538230724],[-77.13201158275969,38.90673901292531],[-77.13202844621593,38.90676489834308],[-77.13232720894761,38.90721111822225],[-77.13270393675052,38.907743508661625],[-77.132945219238,38.9080029872559],[-77.13303560552797,38.90809191168637],[-77.13319393955385,38.90823926556972],[-77.1332380575714,38.90827745425238],[-77.13338621802009,38.90839989292046],[-77.13346967572556,38.90846514806585],[-77.1335551673045,38.90852880665065],[-77.13367694286502,38.90861205437821],[-77.1338105457737,38.908699888063886],[-77.13386980303876,38.90873671476796],[-77.13393853947709,38.908777770691664],[-77.13400838723513,38.90881768616526],[-77.13407927603518,38.90885646036982],[-77.13414875479101,38.9088973051149],[-77.13422031555245,38.908935867361784],[-77.13428455309266,38.90896772652372],[-77.13435967683748,38.90900190900471],[-77.13440751368758,38.90902204416873],[-77.13446580670049,38.90904493702319],[-77.13453131400806,38.909074723828304],[-77.134597758483,38.909103285777526],[-77.13468446820433,38.909138124436836],[-77.1347725194095,38.90917080926175],[-77.13483191070314,38.90919140803473],[-77.13490190921216,38.90921421699883],[-77.13513398962309,38.909281966550985],[-77.13535869612323,38.90934938284849],[-77.13563405452446,38.909414640904316],[-77.13605978284302,38.909519813747345],[-77.13688519921365,38.90971365969846],[-77.13916905386519,38.91024621750182],[-77.13948812398051,38.91032350598979],[-77.13972384023332,38.910385274685666],[-77.1399307690262,38.91044533665538],[-77.14019033632297,38.910528250239935],[-77.14033391190229,38.910583788734556],[-77.1404678642389,38.91062784718147],[-77.14063645541624,38.91069685564804],[-77.14081658905639,38.9107781073347],[-77.14094944809867,38.91084650975372],[-77.1410676494072,38.91091314979492],[-77.14121384674826,38.91099919831152],[-77.1412326862107,38.911010290416726],[-77.14138012533068,38.91109945608027],[-77.14139817409979,38.91111147266079],[-77.14186519642048,38.91146836226114],[-77.14239781930424,38.91188779330308],[-77.14254723929957,38.91199688895096],[-77.14256491111186,38.91201027399759],[-77.1431329051363,38.91247404645024],[-77.14376103085114,38.912955260819146],[-77.14377193663864,38.91296530496652],[-77.14393134400683,38.913112101851006],[-77.14415466267548,38.91327257490715],[-77.14427752786774,38.91334201142993],[-77.14440355311238,38.91340791446018],[-77.1445139229178,38.91346158174146],[-77.14462638291818,38.913512527013516],[-77.14473125426137,38.91357074396198],[-77.14483917859972,38.91362550858817],[-77.14492195809034,38.91366427592126],[-77.14501570293852,38.913704954557986],[-77.14509195684666,38.91373565561387],[-77.14517900143673,38.91376821103277],[-77.1454119565457,38.913865359814075],[-77.14566501619323,38.913956973233034],[-77.14581010456573,38.91401348340026],[-77.14581519003194,38.9140154642211],[-77.14581658135226,38.91401600543149],[-77.14587028835027,38.91397526601103],[-77.14597018538292,38.91389678287243],[-77.14621276934159,38.913707357211145],[-77.14653385266199,38.91345567702199],[-77.1465920555092,38.91340900447063],[-77.14665876096163,38.913355513304175],[-77.14716882914762,38.91296046929397],[-77.14748277420966,38.91271419637731],[-77.14775036226331,38.912503087293096],[-77.14802141097252,38.91229476344068],[-77.14808921171739,38.9122406233144],[-77.14859926409612,38.911845572979765],[-77.14870985223695,38.91175897246335],[-77.14877408627433,38.91170753693919],[-77.14913070478772,38.91143429028514],[-77.14919676460923,38.91138292186323],[-77.14920015097559,38.911380288581206],[-77.14927338245553,38.911323344063355],[-77.14937332377238,38.91124211255775],[-77.14979422197229,38.91091468253946],[-77.15000474714672,38.910746848824175],[-77.15034001500943,38.9104870558252],[-77.1505541037135,38.910316488597346],[-77.15081449057037,38.91011355540193],[-77.15102139385935,38.909951170321136],[-77.15107492758932,38.909907876197565],[-77.15110350377327,38.909883462695106],[-77.15128539570088,38.90974275811082],[-77.15132818155058,38.90971029708967],[-77.15153156866099,38.90954787075766],[-77.15157791974977,38.9095127045518],[-77.15194883002697,38.90922588339087],[-77.15203806909841,38.90915276488881],[-77.1523519291898,38.908909224140714],[-77.15255169474051,38.90875224654903],[-77.15294409249542,38.90844370059912],[-77.15314385545368,38.90828672198165],[-77.15349390724663,38.90801091038587],[-77.15351485621088,38.90799440493864],[-77.15368965954278,38.9078563614462],[-77.15396072496604,38.90764527821731],[-77.15416048347578,38.9074882978388],[-77.15447432959284,38.907244723861695],[-77.15454535110332,38.90718956486893],[-77.15454803487918,38.907187479456276],[-77.154624156266,38.90712836105786],[-77.15518684651897,38.906690300800115],[-77.15572261184482,38.9062731942502],[-77.15587596446456,38.906154124197066],[-77.15589740673339,38.9061351474115],[-77.15628615924098,38.90583204074389],[-77.15633255702892,38.90579412720199],[-77.15684256957897,38.90539629499648],[-77.15687827161025,38.90536649700276],[-77.15734203557344,38.90499834006872],[-77.15811605053099,38.90438933012405],[-77.15829796612616,38.90424586905524],[-77.15866174379279,38.90396169148543],[-77.15869114025834,38.903938837020576],[-77.15895416979284,38.90373433719238],[-77.1591182062881,38.90360714686428],[-77.159599771642,38.903225454215985],[-77.15968093418172,38.90316034199583],[-77.15968604279455,38.90315624349948],[-77.15927474961113,38.902870233093246],[-77.15916618117565,38.90279158211102],[-77.15880386872364,38.90252407937536],[-77.15856782199123,38.902346164440594],[-77.15838872067202,38.90221297462806],[-77.15832088371202,38.902166058243715],[-77.15830180006854,38.902152858500415],[-77.15813163919377,38.90204185179174],[-77.15806531567385,38.90199858586433],[-77.15798365507777,38.90195143070634],[-77.1578624518849,38.901885547276954],[-77.1577616963903,38.90182957362383],[-77.15770460609743,38.9017975017397],[-77.15767184647481,38.90177909810482],[-77.15757525765027,38.901721021421956],[-77.15749100936229,38.90166523444223],[-77.1573945437301,38.901600709305555],[-77.15721817562478,38.9014686232532],[-77.15708723621195,38.901369953535045],[-77.1570472507835,38.9013398222882],[-77.15687222053268,38.90120990146211],[-77.15662609315257,38.90105659166556],[-77.15640834617237,38.900930479151526],[-77.15618336249982,38.90091283525799],[-77.15604419733906,38.90105826163051],[-77.1559025980739,38.90120333389983],[-77.15576421546375,38.90133987523014],[-77.15562277598677,38.901474486664036],[-77.15553321712419,38.90155107793605],[-77.15543741690621,38.90163300736156],[-77.15524237503872,38.90180185179948],[-77.15499211136235,38.90201070475576],[-77.15465202517105,38.902305577343654],[-77.15460770595519,38.902345161655646],[-77.15443745962942,38.90248463174091],[-77.15423609906544,38.90265285294832],[-77.1541175237153,38.902754195625036],[-77.15361947210906,38.90317027702883],[-77.15310205999965,38.90360645490833],[-77.15296474173807,38.90373257030623],[-77.15284457617946,38.903824831619346],[-77.15233210977657,38.90425914064237],[-77.15219109419496,38.9043761508735],[-77.15218133219749,38.90438461331772],[-77.15202318384907,38.90452171299443],[-77.15190246831637,38.9046244019102],[-77.15129764004715,38.90512931763634],[-77.15111524842298,38.905278529190184],[-77.15099738254344,38.90537905309],[-77.1507623985413,38.90559284206489],[-77.15063553120808,38.90570826406308],[-77.15059305747785,38.90574292524074],[-77.15039435528938,38.90589963719186],[-77.15019046437828,38.906051895568226],[-77.15019526406739,38.90600040797001],[-77.15019674127646,38.90595739485165],[-77.15019593407926,38.905914382946854],[-77.15019287658322,38.905871427567654],[-77.15018877740758,38.90583713763447],[-77.15018160221119,38.9057944919264],[-77.15016033460736,38.905729414100286],[-77.15013673820863,38.90566483125468],[-77.15011417632188,38.90560877294375],[-77.15006998015718,38.90550526199914],[-77.15003981442047,38.90544241601541],[-77.15001007863624,38.905388472060416],[-77.14997726432235,38.90533564604804],[-77.14994675044667,38.90529130419572],[-77.14990841050285,38.905240776239054],[-77.14972414043774,38.90530291531089],[-77.14967457316776,38.90532046932206],[-77.14961418021701,38.90533995839248],[-77.14952193236483,38.905365809004536],[-77.14942800413132,38.905387576120596],[-77.14939655331706,38.9053930086585],[-77.14934401283745,38.90540047792482],[-77.1492383588465,38.90541225187806],[-77.14913204761679,38.905419734391174],[-77.14903604692302,38.905422776982064],[-77.14893867337032,38.905422206422784],[-77.14882946716152,38.90541732574814],[-77.1487315667083,38.90540927978744],[-77.14862342770809,38.905396255521204],[-77.14814371278987,38.90530478611133],[-77.14797436147734,38.90526521683021],[-77.14696276148597,38.90506848896737],[-77.14718374326549,38.90428979124699],[-77.14685548302553,38.90423493483427],[-77.14677062914616,38.90422654320222],[-77.14668544032823,38.90422100351112],[-77.14658930604227,38.90421816606455],[-77.14651451460271,38.90421848521154],[-77.14642909389777,38.9042215102456],[-77.14637528324089,38.90422182389328],[-77.1463108784497,38.90422484384515],[-77.14625740651528,38.90422955497425],[-77.14620431837746,38.904236275096544],[-77.14615168482203,38.90424497756815],[-77.14607903218685,38.90426045165767],[-77.1459314566596,38.904296233992106],[-77.14580504288847,38.904328003743046],[-77.14562173871802,38.90437614283906],[-77.1451168812994,38.90451671187014],[-77.14463890223412,38.904648224912556],[-77.1445744935148,38.90447347335439],[-77.14438550632535,38.90396071822139],[-77.14431836456903,38.903719941180576],[-77.14423084186807,38.90338611334388],[-77.14419129416856,38.90319151319497],[-77.14417718419571,38.902989792340755],[-77.1442075737411,38.902646313630235],[-77.1442016298861,38.90258706825285],[-77.14419114583613,38.90252818237933],[-77.14418309643455,38.902494807690026],[-77.14417360183451,38.90246166346259],[-77.14415345970377,38.902404313731196],[-77.14367535439835,38.90159530847869],[-77.14359533199767,38.90145982940872],[-77.14353981238445,38.901377796219705],[-77.14348199046876,38.90129672498459],[-77.14343301234629,38.90123116103556],[-77.14338820837882,38.90117344397451],[-77.14325775060942,38.901016073062344],[-77.14320036560225,38.90094351939409],[-77.14314436444843,38.900870267712634],[-77.14296245063647,38.900566652984395],[-77.14278035726706,38.900250321764624],[-77.14274572182855,38.900190140647915],[-77.14245296125121,38.899671878146656],[-77.14239837578081,38.89956662377095],[-77.14238918069172,38.89955113976415],[-77.14203910809921,38.89901628677464],[-77.14066551852379,38.898177992693334],[-77.13948721291594,38.8974294392345],[-77.13772670898283,38.89631097456814],[-77.13752222727742,38.896327825218435],[-77.13735608626635,38.896342648852155],[-77.13704991646719,38.89636655712833],[-77.1364951110927,38.89638236137757],[-77.13618828151348,38.89637995278511],[-77.13614326386656,38.896380144084404],[-77.13583945476721,38.896379664410794],[-77.13576516799911,38.89637973533924],[-77.13484035947883,38.89638346281718],[-77.13364749297477,38.896376733435915],[-77.13319859042859,38.89638554327874],[-77.13228103557596,38.89638661643991],[-77.13222209382567,38.89638668873536],[-77.1320142131066,38.896386941961794],[-77.13146264719246,38.89638757462557],[-77.13055869156793,38.896395987375605],[-77.13014229394835,38.896395525909135],[-77.1292753263007,38.896399142656335],[-77.1289147307587,38.89640234861506],[-77.1289034832851,38.89640249193697],[-77.1282026113229,38.89639375996728],[-77.12787987949426,38.89640152397093],[-77.12766570533142,38.89641055538247],[-77.12744011028558,38.89642878947237],[-77.12710765542518,38.89646719333087],[-77.12672317776044,38.89652475952935],[-77.12621819850965,38.89663586342666],[-77.1259325277396,38.89672671115867],[-77.12554628666012,38.89685784663121],[-77.12541319018409,38.89690846390091],[-77.1253445181606,38.896934571436915],[-77.12518387498987,38.8970106788116],[-77.12494054789825,38.89709405622419],[-77.12455108710229,38.897246295235774],[-77.12453977105332,38.8972500071838],[-77.12416740001551,38.89737223865802],[-77.12360140450201,38.897567716370126],[-77.12308658177957,38.89773331022132],[-77.12239726957641,38.89798198277436],[-77.1220412663628,38.89811153921396],[-77.12188767731388,38.89816767881848],[-77.12151209283192,38.89829206108576],[-77.12104308540678,38.89845024764672],[-77.12079891053466,38.8985388240796],[-77.12068615541028,38.898572924051905],[-77.12044838524791,38.89863905747306],[-77.12020758997662,38.8986980151918],[-77.1200471297949,38.89874402121514],[-77.11988484881192,38.89878602387755],[-77.1197723094572,38.898812518995875],[-77.11965906973344,38.89883705609205],[-77.11954516425395,38.89885966303113],[-77.11940609994095,38.898887631015995],[-77.11899652042177,38.89897760985215],[-77.11894589918379,38.8989876727879],[-77.11894182701405,38.89898848133345],[-77.11903285718597,38.899098038798755],[-77.11921487504169,38.89931712210635],[-77.11935565881174,38.89948902415873],[-77.11945186600595,38.89960274228939],[-77.11950340381271,38.89966376073329],[-77.11955148118871,38.8997219924531],[-77.1196682936855,38.89986066684404],[-77.11968050196407,38.8998745404688],[-77.11976286969734,38.89996812173354],[-77.11983680348074,38.90005212316226],[-77.1199982812084,38.90024621690178],[-77.12008571138084,38.900349441052136],[-77.12017691666864,38.90045703962662],[-77.12021034913576,38.90049589224097],[-77.12034878420681,38.90065677269072],[-77.12036849169837,38.90072840103016],[-77.12039485694821,38.90081930233128],[-77.12040140800893,38.90084412103354],[-77.12044077043798,38.9009901230972],[-77.12044412544957,38.900998400598525],[-77.12048694867352,38.90114718931412],[-77.12050985307069,38.901235331361804],[-77.12051315530279,38.901246354274456],[-77.12053627095602,38.90132351465971],[-77.12055603161532,38.90139239754164],[-77.12058229122606,38.901488817066635],[-77.12063800734236,38.90169816982675],[-77.1206512515754,38.90174226186956],[-77.12066426717523,38.9017945893258],[-77.12093570053916,38.901751093450635],[-77.12098181562527,38.90192706340424],[-77.12102737422218,38.9021009157841],[-77.12111547486235,38.902088219733066],[-77.12150764291162,38.90234545715566],[-77.1215926002825,38.90240227400072],[-77.1216915362891,38.902468440265984],[-77.12154983602427,38.90252719039244],[-77.12157300858067,38.90260729803388],[-77.1215833106047,38.902642918245746],[-77.12160170474746,38.90270651764515],[-77.12162310586807,38.902780516876796],[-77.12165340244665,38.902885271339095],[-77.1216686549248,38.90293782913855],[-77.12167176362289,38.90294876392661],[-77.12168374134448,38.90298874251625],[-77.12168827608075,38.903003878301035],[-77.12169835343144,38.90300067383399],[-77.12170859854385,38.90299788323916],[-77.12171901141801,38.90299550651645],[-77.12172959258174,38.902993516211716],[-77.12174027123734,38.902991938954585],[-77.12175104738499,38.902990774745085],[-77.1217618507546,38.902990022758765],[-77.12177271595388,38.90298971086196],[-77.12178357324038,38.90298981077608],[-77.12179445722185,38.9029903503675],[-77.1218052278855,38.90299130053339],[-77.12181595550173,38.902992662097994],[-77.12182656980043,38.90299443423713],[-77.12183707130929,38.90299658949654],[-77.12184742331084,38.902999209826596],[-77.12185759225258,38.903002212452755],[-77.12186754299955,38.903005596962835],[-77.12187727555175,38.903009363356915],[-77.12188678990945,38.903013511635045],[-77.12189598119468,38.90301801310665],[-77.12190492020534,38.903022841142125],[-77.12191350048103,38.903028049413116],[-77.12192175873939,38.903033555969564],[-77.12192965879038,38.903039415307646],[-77.12193713194604,38.90304554424074],[-77.12194428361191,38.90305194400537],[-77.12195097271973,38.90305864040711],[-77.1219572705948,38.90306557936211],[-77.12196307183147,38.903072759634014],[-77.12196841209234,38.90308015418084],[-77.12197329190465,38.90308773554857],[-77.12197767613324,38.903095503325105],[-77.12198156530535,38.9031034300564],[-77.12198741277699,38.903123524083945],[-77.12200042860542,38.90316824313745],[-77.12200926778031,38.903198620102714],[-77.12201543464207,38.903219811138456],[-77.12202180142828,38.90324168587782],[-77.12202725130956,38.90326041080436],[-77.12203051091268,38.903271611656805],[-77.1220314998674,38.90327501288964],[-77.12210153235627,38.90326136101162],[-77.12219146447553,38.90324383029709],[-77.12231522995855,38.903219702486695],[-77.12250014274396,38.9031836546529],[-77.12253485620222,38.90320602993349],[-77.12259216377178,38.90324617434993],[-77.12264387761476,38.903282400129605],[-77.12269436916782,38.90331776886724],[-77.12266997035005,38.90337076269016],[-77.12264120286375,38.903433244314556],[-77.12262813131566,38.90346163433849],[-77.12260635453646,38.90350893169763],[-77.12257878420763,38.9035671709935],[-77.12255258054702,38.90362252409499],[-77.12253196513305,38.90366607127752],[-77.1225184443566,38.903694631080754],[-77.12250297267643,38.90371955354368],[-77.12248328512989,38.90375126762127],[-77.12245626286817,38.90379479801905],[-77.12243628519931,38.90382697722832],[-77.12242161581632,38.9038506081558],[-77.12240646365363,38.90387501603913],[-77.12239414247475,38.90389486266416],[-77.1223855135477,38.90390876280444],[-77.12236612961648,38.90393998785304],[-77.12233400726582,38.903971382744174],[-77.12230456435888,38.90400015912868],[-77.12225055619383,38.90405294292892],[-77.12220999231776,38.90409259015503],[-77.12217531569745,38.904126481395586],[-77.12215496096964,38.904146376227175],[-77.12213471597622,38.904166160784705],[-77.12212293916517,38.90417767269672],[-77.12211903523897,38.90418148679903],[-77.12211285470305,38.90418615636213],[-77.12210830116493,38.904189598995906],[-77.12207752790259,38.90424176791861],[-77.12205150661548,38.90428587976464],[-77.12202156716472,38.904336488065866],[-77.12200611585295,38.90436262067161],[-77.121995635956,38.90438048081693],[-77.12199106583309,38.90438821564126],[-77.12196892479871,38.90442516808395],[-77.12195026929881,38.904456303780556],[-77.1219352922655,38.90448129890475],[-77.12191819342966,38.90450983726157],[-77.12190454388812,38.9045326168035],[-77.12189372632558,38.90455067206583],[-77.12186699446617,38.904595286983],[-77.12184443798519,38.904632934766106],[-77.12182868256131,38.90465922682617],[-77.1218123733337,38.90468644775401],[-77.12179828801492,38.904709955018156],[-77.121787052916,38.90472870389381],[-77.12177328976544,38.90475167602582],[-77.12176312571954,38.904768638813955],[-77.12174888376676,38.904792408539976],[-77.1217366501218,38.90481282592369],[-77.12172219486905,38.90483695012796],[-77.12170161817346,38.904871236626775],[-77.12166891450191,38.90492587309913],[-77.12165970437728,38.90494097118763],[-77.12163405631735,38.904983465443706],[-77.12161472838935,38.90501540155937],[-77.12160258497534,38.905035463003486],[-77.1215710704785,38.905087532131645],[-77.12154184036307,38.905135826518595],[-77.12182021091796,38.90530075122017],[-77.12191592099168,38.905346519256],[-77.12205939254802,38.90530697561448],[-77.12206213513217,38.9053062200146],[-77.122084666877,38.90531925847439],[-77.12209992557162,38.90532808743328],[-77.12233214314642,38.90546245546561],[-77.12207589461394,38.90558563035044],[-77.12205023506685,38.90562003406439],[-77.1220404346142,38.905633160128495],[-77.12190869295313,38.90580983220047],[-77.12188023120927,38.90584797021685],[-77.12187991814541,38.905847801782706],[-77.12182136163524,38.90590194794823],[-77.1217771037401,38.9059428714976],[-77.12166079986194,38.90605041460047],[-77.12166751032117,38.90608344568717],[-77.12166559148804,38.90615060651147],[-77.12166495357545,38.90617294312868],[-77.12166278244717,38.90624900327663],[-77.12174486098726,38.90624532541491],[-77.1218439334174,38.90624088573531],[-77.12190619594885,38.9062747572409],[-77.12194385953455,38.90629524847977],[-77.12198313007687,38.90633488121815],[-77.122051371494,38.90640375226771],[-77.12208690147227,38.906439609929016],[-77.12213594050986,38.906589795616924],[-77.12213599237872,38.906589954121934],[-77.1224934558916,38.906827558399314],[-77.12270512066816,38.90696734141354],[-77.12285782621402,38.90706798853601],[-77.12305563077885,38.9071993703405],[-77.12335060793971,38.90739507657695],[-77.12365948467728,38.907599128040445],[-77.12399264288133,38.90781996667458],[-77.12436749438737,38.90806600675927],[-77.12466020320895,38.907830529302586],[-77.12497430835532,38.90757882537967],[-77.12527423365636,38.90733519278779],[-77.12552048649034,38.90713761399388],[-77.12567394842519,38.90701559089491],[-77.12574175631124,38.906961710677706],[-77.12595590991005,38.90678846974935],[-77.12614864733554,38.9066342001907],[-77.12637704659315,38.906452887007134],[-77.12672334149048,38.90617132105503],[-77.12683765377761,38.906076546241195],[-77.12684800144041,38.90608493272836],[-77.12820898231938,38.90677358110068],[-77.12831522940196,38.90691486897174],[-77.12834601274236,38.906959164795694],[-77.12859936078799,38.90731086769658],[-77.1292947152451,38.906970237188915],[-77.12980205446664,38.90672074739815],[-77.130103864741,38.906559532874425],[-77.13020676398426,38.90650456785114],[-77.13014714560657,38.90640955531869],[-77.13005530175035,38.90626843707154],[-77.12995602184566,38.906111854281185],[-77.12987875782991,38.90598024238874],[-77.12972548409996,38.9056881997792],[-77.12959960886835,38.90544293930514],[-77.12947840900738,38.905228928079104],[-77.12927575395545,38.90492807062215],[-77.12907933369198,38.90463942296984],[-77.1288355303624,38.90428148885365],[-77.12922825664165,38.904493177272805],[-77.12945592987013,38.90461210035255],[-77.1297156253102,38.90475465533539],[-77.1298833259924,38.904839596187806],[-77.1302167787486,38.90500852078601],[-77.1305092337268,38.90517119985203],[-77.13061914787419,38.90523097143504],[-77.13067105287519,38.90526057447073],[-77.13071336828285,38.90528624873735],[-77.13075482420177,38.90531276423913],[-77.13080336256354,38.90534567812859],[-77.13093652231218,38.905443340877554],[-77.13099846376295,38.90549030576516],[-77.13106645359774,38.90554445330327],[-77.13114818686647,38.905613232489294],[-77.13115833410245,38.905621094512526],[-77.13123188115969,38.90568423128359],[-77.13131731488707,38.905769062789105],[-77.13144304220984,38.905908213175834]]]},"properties":{"OBJECTID":7,"ES_Name":"Discovery Elementary School","Website":"https://discovery.apsva.us/","School_Year":"2022-2023","Shape__Area":35512378.57939746,"Shape__Length":34914.53379755233}},{"type":"Feature","id":8,"geometry":{"type":"Polygon","coordinates":[[[-77.08260176146072,38.86211128864781],[-77.08286303058334,38.862935519715066],[-77.08294233929811,38.863186369975516],[-77.08306591722499,38.86357724139405],[-77.08329437536815,38.86351959825004],[-77.08410349847442,38.863312692971554],[-77.08508249192403,38.86305661677385],[-77.08508500307079,38.86305595880008],[-77.08509692849925,38.86305312816785],[-77.08576007670669,38.86289575764896],[-77.08597332427988,38.862838104614795],[-77.08642637213002,38.862715647753376],[-77.08702280848532,38.862570969072806],[-77.08774850378049,38.86239022099191],[-77.08793037271266,38.862340232997475],[-77.08856672020792,38.86216609431115],[-77.08904455172413,38.8620510102385],[-77.08974657927962,38.86186051898495],[-77.0901967637537,38.86173834283381],[-77.09114874034343,38.86149850410249],[-77.09126485700864,38.86146807038569],[-77.09169101649434,38.86135641981999],[-77.09204764506482,38.86126019069263],[-77.09202971214205,38.86093895952945],[-77.09202766932653,38.86086226462726],[-77.09202133879938,38.860785710529704],[-77.09201602430272,38.86074330232424],[-77.09200785317911,38.86069253925377],[-77.09199407145827,38.86062520498723],[-77.0919751390293,38.860516068608234],[-77.09195562314967,38.860424143115694],[-77.09193943868925,38.860357548922444],[-77.09190462382904,38.860225512002245],[-77.09190231881759,38.86021768550406],[-77.09188518473387,38.8601601144971],[-77.09186638631601,38.86010323750461],[-77.09181200613034,38.8599498485641],[-77.09177003011598,38.8598373326724],[-77.09172586694308,38.859725312280645],[-77.09165878108163,38.85956257148967],[-77.09163369564897,38.859498561616604],[-77.09162168048131,38.859471890392975],[-77.09154232906948,38.8593185312666],[-77.09151596495452,38.85927136692912],[-77.0914919960635,38.859232799077475],[-77.09130456155778,38.85894594693906],[-77.09120582675226,38.858804986925634],[-77.0911369950233,38.858715188080026],[-77.09097998587977,38.85850130672899],[-77.09086682822159,38.858343696841914],[-77.09079159076107,38.85825821461165],[-77.09062559703592,38.85802085577738],[-77.09059925760562,38.85798322039065],[-77.09054980173747,38.85791541128054],[-77.09039781816463,38.85770701805243],[-77.09022111735531,38.85747669729012],[-77.09004987009006,38.85723699522198],[-77.08976962143211,38.85686082161993],[-77.0894969946473,38.85649012116642],[-77.08929694653617,38.85621503188511],[-77.08913744733469,38.856003314750026],[-77.08899208047438,38.85580522302116],[-77.08885279703753,38.855619286967155],[-77.08870131677156,38.855410686253364],[-77.0886676196951,38.85535618338766],[-77.08866319553908,38.855348990393786],[-77.08852014552923,38.855160015395235],[-77.08851531951653,38.85515361392684],[-77.08851515944622,38.855136751070255],[-77.08851638628958,38.8550440032323],[-77.08852164059216,38.85494290080891],[-77.08851464906829,38.85483766933427],[-77.0885159707073,38.854770461177026],[-77.08852279782076,38.854705461154225],[-77.08853227830127,38.854644831838684],[-77.08855557752416,38.85458870746963],[-77.0886277282655,38.854439693826926],[-77.08870796109537,38.85431722205396],[-77.088927433144,38.854018340591615],[-77.08913899318408,38.85372569163317],[-77.08915338833934,38.853705778768116],[-77.08927481274138,38.85351904904783],[-77.0892807678504,38.85350909741415],[-77.08928686232147,38.85349920237645],[-77.08929309615466,38.853489363934706],[-77.08929943477871,38.85347955421266],[-77.08930591222521,38.85346982854091],[-77.08931252957319,38.85346013201073],[-77.0893192862831,38.853450492076384],[-77.08932614724412,38.85344090831607],[-77.08933314702743,38.85343140860589],[-77.08934028671214,38.8534219380372],[-77.08934753064788,38.853412523642405],[-77.08935491394534,38.85340316584337],[-77.08936240095429,38.85339389167249],[-77.08937002732489,38.85338467409736],[-77.08937779305711,38.85337551311791],[-77.08938566304026,38.85336640831227],[-77.08939363673478,38.853357387134714],[-77.0894017497909,38.85334842255275],[-77.08941000220848,38.853339514566386],[-77.0894183583374,38.853330690208054],[-77.08942681871713,38.8533219220234],[-77.08943541791882,38.85331323788856],[-77.08944412137127,38.85330460992734],[-77.089452928535,38.85329606559408],[-77.0894618745206,38.853287605310506],[-77.0894708896463,38.853279200778665],[-77.08947838968399,38.85327238964836],[-77.08948007924401,38.85327085326406],[-77.08948146429418,38.85326962215511],[-77.08948933690274,38.8532626164097],[-77.08949869881225,38.85325443572885],[-77.08950819954354,38.85324633909761],[-77.08951780398604,38.853238326094136],[-77.08952751267923,38.85323036926403],[-77.08953728943355,38.85322252309409],[-77.08954720554912,38.85321473351938],[-77.0895572253759,38.85320702757228],[-77.08955936384017,38.85320543307705],[-77.08967151513525,38.85313610320525],[-77.08967210778553,38.853135767064934],[-77.0897890526645,38.85307246567989],[-77.08978995695016,38.85307202000667],[-77.08991151055996,38.85301477233422],[-77.08991232069026,38.853014426790836],[-77.09003839044786,38.85296325401661],[-77.09032385806204,38.852856610761506],[-77.09032460320297,38.85285633308699],[-77.0904171062644,38.85282177567222],[-77.09051003423954,38.85278189417398],[-77.09059818821085,38.852735862421056],[-77.09068090726093,38.852684027764035],[-77.09075010274258,38.852632782447145],[-77.09075065824271,38.8526323257145],[-77.09081399353356,38.852577486447124],[-77.0908144565652,38.85257704405085],[-77.0908721934371,38.85251846981531],[-77.090901251291,38.85248092955513],[-77.09111402367675,38.85220604847709],[-77.09112376234955,38.85220918432714],[-77.09113677920764,38.85221337728489],[-77.09114972261385,38.85221773412446],[-77.09116270274829,38.85222200902097],[-77.09117583032983,38.85222592869501],[-77.09118914531794,38.85222924647879],[-77.09120271577721,38.852232073032305],[-77.09121642991104,38.85223473654354],[-77.0912302536869,38.85223718168245],[-77.0912441201173,38.85223924288022],[-77.09125806485103,38.852240893103954],[-77.09127198525148,38.852241993817856],[-77.09128588293478,38.85224246265885],[-77.0912998967247,38.85224238367535],[-77.09131398989432,38.852241838808936],[-77.09132805711305,38.85224082679572],[-77.09134213187437,38.85223943042003],[-77.09135607427639,38.85223762054229],[-77.09136984759233,38.852235479104316],[-77.09138341725067,38.85223297823053],[-77.09139685832044,38.85222987167449],[-77.0914101319198,38.852226351195355],[-77.09142334176266,38.85222250042006],[-77.09143648407762,38.85221851152897],[-77.09144962692984,38.85221449518209],[-77.09146944060971,38.85220877392054],[-77.09150330793392,38.8522009420264],[-77.0922519390388,38.851990784561885],[-77.09271316742945,38.851874666663136],[-77.09273826917043,38.851868346089745],[-77.09331858525384,38.85169872831145],[-77.0939580514641,38.851537127601915],[-77.09395924037628,38.85153682775891],[-77.09397114948177,38.85153381755386],[-77.09521239037682,38.85120697085671],[-77.09575076527916,38.85106333720983],[-77.09640768691213,38.85088724912536],[-77.09648625975868,38.85086618731331],[-77.096775600727,38.850789404126246],[-77.09680044473558,38.85084080391254],[-77.0969186740764,38.85108541326689],[-77.09705721942369,38.851372048579414],[-77.09739383682604,38.851267645500265],[-77.09742778344864,38.851345336041916],[-77.09776503119615,38.85124031470407],[-77.09808782689969,38.85113979158457],[-77.09845247313905,38.85102623594934],[-77.09853402959968,38.85100083698098],[-77.09861559228418,38.85097545347745],[-77.09894179770366,38.85087384970924],[-77.10004248618597,38.85053412221393],[-77.10071205620505,38.851845941078274],[-77.10114832706635,38.852700652909],[-77.10128838217159,38.852975036206324],[-77.10151756694522,38.852890309265035],[-77.10152036882128,38.85288923563101],[-77.10174450617532,38.8528019560596],[-77.10193881177095,38.85271389687399],[-77.1026250292516,38.85238779420306],[-77.10264962015633,38.85237610715911],[-77.10306219424675,38.85218004066677],[-77.10306107476259,38.85217903017667],[-77.10305186010609,38.8521707097597],[-77.1030426805619,38.85216238975971],[-77.10303350048551,38.852154097213464],[-77.1030242853011,38.85214580424864],[-77.1030150701188,38.85213751128309],[-77.10300585493864,38.85212921831679],[-77.10299667487077,38.85212092576757],[-77.10298742458471,38.852112632381974],[-77.10297820887659,38.85210436686786],[-77.10296899370495,38.85209607389859],[-77.102959742891,38.85208780796517],[-77.10295052772362,38.852079514994436],[-77.10294127691392,38.8520712490595],[-77.10293202610632,38.85206298312384],[-77.10292277530085,38.852054717187436],[-77.10291352396318,38.85204647870469],[-77.10290423805189,38.85203821234895],[-77.10289498725281,38.852029946410276],[-77.10288570081143,38.85202170750746],[-77.10287641437219,38.85201346860384],[-77.10286716304512,38.852005230117356],[-77.10285787661012,38.85199699121228],[-77.10284855506718,38.85198875188854],[-77.10283926863646,38.851980512981946],[-77.1028299822079,38.8519722740746],[-77.10282066013696,38.85196406220302],[-77.10281137371263,38.85195582329413],[-77.10280205164595,38.85194761142108],[-77.1027927295815,38.851939399547234],[-77.10278340751908,38.85193118767265],[-77.10277408545883,38.85192297579726],[-77.1027647282907,38.85191476350326],[-77.10275540623469,38.85190655162637],[-77.10274604853637,38.851898366785285],[-77.10273669137467,38.85189015448898],[-77.10272736879065,38.85188197006425],[-77.10271801109879,38.85187378522084],[-77.102708618299,38.851865599958764],[-77.10269926061136,38.85185741511383],[-77.10268990292589,38.85184923026814],[-77.10268051013253,38.851841045003724],[-77.10267111680687,38.85183288719304],[-77.10266175912777,38.85182470234503],[-77.10265236580638,38.85181654453275],[-77.10264297248713,38.85180838671971],[-77.10263354406001,38.85180022848798],[-77.10262415074504,38.851792070673426],[-77.10261475743219,38.851783912858046],[-77.10260532901151,38.85177575462402],[-77.102595900593,38.85176759638919],[-77.10258647164213,38.85175946560796],[-77.10257704269335,38.851751334826005],[-77.10256761428123,38.8517431765889],[-77.10255818533682,38.85173504580534],[-77.10254875639447,38.851726915021054],[-77.10253929234436,38.85171878381803],[-77.10252982776186,38.851710680068635],[-77.10252036371604,38.85170254886406],[-77.10251093424775,38.851694445531066],[-77.10250143509626,38.85168631390695],[-77.10249197052235,38.851678210154446],[-77.10248250595052,38.851670106401144],[-77.10247300627097,38.85166200222909],[-77.10246354170347,38.85165389847424],[-77.10245404202819,38.85164579430064],[-77.10244454182052,38.85163771758063],[-77.10243504214954,38.85162961340546],[-77.10242554194615,38.85162153668385],[-77.10241604174489,38.85161345996153],[-77.10240654154579,38.851605383238386],[-77.10239700623892,38.85159730609642],[-77.10238747093425,38.85158922895375],[-77.10237797074156,38.85158115222821],[-77.10236843544111,38.85157307508396],[-77.1023588996083,38.85156502539327],[-77.10234932866771,38.851556975283785],[-77.10233979337377,38.851548898137096],[-77.10233025754732,38.85154084844405],[-77.10232068661323,38.851532798332194],[-77.10231111514662,38.851524775673944],[-77.10230157932665,38.85151672597851],[-77.10229200839899,38.851508675864245],[-77.10228240182903,38.851500652785575],[-77.10227283090559,38.851492602669744],[-77.10226325944974,38.851484580007465],[-77.10225365288623,38.85147655692638],[-77.10224408143466,38.851468534262565],[-77.10223447487543,38.851460511179866],[-77.10222486778372,38.851452515550804],[-77.10221526122876,38.8514444924665],[-77.10220565467597,38.85143646938142],[-77.10219604759068,38.85142847374991],[-77.10218640539777,38.85142047769962],[-77.10217679831679,38.85141248206648],[-77.10216715612813,38.851404486014516],[-77.10215751394166,38.85139648996178],[-77.10214787175731,38.8513884939082],[-77.10213822904049,38.8513805253082],[-77.10212858686042,38.85137252925299],[-77.10211894414785,38.85136456065142],[-77.10210926632769,38.85135659163092],[-77.10209962361945,38.85134862302768],[-77.10208994580351,38.85134065400557],[-77.1020802679898,38.85133268498264],[-77.10207059017823,38.85132471595892],[-77.10206091183413,38.85131677438877],[-77.10205123402685,38.851308805363395],[-77.102041555687,38.85130086379158],[-77.10203184223963,38.85129292180092],[-77.10202212879435,38.85128497980936],[-77.10201245046098,38.85127703823516],[-77.10200273702,38.85126909624202],[-77.10199302358119,38.851261154248014],[-77.10198330960979,38.85125323970761],[-77.10197356106559,38.85124529729388],[-77.1019638470985,38.85123738275185],[-77.10195413313355,38.85122946820902],[-77.10194438406104,38.85122155324722],[-77.10193463499073,38.851213638284555],[-77.10192488592251,38.85120572332111],[-77.10191513632176,38.851197835811206],[-77.10190538725784,38.8511899208461],[-77.10189563766139,38.85118203333457],[-77.10188585349212,38.851174117949704],[-77.10187610389991,38.8511662304365],[-77.10186631920023,38.85115834250431],[-77.10185653450266,38.851150454571325],[-77.1018467492725,38.85114259409192],[-77.10183696457925,38.85113470615727],[-77.10182717935336,38.85112684567618],[-77.10181739466444,38.851118957739835],[-77.10180757433318,38.851111096838906],[-77.10179778911375,38.85110323635532],[-77.10178796878682,38.85109537545277],[-77.10177814846203,38.85108751454933],[-77.10176832813944,38.85107965364507],[-77.10175850728416,38.851071820194356],[-77.10174868696583,38.851063959288396],[-77.10173886611484,38.851056125836024],[-77.10172901015643,38.85104829196465],[-77.10171915420011,38.851040458092385],[-77.10170933335563,38.85103262463749],[-77.1016994774036,38.85102479076354],[-77.10168962145379,38.851016956888756],[-77.10167976497127,38.851009150467526],[-77.10166990902574,38.8510013165911],[-77.10166001743796,38.85099350974999],[-77.1016501609619,38.85098570332622],[-77.10164026937841,38.85097789648345],[-77.1016303777971,38.85097008963971],[-77.1016204862179,38.850962282795216],[-77.1016105946408,38.85095447594985],[-77.10160070253107,38.85094669655802],[-77.10159081095833,38.850938889710996],[-77.1015809188529,38.850931110317504],[-77.10157099164007,38.85092333050489],[-77.10156109953893,38.85091555110971],[-77.10155117233036,38.85090777129539],[-77.10154124512395,38.85089999148019],[-77.10153131738488,38.850892239118586],[-77.10152139018277,38.850884459301746],[-77.10151142733844,38.850876706520154],[-77.10150149960575,38.850868954155985],[-77.10149157187519,38.85086120179094],[-77.10148160903731,38.850853449006785],[-77.10147164620157,38.850845696221796],[-77.10146168336794,38.8508379434359],[-77.10145172000162,38.850830218103546],[-77.10144175717235,38.85082246531596],[-77.10143179381025,38.85081473998192],[-77.10142179534084,38.85080701422872],[-77.10141183198311,38.85079928889291],[-77.10140183351801,38.85079156313796],[-77.10139183505507,38.85078383738219],[-77.10138187170375,38.85077611204381],[-77.10137201100827,38.85076852523147],[-77.10137183760071,38.85076841332238],[-77.10076277813216,38.85031179740897],[-77.10067846006874,38.850248583387206],[-77.10050414401137,38.850122162956346],[-77.10038585565128,38.85003639317272],[-77.09989616327876,38.84970239728149],[-77.09958398279717,38.8494858523817],[-77.09913627322825,38.84919629129242],[-77.0986808755497,38.848904989008076],[-77.09830036954534,38.84864506067013],[-77.09733623137541,38.848059805517444],[-77.09689062544017,38.84778929102915],[-77.09647018299434,38.84756100832869],[-77.09587764553204,38.84724446614998],[-77.09547116313576,38.84703886462531],[-77.09523211031726,38.846908860456274],[-77.09521827788836,38.84690196873375],[-77.09488816944791,38.84673750749573],[-77.09450744643381,38.84654374443244],[-77.09443709395872,38.84651138044691],[-77.09427731337203,38.84643787500831],[-77.09409388339779,38.846357504081716],[-77.09280014080973,38.845790634407805],[-77.09207433428396,38.84552077843183],[-77.09177968784087,38.84541516511806],[-77.09177808987839,38.84541461732611],[-77.09148152249851,38.845315788780745],[-77.09147929338779,38.84531508237652],[-77.09118004309866,38.84522272050494],[-77.09117812064386,38.845222156795955],[-77.09087547436131,38.845136024750886],[-77.09058047106981,38.845047301103314],[-77.09057681582478,38.84504623944603],[-77.09028357123961,38.84496254261696],[-77.08998482573531,38.844881839136974],[-77.08998101985556,38.84488084945247],[-77.08968436042217,38.8448051492546],[-77.0895637287829,38.8447767384009],[-77.08945224835779,38.84475048322535],[-77.0886586984115,38.844572128882064],[-77.08854468237753,38.84454650312556],[-77.08845149613593,38.84452555752757],[-77.08842284169383,38.844520580637045],[-77.0879712915929,38.84444214313492],[-77.0878996826666,38.8444298339406],[-77.08784859909447,38.84442105149385],[-77.0875071628664,38.844362356254166],[-77.08678829427627,38.84423877291121],[-77.08569975015693,38.84398594581665],[-77.08481223154,38.84387919059882],[-77.08266695587403,38.84351279121326],[-77.08224461508378,38.843440924698115],[-77.08224368375488,38.843441965545125],[-77.08198602021284,38.84372974648089],[-77.08142940710033,38.844357862195736],[-77.08130627943244,38.844493706091896],[-77.08095620476685,38.844880023470175],[-77.08026208239632,38.84569001992542],[-77.07936714718473,38.84673430884133],[-77.0792341157462,38.84688954169188],[-77.07878331358262,38.84741556277846],[-77.07854611837375,38.847704577782864],[-77.07825282989805,38.84806193933475],[-77.07800316591997,38.84836614772233],[-77.07756127914665,38.84891715343374],[-77.07726427779046,38.84928748743573],[-77.07692260675557,38.84971349334036],[-77.07646260509124,38.850296128251415],[-77.07628687319638,38.85052118103536],[-77.07604714457965,38.850828224409824],[-77.07540689938189,38.851679982277474],[-77.07524763298747,38.85188780767635],[-77.0748783726682,38.85236970069034],[-77.07465115956704,38.85268960754613],[-77.07430243425468,38.85316494121172],[-77.0742551864204,38.8532293484267],[-77.07391536303581,38.85368247194262],[-77.07361979910036,38.854099581815625],[-77.07263174261047,38.85551817106854],[-77.07228001254738,38.85602313195097],[-77.07178890397539,38.85675310977803],[-77.07167280410744,38.856920307064115],[-77.07130692833017,38.85744722294953],[-77.07102751293344,38.85786314975635],[-77.0707921916048,38.85820752791811],[-77.07067986644826,38.858371886780546],[-77.0703813637841,38.858823525933396],[-77.07030585408303,38.85894508187319],[-77.07023892576899,38.85905369836067],[-77.07017624367485,38.859160718871],[-77.07011984155994,38.85926454798953],[-77.07008080649196,38.85933755783111],[-77.07004607719279,38.859402464227365],[-77.07000694406183,38.85948038834296],[-77.06997686331393,38.85954212983533],[-77.0699767693354,38.85954232949821],[-77.06995406570435,38.859588901183855],[-77.06986342412686,38.859782357271065],[-77.06979711826982,38.8599213527911],[-77.06974522116086,38.8600458047834],[-77.06970559812926,38.86014651533613],[-77.06967321826404,38.86023624739155],[-77.06964826226135,38.86030769856995],[-77.06962334341532,38.86037728285707],[-77.06959585137498,38.86045790251216],[-77.06956821317704,38.860545852427],[-77.06953789231223,38.86065032854327],[-77.06951510381944,38.86073284536035],[-77.06948963475313,38.86083002106702],[-77.06946405507972,38.8609327425108],[-77.06944788996277,38.861024805424336],[-77.07023486326233,38.86105244199859],[-77.07024563843382,38.86105282036324],[-77.07025638013188,38.86105311593671],[-77.07026712401766,38.861053301692436],[-77.07027793977285,38.86105340593989],[-77.0702886869402,38.86105342696852],[-77.07029947140941,38.861053338607036],[-77.07031022240501,38.86105316745443],[-77.07032097504121,38.861052913938245],[-77.07033173041178,38.86105252315018],[-77.07034248632912,38.861052104906896],[-77.07035324498075,38.86105154939174],[-77.07036396906474,38.861050965993805],[-77.07037469697667,38.861050190415604],[-77.0703854254352,38.86104938738223],[-77.07039608585235,38.861048473676],[-77.07040681868527,38.861047451007174],[-77.070417482383,38.86104637257387],[-77.07042814772095,38.861045211777046],[-77.07043878013165,38.86104394073495],[-77.0704494498436,38.861042560302664],[-77.07046001585275,38.86104109622426],[-77.07047058350199,38.861039549782326],[-77.07048115279125,38.86103792097688],[-77.07049168860624,38.86103620938036],[-77.07050222660796,38.86103438796618],[-77.07051269602101,38.861032483333375],[-77.07052316762076,38.86103046888293],[-77.07053360574609,38.861028371641474],[-77.07054397473577,38.861026218635615],[-77.07055434645885,38.86102392835796],[-77.0705646841606,38.86102158274349],[-77.07057498838768,38.861019154337974],[-77.07058525968702,38.86101661568736],[-77.07059549751162,38.86101399424573],[-77.07060570186157,38.86101129001315],[-77.0706158376225,38.86100850256212],[-77.07062597556974,38.8610056052935],[-77.07063604438109,38.86100265226057],[-77.07064607971765,38.8609996164368],[-77.07065604755859,38.86099644248618],[-77.07066601594543,38.86099324108051],[-77.0706759162898,38.86098992900233],[-77.07068574804497,38.86098653370578],[-77.07086970902196,38.86092012098052],[-77.07088026503736,38.86091739354411],[-77.07089078812444,38.86091455586254],[-77.07090120750797,38.86091163453519],[-77.07091162907729,38.860908603390165],[-77.07092198260385,38.86090546157264],[-77.07093226808766,38.860902209082596],[-77.07094252009628,38.86089887380175],[-77.07095270406205,38.86089542784837],[-77.0709628550992,38.860891871650004],[-77.07097293754676,38.86088823223335],[-77.0709829519514,38.860884482144336],[-77.07099289776642,38.86088064883707],[-77.07100281065266,38.86087670528483],[-77.07101261983506,38.86087267808702],[-77.07102239608851,38.860868540644255],[-77.07103210429896,38.860864292529165],[-77.07104167314456,38.86085998779539],[-77.07105127983625,38.86085554621726],[-77.07106074716314,38.86085104802044],[-77.07106589393192,38.86084833711524],[-77.07116367153344,38.8607973789565],[-77.0712595729164,38.8607436243403],[-77.07151559935069,38.86058746678031],[-77.07152392424095,38.860582130821406],[-77.07153245653596,38.860576962150446],[-77.07154112764682,38.86057187755032],[-77.07154989972734,38.86056701386475],[-77.07155884519143,38.86056226213145],[-77.0715679278322,38.860557676831434],[-77.0715771476497,38.86055325796478],[-77.0715864344157,38.86054900467695],[-77.07159585781216,38.860544945276615],[-77.07160542002457,38.86054096994689],[-77.07161508320705,38.86053721553157],[-77.07162484845237,38.86053362712225],[-77.07163471521417,38.86053023217306],[-77.0716446851318,38.860526948321336],[-77.07165472145194,38.86052385750258],[-77.07166485928876,38.8605209601439],[-77.07167509918875,38.860518228791044],[-77.0716853709238,38.86051566258967],[-77.0716957436294,38.86051331730247],[-77.07170614871661,38.86051110971255],[-77.0717166553209,38.86050909558254],[-77.07172719321414,38.860507274058165],[-77.07173776294286,38.860505617685206],[-77.07174836341441,38.86050418137198],[-77.07175906649599,38.86050288361031],[-77.07176976520654,38.86050180548122],[-77.0717805308669,38.86050089293067],[-77.07179125704232,38.860500199585466],[-77.07239312776909,38.86043609391436],[-77.07238363114804,38.86038380284272],[-77.0724328999609,38.86037890975209],[-77.07248568016635,38.860374059334916],[-77.07300300222285,38.86032268040219],[-77.07388629691378,38.86023606425686],[-77.07392500679532,38.860232278022316],[-77.07406930119376,38.86021755410086],[-77.0744529155032,38.86017827523138],[-77.074462631725,38.86021958445378],[-77.07452163870036,38.860431721835326],[-77.07459352614418,38.86070448429519],[-77.07461648973452,38.86078439948812],[-77.07464270047755,38.860891814922624],[-77.07467495185803,38.861024018424025],[-77.07473719841803,38.861249952840815],[-77.07479955440624,38.861470396371125],[-77.07486516906471,38.86170186373437],[-77.07548820496154,38.86163528041257],[-77.07696650358602,38.861477457976406],[-77.07718470370787,38.86145538770462],[-77.07860475441748,38.861755434263976],[-77.07912471626125,38.86174838199991],[-77.07976065396252,38.861724050186126],[-77.07976676121913,38.861723816844744],[-77.07984177071499,38.8617209465935],[-77.08227759302834,38.8610968178111],[-77.08260176146072,38.86211128864781]]]},"properties":{"OBJECTID":8,"ES_Name":"Dr. Charles R. Drew Elementary School","Website":"https://drew.apsva.us/","School_Year":"2022-2023","Shape__Area":33226990.00600332,"Shape__Length":30405.610702679656}},{"type":"Feature","id":9,"geometry":{"type":"Polygon","coordinates":[[[-77.11320796428926,38.89692927499979],[-77.11305904849516,38.89774309071591],[-77.11303154639403,38.89798414287983],[-77.11301057936495,38.89819616416821],[-77.1130043898441,38.89823321239059],[-77.11245384804255,38.89836355619274],[-77.11264826867189,38.89885688550596],[-77.11278651229453,38.89913759288265],[-77.11309286165795,38.89921124784716],[-77.1134247254554,38.899277225923335],[-77.11381994123475,38.89933818394823],[-77.11421859018226,38.899385176341035],[-77.11424419508576,38.89938767522108],[-77.11449482438903,38.899402164847906],[-77.11491313530748,38.89941368828222],[-77.11519710343094,38.89941234041113],[-77.11546320069544,38.899408337254805],[-77.11572231894279,38.899401779823016],[-77.11593711085406,38.89939772021515],[-77.11635435374723,38.8993735274508],[-77.11643463780555,38.89936513652209],[-77.11671487625252,38.899338504978694],[-77.11692542878167,38.89931736821799],[-77.11729665476975,38.89927395727144],[-77.11764124250651,38.899226936448784],[-77.11791622892066,38.8991810179916],[-77.11820220676825,38.899130010715695],[-77.1186300012714,38.89905046407952],[-77.11894182701405,38.89898848133345],[-77.11894589918379,38.8989876727879],[-77.11899652042177,38.89897760985215],[-77.11940609994095,38.898887631015995],[-77.11954516425395,38.89885966303113],[-77.11965906973344,38.89883705609205],[-77.1197723094572,38.898812518995875],[-77.11988484881192,38.89878602387755],[-77.1200471297949,38.89874402121514],[-77.12020758997662,38.8986980151918],[-77.12044838524791,38.89863905747306],[-77.12068615541028,38.898572924051905],[-77.12079891053466,38.8985388240796],[-77.12104308540678,38.89845024764672],[-77.12151209283192,38.89829206108576],[-77.12188767731388,38.89816767881848],[-77.1220412663628,38.89811153921396],[-77.12239726957641,38.89798198277436],[-77.12308658177957,38.89773331022132],[-77.12360140450201,38.897567716370126],[-77.12416740001551,38.89737223865802],[-77.12453977105332,38.8972500071838],[-77.12455108710229,38.897246295235774],[-77.12494054789825,38.89709405622419],[-77.12518387498987,38.8970106788116],[-77.1253445181606,38.896934571436915],[-77.12541319018409,38.89690846390091],[-77.12554628666012,38.89685784663121],[-77.1259325277396,38.89672671115867],[-77.12621819850965,38.89663586342666],[-77.12672317776044,38.89652475952935],[-77.12710765542518,38.89646719333087],[-77.12744011028558,38.89642878947237],[-77.12766570533142,38.89641055538247],[-77.12787987949426,38.89640152397093],[-77.1282026113229,38.89639375996728],[-77.1289034832851,38.89640249193697],[-77.1289147307587,38.89640234861506],[-77.1292753263007,38.896399142656335],[-77.12942938260899,38.896398501412634],[-77.13014229394835,38.896395525909135],[-77.13055869156793,38.896395987375605],[-77.13146264719246,38.89638757462557],[-77.1320142131066,38.896386941961794],[-77.13222209382567,38.89638668873536],[-77.13228103557596,38.89638661643991],[-77.13319859042859,38.89638554327874],[-77.13364749297477,38.896376733435915],[-77.13363277837801,38.89615303531699],[-77.13361092997926,38.896060349753135],[-77.13359677610151,38.89601015241622],[-77.13358103556169,38.89596023868361],[-77.1335680215217,38.895927684124274],[-77.13354959892463,38.89588759744093],[-77.13352958600764,38.895847986539835],[-77.13350798225011,38.8958088788744],[-77.1334847860852,38.895770356806594],[-77.13345986640208,38.895731924524306],[-77.13343833918645,38.89570171487807],[-77.13341546443495,38.89567214859811],[-77.13337861663584,38.89562901911319],[-77.1333388918405,38.89558750376256],[-77.13296259836405,38.89527145049924],[-77.13257987399122,38.894942689352845],[-77.13233251228664,38.894757472942494],[-77.13223181430814,38.89467584167933],[-77.13188096766027,38.894426287937925],[-77.1317656522754,38.89435574474319],[-77.131860634795,38.89427639228565],[-77.13203886817006,38.89411925305927],[-77.1320632012052,38.89409992975429],[-77.1320803001149,38.89408774426837],[-77.13209805551108,38.89407614309208],[-77.13212584401423,38.89405988065131],[-77.1321648669229,38.894040453786076],[-77.13249968840104,38.89385872035174],[-77.13357618344816,38.893257784042696],[-77.13422866025022,38.89290921186986],[-77.13442459239778,38.89279648599848],[-77.13448345471794,38.89276108741991],[-77.13456507074228,38.892708049176946],[-77.13461257607045,38.89267488010296],[-77.13465127607023,38.89264649659854],[-77.13468918058621,38.89261744478715],[-77.1347335018944,38.8925817123045],[-77.13477664545385,38.89254508738585],[-77.1348184707445,38.89250756839936],[-77.13485904750453,38.89246918361714],[-77.13489826982192,38.89242995927001],[-77.13493613665264,38.89238995026782],[-77.13497264799777,38.89234915661178],[-77.13506435550114,38.89223845875218],[-77.13524853741356,38.89197670503323],[-77.13537645511269,38.89179294378081],[-77.13543089437098,38.89171476506047],[-77.13558650085947,38.891501366015056],[-77.13590117802818,38.891064090223864],[-77.13707135053005,38.88941245153616],[-77.13730065200613,38.88906828787677],[-77.13767918991316,38.88854379268363],[-77.1379238690415,38.88820365060775],[-77.1379531403036,38.888159064917495],[-77.13797630634801,38.88812143827266],[-77.13801935770863,38.88804502105159],[-77.13804681209744,38.887990638383656],[-77.13807203076955,38.88793557073645],[-77.13809497651675,38.887879927521226],[-77.13811561369496,38.88782373578638],[-77.1381339758734,38.88776707830321],[-77.13814999280157,38.88770995425828],[-77.13816181940761,38.88766071766761],[-77.13817349139867,38.887602966572445],[-77.13721712126514,38.887898056892745],[-77.13695891982667,38.887988151376526],[-77.13629027133288,38.8882478537575],[-77.135512599793,38.888568071694465],[-77.13468815556475,38.88892703663275],[-77.13414750707706,38.889143454372714],[-77.13333121318885,38.8894980835492],[-77.13331174078671,38.889505820480395],[-77.13288289618785,38.889681244370145],[-77.13246396928116,38.88985238852354],[-77.13189772637068,38.890083601222805],[-77.13176452127836,38.89014081479997],[-77.1316136572477,38.89020276536685],[-77.13121778860764,38.890362091190354],[-77.13096749327855,38.8904605028816],[-77.13079785660555,38.89045660332572],[-77.13073729881522,38.89049983397776],[-77.13060627366178,38.8905531997559],[-77.13048589082251,38.89060125232229],[-77.13045399527512,38.890617356649116],[-77.1303889444277,38.89052597892734],[-77.13032399857696,38.890429110315786],[-77.13021796381503,38.890279615248474],[-77.12991994490902,38.89042989001397],[-77.12989145368273,38.89044435881615],[-77.12971319607736,38.89053493065536],[-77.12945737631685,38.89066488159536],[-77.12942320759264,38.89068224975833],[-77.1293022309242,38.89074374291028],[-77.12910644688083,38.890448764742175],[-77.12906653401943,38.8903793304459],[-77.12906630739,38.890378893583495],[-77.12903212775723,38.890308118845745],[-77.12903183362613,38.89030742203815],[-77.1290033635464,38.89023539583391],[-77.12900309756607,38.890234604959716],[-77.12898034593549,38.890161435522444],[-77.12898019281143,38.890160829606785],[-77.12896315974446,38.89008651007613],[-77.12893601204959,38.88996264893986],[-77.12879798445353,38.8893326617364],[-77.12876398663788,38.88918968193107],[-77.12876367662784,38.88918855243599],[-77.1287220146017,38.88904799919325],[-77.12867009765071,38.88890283642578],[-77.1286697246582,38.88890190013401],[-77.12860977815113,38.88875967109149],[-77.12860930990233,38.88875866332002],[-77.12854118669354,38.888618796468656],[-77.12810471875204,38.88781078472336],[-77.1280598800758,38.88770635083253],[-77.12805280489145,38.88759862342107],[-77.12803233936835,38.88688661072242],[-77.12803272038231,38.8868519876018],[-77.12803091324645,38.88680868889291],[-77.12802653867467,38.88676552495524],[-77.12801963074882,38.88672255110745],[-77.12799612418466,38.88661054012238],[-77.12797602485415,38.88652429933338],[-77.12795048789772,38.88646886051622],[-77.12792571769563,38.88642477179853],[-77.12788516849345,38.88636800425182],[-77.12784148155296,38.88630996431345],[-77.12782829837792,38.88629382833687],[-77.12778672207989,38.88624300766219],[-77.12766764839566,38.886109010095815],[-77.12732752279398,38.88572998110069],[-77.12709981571984,38.88551148070576],[-77.1267088596345,38.885084568757286],[-77.11869151129994,38.88537030127165],[-77.11837564250463,38.88538177157217],[-77.11787437372054,38.885394821489605],[-77.11748802662908,38.88540620143745],[-77.11724318430035,38.88540386831192],[-77.1171662678389,38.88540241352067],[-77.11643041900271,38.88542752377507],[-77.1161692278091,38.88543488158657],[-77.11511276325345,38.88545153725693],[-77.1141434079306,38.88548760984025],[-77.11312798380048,38.88554400041689],[-77.11221912226907,38.88555855592353],[-77.11095257738732,38.88559191405256],[-77.10999660319492,38.88560806455238],[-77.10971619761774,38.88562781245555],[-77.10952523856128,38.88565512681433],[-77.10938968572576,38.885687929938996],[-77.10923530970575,38.88573294962286],[-77.10911646994714,38.885771744504765],[-77.10897889740374,38.88582533829893],[-77.10883218210118,38.88588656750058],[-77.10867030080671,38.88595439960643],[-77.10860220264419,38.88598193212005],[-77.10853199259607,38.88600603447251],[-77.10842907197697,38.886035570852414],[-77.10838699798683,38.88604553479413],[-77.10834429119099,38.88605370629031],[-77.10830112669376,38.88606011487567],[-77.10825757634942,38.886064679019555],[-77.10821374447646,38.88606745487873],[-77.1081698083098,38.88606836217162],[-77.10817550571183,38.886111542673476],[-77.10817972513131,38.88615484296248],[-77.1081832980825,38.88622422306449],[-77.1082124379704,38.886587596159075],[-77.10824039444437,38.88712066103585],[-77.10825481362907,38.88746408804168],[-77.1082916448554,38.88830042169899],[-77.10831963249557,38.88928295979931],[-77.10832688570021,38.88953757689581],[-77.10829178855751,38.88989779945414],[-77.10827179681915,38.890098792919275],[-77.10825870138139,38.89021597634754],[-77.1082462671351,38.89027734046913],[-77.1082074631209,38.890475419872224],[-77.10817229326081,38.89066546894073],[-77.10808477818071,38.891175581021656],[-77.10799563470957,38.89138926544913],[-77.10778798102184,38.892040637982696],[-77.10774436868483,38.892223831530636],[-77.10768285637405,38.892641325188784],[-77.10763936593666,38.893071664215604],[-77.1076773573432,38.893449695771196],[-77.10768087152076,38.89385318806929],[-77.10777004593484,38.89385199156975],[-77.10820587882687,38.89384614483114],[-77.1083921769203,38.89384288746157],[-77.10856442329538,38.89383943588422],[-77.10874018271227,38.89383602566387],[-77.10906359702983,38.89382887163891],[-77.109637599806,38.89381732370981],[-77.11011474628337,38.89380105710478],[-77.11025187998429,38.893796253922915],[-77.11070958090068,38.89378068849046],[-77.11082165590982,38.89377817297387],[-77.11092029334736,38.89377595840492],[-77.11113104036524,38.89377125581092],[-77.11140144378177,38.89376519855564],[-77.1114112164558,38.8937649845586],[-77.11141234881588,38.89378817454934],[-77.11150332354688,38.89378449931701],[-77.1118349395769,38.89377111871905],[-77.1118888845893,38.89376892779925],[-77.11195372234788,38.89376629405341],[-77.11198027588415,38.8940278234405],[-77.11202586301594,38.89447680116854],[-77.1121746124226,38.89630552773177],[-77.11217592398835,38.89631765326848],[-77.11220022616496,38.89654363749297],[-77.11221965893914,38.89675613603073],[-77.11225529902082,38.89705724852834],[-77.11261009959946,38.897008715550356],[-77.11289388500057,38.89696181439151],[-77.1129466842188,38.89694994336815],[-77.11301109463658,38.896939115612625],[-77.11305452189843,38.89693397152284],[-77.11310917285596,38.89692992104454],[-77.11315308897244,38.89692857222565],[-77.11320796428926,38.89692927499979]]]},"properties":{"OBJECTID":9,"ES_Name":"Glebe Elementary School","Website":"https://glebe.apsva.us/","School_Year":"2022-2023","Shape__Area":29268056.46580254,"Shape__Length":27186.93601871859}},{"type":"Feature","id":10,"geometry":{"type":"Polygon","coordinates":[[[-77.03784105204053,38.86579201389246],[-77.03784351796793,38.8658002828904],[-77.03784510766283,38.865808458593754],[-77.03784757359126,38.865816727591564],[-77.03785074962703,38.865833243722115],[-77.03785321555694,38.86584151271973],[-77.0378548052539,38.8658496884229],[-77.03785727118485,38.86585795742043],[-77.03785885920456,38.86586621548549],[-77.03786132681459,38.86587440212092],[-77.03786450285608,38.86589091825083],[-77.03786696878956,38.865899187248054],[-77.03786855904868,38.8659073354969],[-77.03787102498322,38.865915604494],[-77.03787261468382,38.8659237801968],[-77.03787508061937,38.865932049193816],[-77.03787582416854,38.86594037912548],[-77.0378756563666,38.86594861532563],[-77.03787632912369,38.86595697183674],[-77.03787616132176,38.86596520803683],[-77.03787686975491,38.865973537531204],[-77.03787757930687,38.865981812117525],[-77.03787741038637,38.8659901032256],[-77.03787812049792,38.86599835035788],[-77.0378788289316,38.866006679852156],[-77.03787953904349,38.86601492698439],[-77.03788028259402,38.8660232569159],[-77.03788011479239,38.866031493115884],[-77.03788078978815,38.86603973981079],[-77.03788149822253,38.86604806930495],[-77.03788220833515,38.86605631643709],[-77.03788291732921,38.866064618477225],[-77.03788433699587,38.8660811401954],[-77.0378850103145,38.86608946925217],[-77.03788575554451,38.86609771682148],[-77.0378873435728,38.86610597488565],[-77.03788876380065,38.86612246914964],[-77.03788947167746,38.86613082609759],[-77.03789014667515,38.866139072792244],[-77.03789176982151,38.866147331293575],[-77.03789319005118,38.86616382555731],[-77.03789477808179,38.86617208362128],[-77.03789619831265,38.866188577884856],[-77.03789778634416,38.86619683594874],[-77.0378984964601,38.8662050830805],[-77.03790008449226,38.86621334114428],[-77.03790079404929,38.86622161573002],[-77.03790397067453,38.866238104403436],[-77.03790468302891,38.86624624171904],[-77.03790785909682,38.86626275784628],[-77.03790856921457,38.86627100497782],[-77.03791015892732,38.8662791806794],[-77.03791174696245,38.86628743874289],[-77.03791333667593,38.86629561444436],[-77.03791404679464,38.86630386157581],[-77.03791563483077,38.86631211963919],[-77.03791881426005,38.866328471041854],[-77.03792043741392,38.86633672954243],[-77.03792199201283,38.866344904806375],[-77.03792358005077,38.86635316286959],[-77.03792834976002,38.866377662518964],[-77.03792993779945,38.866385920582005],[-77.03793149240043,38.86639409584579],[-77.03793399515362,38.86640228291588],[-77.03793876486972,38.86642678256452],[-77.0379412319488,38.866434996651115],[-77.03794282166892,38.866443172351865],[-77.03794441362666,38.866451238236635],[-77.03794688126655,38.866459424869056],[-77.03794847098786,38.866467600569685],[-77.03795093862878,38.866475787201985],[-77.03795253002883,38.86648388054055],[-77.03795499767078,38.86649206717272],[-77.03795658963098,38.8665001330572],[-77.03795905727394,38.866508319689274],[-77.03796064867565,38.86651641302765],[-77.0379631514364,38.866524600096845],[-77.03796474339823,38.866532665981154],[-77.03796721272117,38.86654077025099],[-77.03796968036677,38.86654895688276],[-77.0379721496908,38.866557061152456],[-77.03797374109507,38.86656515449056],[-77.03798365407489,38.86659754455172],[-77.03798521092381,38.86660560999834],[-77.03798768192947,38.86661363190566],[-77.03799505535859,38.866637916821766],[-77.03799756148332,38.86664593916603],[-77.03800003081386,38.866654043434934],[-77.0380033803037,38.866662048819116],[-77.03800585131334,38.866670070725895],[-77.03800832064567,38.86667817499458],[-77.03801079221573,38.86668616944724],[-77.03801149675655,38.86669469111725],[-77.03801132393477,38.866703174402026],[-77.03801290695728,38.86671167954921],[-77.03801361317649,38.86672011885721],[-77.03801519619964,38.86672862400436],[-77.03801678257892,38.866736964427524],[-77.0380183672807,38.866745387212575],[-77.03802083102411,38.866753766020864],[-77.03802329700527,38.86676203501303],[-77.03802576522413,38.86677019418914],[-77.0380324915081,38.866786589748685],[-77.03803580533155,38.86679462214839],[-77.03804003275522,38.86680263846229],[-77.03804338337504,38.86681058893707],[-77.03804761583403,38.86681835816472],[-77.03805272621753,38.86682613832312],[-77.03805695979702,38.86683385264242],[-77.03806207353827,38.86684146807643],[-77.03806719119554,38.86684889133227],[-77.03825454258946,38.86730982181961],[-77.03825697182181,38.867318172730535],[-77.03825855991984,38.867326430787216],[-77.03826102371124,38.86733480958923],[-77.03826348974003,38.86734307857518],[-77.03826591897462,38.86735142948588],[-77.03827088615219,38.867367967894616],[-77.03827335386086,38.86737615451833],[-77.03827581989249,38.86738442350393],[-77.03827828816148,38.86739258267349],[-77.03828163380247,38.86740078022625],[-77.03828410151347,38.86740896684966],[-77.03828744715588,38.867417164402184],[-77.03828991486814,38.86742535102542],[-77.03829326218955,38.86743346621577],[-77.03829660783414,38.86744166376798],[-77.03829907778504,38.86744974057505],[-77.0383024267862,38.86745777340311],[-77.03830577411054,38.86746588859301],[-77.03830912367236,38.867473893966874],[-77.03831334892988,38.86748202008555],[-77.03831669793414,38.86749005291314],[-77.03832004917588,38.86749797592466],[-77.03832427611354,38.86750601968093],[-77.03832762735686,38.86751394269221],[-77.03857063187418,38.86800028018701],[-77.03857486222405,38.868008159209325],[-77.03857818007823,38.868015999413416],[-77.03858667645905,38.86803173044035],[-77.03859002943312,38.868039571081134],[-77.03859425811021,38.86804753246462],[-77.03859761108586,38.868055373105165],[-77.03860183976471,38.86806333448836],[-77.03860519274194,38.86807117512863],[-77.03860942198165,38.86807910905752],[-77.03861612402643,38.868094982515416],[-77.03862035270967,38.86810294389791],[-77.0386270547591,38.86811881735505],[-77.03863040382821,38.868126850172416],[-77.03863463307395,38.86813478410032],[-77.03863798214465,38.868142816917434],[-77.03864133345235,38.868150739918505],[-77.03866477809139,38.868206914726485],[-77.03866812605071,38.868215002450626],[-77.03867059718812,38.868223024340324],[-77.03867394458979,38.86823113951821],[-77.03867729422842,38.86823914488005],[-77.03868064163159,38.868247260057714],[-77.03868311109437,38.868255364309036],[-77.03868645849897,38.868263479486515],[-77.03868980869954,38.86827145739393],[-77.03869227760515,38.86827958909904],[-77.03869562333479,38.86828778663817],[-77.03869809280064,38.868295890889094],[-77.03870144076785,38.86830397861208],[-77.03873504905845,38.86837854141845],[-77.03879557825698,38.86851107974889],[-77.0388499214759,38.8686024045719],[-77.03890432128895,38.868690956514975],[-77.03902950655711,38.8689259321638],[-77.03914460376213,38.869138840858874],[-77.03926271163412,38.86937644679495],[-77.03944508594947,38.86973570755247],[-77.03967713087866,38.87007087087422],[-77.03988509762648,38.87038101944786],[-77.04015833987174,38.87076337754618],[-77.04029858567426,38.87094910920428],[-77.04055555692433,38.871268103896824],[-77.04074134807476,38.87145989322414],[-77.04074646912991,38.87146717908477],[-77.0407524698418,38.871474393494005],[-77.04075759145742,38.871481651900154],[-77.04076359105508,38.87148892121676],[-77.04076871378939,38.87149612471442],[-77.04077383540819,38.87150338311986],[-77.04077983668415,38.87151057007358],[-77.04078495942163,38.87151777357058],[-77.0407909606999,38.87152496052377],[-77.04079608343955,38.87153216402019],[-77.04080208304534,38.871539433334725],[-77.04080720802017,38.87154652701475],[-77.04081320874481,38.871553741420726],[-77.04081833204698,38.871560917462176],[-77.04083033406036,38.871575318818635],[-77.04083545904057,38.87158241249737],[-77.04084146032929,38.87158959944782],[-77.04084658475335,38.87159672058003],[-77.04085258771913,38.871603825168],[-77.04085858901135,38.87161101211762],[-77.04086371343865,38.87161813324898],[-77.04087571937836,38.8716323424228],[-77.0408808443671,38.87163943609943],[-77.04089885273066,38.87166077731087],[-77.04090397995662,38.87166776117054],[-77.0409099823758,38.87167489320943],[-77.04091598647084,38.87168194288606],[-77.04092198945061,38.871689047470355],[-77.04092799466443,38.87169604223837],[-77.04093312077933,38.871703081004696],[-77.04093912376256,38.871710185588064],[-77.04096314184763,38.87173830192456],[-77.04096914818598,38.87174524178245],[-77.04098115751701,38.8717592862212],[-77.04098716385887,38.87176622607812],[-77.04099316796915,38.87177327575064],[-77.04099920999091,38.87178018858935],[-77.04100521466171,38.8717872108073],[-77.04102920493537,38.87181496979169],[-77.04103698121122,38.87182124511395],[-77.04104387950323,38.8718275095271],[-77.04105165578173,38.87183378484835],[-77.04105855463439,38.871840021806655],[-77.04106632868286,38.87184640694281],[-77.04107322530537,38.87185275371614],[-77.04108100158918,38.8718590290354],[-77.04109479428226,38.871871750033876],[-77.04110253377614,38.87187810727728],[-77.04110946384984,38.87188453684669],[-77.0411172384658,38.871890894525436],[-77.04112413342266,38.87189732365759],[-77.04113102949702,38.87190369788145],[-77.04113880244257,38.87191013792068],[-77.04115948677004,38.87192945276609],[-77.04116725804653,38.8719359751653],[-77.0411741530122,38.87194240429449],[-77.04118797415987,38.871955455165725],[-77.04119571199662,38.8719618947648],[-77.04120260473488,38.871968433708155],[-77.04120949635816,38.87197502755907],[-77.04122328239903,38.87198807798977],[-77.04123706509633,38.87200129314267],[-77.04124395840022,38.87200780462959],[-77.0412577411051,38.87202101977998],[-77.04126462994805,38.87202775089739],[-77.04127841321863,38.87204093859134],[-77.04129219258775,38.872054318461444],[-77.04129908311134,38.87206096721492],[-77.04130597363621,38.872067615967964],[-77.04131198561603,38.872074281268],[-77.04131887279495,38.87208109474411],[-77.04132576276554,38.87208777094993],[-77.04133533860292,38.87209192665487],[-77.04134403645288,38.87209607145267],[-77.04135361061826,38.87210030951798],[-77.04136230679613,38.872104536676346],[-77.04137187928957,38.87210885710212],[-77.04138057212127,38.872113248982934],[-77.04138923150866,38.872117558064986],[-77.04139883521869,38.87212207110259],[-77.04140752805363,38.87212646298145],[-77.04142490647233,38.87213560363888],[-77.04143447283539,38.87214022605323],[-77.04146053629012,38.872154142937156],[-77.0414692553241,38.87215897451121],[-77.0414779057941,38.872163722850324],[-77.04148658971081,38.872168553986874],[-77.04151263644603,38.872183294478404],[-77.04152043902978,38.87218827943123],[-77.04153779627431,38.87219846332284],[-77.04154559718751,38.872203530635936],[-77.04156295109142,38.872213879247646],[-77.04157074866022,38.872219111282874],[-77.04157942422032,38.87222435422209],[-77.04159501490004,38.87223503792162],[-77.04160368878993,38.87224036322095],[-77.0416192410094,38.87225121120491],[-77.04162706812645,38.87225671821224],[-77.04163573811569,38.87226223568704],[-77.04165131876898,38.8722734135505],[-77.04167468473663,38.872290427427565],[-77.04168247172119,38.87229618108076],[-77.04168938015793,38.872301951283745],[-77.0417127355434,38.87231948677863],[-77.04171964119524,38.872325394249685],[-77.04172742428179,38.872331340077686],[-77.04173432826221,38.87233732990972],[-77.04174210967751,38.872343358098696],[-77.04174901310243,38.87234937538385],[-77.04175675828483,38.8723554580436],[-77.04176369515807,38.872361558125974],[-77.04177749532143,38.87237392214096],[-77.04178527172328,38.87238019741276],[-77.04179217180801,38.87238637941918],[-77.0417990685466,38.87239272614905],[-77.04180596696006,38.87239899051654],[-77.04181975988544,38.872411711428114],[-77.04182577752057,38.87241810216152],[-77.04183267203366,38.87242455870528],[-77.04183956543226,38.872431070156544],[-77.04184646050572,38.87243749924548],[-77.04185247368244,38.872444109609276],[-77.04185936708473,38.87245062105936],[-77.04186538026374,38.87245723142248],[-77.04187227199485,38.87246382523369],[-77.0418842955693,38.87247718322813],[-77.04189118507263,38.872483886854134],[-77.04189719658382,38.87249057957749],[-77.04190320698041,38.872497327208485],[-77.04190921514675,38.872504184655114],[-77.04191522498778,38.872510959739465],[-77.04192123315643,38.8725178171854],[-77.04192723965268,38.87252475699295],[-77.04193328294339,38.87253161487434],[-77.04194522570218,38.8725454936157],[-77.04195038765509,38.87255250531822],[-77.04196239731324,38.872566549653776],[-77.04196752247613,38.87257364328128],[-77.04197352730804,38.87258066544831],[-77.04197868703503,38.87258778696543],[-77.04198377540776,38.8725949625181],[-77.04198977689616,38.87260214940809],[-77.04200002332874,38.87261652883832],[-77.04200514459421,38.872623814641976],[-77.042010268092,38.872630990629496],[-77.04201538768612,38.87263835879459],[-77.04202050951253,38.872645617143576],[-77.04211031504764,38.87272087657033],[-77.04218975212714,38.872787768935254],[-77.04219575699874,38.87279479109048],[-77.04220176354472,38.87280173088352],[-77.04220864808926,38.872808681576096],[-77.04221465463765,38.872815621368446],[-77.0422206628604,38.872822478798604],[-77.04222754908196,38.87282934712809],[-77.04223355730709,38.872836204557515],[-77.04224044353117,38.87284307288622],[-77.04224645175869,38.87284993031498],[-77.04226022811731,38.87286347479264],[-77.04226623802155,38.87287024985841],[-77.04228001717637,38.87288365706379],[-77.04228602931501,38.87289032231263],[-77.04229980903506,38.872903702061684],[-77.04231359210644,38.87291691708521],[-77.04232048559597,38.872923428507384],[-77.04232741197595,38.87293005018108],[-77.04233430546797,38.872936561602465],[-77.04234120007665,38.8729430181155],[-77.04234809357118,38.87294952953607],[-77.04235586673921,38.87295596949308],[-77.04236965652305,38.87296885506215],[-77.04237655392636,38.872975174303164],[-77.04238432654205,38.872981641712215],[-77.04239122506321,38.87298790604443],[-77.04239899935462,38.8729942910905],[-77.04241279696079,38.8730067922988],[-77.04242057348678,38.873013067527566],[-77.04244393430118,38.87303035578814],[-77.04245950465194,38.87304205516775],[-77.04246728843513,38.87304797349174],[-77.04247419366155,38.873053908371254],[-77.04248197744724,38.87305982669425],[-77.0424897590037,38.87306585483257],[-77.04249666256078,38.873071872072664],[-77.04250444356217,38.873077927664],[-77.04251134489118,38.873084054719136],[-77.04251912477987,38.8730901652174],[-77.0425260255537,38.87309631972561],[-77.04253380544499,38.87310243022287],[-77.04254760253781,38.873114958868946],[-77.0425553790873,38.8731212340886],[-77.04256227763682,38.87312749841055],[-77.04258296771663,38.873146565913636],[-77.04259675813546,38.87315942400145],[-77.04261054465614,38.87317247426545],[-77.04261656019517,38.87317897477302],[-77.04262345317977,38.87318551363104],[-77.04263723636488,38.87319872861564],[-77.04264324856308,38.87320539384565],[-77.04265013764966,38.87321212487985],[-77.04265615040775,38.87321876265522],[-77.04266304061197,38.873225438780686],[-77.04267506000073,38.873239016323474],[-77.0426819468633,38.87324585717159],[-77.042699971777,38.873266429387066],[-77.0427095093858,38.87327074926669],[-77.04271911333325,38.87327526219504],[-77.04272780137083,38.87327990106061],[-77.04273736183744,38.87328482536124],[-77.0427460409568,38.87328990348906],[-77.0427547145021,38.87329525615602],[-77.04276250893011,38.8733006528345],[-77.0427711746726,38.87330638985582],[-77.04277896074024,38.87331219834284],[-77.04278674234901,38.87331822646114],[-77.04279452228656,38.87332433694079],[-77.04280229720777,38.87333069450569],[-77.04280919078138,38.87333720589855],[-77.04281608212621,38.873343827106915],[-77.0428229706848,38.87335058558471],[-77.04282897733793,38.873357525344716],[-77.04283498008975,38.8733646572822],[-77.04284101684792,38.87337184456315],[-77.04284701458467,38.87337922358576],[-77.04285209808296,38.873386646185125],[-77.04285721447249,38.87339417903598],[-77.04286232807561,38.873401849156515],[-77.04286743833491,38.87340968400058],[-77.04287167003291,38.87341753540354],[-77.04287502149685,38.873425485727346],[-77.04287924817923,38.873433584215704],[-77.0428825957424,38.87344172671708],[-77.04288948766153,38.873448320467],[-77.04290326760122,38.87346170014336],[-77.04291015952417,38.87346829389199],[-77.04291792722414,38.873475008350695],[-77.04292481524743,38.873481794276266],[-77.04293174062208,38.87348847082127],[-77.04293859352778,38.87349525631029],[-77.04294548322734,38.87350195987269],[-77.04295149380722,38.873508707448316],[-77.04295838183693,38.87351549337186],[-77.04296526819556,38.87352236165696],[-77.04297215622788,38.87352914757968],[-77.04297904258915,38.87353601586391],[-77.04298593118153,38.87354277433183],[-77.04299193953887,38.8735496317212],[-77.042998825904,38.87355650000423],[-77.04300571059814,38.873563450648774],[-77.04301259696594,38.873570318931],[-77.04301860365581,38.873577258680925],[-77.04302548835388,38.873584209324264],[-77.04303149504615,38.87359114907349],[-77.04304526444875,38.873605050358194],[-77.0430512711447,38.873611990106376],[-77.04305815473442,38.873618995655676],[-77.04306415920313,38.87362604521903],[-77.04307104223804,38.87363307822153],[-77.04308305173893,38.87364714989269],[-77.0430899347777,38.87365418289406],[-77.04309593813768,38.87366128736371],[-77.04309750240722,38.87367075331671],[-77.04310082659534,38.873680048878185],[-77.04310503548142,38.87368902588508],[-77.04311101041853,38.873697530506504],[-77.04311787284128,38.873705579303085],[-77.04312559153121,38.87371297966124],[-77.04313427296425,38.873719677979906],[-77.04314381400887,38.873725563135956],[-77.04315424922792,38.873730663018755],[-77.04316202924147,38.87373677347342],[-77.04316980758419,38.87374296628955],[-77.0431767101487,38.87374903839658],[-77.04319226628336,38.87376145148021],[-77.04319916550735,38.873767688309776],[-77.04320694385665,38.8737738811234],[-77.04321384252576,38.873780145406016],[-77.04322939644416,38.873792668300524],[-77.0432362945597,38.87379896003581],[-77.04324407124354,38.87380523520883],[-77.04325096824688,38.8738115818511],[-77.04325874493338,38.8738178570231],[-77.0432725389463,38.873830550305584],[-77.04328031173542,38.873837017653976],[-77.04328720874501,38.873843364294125],[-77.04329410408384,38.87384979329578],[-77.04330187910627,38.873856150826754],[-77.04330880956803,38.873862580263186],[-77.04331566756098,38.8738691186438],[-77.04332256290486,38.873875547643735],[-77.04333033626065,38.87388198753471],[-77.04334412305354,38.87389503771026],[-77.04335191201797,38.873900708888534],[-77.04336054220227,38.873906472883824],[-77.0433761513568,38.87391800785121],[-77.04338481499371,38.87392385464223],[-77.04339260006343,38.873929717995615],[-77.04340816742031,38.87394158197065],[-77.04342373143861,38.87395361066743],[-77.0434470721818,38.87397191452138],[-77.04345397256273,38.873978096427706],[-77.04346174928502,38.873984371586],[-77.04346952768046,38.873990564381856],[-77.04347642472155,38.87399691101066],[-77.04348420144784,38.87400318616744],[-77.04349109849144,38.87400953279532],[-77.04349887187688,38.87401597267494],[-77.04351266206965,38.87402885810642],[-77.0435204354591,38.874035297984555],[-77.04352339664938,38.87403814258769],[-77.0435273269366,38.874041919150045],[-77.04354111435326,38.87405494184791],[-77.04354800917795,38.874061398288305],[-77.04355490288941,38.87406790963624],[-77.0435626762869,38.874074349511496],[-77.04357646650232,38.87408723493531],[-77.04358339868267,38.874093581993264],[-77.0435902589516,38.87410001054151],[-77.04359803402735,38.8741063680525],[-77.04360492830489,38.87411285194348],[-77.04361182592692,38.87411917111013],[-77.04361960267829,38.874125446257786],[-77.04362649974563,38.87413179287755],[-77.04363427482805,38.8741381503861],[-77.04364807231217,38.87415067889963],[-77.04365584907012,38.87415695404479],[-77.04366274781525,38.87416321830047],[-77.04367052457586,38.87416949344464],[-77.04367742499502,38.8741756753375],[-77.04368520175825,38.87418195048073],[-77.04369294507379,38.8741881428259],[-77.0436998806173,38.87419432515297],[-77.04370765961319,38.874200490478756],[-77.04371543972479,38.874206600896045],[-77.04372234015142,38.87421278278629],[-77.04373790038109,38.87422500361839],[-77.04374480304003,38.87423107569134],[-77.04376036327751,38.87424329652045],[-77.04377592742028,38.874255325169656],[-77.04378283119966,38.87426134233234],[-77.04380617714877,38.87427939902781],[-77.04381396117722,38.87428531726068],[-77.04393225713947,38.874341705890906],[-77.0442235389233,38.8745293051554],[-77.04450032839362,38.87473869274382],[-77.04461135817097,38.874808721042754],[-77.0449574108814,38.87506562192954],[-77.04527590464198,38.87529749303678],[-77.04547676848554,38.87544005901565],[-77.0454845600122,38.87544562023444],[-77.04549235209657,38.875451153998725],[-77.04550106178561,38.87545647944091],[-77.04550882264674,38.87546182059132],[-77.04551749888655,38.87546706323538],[-77.04552617624061,38.8754722509709],[-77.04553397946079,38.875477235652916],[-77.04554266071266,38.875482231209375],[-77.04555134363515,38.875487144403266],[-77.04556871616137,38.87549664134146],[-77.04557828435232,38.8755012085064],[-77.04558701074772,38.87550571032307],[-77.04559654715862,38.87551011232773],[-77.045605207209,38.87551442109522],[-77.04561481720333,38.875518659244506],[-77.04562351571579,38.87552280372181],[-77.0456426754835,38.875530784975105],[-77.04565225982046,38.87553455596882],[-77.04566184471486,38.87553829950781],[-77.04567143239242,38.875541905776075],[-77.04569061331469,38.87554884377064],[-77.04570020711576,38.875552148042885],[-77.04570980258694,38.87555536995245],[-77.04572027831621,38.8755584929189],[-77.04572987768401,38.87556152264901],[-77.04574035842273,38.87556439852796],[-77.0457499627998,38.87556718117065],[-77.04576044687852,38.875569892323995],[-77.04577005515185,38.875572482787206],[-77.04578054423963,38.875574946852986],[-77.04579103555368,38.87557730110187],[-77.04580152853754,38.87557957298794],[-77.04581114515935,38.87558175163824],[-77.04582164370827,38.875583748982805],[-77.04583214281413,38.875585718872436],[-77.04584260958113,38.875587551056334],[-77.04585314826032,38.87558930174723],[-77.04586365460054,38.87559091473241],[-77.045874163723,38.875592390446776],[-77.0458846739586,38.87559381125224],[-77.04589518697634,38.87559509478693],[-77.04590570277617,38.8755962410508],[-77.04591622024537,38.875597304951775],[-77.0459267410529,38.87559820412798],[-77.04593726352965,38.87559902094137],[-77.04594778767564,38.875599755391875],[-77.04595919152293,38.87560041835137],[-77.04596975635378,38.875600878695025],[-77.0459802520549,38.875601283260096],[-77.04599078510263,38.87560157844318],[-77.04600132148828,38.875601708901485],[-77.04601185954287,38.87560175699693],[-77.04602236470139,38.875601694840626],[-77.0460338209161,38.87560150715453],[-77.04604436453359,38.87560128070731],[-77.04606546122515,38.875600361092516],[-77.04607601374282,38.875599695378874],[-77.04608656737285,38.87559897475634],[-77.04609712267145,38.87559817177095],[-77.0461076818637,38.875597176606796],[-77.04611824216819,38.875596126533765],[-77.04612880469739,38.87559496664387],[-77.04613937056375,38.87559364202916],[-77.04614993865472,38.8755922075976],[-77.04616050785778,38.87559071825714],[-77.04617107928534,38.8755891190999],[-77.04618165349365,38.87558738267179],[-77.04619222992635,38.875585536426854],[-77.04620284314846,38.87558360825379],[-77.04621251143294,38.87558150361643],[-77.0462230934262,38.87557938282896],[-77.04623367819994,38.87557712477068],[-77.04624338883465,38.87557466366387],[-77.0462539775005,38.87557221342593],[-77.04626369147108,38.87556958759363],[-77.04627428514134,38.87556689026805],[-77.04628400244763,38.8755640997102],[-77.04629372197795,38.87556119933573],[-77.04630432232011,38.875558172559714],[-77.0463140468545,38.875555025097704],[-77.04632377305659,38.87555179527301],[-77.04633350092631,38.87554848308556],[-77.04634326558491,38.87554508897012],[-77.04635296333716,38.87554152926056],[-77.04651607823502,38.87546665788566],[-77.04682162351219,38.87529743590006],[-77.04682964919822,38.875291438904576],[-77.04684570390215,38.8752792801881],[-77.04685285322383,38.87527318996392],[-77.04686891181154,38.87526083906641],[-77.04687606446522,38.875254584116895],[-77.04688409514561,38.875248340031824],[-77.04689124779674,38.87524208508137],[-77.0468992784744,38.875235840995295],[-77.04690643334676,38.875229476227965],[-77.04691446568957,38.87522314977883],[-77.0469359347426,38.87520383584089],[-77.0469439704156,38.87519734466587],[-77.04695828681473,38.875184285677435],[-77.04696544612419,38.87517770127464],[-77.04697260432049,38.875171171779265],[-77.04697976585106,38.875164477559615],[-77.04698689059141,38.87515786526692],[-77.04699320921364,38.87515116061685],[-77.04700037018436,38.87514449384991],[-77.04700753337744,38.87513771726659],[-77.04701468823042,38.87513135249251],[-77.04702272222043,38.875124943673896],[-77.04702988040626,38.87511841417498],[-77.04703704192622,38.875111719951754],[-77.04704332708634,38.87510493250243],[-77.04705049360682,38.875097991192526],[-77.04705678209983,38.875091039018585],[-77.04706310960393,38.87508389510097],[-77.04706940309754,38.87507669584049],[-77.04708020669105,38.87506189080133],[-77.04708650518403,38.87505444445404],[-77.04709105207169,38.87504675674793],[-77.04709647698385,38.87503907990487],[-77.04710102498127,38.87503133729031],[-77.04710557520123,38.875023484859675],[-77.04711012653195,38.87501557752085],[-77.04711468008516,38.875007560365916],[-77.04712203447409,38.8749913396054],[-77.04712571333492,38.87498314686297],[-77.04712939386252,38.87497487175847],[-77.04713219636473,38.87496658579077],[-77.04713780470243,38.87494984913136],[-77.04714340636714,38.874933441919325],[-77.04714533139794,38.87492511763432],[-77.04714725754003,38.874916738441335],[-77.0471493537754,38.87489995832932],[-77.04715040411614,38.87489145845738],[-77.0471505758773,38.87488297517648],[-77.04714986794738,38.87487456339463],[-77.0471500402644,38.874866052659726],[-77.0471484543115,38.874857630014894],[-77.0471477463821,38.87484921823298],[-77.04714615876226,38.87484087795006],[-77.04714369311989,38.8748325268042],[-77.0471412258105,38.874824258020176],[-77.04713875683412,38.874816071597984],[-77.04713540816806,38.87480795667472],[-77.04713205616756,38.87480000647529],[-77.04712779046861,38.87479207243209],[-77.04712359167722,38.87478430398166],[-77.0471193560982,38.874776617458586],[-77.04711423916274,38.874769084795965],[-77.04710911889309,38.87476171685709],[-77.04710311837903,38.874754447870664],[-77.047100651077,38.87474617908564],[-77.04709571313937,38.874729806239245],[-77.04709236614987,38.874721608952605],[-77.04708989718254,38.87471342252925],[-77.04707985066173,38.87468910520829],[-77.04707314946435,38.874673067535724],[-77.04706891945622,38.874665106470665],[-77.04706556691387,38.874657183723045],[-77.0470613369075,38.8746492226577],[-77.04705798269906,38.874641382271726],[-77.04705375102677,38.87463350356807],[-77.04704528323781,38.8746179657921],[-77.04704016965684,38.87461026840209],[-77.04703593409705,38.874602581875635],[-77.04703081217959,38.87459529629495],[-77.047024813911,38.874587917488284],[-77.04701969143981,38.87458065936106],[-77.04701368928222,38.874573472731726],[-77.04700856736912,38.87456618714998],[-77.04700256521384,38.87455900052003],[-77.0469974433029,38.87455171493782],[-77.0469914394822,38.874544610669204],[-77.04698543733045,38.87453742403832],[-77.04698031375501,38.87453022081725],[-77.0469623028629,38.87450888055375],[-77.04693227546747,38.87447377100783],[-77.04690821178012,38.87444601237861],[-77.04690135952028,38.874439172214935],[-77.04688934246664,38.8744254303849],[-77.04688245564577,38.87441856233149],[-77.04687644462008,38.8744118149586],[-77.04686955613386,38.874405029266335],[-77.04686354566647,38.874398254438745],[-77.04685662206205,38.87439146831115],[-77.04684976647648,38.87438479286825],[-77.04684375434476,38.87437810040158],[-77.04683686419693,38.87437139706935],[-77.04682997182647,38.87436480355262],[-77.04682395969824,38.87435811108489],[-77.04681706733025,38.87435151756738],[-77.04681017385155,38.87434497895748],[-77.04680328204208,38.87433835798516],[-77.0467825999493,38.87431882451354],[-77.04676191341974,38.8742995106701],[-77.04675413971077,38.8742930710069],[-77.04674034499313,38.87428037813488],[-77.04673523035689,38.87427273563889],[-77.04672923492575,38.87426521954658],[-77.04672411806769,38.87425768686606],[-77.04671812152694,38.87425022568112],[-77.04671212331934,38.87424284685786],[-77.04670012301567,38.87422828138819],[-77.04669324290421,38.87422108387552],[-77.04668723914126,38.87421397959074],[-77.04668035569625,38.87420694680123],[-77.04667431514706,38.87419992444312],[-77.0466605767117,38.87418618874452],[-77.04665368826755,38.874179403039264],[-77.04664592014178,38.874172688828885],[-77.04663902780797,38.87416609530064],[-77.04663213380724,38.87415958413395],[-77.04662436290538,38.87415300719201],[-77.04661662212094,38.87414667777009],[-77.04660103297029,38.87413412743665],[-77.04658547171667,38.874121934437596],[-77.04657590920627,38.87411709281324],[-77.0465672336084,38.874111822791605],[-77.04655944436698,38.87410615182686],[-77.046550784342,38.874100113092375],[-77.0465438870191,38.8740937666443],[-77.04653696124994,38.87408709031326],[-77.0465301112841,38.87408014031137],[-77.04652411144177,38.874072843840146],[-77.04651903140775,38.874065229223056],[-77.04651388280212,38.87405753137436],[-77.0465096545606,38.874049487926044],[-77.04650630711366,38.8740413180753],[-77.0465029618919,38.874033038408534],[-77.04649429131452,38.874027521295474],[-77.04648474828667,38.87402171877411],[-77.0464760843854,38.87401587221189],[-77.04646742604669,38.87400975110918],[-77.04645964739048,38.874003558511916],[-77.0464518737407,38.87399711882827],[-77.0464432237482,38.87399058591394],[-77.04643633367499,38.87398388255755],[-77.04642857059592,38.873976921246566],[-77.0464216855306,38.87396997080341],[-77.04641480547183,38.87396277327395],[-77.04640792763898,38.87395546592816],[-77.04640105258824,38.87394802131204],[-77.04639505777537,38.87394047774804],[-77.04638906630063,38.87393276945985],[-77.04638659910913,38.873924500658134],[-77.04637866211439,38.87388277172805],[-77.04637549098967,38.87386589895946],[-77.04637266023073,38.873832224350664],[-77.04637195407082,38.87382373019993],[-77.04637124624266,38.87381531841114],[-77.04637141642483,38.8738069174911],[-77.04637071082148,38.87379839588633],[-77.04637139544323,38.87376460002786],[-77.04637244530336,38.87375612761448],[-77.04637261604144,38.87374769924027],[-77.04637366423275,38.87373930918877],[-77.04637471409225,38.873730836775266],[-77.04637890741016,38.87369724911486],[-77.04638276036307,38.87368046329481],[-77.04639238300506,38.87363897918865],[-77.04639518331562,38.87363080305174],[-77.04639536128056,38.87362201777539],[-77.0463984918532,38.87359580393311],[-77.04640235591884,38.873578469032175],[-77.04640428489222,38.87356995257857],[-77.04640990052027,38.873552859046185],[-77.04641270694297,38.87354438091481],[-77.04641638914738,38.87353602346771],[-77.04642375021687,38.87351947329705],[-77.04642739229338,38.87351136250076],[-77.04643198261603,38.87350326344202],[-77.04643653614905,38.87349524631038],[-77.04644196435063,38.87348740477066],[-77.04644651398871,38.873479579816504],[-77.0464519382952,38.873471930454215],[-77.04645824060663,38.87346429195973],[-77.0464636593496,38.873456917136785],[-77.04646995720954,38.873449498273565],[-77.04647625061935,38.873442299041955],[-77.04647905369322,38.87343398563271],[-77.04648097987308,38.87342560644749],[-77.0464865849056,38.87340903453663],[-77.04648938908919,38.87340066621908],[-77.04649131359864,38.873392369395624],[-77.04649411666884,38.873384055985916],[-77.04649692085059,38.873375687668144],[-77.04649972336337,38.87336740171227],[-77.04650164787071,38.87335910488857],[-77.04650445038233,38.8733508189325],[-77.04650725456155,38.873342450614494],[-77.04651005762796,38.87333413720429],[-77.04651201725343,38.87332584081501],[-77.0465175871508,38.87330926846758],[-77.04652039132688,38.873300900149076],[-77.04652231583006,38.87329260332489],[-77.04653352585264,38.87325945949779],[-77.04653633002492,38.87325109117881],[-77.046538255081,38.87324276690024],[-77.04654386008602,38.87322619498592],[-77.04654491214224,38.87321761275383],[-77.04654596197388,38.87320914033771],[-77.04654613602676,38.87320054723815],[-77.04654718752626,38.87319199246],[-77.04654736157894,38.873183399360414],[-77.0465484114098,38.873174926944195],[-77.04654928055973,38.87313201635393],[-77.0465485743858,38.87312352220276],[-77.04654874843818,38.87311492910303],[-77.04654804393272,38.873106352589886],[-77.04654821798508,38.87309775949013],[-77.04654751125555,38.87308929279289],[-77.04654680730656,38.8730806888257],[-77.04654714985068,38.873063777165946],[-77.04654644200944,38.87305536537665],[-77.04654661272542,38.87304693700073],[-77.04654448920292,38.873021701632574],[-77.0465429022497,38.87301333388373],[-77.046541316409,38.873004911226836],[-77.04653814139228,38.872988230636864],[-77.04653655166013,38.872980000157824],[-77.04653408504048,38.872971703903204],[-77.04653249586524,38.87296344597008],[-77.04653002869054,38.87295517716933],[-77.04652755984816,38.872946990730554],[-77.04652421133844,38.87293887578606],[-77.04652174027294,38.87293079916307],[-77.04651839176464,38.87292268421839],[-77.04651169085766,38.87290664650668],[-77.04650833901505,38.87289869628564],[-77.04649987544154,38.87288296628566],[-77.04649651970871,38.872875208242206],[-77.04649140631076,38.87286751082495],[-77.04648713579267,38.87285982384059],[-77.04648293384702,38.872852220087516],[-77.04647781711557,38.872844687393616],[-77.04646758031924,38.87282978672904],[-77.04646334325751,38.87282218254049],[-77.04645822986693,38.8728144851217],[-77.04644975574818,38.87279927674366],[-77.04644464236067,38.87279157932426],[-77.04644040530364,38.87278397513477],[-77.04643613479598,38.87277628814844],[-77.04643193286061,38.87276868439337],[-77.0464268194772,38.8727609869731],[-77.04642258242386,38.87275338278294],[-77.0464183470398,38.872745696230616],[-77.04641323199111,38.87273808117172],[-77.04640476122769,38.87272270806615],[-77.04640052417895,38.872715103875116],[-77.04639541135887,38.87270737899943],[-77.04639114086059,38.872699692011295],[-77.04638693893448,38.87269208825447],[-77.04638270355784,38.872684401700745],[-77.04637759018574,38.87267670427818],[-77.04637335314257,38.87266910008608],[-77.04636064702383,38.8726460404228],[-77.04635553365681,38.872638342999196],[-77.04635129884286,38.87263062899027],[-77.04634706180524,38.872623024797136],[-77.04633859051341,38.87260767914039],[-77.04633347770763,38.872599954261744],[-77.04630806608462,38.87255380747029],[-77.0463029527298,38.87254611004422],[-77.04629871903929,38.8725383411252],[-77.046277542814,38.87249988088357],[-77.04627330912898,38.87249211196353],[-77.0462690737763,38.87248442540536],[-77.04626396043062,38.87247672797745],[-77.04625972507988,38.87246904141887],[-77.04625549195478,38.87246124504417],[-77.04624702125783,38.87244587192618],[-77.04624278757929,38.872438103004946],[-77.04623855223308,38.872430416445546],[-77.04623431855636,38.872422647523976],[-77.04623008376818,38.8724149335103],[-77.04622849797742,38.872406510847874],[-77.04622691385563,38.87239800582347],[-77.04622620995187,38.87238940185287],[-77.04622638181627,38.87238091856801],[-77.04622743389807,38.872372336337],[-77.04622936174738,38.872363874791695],[-77.04623216425156,38.8723555888401],[-77.04623584307888,38.87234739612018],[-77.04623951689963,38.872339450486095],[-77.04624406481842,38.872331707899505],[-77.04624948572264,38.87232422326838],[-77.04625577961204,38.87231699659252],[-77.0462620646013,38.8723102091803],[-77.0462692214632,38.87230373463116],[-77.04627724741678,38.87229771021497],[-77.04628526613875,38.872292042700224],[-77.04629067980547,38.87228491496906],[-77.04629696979411,38.8722778804689],[-77.04630238234625,38.87227080764518],[-77.0463086723325,38.8722637731444],[-77.04631496064906,38.87225682100524],[-77.04632037152936,38.872249830542664],[-77.04633294815653,38.87223592626269],[-77.04635180863896,38.87221528947218],[-77.04635809361021,38.872208502054626],[-77.0463643802487,38.87220163227473],[-77.04637066354915,38.87219492721849],[-77.04637694851685,38.87218813979988],[-77.0463832312588,38.87218146219689],[-77.046390392546,38.8721747680082],[-77.04639667584168,38.87216806295052],[-77.04640295746779,38.8721614402545],[-77.04641011708279,38.87215482842657],[-77.04641639815038,38.872148233183765],[-77.04562729295583,38.871611707656946],[-77.0456942377817,38.87148564001109],[-77.04590158937647,38.87111512420898],[-77.04592349424173,38.87107598908058],[-77.04613082039992,38.870725683768285],[-77.04633856801925,38.87037181338561],[-77.04649880577261,38.87009155388652],[-77.04652516040584,38.870045471196065],[-77.04665394443074,38.86982018330546],[-77.04667756920388,38.86977933928473],[-77.04687781156389,38.86943328377851],[-77.04702358861906,38.86919041110503],[-77.04718151312879,38.868916575345295],[-77.0473349420614,38.86866347165558],[-77.04744407695172,38.86849011550732],[-77.04748704787416,38.86842188497494],[-77.04752301683153,38.8683698521286],[-77.04755548341144,38.86832598675807],[-77.0475894466778,38.868282798953416],[-77.0476308784064,38.86823333258741],[-77.04778483421518,38.86805992636656],[-77.04788831168645,38.86794559570132],[-77.04794036270906,38.86789208649701],[-77.04799390593101,38.86783947447144],[-77.0480699469039,38.86776865942867],[-77.04814865511082,38.86769968973669],[-77.04823002943955,38.8676326202983],[-77.04831396342617,38.867567504713705],[-77.04858273888641,38.867371735816526],[-77.04875626350156,38.86725178946192],[-77.0488534064638,38.8671900222197],[-77.0489170401962,38.867147310567624],[-77.04895149894236,38.86712645421262],[-77.04899499010794,38.867100134903666],[-77.04907648937356,38.86705113570636],[-77.04913521386425,38.867016683928576],[-77.04919511340883,38.86698318031148],[-77.04925971914011,38.86694970735031],[-77.04926437220057,38.866947156054735],[-77.0493207774335,38.86691621798678],[-77.049392605035,38.8668782207467],[-77.04949670700657,38.86682488706813],[-77.04983047703853,38.866673416314605],[-77.04996331750628,38.866621508136994],[-77.05013300739164,38.866562832617156],[-77.05043281981592,38.866459162202936],[-77.05062891626687,38.86640029364872],[-77.05064298593005,38.86639607014473],[-77.0507818332546,38.866356263073015],[-77.05082108473377,38.86634502172492],[-77.0510059235145,38.866299383628174],[-77.051041698205,38.8662915868355],[-77.05116987977361,38.86626364981924],[-77.0511842412372,38.86626051970607],[-77.05286460823605,38.86601279456704],[-77.05322330712416,38.86599195091512],[-77.05364792545248,38.865976861157904],[-77.05394263137191,38.86597664651108],[-77.05424502737841,38.8659855930558],[-77.05432737575377,38.865988029809245],[-77.05438107765508,38.865990009119656],[-77.05452457750289,38.86599809179971],[-77.05496986493026,38.866020598517885],[-77.05549053682962,38.866065532855615],[-77.05592319169948,38.86610839381361],[-77.05629817005448,38.866154800453515],[-77.05633473068663,38.8661594103055],[-77.0564461294656,38.86617345312685],[-77.05663515135859,38.86619730619916],[-77.05696811153265,38.86624066776212],[-77.05733298419499,38.86630583996055],[-77.05764718857243,38.86636316640564],[-77.05795937153516,38.866430215785115],[-77.05807152926039,38.86645809292179],[-77.0581707460825,38.8664838647529],[-77.05827447936124,38.866510810985694],[-77.05840262289429,38.86654409135272],[-77.05849434253676,38.86656791038582],[-77.05935421869565,38.86679705221775],[-77.05977137665293,38.86691931778831],[-77.0600504470262,38.86699128279164],[-77.0600788924748,38.86699860668547],[-77.06037366895335,38.867065106582814],[-77.06055945843097,38.86710143580416],[-77.06077503717962,38.86714115056193],[-77.06096856557139,38.86715942236754],[-77.06116248882553,38.86718253180073],[-77.0613697901065,38.867198884689955],[-77.06151241512381,38.86720870556435],[-77.06165514517963,38.86721504002447],[-77.06174282136726,38.867218448177674],[-77.06178462348728,38.86722008610045],[-77.06199701784712,38.86723120031989],[-77.06211695574504,38.867226792501896],[-77.06228536647605,38.8671921841915],[-77.06246238325082,38.86714451524755],[-77.0628975780663,38.86702256665221],[-77.06697700371359,38.86582439723811],[-77.06707150670049,38.86577146819354],[-77.06716474232125,38.86571625637344],[-77.06724828132236,38.865664660831335],[-77.06735824766128,38.86559303921197],[-77.06745652117459,38.86552473489594],[-77.0675532076393,38.865454983173855],[-77.06777077293917,38.86529476706154],[-77.06781931358039,38.865256145087486],[-77.0678656135476,38.865214073457786],[-77.06786583267562,38.86521387360689],[-77.06786824910836,38.86521357355073],[-77.06809913521305,38.865184891918894],[-77.06827580644072,38.86516938902253],[-77.06827711078036,38.86516926247427],[-77.06828010659481,38.86516897119073],[-77.06850966473765,38.86514664690678],[-77.06869111668739,38.8651347990411],[-77.06871805080178,38.865133040347764],[-77.06876402562807,38.8651314588266],[-77.06878524680394,38.865130728912376],[-77.06908922380426,38.8651202640334],[-77.06942274900082,38.86511246509602],[-77.06984553585552,38.86514296189911],[-77.07025063377048,38.86519921971395],[-77.07056988926935,38.86524654983836],[-77.07083800987942,38.86528825882345],[-77.0714618637813,38.8654011628622],[-77.07171750581948,38.86545397693427],[-77.07197076031184,38.86550676140667],[-77.07212306700832,38.86554359876216],[-77.07220453035099,38.865564361182706],[-77.07228553176402,38.865585392537255],[-77.07236605267897,38.86560762626842],[-77.07245593862936,38.86563406546453],[-77.0728133504121,38.86574638622922],[-77.07316118155767,38.86586539974415],[-77.07340413297013,38.86595952169155],[-77.07352841238404,38.86601000451073],[-77.07330675574497,38.86606792084173],[-77.07310710707397,38.866120088578775],[-77.0730792926009,38.8661273572035],[-77.07236322737018,38.86631445530187],[-77.07217028607182,38.866364866571416],[-77.07191490547174,38.86643663779959],[-77.07109927284988,38.86666585208619],[-77.0710899849264,38.86666835813127],[-77.07096846504945,38.86670114001742],[-77.07027627319856,38.8668819872416],[-77.0702723053025,38.8668830236287],[-77.07018682116144,38.86690535185184],[-77.06995199047793,38.866965837263756],[-77.06987084625216,38.86698673866424],[-77.0702833130062,38.867971417267896],[-77.07074940327269,38.86909509250614],[-77.07080480537404,38.86907566040048],[-77.07082496661357,38.86906162618136],[-77.07113073510942,38.868848654317716],[-77.0714046045148,38.86879107862866],[-77.07168804982841,38.86874122542578],[-77.07194499940714,38.86869893055382],[-77.07267659789706,38.86857850275793],[-77.07313450592278,38.86846846844708],[-77.07315370561807,38.86846389611916],[-77.07657112859405,38.86764999123662],[-77.07676317208019,38.86778301182969],[-77.07713266261364,38.8680505639959],[-77.07747110776262,38.86830730375144],[-77.07781757015924,38.86858500976779],[-77.07813035137683,38.86884308433448],[-77.07833745519643,38.86902329741892],[-77.07834625361701,38.869023560127374],[-77.08127846278438,38.868869361871155],[-77.08127832385719,38.86886794939695],[-77.08105560684315,38.86763944137495],[-77.08099013647312,38.86733955281232],[-77.08096484886444,38.867223712948544],[-77.08085752968357,38.86671409155928],[-77.08085694601667,38.866711412229826],[-77.08072185414157,38.8660909511311],[-77.08065466617903,38.86578236730152],[-77.08059387277036,38.865442086880044],[-77.08059354702623,38.865442129282236],[-77.08057908869105,38.865359107074426],[-77.08057455628634,38.86533963751869],[-77.08044085498207,38.86476510705037],[-77.08037262143885,38.864450130805864],[-77.08033275784454,38.86428131425227],[-77.08031331953046,38.86412757346802],[-77.08025597170412,38.86383055076243],[-77.08017574966759,38.863480718914595],[-77.08001330627633,38.862815097580835],[-77.0797690447163,38.861760288377646],[-77.07976065396252,38.861724050186126],[-77.07912471626125,38.86174838199991],[-77.07860475441748,38.861755434263976],[-77.07718470370787,38.86145538770462],[-77.07696650358602,38.861477457976406],[-77.07548820496154,38.86163528041257],[-77.07486516906471,38.86170186373437],[-77.07479955440624,38.861470396371125],[-77.07473719841803,38.861249952840815],[-77.07467495185803,38.861024018424025],[-77.07464270047755,38.860891814922624],[-77.07461648973452,38.86078439948812],[-77.07459352614418,38.86070448429519],[-77.07452163870036,38.860431721835326],[-77.074462631725,38.86021958445378],[-77.0744529155032,38.86017827523138],[-77.07406930119376,38.86021755410086],[-77.07392500679532,38.860232278022316],[-77.07388629691378,38.86023606425686],[-77.07300300222285,38.86032268040219],[-77.07248568016635,38.860374059334916],[-77.0724328999609,38.86037890975209],[-77.07238363114804,38.86038380284272],[-77.07239312776909,38.86043609391436],[-77.07179125704232,38.860500199585466],[-77.0717805308669,38.86050089293067],[-77.07176976520654,38.86050180548122],[-77.07175906649599,38.86050288361031],[-77.07174836341441,38.86050418137198],[-77.07173776294286,38.860505617685206],[-77.07172719321414,38.860507274058165],[-77.0717166553209,38.86050909558254],[-77.07170614871661,38.86051110971255],[-77.0716957436294,38.86051331730247],[-77.0716853709238,38.86051566258967],[-77.07167509918875,38.860518228791044],[-77.07166485928876,38.8605209601439],[-77.07165472145194,38.86052385750258],[-77.0716446851318,38.860526948321336],[-77.07163471521417,38.86053023217306],[-77.07162484845237,38.86053362712225],[-77.07161508320705,38.86053721553157],[-77.07160542002457,38.86054096994689],[-77.07159585781216,38.860544945276615],[-77.0715864344157,38.86054900467695],[-77.0715771476497,38.86055325796478],[-77.0715679278322,38.860557676831434],[-77.07155884519143,38.86056226213145],[-77.07154989972734,38.86056701386475],[-77.07154112764682,38.86057187755032],[-77.07153245653596,38.860576962150446],[-77.07152392424095,38.860582130821406],[-77.07151559935069,38.86058746678031],[-77.0712595729164,38.8607436243403],[-77.07116367153344,38.8607973789565],[-77.07106589393192,38.86084833711524],[-77.07106074716314,38.86085104802044],[-77.07105127983625,38.86085554621726],[-77.07104167314456,38.86085998779539],[-77.07103210429896,38.860864292529165],[-77.07102239608851,38.860868540644255],[-77.07101261983506,38.86087267808702],[-77.07100281065266,38.86087670528483],[-77.07099289776642,38.86088064883707],[-77.0709829519514,38.860884482144336],[-77.07097293754676,38.86088823223335],[-77.0709628550992,38.860891871650004],[-77.07095270406205,38.86089542784837],[-77.07094252009628,38.86089887380175],[-77.07093226808766,38.860902209082596],[-77.07092198260385,38.86090546157264],[-77.07091162907729,38.860908603390165],[-77.07090120750797,38.86091163453519],[-77.07089078812444,38.86091455586254],[-77.07088026503736,38.86091739354411],[-77.07086970902196,38.86092012098052],[-77.07068574804497,38.86098653370578],[-77.0706759162898,38.86098992900233],[-77.07066601594543,38.86099324108051],[-77.07065604755859,38.86099644248618],[-77.07064607971765,38.8609996164368],[-77.07063604438109,38.86100265226057],[-77.07062597556974,38.8610056052935],[-77.0706158376225,38.86100850256212],[-77.07060570186157,38.86101129001315],[-77.07059549751162,38.86101399424573],[-77.07058525968702,38.86101661568736],[-77.07057498838768,38.861019154337974],[-77.0705646841606,38.86102158274349],[-77.07055434645885,38.86102392835796],[-77.07054397473577,38.861026218635615],[-77.07053360574609,38.861028371641474],[-77.07052316762076,38.86103046888293],[-77.07051269602101,38.861032483333375],[-77.07050222660796,38.86103438796618],[-77.07049168860624,38.86103620938036],[-77.07048115279125,38.86103792097688],[-77.07047058350199,38.861039549782326],[-77.07046001585275,38.86104109622426],[-77.0704494498436,38.861042560302664],[-77.07043878013165,38.86104394073495],[-77.07042814772095,38.861045211777046],[-77.070417482383,38.86104637257387],[-77.07040681868527,38.861047451007174],[-77.07039608585235,38.861048473676],[-77.0703854254352,38.86104938738223],[-77.07037469697667,38.861050190415604],[-77.07036396906474,38.861050965993805],[-77.07035324498075,38.86105154939174],[-77.07034248632912,38.861052104906896],[-77.07033173041178,38.86105252315018],[-77.07032097504121,38.861052913938245],[-77.07031022240501,38.86105316745443],[-77.07029947140941,38.861053338607036],[-77.0702886869402,38.86105342696852],[-77.07027793977285,38.86105340593989],[-77.07026712401766,38.861053301692436],[-77.07025638013188,38.86105311593671],[-77.07024563843382,38.86105282036324],[-77.07023486326233,38.86105244199859],[-77.06944788996277,38.861024805424336],[-77.069329688089,38.86169800438282],[-77.06921604551555,38.86162463952283],[-77.06912737911973,38.86156739810368],[-77.06895466962,38.86145589770524],[-77.06895372856651,38.86145531298986],[-77.06860219363625,38.86123658251611],[-77.06842004212413,38.86111880637549],[-77.06826703193542,38.8610365849783],[-77.06796710691246,38.86087541682007],[-77.06725052595448,38.86041829344186],[-77.06715517865607,38.86067638786963],[-77.06715246898321,38.860683686851075],[-77.06709659369845,38.860850567683634],[-77.06701487938543,38.860837436101406],[-77.06675580251203,38.860795801051445],[-77.0666262633656,38.86077502449313],[-77.06652476132354,38.86075730873681],[-77.06652483977693,38.86075689778171],[-77.06638268538653,38.86072764628474],[-77.06644574990528,38.860316970146904],[-77.06649087351715,38.860021987225124],[-77.06651390424403,38.859871233633065],[-77.06653789933036,38.859714395492674],[-77.06657054252803,38.85950087384305],[-77.06669214827603,38.85870527910865],[-77.06660774736002,38.85871248694607],[-77.06651974516627,38.85872239684004],[-77.06643179778438,38.85872956124965],[-77.06634385038488,38.85873672559336],[-77.06625941428375,38.85874393275156],[-77.06617141255181,38.858753814930246],[-77.06608346454814,38.85876100653304],[-77.0659990283923,38.85876821350393],[-77.06565069477891,38.85879965750311],[-77.06564504379946,38.85873093625592],[-77.06556066250442,38.85873539749359],[-77.06547276988368,38.85873981576685],[-77.06538838911626,38.858744249426564],[-77.06529347329419,38.85874860920684],[-77.06529528334151,38.85883376006835],[-77.06515455558231,38.85884579816208],[-77.06507015489555,38.858852977439774],[-77.06497860588311,38.858862842833254],[-77.06489416949654,38.85887004900941],[-77.06480271044994,38.85887716927732],[-77.06471827402886,38.85888437532699],[-77.0646303262687,38.85889153838692],[-77.0645458898134,38.85889874431258],[-77.06445437523465,38.85890863718069],[-77.06436637250314,38.85891854546024],[-77.06428193598958,38.858925751196004],[-77.06419393321329,38.85893565934628],[-77.06410598533795,38.85894282201339],[-77.06401798251643,38.85895273003171],[-77.06393003460262,38.85895989256701],[-77.06384556288334,38.85896709755941],[-77.0637540837836,38.85897696285687],[-77.06366964713987,38.85898416815223],[-77.06358164365795,38.858994103297604],[-77.06349012992375,38.85900394050557],[-77.0634372206552,38.859008236078765],[-77.06335850976717,38.85901462559779],[-77.06335991125133,38.85903661832618],[-77.06335882654103,38.85907150784654],[-77.06335486473569,38.85910625231686],[-77.06335002647941,38.85913214365491],[-77.06334112357617,38.85916633336528],[-77.0633380513258,38.859495277234466],[-77.06334488362099,38.85986051512948],[-77.06334636526913,38.85993969612979],[-77.06333328294924,38.86044761732757],[-77.06334717608428,38.860764219069885],[-77.0633487177261,38.8607837076983],[-77.06334923530062,38.860794698383714],[-77.06334947251159,38.86080565817753],[-77.06334946337402,38.860816642417745],[-77.06334920843729,38.860827623650245],[-77.06334870770138,38.86083860187498],[-77.06334796116602,38.860849577092004],[-77.06334693426665,38.8608605214174],[-77.06334566156772,38.86087146273504],[-77.06334414361856,38.86088237359079],[-77.06334237986965,38.86089328143879],[-77.06334033575611,38.86090415839516],[-77.0633380820559,38.860914977865086],[-77.06333554744134,38.86092579389755],[-77.06333276812565,38.860936552013825],[-77.06332974355915,38.860947279668096],[-77.0633264742913,38.86095794940624],[-77.06332295977245,38.86096858868234],[-77.06331920055207,38.86097917004216],[-77.06331519663004,38.860989693485834],[-77.06331094745666,38.86100018646732],[-77.06330648924522,38.861010594508116],[-77.06330175176726,38.8610209167487],[-77.06329676903768,38.861031208527116],[-77.06329157726977,38.86104141536473],[-77.06328614134928,38.86105153683171],[-77.06324058733566,38.86111325550448],[-77.06324033734111,38.861113571677905],[-77.06318863883315,38.86117200564801],[-77.06318820369401,38.86117246887411],[-77.06313064298033,38.86122733324903],[-77.06313008631042,38.861227836178955],[-77.06306683824457,38.86127894944558],[-77.06306637450884,38.86127930591033],[-77.0629974945087,38.861326531433576],[-77.06290608202995,38.86125003245404],[-77.06280976260477,38.861177305842766],[-77.06270878915763,38.861108546910415],[-77.06260343028103,38.86104393571285],[-77.06249396351436,38.86098364383463],[-77.06238067760731,38.860927830983975],[-77.06226196272993,38.86087039828332],[-77.06213981516554,38.860817548863196],[-77.06201452437794,38.86076940639991],[-77.06188638438918,38.86072608604514],[-77.06175570482175,38.86068769112852],[-77.06162278898682,38.860654311173306],[-77.06146842349673,38.86062239485892],[-77.06146756166784,38.86062224184599],[-77.06131203051177,38.86059723290259],[-77.0613108482335,38.86059707767803],[-77.06115408697367,38.860578903226646],[-77.06115307673,38.86057881704477],[-77.06099508779202,38.860567463380534],[-77.0602593200111,38.860574622708924],[-77.06009001333554,38.86057626907626],[-77.05977881408943,38.860555887961766],[-77.05978109194561,38.86053503017434],[-77.05978098871917,38.86052267150361],[-77.05977738243924,38.860355829762966],[-77.05976854035927,38.86018911601363],[-77.05976145767646,38.86009750194516],[-77.05975364405779,38.860014309404434],[-77.05973414941384,38.85984812402077],[-77.05971995475616,38.85974862379842],[-77.05971193455741,38.859715984238086],[-77.05968046361727,38.85960229446539],[-77.05964374048212,38.85948955629828],[-77.05962043764649,38.85942564348987],[-77.05959547680779,38.85936209478652],[-77.05956882175478,38.85929896466471],[-77.05954050705373,38.85923628100819],[-77.05951056727073,38.85917407170078],[-77.05947896674526,38.8591123637646],[-77.05944577570733,38.859051158060005],[-77.05941095794502,38.85899050906313],[-77.05937187712911,38.85892527669347],[-77.05936127394072,38.8589075990622],[-77.05933313082787,38.85886262973939],[-77.05929876838887,38.85881080124436],[-77.05925751343553,38.85875240738001],[-77.0592141330257,38.85869492108683],[-77.05917449040585,38.85864544431285],[-77.05912731445108,38.85858983366801],[-77.05908440682795,38.85854204682773],[-77.0590399717652,38.85849511997265],[-77.05899407949028,38.8584490539631],[-77.05892564476537,38.85838521863351],[-77.05886254059122,38.8583287807599],[-77.05879804726783,38.858273314390644],[-77.05872476917513,38.858212824635295],[-77.05865738836829,38.85815949214962],[-77.05858872320061,38.85810715990871],[-77.05851873690509,38.85805590984163],[-77.05845546646107,38.85801127789216],[-77.05838312155649,38.85796205834939],[-77.05830955975782,38.857913977175684],[-77.05819189524188,38.85784094157928],[-77.05810080238464,38.85778440669384],[-77.0580491372235,38.8577547734092],[-77.05798731666421,38.85772191228131],[-77.05793309847584,38.85769524082694],[-77.05787776260158,38.85767001104678],[-77.05783081974792,38.85765007445551],[-77.05777363914075,38.85762751313526],[-77.05771551585211,38.85760642309586],[-77.05766642972343,38.85759003002801],[-77.05760677549405,38.85757172214024],[-77.05754638704309,38.85755499793467],[-77.05748533514384,38.85753983081884],[-77.05743397171129,38.85752840756033],[-77.05727834366968,38.85749900679737],[-77.0571113424131,38.85747105878207],[-77.0569329541451,38.8574452498196],[-77.05678535489083,38.857427041302344],[-77.05663724403983,38.857411572402356],[-77.05649935162704,38.85739968903284],[-77.0562356977038,38.85738046473839],[-77.05603626698601,38.857360162428336],[-77.05588668495542,38.85734102217819],[-77.05574640863236,38.85731988172177],[-77.05573787154547,38.85731859587918],[-77.05573567412742,38.85731816723049],[-77.0556656647405,38.85730452632415],[-77.05560321539747,38.857294256537415],[-77.05552990695384,38.857284319946665],[-77.05545613132057,38.85727665681953],[-77.05538199382781,38.85727126845125],[-77.05530770514288,38.85726815743371],[-77.05523326581135,38.857267296312436],[-77.05516949872631,38.857268406368405],[-77.05510580381545,38.85727116493456],[-77.05505283946815,38.857274742059445],[-77.05382577789409,38.85732361728063],[-77.05310745716811,38.85739797334645],[-77.05225895569363,38.85752555930615],[-77.05221050173571,38.857532843079476],[-77.05216987277701,38.85753895154774],[-77.05208626775003,38.85755152223248],[-77.05200919647207,38.85756305269287],[-77.05200408628029,38.85756381692678],[-77.05200203206718,38.85756412455488],[-77.05195858764775,38.85757062558643],[-77.05189533435244,38.85758008833566],[-77.05180367138064,38.85759384151186],[-77.05180343144963,38.857593874594684],[-77.051503285163,38.85763357898375],[-77.05146690066248,38.857637982076504],[-77.05132086967993,38.857646629114704],[-77.05117449570922,38.8576502995891],[-77.05102587012578,38.85764894076462],[-77.0508774644434,38.85764245269937],[-77.04956525338392,38.85758243099335],[-77.04931029147549,38.857570767901784],[-77.04930791706296,38.85761309023969],[-77.0491317507847,38.85760256515005],[-77.04910376780725,38.857991313776544],[-77.0489360899278,38.858016357429776],[-77.04868709286453,38.85804713728484],[-77.04866466089739,38.85804954085902],[-77.04865672475084,38.858006054422376],[-77.04850333096023,38.85802085431913],[-77.04851126646022,38.85806436822013],[-77.04842901523378,38.85807115020609],[-77.04841268525949,38.85797903643663],[-77.04835500680642,38.857722479709174],[-77.04832279739992,38.857596632858424],[-77.048298212928,38.857501976397764],[-77.04828541281071,38.85745284490675],[-77.04675563992883,38.85727042289821],[-77.04674985509313,38.85731664707374],[-77.04673752467274,38.85742433371551],[-77.04671456741937,38.85758505326512],[-77.04667898661633,38.8577950737621],[-77.04663798026407,38.85801285345431],[-77.04654324694299,38.85842441916252],[-77.0465240517012,38.85849818885097],[-77.04650558891366,38.858563537084315],[-77.0464832439909,38.858636746011896],[-77.04646201720999,38.858701565719855],[-77.04641868862213,38.85882237931649],[-77.04637085086704,38.85894212100953],[-77.046338264913,38.85903887446505],[-77.04630078344309,38.85914322890531],[-77.04625791761835,38.85925504096764],[-77.04621246550687,38.859366216846325],[-77.04615379271848,38.85950065320023],[-77.04610282358368,38.85961195294217],[-77.04602555627983,38.85976963808936],[-77.04591959934722,38.859972113694795],[-77.04585980784596,38.86008890609838],[-77.04576343521066,38.86028460756246],[-77.04569703587242,38.86040681022668],[-77.0456248734361,38.86053608131326],[-77.0455516225736,38.86066012128771],[-77.04548093169316,38.860775680031686],[-77.04536623769232,38.86095852213918],[-77.04532759994342,38.86101669832776],[-77.04521081672848,38.86119254102874],[-77.04518781131692,38.861227186313336],[-77.04502578288411,38.86144923248661],[-77.04485635468791,38.861663744804716],[-77.04464140100505,38.86190792708871],[-77.0445153764027,38.86205523073499],[-77.04442938992594,38.86215242007293],[-77.04434187542962,38.862248739114136],[-77.04428481737587,38.86231020330063],[-77.04419990195076,38.862397849337675],[-77.04407289593414,38.862524187632395],[-77.04394252565311,38.86264839703671],[-77.04376323518065,38.862812037631016],[-77.04344199062929,38.86309941358797],[-77.04302243192608,38.8634542211176],[-77.04254626120849,38.86370809195086],[-77.04253580128545,38.863704282341125],[-77.04252533132774,38.863700966903146],[-77.0425139706614,38.863698272009486],[-77.04250347784594,38.86369608218511],[-77.04249209320626,38.863694567812956],[-77.04248069853098,38.863693547612435],[-77.04246932447471,38.863693241651646],[-77.04245786959395,38.863693456444636],[-77.04244643644674,38.86369433056935],[-77.04243495814735,38.863695698429666],[-77.04242441458244,38.86369773695593],[-77.04241294630619,38.863700340681724],[-77.0424023436481,38.863703559293604],[-77.04236700516502,38.86371410496617],[-77.04232458781917,38.86372730883986],[-77.04231223551432,38.86373020365118],[-77.04229989547633,38.863732494472416],[-77.04228756324447,38.86373440093584],[-77.04227436316302,38.863735802325905],[-77.04226204988981,38.86373677534942],[-77.04224974776929,38.86373719929088],[-77.04223657612695,38.863737200520895],[-77.04215581057697,38.863736197723995],[-77.04208212389162,38.86373253667478],[-77.04206536875893,38.86373603585277],[-77.0420502968931,38.86374312585512],[-77.04204050405592,38.86374970472769],[-77.04202815452444,38.86375246223893],[-77.04201501411274,38.86375092601813],[-77.04200543711785,38.863746880176166],[-77.04199585900857,38.86374288924153],[-77.04198627699608,38.86373909048432],[-77.04197669386912,38.863735346634456],[-77.04196623062577,38.86373170169822],[-77.04195660680774,38.86372823195096],[-77.04194705099053,38.863724872891176],[-77.04193657938369,38.86372163976281],[-77.0419261044312,38.86371857135772],[-77.04191647113466,38.863715568325766],[-77.04189554519377,38.86370998102784],[-77.04188505964672,38.86370743424574],[-77.04187457186923,38.86370499727886],[-77.0418640473036,38.86370264223702],[-77.0418535896228,38.86370045279065],[-77.04184309515375,38.86369834526937],[-77.04182209561905,38.863694651850615],[-77.04181155711126,38.86369298315495],[-77.04180108548793,38.863691480054754],[-77.04179057707611,38.86369005887963],[-77.04176867344266,38.86368764488793],[-77.0417581566645,38.863686635520416],[-77.04174675809601,38.86368580742688],[-77.04173623518211,38.86368510005173],[-77.04172570947918,38.86368452994586],[-77.0417143042172,38.86368403129758],[-77.041703772936,38.8636837357301],[-77.04169236209563,38.86368351161999],[-77.04168182579382,38.86368346313684],[-77.04167128558694,38.86368360683094],[-77.04165990149394,38.86368379496435],[-77.04164932115067,38.86368418530666],[-77.04163877257537,38.863684740808374],[-77.04162734444054,38.86368536776701],[-77.04161679251756,38.86368608799096],[-77.04160623668909,38.86368700039218],[-77.04159480018512,38.86368803915816],[-77.04158423933495,38.86368919864372],[-77.041573675137,38.86369052285253],[-77.04156317175102,38.86368885457073],[-77.04155178378485,38.863687504831624],[-77.04154126979934,38.863686358174505],[-77.0415298729072,38.86368544769781],[-77.04151847266775,38.86368470194416],[-77.04150794306109,38.86368432399701],[-77.04149653222123,38.86368409986792],[-77.04148511636,38.86368412282397],[-77.04147457336289,38.86368440377062],[-77.04146314690053,38.8636849483512],[-77.04145259274414,38.863685778376485],[-77.041441157912,38.86368673476542],[-77.04143059538568,38.86368797659924],[-77.04141914939358,38.863689482066675],[-77.04140857626498,38.863691245525175],[-77.04140142261326,38.86369758252167],[-77.04139427398209,38.8637036724315],[-77.04138621569614,38.86370958627441],[-77.0413782332196,38.86371522644894],[-77.04137021897425,38.863720701462476],[-77.04136133186346,38.86372591848297],[-77.04135245033127,38.86373086096244],[-77.04134357381986,38.863735556354975],[-77.04133470065526,38.8637400870226],[-77.0413249568572,38.86374424988071],[-77.04131521640608,38.8637482480138],[-77.04130548264997,38.863751916697666],[-77.04129575447303,38.86375531084041],[-77.04128606643276,38.86375845833235],[-77.0412754358544,38.863761319503794],[-77.04126572329952,38.86376394493122],[-77.04125513899558,38.86376625745644],[-77.0412445613874,38.86376824053234],[-77.04123399047508,38.86376989415896],[-77.04122342402661,38.86377132815235],[-77.04121198582952,38.86377244924312],[-77.04120143165736,38.863773279245805],[-77.04119088473968,38.86377375234517],[-77.04118034340243,38.8637739509033],[-77.04116892920096,38.863773891466536],[-77.04115839958305,38.86377351348803],[-77.04114787722017,38.86377277860619],[-77.04113648031928,38.86377186809132],[-77.04112597023462,38.863770529218826],[-77.04111546517309,38.86376894325912],[-77.04110496513485,38.86376711021222],[-77.0410935760043,38.863767545376994],[-77.04108124656952,38.8637675844033],[-77.04106983962447,38.863767168054515],[-77.04105756316453,38.86376632898569],[-77.04104617296312,38.86376508901369],[-77.04103478945947,38.863763519592226],[-77.04102341767685,38.863761373635],[-77.04101205259236,38.863758898228376],[-77.04100073099599,38.8637560114465],[-77.04098934754167,38.86375271198037],[-77.04097888434596,38.86374906695619],[-77.04097376716672,38.86374161636753],[-77.04096864496529,38.86373441286497],[-77.04096263929735,38.863727472993276],[-77.04095575183756,38.86372071439018],[-77.04094889112224,38.863714368033584],[-77.04094195515397,38.86370826789003],[-77.04093417139318,38.863702404359316],[-77.04092550025922,38.86369699663714],[-77.04091682298684,38.86369189090867],[-77.04090813622693,38.86368725189804],[-77.04089944277015,38.86368294233511],[-77.04088986305638,38.86367903367231],[-77.04087939820194,38.86367547100126],[-77.0408698006286,38.86367244086574],[-77.04085931847251,38.86366972926785],[-77.04084970359709,38.86366755020564],[-77.04083920190585,38.863665799496985],[-77.04082781228237,38.863664532049754],[-77.04081729384625,38.86366360496006],[-77.04080676368817,38.86366325440403],[-77.04079622459889,38.863663343111554],[-77.04078567713648,38.863663843628544],[-77.04077424174073,38.86366482740659],[-77.04076370929751,38.863666316703075],[-77.04075397725155,38.86366817293896],[-77.04074339238704,38.86367051287217],[-77.04073279803194,38.8636733195229],[-77.04072303807253,38.86367654845768],[-77.04071334164426,38.86368010771287],[-77.04070447737858,38.8636841990685],[-77.04069472796914,38.863688636414615],[-77.04068584974517,38.86369341411954],[-77.04067784047369,38.86369864199963],[-77.04066643354194,38.86369822561163],[-77.0406559011465,38.86369798485821],[-77.04064448863235,38.8636978430084],[-77.04063395177087,38.86369782188519],[-77.04062253367407,38.86369795457357],[-77.04061199234638,38.863698153080634],[-77.0406005708998,38.86369845049098],[-77.04058911266287,38.863698829825886],[-77.04057859919264,38.86369938566883],[-77.04056717104623,38.86370001252428],[-77.04055661911045,38.86370073265292],[-77.04054518593891,38.86370160659253],[-77.04053463009454,38.86370251889737],[-77.04052319133937,38.86370366737511],[-77.04051263046958,38.86370482676429],[-77.04050123582078,38.863703806371625],[-77.04048979991536,38.8637030875357],[-77.04047930933515,38.86370251775456],[-77.04046790017061,38.86370221116343],[-77.04045648765617,38.86370206929536],[-77.04044507179172,38.86370209215028],[-77.04043365034384,38.863702389544436],[-77.04042222610411,38.86370282420758],[-77.04041167528317,38.86370348941518],[-77.04040024210944,38.8637043633406],[-77.0403888033518,38.86370551180524],[-77.04037736291872,38.863706742630825],[-77.0403667953457,38.863708231455206],[-77.04035534597782,38.8637099015431],[-77.04033331172512,38.86371391152608],[-77.04032272795692,38.86371619651329],[-77.04031299806317,38.86371967293673],[-77.04030239195771,38.863723056083174],[-77.04029178752643,38.86372635686657],[-77.04028206098023,38.86372966856329],[-77.04027145654706,38.86373296934485],[-77.04026173334945,38.86373611631571],[-77.04024053173778,38.86374236097188],[-77.04022993400187,38.86374533230135],[-77.04022021470978,38.86374828709059],[-77.04020958185669,38.863751257981626],[-77.0401990214674,38.86375411992881],[-77.0401884276371,38.86375689907638],[-77.04016724332475,38.863762292644424],[-77.04014606180148,38.86376754893855],[-77.04013547299328,38.863770080995074],[-77.0401142992839,38.86377495292702],[-77.04010374893976,38.863777320693174],[-77.04008254681241,38.86378186273449],[-77.04007110803738,38.863783011168174],[-77.04006054547312,38.863784252878695],[-77.04004910167093,38.86378564839641],[-77.04003853407947,38.863787137191245],[-77.04002708469136,38.863788807247055],[-77.04001647639846,38.86379057014351],[-77.040005937219,38.86379238882031],[-77.03999448056862,38.86379441577534],[-77.03997331745441,38.86379876605537],[-77.03995214316706,38.863803665412114],[-77.0399309588231,38.86380905893747],[-77.03992036274018,38.86381194787693],[-77.03990976553928,38.86381489172339],[-77.0398991644277,38.863818027747165],[-77.03988858118886,38.86382028524113],[-77.03987711950371,38.8638225592709],[-77.03985594576132,38.86382743115622],[-77.03984535693407,38.86382996318653],[-77.03983476643033,38.86383257757795],[-77.03982326292306,38.863835180614025],[-77.03979151590711,38.86384354584267],[-77.03977035604143,38.86384946140216],[-77.03974911923805,38.86385570553267],[-77.03973939600094,38.86385885246019],[-77.03971818704551,38.86386545392412],[-77.03970758089046,38.863868837016746],[-77.0396978503876,38.86387234084313],[-77.03968724255469,38.86387580629596],[-77.03955358014959,38.86388512818313],[-77.03937789028102,38.86388846236556],[-77.03922276789464,38.863916712130276],[-77.03921222988383,38.863916745787556],[-77.03920168963774,38.86391688926],[-77.03919027038582,38.86391707671708],[-77.03916918709926,38.86391750092715],[-77.03915864349997,38.863917809119854],[-77.03914809878293,38.86391817221962],[-77.03913667561876,38.86391855184965],[-77.03910506987589,38.86391997102544],[-77.03909448445417,38.86392060822369],[-77.03908305737731,38.86392118002659],[-77.03907250595299,38.86392187256783],[-77.03906195564619,38.863922510200084],[-77.03905140310373,38.863923257647485],[-77.03904084944328,38.86392406000196],[-77.03903029410596,38.863924944717496],[-77.03901886199789,38.863925763600406],[-77.03898718983567,38.86392871973259],[-77.03896607189226,38.863930846055375],[-77.0389555109639,38.86393200530442],[-77.03892382314648,38.86393573013203],[-77.03890269457945,38.863938378069804],[-77.03889212805959,38.86393981185337],[-77.03887099278286,38.86394278923364],[-77.03883928371597,38.86394755729117],[-77.03882871272181,38.8639492107011],[-77.03880756626033,38.863952737150385],[-77.0387961660067,38.863951991132495],[-77.03878563302132,38.863951777665356],[-77.0387742154397,38.863951882719896],[-77.0387627872373,38.86395250939973],[-77.03875222630248,38.86395366863047],[-77.03874078021184,38.86395517383674],[-77.03873020194735,38.863957184140084],[-77.03871964985372,38.863959634143804],[-77.0387090197023,38.8639624676287],[-77.03870100131269,38.863968134637844],[-77.03869211230021,38.86397343381804],[-77.03868322999458,38.86397840354938],[-77.03867347538902,38.86398308781354],[-77.03866460761549,38.863987343738955],[-77.03865399077127,38.8639912483626],[-77.03864422396673,38.86399480657252],[-77.03863453410082,38.863998036207555],[-77.03862394017395,38.86400081521377],[-77.03861335295475,38.86400326477083],[-77.0386027746796,38.86400527506268],[-77.03859129178487,38.86400686217936],[-77.03858076427768,38.8640081041938],[-77.03857021059952,38.864008906505916],[-77.03855878741784,38.864009286079735],[-77.03854737318115,38.86400922638815],[-77.0385368435425,38.864008848174585],[-77.03852544496003,38.86400801976839],[-77.03851493321226,38.864006763024314],[-77.03850352400775,38.86400645624232],[-77.03849299101522,38.864006242748914],[-77.03848157510178,38.86400626541301],[-77.03847015583375,38.86400645280002],[-77.0384596088638,38.86400692565403],[-77.03844818232722,38.86400746994118],[-77.03843675075849,38.864008261313344],[-77.03842619316485,38.86400925579067],[-77.03841475376795,38.86401043151693],[-77.03840419002336,38.86401172798644],[-77.03839277903168,38.864013233595884],[-77.03838217122467,38.86401496889052],[-77.03837071840685,38.86401680350887],[-77.03836013844551,38.8640188961409],[-77.03834955401037,38.86402120840407],[-77.03833986636415,38.864024328198724],[-77.03832922836003,38.86402754600546],[-77.03831950168245,38.86403085753937],[-77.0383097733265,38.86403425143453],[-77.03830004329214,38.8640377276909],[-77.03829031157933,38.86404128630851],[-77.0382805776289,38.8640449547414],[-77.03827084199993,38.8640487055355],[-77.03825136738385,38.864056371845365],[-77.03824162727834,38.864060342269184],[-77.03823276282479,38.86406443343779],[-77.03822302048039,38.86406851367609],[-77.03821327422048,38.86407278609171],[-77.03820440473099,38.86407712434431],[-77.0381946567912,38.86408147912043],[-77.03818578562192,38.86408589973364],[-77.03817691221467,38.864090430162335],[-77.03815028192027,38.864104515616425],[-77.03814140235704,38.86410934803651],[-77.03812363763465,38.86411928741478],[-77.0381147519162,38.864124421826986],[-77.03810674464633,38.86412953971502],[-77.0380978572477,38.864134756487985],[-77.03808896817,38.86414005562233],[-77.03807294243694,38.864150840474615],[-77.03805690998797,38.8641619547728],[-77.03804801363353,38.86416761080618],[-77.03804087361921,38.86417326124688],[-77.03802483053416,38.864184897166936],[-77.03801677191656,38.8641908107779],[-77.03800965974256,38.86419681855619],[-77.03800163288236,38.86420289732742],[-77.03799448391237,38.86420898702949],[-77.03798819717287,38.86421585637486],[-77.0379819087543,38.864222808081955],[-77.03797649598916,38.86422988053632],[-77.03797020589033,38.86423691460478],[-77.03796391355313,38.864244058489],[-77.03795849966603,38.864251185850456],[-77.0379476679735,38.864265632750715],[-77.03793683236148,38.86428027182804],[-77.03792599338918,38.864295075628334],[-77.0379214150004,38.8643025703848],[-77.03791602894934,38.864310055083635],[-77.03790693904239,38.86432521019415],[-77.0378978457757,38.86434053002794],[-77.03788874858986,38.86435604203907],[-77.03788507760923,38.86436382270357],[-77.03788052761563,38.864371647343724],[-77.0378731477378,38.86438734550474],[-77.03786583473229,38.86440320926385],[-77.03785480723059,38.86442726505876],[-77.03785200910288,38.8644353037406],[-77.03784920929658,38.86444342478438],[-77.0378455315951,38.86445153489562],[-77.03784273010939,38.8644597383012],[-77.03783993030106,38.86446785934471],[-77.03783800670885,38.86447607368273],[-77.03783240373315,38.86449248049342],[-77.03783047846136,38.864500777193264],[-77.03781938437014,38.86452810001147],[-77.0378120323071,38.86454415550745],[-77.03780923472942,38.86455216673399],[-77.03780555701788,38.86456027684373],[-77.03780275887947,38.864568315524174],[-77.03779908116636,38.86457642563365],[-77.03779627967045,38.86458462903791],[-77.0377906800329,38.864600871122086],[-77.03778700063867,38.86460906359317],[-77.03778507703662,38.86461727793004],[-77.03777667253739,38.864641888141314],[-77.0377747121393,38.864650184402635],[-77.03777194407552,38.8646584706055],[-77.0377700204704,38.864666684942016],[-77.03776721728956,38.864674970707405],[-77.03776529032724,38.86468334976782],[-77.03776147431401,38.86469997105587],[-77.0377595122345,38.86470834967884],[-77.0377575869485,38.86471664637708],[-77.03775373301895,38.86473340449739],[-77.03775268339216,38.86474182194471],[-77.03775075642636,38.86475020100479],[-77.03774970735834,38.86475859099802],[-77.03774778039174,38.86476697005796],[-77.03774568113552,38.86478380495228],[-77.03774463094766,38.864792249853416],[-77.03774358131892,38.86480066730052],[-77.03774253057118,38.86480913965562],[-77.03774148150136,38.86481752964866],[-77.03774043019374,38.86482602945765],[-77.03774025902257,38.86483443038394],[-77.03773920827393,38.86484290273893],[-77.03774336611203,38.865156009609265],[-77.0377440706061,38.8651645312841],[-77.03774389775639,38.86517301457168],[-77.03774460448821,38.86518142643048],[-77.03774601347726,38.865198469780005],[-77.03774584342463,38.8652068157975],[-77.03774725241448,38.86522385914696],[-77.03774795914721,38.8652322710056],[-77.03774936869743,38.865249286900905],[-77.03775011054677,38.865257699196846],[-77.0377507799265,38.865266220434094],[-77.03775148666003,38.865274632292646],[-77.03775219171558,38.865283126513205],[-77.03775289844945,38.86529153837167],[-77.03775360294597,38.86530006004622],[-77.03775430968017,38.865308471904704],[-77.03775497962017,38.8653169656878],[-77.03775659881671,38.86532541637073],[-77.03775730387338,38.86533391059114],[-77.03775871678413,38.86535076176189],[-77.0377602646306,38.86535926647802],[-77.03776171321819,38.86537609063191],[-77.03776329562247,38.865384623239336],[-77.03776470909496,38.86540144695575],[-77.03776629317831,38.86540989720105],[-77.03776699823695,38.86541839142122],[-77.0377685828803,38.865426814212455],[-77.0377692896175,38.86543522607053],[-77.03777245834648,38.865452099106804],[-77.03777316508439,38.86546051096485],[-77.03777633381542,38.86547738400088],[-77.037777040554,38.86548579585885],[-77.03777862520003,38.865494218649786],[-77.03778021320267,38.86550247671668],[-77.03778179952755,38.86551081714547],[-77.03778497553463,38.86552733327904],[-77.0377865618606,38.865535673707754],[-77.03778973786989,38.86555218984112],[-77.03779132363759,38.86556055772373],[-77.03779449964908,38.86557707385685],[-77.0377969661231,38.86558531540218],[-77.03779855189238,38.865593683284644],[-77.03780490392305,38.86562671555003],[-77.03780649025356,38.86563505597831],[-77.03780895617156,38.86564332497727],[-77.03781530821142,38.86567635724167],[-77.03781777413188,38.86568462624039],[-77.037822538167,38.86570940043817],[-77.03782500408943,38.86571766943665],[-77.03782976812924,38.8657424436339],[-77.03783223405362,38.86575071263218],[-77.03783541008293,38.865767228763424],[-77.03783787600884,38.86577549776149],[-77.03784105204053,38.86579201389246]]]},"properties":{"OBJECTID":10,"ES_Name":"Hoffman-Boston Elementary School","Website":"https://hoffmanboston.apsva.us/","School_Year":"2022-2023","Shape__Area":34943358.64249472,"Shape__Length":41361.86187834328}},{"type":"Feature","id":12,"geometry":{"type":"Polygon","coordinates":[[[-77.0849804266916,38.88640951654665],[-77.08523620739736,38.886510460589996],[-77.08541967658861,38.886582866609004],[-77.08581109057599,38.88673366540087],[-77.08581497865353,38.88673516247878],[-77.0858677617152,38.88675549755586],[-77.08598868507573,38.88680760279009],[-77.08598924689947,38.88680784296904],[-77.08602587190887,38.88682362407339],[-77.08602806026622,38.886824566916054],[-77.08603078639923,38.886825744499085],[-77.08605874566824,38.88681670329821],[-77.08614839382956,38.88678771486287],[-77.08621982599625,38.88678270845803],[-77.0862880895238,38.88677791788069],[-77.08635292096093,38.886773339965465],[-77.08635289546314,38.88677318519269],[-77.08634163641649,38.886730296962874],[-77.08634151810847,38.886729837290204],[-77.08634277277685,38.88672846048269],[-77.0863717229196,38.88669676584517],[-77.08633788041445,38.886567297144246],[-77.0863290138439,38.886533382996355],[-77.0863288261998,38.886532653032],[-77.08629875725447,38.886519046519545],[-77.08631864022263,38.88649348317688],[-77.08631527239996,38.88645488452882],[-77.0862098045083,38.886400326015725],[-77.0861876088162,38.88642345698257],[-77.08618738258097,38.886423682525475],[-77.08607927373413,38.886366306567815],[-77.08607910637724,38.88636621873872],[-77.0860588594996,38.886388628273814],[-77.08544098329695,38.88607435549269],[-77.08535595930991,38.88603111933839],[-77.08518676260492,38.8859450346778],[-77.08518609473813,38.88594471598449],[-77.08515543951901,38.88594939258967],[-77.08513126162023,38.88597771013359],[-77.08502858291781,38.885925217935466],[-77.08497257531397,38.88599259570486],[-77.08487986422962,38.886055099767525],[-77.08485823065679,38.88606964380818],[-77.0848575377292,38.886070150345525],[-77.08483662351968,38.88596561840909],[-77.08477401693311,38.885652825702174],[-77.08478996939714,38.88559353652492],[-77.08487808520745,38.88526566303232],[-77.0849551314369,38.885196276713614],[-77.08499165419309,38.88516508211715],[-77.0850294576357,38.885134864060085],[-77.08506854068186,38.88510567744944],[-77.08510890333159,38.885077522283936],[-77.08515043858255,38.885050479655185],[-77.08519311185059,38.885024521684635],[-77.0852368518014,38.88499970243309],[-77.08528169302075,38.88497604977649],[-77.08532749446398,38.88495358947537],[-77.08537425559119,38.88493234898263],[-77.0855255354279,38.88486864998736],[-77.0856213377536,38.88483168840824],[-77.08567002188299,38.88481448020648],[-77.08572904661999,38.88479492504886],[-77.08577871255429,38.88477959594674],[-77.085838886603,38.88476233380441],[-77.08592260104038,38.884743268055544],[-77.08600717730737,38.8847268213814],[-77.0860925111167,38.884712937603304],[-77.08617846089125,38.88470166993652],[-77.08624327550845,38.88469495340443],[-77.08626769783713,38.88469296815154],[-77.08630830732477,38.8846896948634],[-77.08662663548874,38.88467128299256],[-77.08668223266734,38.88461346094479],[-77.08707812812148,38.88460262671296],[-77.08719145592077,38.88459872101764],[-77.08774078818658,38.884579786019934],[-77.08872502205305,38.88457349294054],[-77.08882774637381,38.88456676368229],[-77.08929906042849,38.884558420844314],[-77.08983166616068,38.88454202466046],[-77.09074075141497,38.88453371395466],[-77.0917196767893,38.88451140495482],[-77.0924532185534,38.88449655481857],[-77.0929517058739,38.884483827229964],[-77.09304655863032,38.884482519561146],[-77.09354576642052,38.88446707948726],[-77.09375231215017,38.88446927812808],[-77.09459978953537,38.884449215666265],[-77.09550832639736,38.88443289795363],[-77.09588335621488,38.884425299499625],[-77.09613357619955,38.884421974759995],[-77.09660842252252,38.88441254641243],[-77.09686350636369,38.88441202429386],[-77.0978696038782,38.884383398167465],[-77.09809808569439,38.884395736848234],[-77.09838980759463,38.88442612995632],[-77.09845546650232,38.88443726613876],[-77.09850948802239,38.884448812627575],[-77.09856269710578,38.884462381478],[-77.09861512834615,38.88447800056447],[-77.09891763678283,38.884186353833115],[-77.0989412701509,38.88416356889855],[-77.09915496743002,38.88397938618927],[-77.09941145167207,38.88372706196302],[-77.09968426542927,38.883466034661176],[-77.09972920552865,38.88342801585592],[-77.0997768457144,38.883392061306246],[-77.09983568489689,38.883352944983706],[-77.09988874430137,38.88332194297525],[-77.09995658379837,38.883284306916686],[-77.10001443813064,38.883254240749444],[-77.10019955695628,38.883147978081865],[-77.1004359013926,38.88302722227526],[-77.10073521997343,38.88288222719912],[-77.1009249063132,38.88279386718254],[-77.10118819498504,38.88266052439331],[-77.10162983089585,38.88244362775063],[-77.10190855053047,38.88231156551924],[-77.10244774153533,38.882064247489865],[-77.1026136066382,38.881990155401446],[-77.10270832537309,38.881943226396196],[-77.10335812328158,38.881608522554146],[-77.10338793786748,38.881592949988466],[-77.10408538014123,38.88121072531523],[-77.10454028802523,38.88097887230663],[-77.1060465009785,38.880160586029724],[-77.10606203884345,38.88015286181642],[-77.10625119223708,38.8800586653383],[-77.10627182148485,38.880049271506],[-77.10630467388711,38.880038210330284],[-77.10634225533731,38.8800242395256],[-77.1063839249282,38.8800114156436],[-77.10638731814268,38.88001035748758],[-77.10640131408498,38.88000604750126],[-77.10640169160352,38.880005942138915],[-77.1064707604481,38.87998663313943],[-77.10661585045567,38.879957928383625],[-77.10668870833109,38.87994374441417],[-77.10679425372777,38.879926982442036],[-77.106858232515,38.87991774577481],[-77.1069332742026,38.879908695222326],[-77.10699782815192,38.879902403580694],[-77.10706260184021,38.87989746007686],[-77.10712748936696,38.87989389091496],[-77.10719252585957,38.879891696511365],[-77.10743527421661,38.87988872610263],[-77.10756243547506,38.87989101993183],[-77.1076129790774,38.87989193156071],[-77.10889979976241,38.879888590506695],[-77.10906239524603,38.87989635345533],[-77.10933421774016,38.87990933135162],[-77.11023784442601,38.87991325058758],[-77.11032849358287,38.87991493770847],[-77.11044960559784,38.87992029591106],[-77.11045101374329,38.879920374358434],[-77.11057167076753,38.87992927289268],[-77.110573187778,38.87992939896626],[-77.1106948424808,38.879941999185995],[-77.11128469655709,38.880016229903916],[-77.11142719280404,38.88003419891348],[-77.11142890160471,38.880034399327464],[-77.11157381825181,38.88004870505157],[-77.11169976563863,38.88005791897708],[-77.11182600714363,38.880064189386026],[-77.112433182079,38.880073311056165],[-77.11318462176492,38.88008459493381],[-77.11335239063214,38.8800773904032],[-77.11335373620952,38.88007729816503],[-77.1135195367057,38.88006400652936],[-77.11368567637231,38.880044407893884],[-77.11368703052351,38.88004421277614],[-77.11385044738232,38.880018703500525],[-77.11357564507308,38.879850682833634],[-77.11259728010774,38.87916649690248],[-77.11254233969994,38.87912807587424],[-77.11253017922807,38.87912106707353],[-77.11176040398041,38.87857868651242],[-77.11128782292451,38.87823725674321],[-77.11068484280277,38.877790481530546],[-77.11006267512107,38.87733716005856],[-77.10973980702026,38.87712051893003],[-77.10911140362838,38.87666327390211],[-77.10867475184901,38.876354387559225],[-77.10833592467696,38.87610383690602],[-77.10832980324014,38.87609931060174],[-77.10781498126005,38.87574583222333],[-77.10748302254564,38.875509579858274],[-77.1069122663228,38.87510627964287],[-77.10654580536097,38.874838035542204],[-77.10633958520425,38.874693891698634],[-77.10585791051976,38.874345795594934],[-77.10583968809354,38.874332645316805],[-77.10520672557028,38.87387752121314],[-77.10462902438798,38.87347138087965],[-77.10355763341786,38.872711441767194],[-77.10327378792331,38.87250331445324],[-77.10300868522764,38.87230893032366],[-77.10244334277748,38.871906193623715],[-77.10177143271395,38.8714275472036],[-77.1013205310392,38.87111406897752],[-77.10126648322661,38.871075529511195],[-77.10076964576653,38.870688981786536],[-77.10076851157318,38.87068927548739],[-77.10065445525694,38.870718883354556],[-77.10006925334201,38.870865495420865],[-77.09934365630266,38.87104725818596],[-77.09923610111744,38.87107420131717],[-77.09860577966464,38.871232103445976],[-77.09839089511121,38.871284707179875],[-77.09779897372812,38.87142955271796],[-77.09754000542529,38.87144246959938],[-77.09720661150828,38.87152314845559],[-77.09628218568153,38.87175090097962],[-77.09602619980332,38.87181396588501],[-77.09578871934684,38.87187321481434],[-77.0955763024608,38.871926735417475],[-77.0955639974839,38.87192983547125],[-77.09430340291183,38.872247447999115],[-77.09363659059782,38.87241506958868],[-77.09283564166128,38.87261640481356],[-77.09249958257858,38.87270087781839],[-77.09194511651549,38.87284126875055],[-77.09098995379871,38.8730831106135],[-77.08998926769156,38.87333550428729],[-77.08940275973245,38.87348342783769],[-77.08920239025458,38.87345435129256],[-77.08739724412375,38.87390841170216],[-77.08701779429867,38.8740040437055],[-77.08667518209363,38.87408946139652],[-77.08644580816869,38.874147447006905],[-77.08536613863133,38.87442038341952],[-77.08525790157553,38.87444774500625],[-77.08520079975091,38.87446262383442],[-77.08519234472728,38.87446506551414],[-77.08505895012033,38.87450358350427],[-77.08491965521596,38.87454959223021],[-77.08478320891959,38.874600554018095],[-77.08464990103022,38.87465635737924],[-77.08452001260352,38.87471688900413],[-77.08440458661634,38.87478797840085],[-77.08429355733661,38.87486322777988],[-77.08418717179761,38.87494246850258],[-77.08408526866714,38.875025865116484],[-77.08398850976916,38.87511292445596],[-77.08389710969573,38.87520345346379],[-77.08380634917776,38.87529638605894],[-77.08376390284907,38.87526617027901],[-77.08359951754908,38.87513437240956],[-77.0834416338116,38.8749978024817],[-77.08329048267561,38.8748566572497],[-77.08314627535051,38.8747111366612],[-77.08300922280284,38.87456145267501],[-77.0828795205937,38.874407818779986],[-77.08275735313413,38.87425045691163],[-77.0826428982442,38.8740895889252],[-77.08253631810246,38.87392545021684],[-77.08243776836494,38.8737582726705],[-77.08235415090533,38.87371290562291],[-77.0822748983758,38.87366297953007],[-77.08220042072773,38.87360874821264],[-77.08214928516021,38.87355990980741],[-77.08210275731774,38.8735083346041],[-77.08206107569002,38.87345428636458],[-77.08202445215301,38.87339804225953],[-77.08192142056818,38.87324755256638],[-77.08182677399918,38.873197388765156],[-77.08191382261866,38.87333039043705],[-77.08196892145337,38.87342219446468],[-77.08197795180156,38.873448634898004],[-77.08207852692514,38.87374312798493],[-77.08221912681202,38.87415481046508],[-77.08248988524011,38.87494758620607],[-77.0825120355015,38.87501244113321],[-77.0825283185795,38.87505242822749],[-77.08255028863151,38.875099733586445],[-77.0825542092214,38.875107552285925],[-77.08256226275832,38.87512310986558],[-77.082584472067,38.87517253257804],[-77.08269298339299,38.87544130941039],[-77.0827301437029,38.87556972471394],[-77.08274503197246,38.87561631296199],[-77.0827472640677,38.87562424857892],[-77.08279298008276,38.875785500249954],[-77.08284090917682,38.87592008681391],[-77.08305124598174,38.87647835708856],[-77.08314363115305,38.876765845471866],[-77.08324721353566,38.87695009655155],[-77.08328576638819,38.877167986711044],[-77.08344739846223,38.87795695765896],[-77.0836287840769,38.878837274042546],[-77.08368673494263,38.87911851793624],[-77.0839181680007,38.88019429103068],[-77.08411023102714,38.88110370576376],[-77.08413996172115,38.88124447905337],[-77.08414144919956,38.881252554968874],[-77.08425844889716,38.88188801962919],[-77.08457281400842,38.88343765015794],[-77.08458621401279,38.88353666990597],[-77.08459203965037,38.883629611950205],[-77.08460968058303,38.883793270188164],[-77.08465880609303,38.88424901344247],[-77.08472541973484,38.884866979843686],[-77.08472167958173,38.884869456001674],[-77.08469744509286,38.88488684860344],[-77.0846663315323,38.88491099599591],[-77.08463667212415,38.884936231868316],[-77.08456315545594,38.88500969723048],[-77.08450226815098,38.88507054213948],[-77.08445346763177,38.88512924144899],[-77.08440209861035,38.88519702670462],[-77.08435066012012,38.88525764387992],[-77.08409641313149,38.88548796684053],[-77.08407632408553,38.88551960642882],[-77.08400919427956,38.88561331655005],[-77.08395455853217,38.885686362124986],[-77.08388772871389,38.88576307767367],[-77.08380152635301,38.88585647533082],[-77.08373890979104,38.885913744563055],[-77.08367445635075,38.88596972842318],[-77.08360816657326,38.886024399454115],[-77.08360738186384,38.88602499412434],[-77.08354007666875,38.886077703168276],[-77.08346238060855,38.886135284684094],[-77.08333045605104,38.88621497691113],[-77.08319509442839,38.88629078304452],[-77.08314245646929,38.886319530915166],[-77.08308015240985,38.886352034097456],[-77.08302596889902,38.88637897833111],[-77.08296194960617,38.88640937375149],[-77.08285012349508,38.88645871680862],[-77.08283014602496,38.88646687870756],[-77.08293985083823,38.88647690738201],[-77.08328949424507,38.886392619821265],[-77.08344611906698,38.8865755207243],[-77.08361194568862,38.886491467648916],[-77.0837648063144,38.886406672742645],[-77.08381871008795,38.886401006770946],[-77.08386164941567,38.88639545571846],[-77.0839043601896,38.88638902315521],[-77.08395745729554,38.886379722593674],[-77.08404146479472,38.88636195234651],[-77.08412464477539,38.88634093514462],[-77.08414467946092,38.886335873333344],[-77.08417576321476,38.886329300508315],[-77.08421761633925,38.886321813990016],[-77.08425986172152,38.88631581505806],[-77.0843023939839,38.886311302441676],[-77.08434514287548,38.88630827529391],[-77.08438803814532,38.8863067327677],[-77.08444168536784,38.88630693998925],[-77.08449525142278,38.88630948035969],[-77.0845485255548,38.88631435133908],[-77.0846013332184,38.886321495903125],[-77.08467466769288,38.886333583565786],[-77.08474732766811,38.88634780498193],[-77.08481927748184,38.88636418718373],[-77.08489037771582,38.8863826735713],[-77.0849220590928,38.88639211384986],[-77.08493176958467,38.88639500779814],[-77.0849804266916,38.88640951654665]]]},"properties":{"OBJECTID":12,"ES_Name":"Long Branch Elementary School","Website":"https://longbranch.apsva.us/","School_Year":"2022-2023","Shape__Area":27910845.71068008,"Shape__Length":27255.16241349493}},{"type":"Feature","id":13,"geometry":{"type":"Polygon","coordinates":[[[-77.13816181940761,38.88766071766761],[-77.13814999280157,38.88770995425828],[-77.1381339758734,38.88776707830321],[-77.13811561369496,38.88782373578638],[-77.13809497651675,38.887879927521226],[-77.13807203076955,38.88793557073645],[-77.13804681209744,38.887990638383656],[-77.13801935770863,38.88804502105159],[-77.13797630634801,38.88812143827266],[-77.1379531403036,38.888159064917495],[-77.1379238690415,38.88820365060775],[-77.13767918991316,38.88854379268363],[-77.13730065200613,38.88906828787677],[-77.13707135053005,38.88941245153616],[-77.13685060013111,38.88972403617186],[-77.13623620005102,38.89059123121969],[-77.13590117802818,38.891064090223864],[-77.13558650085947,38.891501366015056],[-77.13543089437098,38.89171476506047],[-77.13537645511269,38.89179294378081],[-77.13524853741356,38.89197670503323],[-77.13506435550114,38.89223845875218],[-77.13497264799777,38.89234915661178],[-77.13493613665264,38.89238995026782],[-77.13489826982192,38.89242995927001],[-77.13485904750453,38.89246918361714],[-77.1348184707445,38.89250756839936],[-77.13477664545385,38.89254508738585],[-77.1347335018944,38.8925817123045],[-77.13468918058621,38.89261744478715],[-77.13465127607023,38.89264649659854],[-77.13461257607045,38.89267488010296],[-77.13456507074228,38.892708049176946],[-77.13448345471794,38.89276108741991],[-77.13442459239778,38.89279648599848],[-77.13422866025022,38.89290921186986],[-77.13357618344816,38.893257784042696],[-77.13249968840104,38.89385872035174],[-77.1321648669229,38.894040453786076],[-77.13212584401423,38.89405988065131],[-77.13209805551108,38.89407614309208],[-77.1320803001149,38.89408774426837],[-77.1320632012052,38.89409992975429],[-77.13203886817006,38.89411925305927],[-77.131860634795,38.89427639228565],[-77.1317656522754,38.89435574474319],[-77.13188096766027,38.894426287937925],[-77.13223181430814,38.89467584167933],[-77.13233251228664,38.894757472942494],[-77.13253087646206,38.89472957600736],[-77.13328883582165,38.89448870575212],[-77.13353732493175,38.89441016480171],[-77.13424787658974,38.8941898779308],[-77.13438304789872,38.89413903287544],[-77.1349903577277,38.893948377465044],[-77.13584743078027,38.89366890234263],[-77.13668473188497,38.89341253281869],[-77.13761377600798,38.893117129431396],[-77.13771728676869,38.89308784900284],[-77.13810775568389,38.89297234782226],[-77.13851743284671,38.89284446371114],[-77.13865319791985,38.892800453141575],[-77.13902009476256,38.892686350838396],[-77.13929022352845,38.892598037555274],[-77.13941682258535,38.892555567547646],[-77.1398671392621,38.89241524315443],[-77.1403255197611,38.892273911981285],[-77.1409820498566,38.892061552761035],[-77.14125808873278,38.89197632400791],[-77.14138758430335,38.8919292171489],[-77.14149223408634,38.89189527834463],[-77.1417543237624,38.891804395041056],[-77.14200265501117,38.891716372726854],[-77.14212831133742,38.891667847656755],[-77.14204075838192,38.89150399584507],[-77.1418733748279,38.89119532889849],[-77.14180781314028,38.89108362943288],[-77.14221997273042,38.890954535836755],[-77.14304861024519,38.890701867416325],[-77.14409097375936,38.89050152681081],[-77.14793720444467,38.88980297712737],[-77.14761603955289,38.888957340014386],[-77.14746829676669,38.888565729921964],[-77.14731532285931,38.888233620754576],[-77.14694831868779,38.88731392151363],[-77.14694416703453,38.88730141528337],[-77.14667341942393,38.886485690088904],[-77.14676384392186,38.88645981226662],[-77.14681153114485,38.886446164706435],[-77.14697756086886,38.88639864888127],[-77.14706233200592,38.88637491111227],[-77.14715058163344,38.886353025730756],[-77.14721059076962,38.88633817438227],[-77.14733069592721,38.88630385926025],[-77.14746841627681,38.8862670008371],[-77.1475425972158,38.886245886802364],[-77.14763088069327,38.88622218907124],[-77.14778983220106,38.886177336638454],[-77.14792403885052,38.886140464692446],[-77.14796288606216,38.88612990030066],[-77.14812891429185,38.886082382844265],[-77.14829137787778,38.886037570162756],[-77.14832314734143,38.886029697689],[-77.14846091837322,38.885990092662695],[-77.14852099623404,38.88597156175782],[-77.14862694594959,38.88594257450065],[-77.14870820330849,38.8859187951243],[-77.14878940890789,38.88589776112872],[-77.14889888767182,38.88586606819624],[-77.14895543605303,38.88585024250124],[-77.14911082152726,38.88580809330689],[-77.14912141128539,38.88580546907591],[-77.14928743799712,38.88575794997802],[-77.14932979696962,38.885747452984496],[-77.14945341280881,38.88571317608252],[-77.14961592640536,38.88566561612712],[-77.14964773068584,38.88565774369825],[-77.1497819007985,38.88562084176638],[-77.14984549017107,38.88560237801888],[-77.14994792664558,38.8855733217327],[-77.15004328551106,38.885546957500736],[-77.15024815702564,38.88548889940182],[-77.15042117247435,38.88544145903028],[-77.15043887424153,38.88543617037165],[-77.15064018081702,38.88538081666296],[-77.15086623061964,38.885317508744194],[-77.15094098596099,38.88529563543904],[-77.15078555149115,38.88482100046791],[-77.15139266212827,38.88396822151225],[-77.15145968743141,38.883990109826975],[-77.15154596780916,38.884018560797024],[-77.15190554502229,38.884137170754855],[-77.15209424866579,38.88419942835402],[-77.15247767788122,38.883324430389415],[-77.15249237113551,38.883290355950905],[-77.15247867200856,38.88327149829478],[-77.15242387299448,38.88319620492566],[-77.1522800584254,38.882996840370886],[-77.15218082466505,38.88285565393156],[-77.15207813033406,38.882711681649006],[-77.15198225515374,38.882578771667994],[-77.15199418542639,38.88250476571252],[-77.15202532883647,38.88234310721902],[-77.15205647210624,38.88218144871066],[-77.1520876668123,38.88201704474614],[-77.15211498785061,38.881871818544084],[-77.15198900268479,38.88184563079986],[-77.15174059516445,38.881790632151095],[-77.15175211284122,38.88173858973629],[-77.15196378578061,38.88150486065918],[-77.15170835502215,38.88144975384887],[-77.15185189761651,38.881289385693364],[-77.15183443896024,38.88128366575247],[-77.15193851805002,38.881166808471285],[-77.1520604690643,38.881033652560106],[-77.15211264016027,38.88106171168004],[-77.15225624410715,38.8812720583047],[-77.15245510793508,38.8811590068379],[-77.15251840186997,38.881156025915836],[-77.15259576111657,38.88115238252025],[-77.1527575921463,38.88114050891125],[-77.15279979323908,38.88113824698074],[-77.1529756740488,38.881126534238454],[-77.15306364020144,38.881119305047335],[-77.15313750495736,38.881114660105915],[-77.15326064721668,38.88110508813868],[-77.15329234601609,38.8811027055988],[-77.15344706525006,38.88109349552459],[-77.15352092995457,38.881088850342],[-77.15360538354652,38.88108158047459],[-77.15378482805595,38.88106716134568],[-77.15378518863301,38.881047943246664],[-77.15378863986095,38.8808639985799],[-77.153813278514,38.88086153497156],[-77.1540492821101,38.880828541511285],[-77.15430150895138,38.880867130333705],[-77.15442757650155,38.88088641714987],[-77.15442557631519,38.880872710407274],[-77.15432004932481,38.88029067578845],[-77.15418602003717,38.87985059837829],[-77.15413529697005,38.87967042648483],[-77.15399455054259,38.87919339254055],[-77.15391529965379,38.87891409121753],[-77.15391495161313,38.878912863526644],[-77.15372959570198,38.87876809776837],[-77.15350805129812,38.878592557655764],[-77.15333490768906,38.87845876265687],[-77.15319992010306,38.878352865331394],[-77.15285360071317,38.878085273746365],[-77.15273237090054,38.877993263853746],[-77.15223722729655,38.87760862941803],[-77.15208485268313,38.87749154706167],[-77.15191522614472,38.877357817700705],[-77.15172478507161,38.87721009147018],[-77.15153439689279,38.87705959202642],[-77.15139937947328,38.876953692191016],[-77.15116049208298,38.87676693666637],[-77.15112237294804,38.876739065917405],[-77.15093549900428,38.87658863328163],[-77.15066546810363,38.87637683205083],[-77.15060312570635,38.87632943307024],[-77.15048222077581,38.876236217939976],[-77.15035726915664,38.87613987717662],[-77.15029843989873,38.87609249094213],[-77.1501114655537,38.87594757531465],[-77.14992106705836,38.87579984651085],[-77.14966493587966,38.87559644078394],[-77.14946407091331,38.87544309877496],[-77.14925633749851,38.87528143928654],[-77.14919404866605,38.87523129410026],[-77.14726251697405,38.87370972196703],[-77.14714481381239,38.87361774666387],[-77.14713226018308,38.87360817453575],[-77.14713177321833,38.87360780164257],[-77.14701321790224,38.87351737304605],[-77.14696472166854,38.87348111573985],[-77.14679462784446,38.87334964902784],[-77.14641654996836,38.87332239305543],[-77.14637481478873,38.87331880894787],[-77.14623407357213,38.873306669177666],[-77.14608737068306,38.873293993675475],[-77.14507262012899,38.87320638900388],[-77.14449329240783,38.873153844225854],[-77.14419440620135,38.87313229731803],[-77.1439954018107,38.87312313438609],[-77.14397083292259,38.873122026862596],[-77.14366355489719,38.873098432003395],[-77.1434131292277,38.87309636306224],[-77.14314778679,38.8731029085681],[-77.1429004006952,38.87312586265014],[-77.14270710024567,38.873149441369755],[-77.14236340332319,38.873194073245756],[-77.14187627207231,38.873300204328004],[-77.14198206824558,38.87357548301626],[-77.14210078896697,38.87394191490764],[-77.14211355362522,38.87399135398594],[-77.14212038781967,38.874033035565816],[-77.14212373931831,38.874074978938296],[-77.14212354098981,38.87411701856495],[-77.14211872537987,38.87416729785048],[-77.14211084278601,38.874208864174754],[-77.14209952661915,38.87424995142756],[-77.14208481563162,38.87429036783305],[-77.14180097491993,38.874865676532046],[-77.14141227712413,38.87572810591475],[-77.1409745717459,38.87669211955505],[-77.14058512486857,38.877518866288355],[-77.14040609662746,38.877910246570444],[-77.14028900295159,38.87816624987323],[-77.14020748134784,38.87835258597489],[-77.14026624388335,38.87840324430895],[-77.14047695096787,38.87868550531446],[-77.14048936292026,38.87870904526729],[-77.14050350789007,38.87873197369114],[-77.14051935179548,38.878754235269994],[-77.14053679134818,38.87877571896591],[-77.1405624805292,38.87880309230057],[-77.14059080007151,38.87882884845271],[-77.14062157799971,38.8788527932069],[-77.14065464025713,38.878874842165345],[-77.14056722344932,38.878906920074776],[-77.14047144226726,38.87894472269562],[-77.14037716479996,38.87898473948065],[-77.14028446128832,38.8790269712466],[-77.14019340353441,38.87907133644738],[-77.14010409742424,38.87911780885258],[-77.1400379498706,38.879147221857],[-77.13997368878681,38.87917904572652],[-77.13992903443548,38.87920327041453],[-77.13989404738189,38.879223460525566],[-77.13982631409606,38.87926609096268],[-77.13982108066318,38.87926973750399],[-77.13976956403776,38.87930569062754],[-77.1396407380409,38.87939459809549],[-77.1395695193373,38.87944501422849],[-77.13949350802991,38.87950361291949],[-77.1394495705167,38.87954003815191],[-77.13941395500144,38.879571122621805],[-77.13937237510824,38.87960919530355],[-77.13933214833949,38.87964816238109],[-77.1392996558574,38.87968128760997],[-77.1392619649342,38.87972176690678],[-77.13922569946826,38.87976303159965],[-77.13919085998161,38.87980505423554],[-77.13915748264091,38.87984778031395],[-77.13913165947744,38.879882817475846],[-77.13894697809869,38.87981873690892],[-77.13867449778803,38.87972901837095],[-77.13842133688699,38.8796537219267],[-77.13827932350283,38.8796145386945],[-77.13805628627053,38.87955695086319],[-77.13789414359937,38.87951865787969],[-77.13720066749745,38.87936781847955],[-77.13678752272243,38.87929382324377],[-77.1367272803553,38.87928751172226],[-77.13632471008961,38.879245337222144],[-77.13621429823043,38.879237629353895],[-77.13584720511994,38.87921205654318],[-77.13565649750424,38.87920393888286],[-77.13539472849102,38.87919279495494],[-77.13498475790432,38.87919262325915],[-77.1349825841767,38.87919262202137],[-77.13487759939743,38.87919257907979],[-77.13454466577777,38.87920518480939],[-77.13443687386709,38.87920750132569],[-77.13356410140085,38.879226183062606],[-77.13279844493813,38.879233748194764],[-77.13255008381438,38.87923835325936],[-77.13152588754394,38.87925737104966],[-77.13135916001006,38.87926304152311],[-77.13066538296337,38.87928663664396],[-77.13048532327504,38.87929274769002],[-77.12952137996788,38.87930786474404],[-77.1289119539899,38.87932079747311],[-77.12837139536497,38.87935158434171],[-77.12803238505161,38.87938422917452],[-77.12790998940206,38.879399031802464],[-77.12781329040891,38.87941072258991],[-77.12760554561531,38.87944259318078],[-77.12698702833634,38.87956151691933],[-77.12666843248724,38.87963429655208],[-77.12637822273899,38.87970889021059],[-77.12615536694713,38.879770266267016],[-77.12586786508766,38.87986850635103],[-77.1256222582343,38.879952929132585],[-77.12544366949128,38.88001899244906],[-77.12535954305748,38.8800501124928],[-77.12521101277346,38.88011392197873],[-77.12503223064992,38.880190722886674],[-77.12482653630323,38.88028222927387],[-77.12465210359389,38.880364847236926],[-77.1245113750674,38.880439456795685],[-77.12433423050297,38.88053887579609],[-77.12409352922853,38.8806732210835],[-77.12391392849453,38.88077241845864],[-77.12365787097819,38.88091968157313],[-77.12345733497776,38.88103510918838],[-77.12318170880361,38.88118593145483],[-77.12307048576415,38.88125152118939],[-77.1229834382313,38.88130039625255],[-77.12285948656867,38.881366523056954],[-77.12258413867418,38.88151918705254],[-77.12235387773795,38.88164189818653],[-77.12210000377905,38.88178855196944],[-77.12208553347172,38.88179667182437],[-77.12206158048416,38.881810115875574],[-77.12195090961181,38.88187223214349],[-77.12189020108215,38.88190694379228],[-77.1218227540241,38.881948606214515],[-77.12174950306584,38.8819979443391],[-77.12167155740107,38.88205574006599],[-77.12139837253422,38.88224915057453],[-77.12118659624227,38.882409779648526],[-77.12073874704566,38.882794047705346],[-77.12067305574217,38.882850412863235],[-77.12063333009526,38.8828845001481],[-77.12061451979592,38.88289984930778],[-77.12055663028563,38.882950492995285],[-77.12050102940636,38.883002701322724],[-77.12044133445605,38.88306318205478],[-77.12039701653815,38.8831114587182],[-77.11998866380746,38.88357348910321],[-77.11961520771159,38.88409505060762],[-77.11957491539849,38.88415133781027],[-77.11939178715963,38.88441115806047],[-77.11909899425544,38.884819348193695],[-77.11869257547966,38.88536886181564],[-77.11869151129994,38.88537030127165],[-77.1267088596345,38.885084568757286],[-77.12709981571984,38.88551148070576],[-77.12732752279398,38.88572998110069],[-77.12766764839566,38.886109010095815],[-77.12778672207989,38.88624300766219],[-77.12782829837792,38.88629382833687],[-77.12784148155296,38.88630996431345],[-77.12788516849345,38.88636800425182],[-77.12792571769563,38.88642477179853],[-77.12795048789772,38.88646886051622],[-77.12797602485415,38.88652429933338],[-77.12799612418466,38.88661054012238],[-77.12801963074882,38.88672255110745],[-77.12802653867467,38.88676552495524],[-77.12803091324645,38.88680868889291],[-77.12803272038231,38.8868519876018],[-77.12803233936835,38.88688661072242],[-77.12805280489145,38.88759862342107],[-77.1280598800758,38.88770635083253],[-77.12810471875204,38.88781078472336],[-77.12854118669354,38.888618796468656],[-77.12860930990233,38.88875866332002],[-77.12860977815113,38.88875967109149],[-77.1286697246582,38.88890190013401],[-77.12867009765071,38.88890283642578],[-77.1287220146017,38.88904799919325],[-77.12876367662784,38.88918855243599],[-77.12876398663788,38.88918968193107],[-77.12879798445353,38.8893326617364],[-77.12893601204959,38.88996264893986],[-77.12896315974446,38.89008651007613],[-77.12898019281143,38.890160829606785],[-77.12898034593549,38.890161435522444],[-77.12900309756607,38.890234604959716],[-77.1290033635464,38.89023539583391],[-77.12903183362613,38.89030742203815],[-77.12903212775723,38.890308118845745],[-77.12906630739,38.890378893583495],[-77.12906653401943,38.8903793304459],[-77.12910644688083,38.890448764742175],[-77.1293022309242,38.89074374291028],[-77.12942320759264,38.89068224975833],[-77.12945737631685,38.89066488159536],[-77.12971319607736,38.89053493065536],[-77.12989145368273,38.89044435881615],[-77.12991994490902,38.89042989001397],[-77.13021796381503,38.890279615248474],[-77.13032399857696,38.890429110315786],[-77.1303889444277,38.89052597892734],[-77.13045399527512,38.890617356649116],[-77.13048589082251,38.89060125232229],[-77.13060627366178,38.8905531997559],[-77.13073729881522,38.89049983397776],[-77.13079785660555,38.89045660332572],[-77.13096749327855,38.8904605028816],[-77.13121778860764,38.890362091190354],[-77.1316136572477,38.89020276536685],[-77.13176452127836,38.89014081479997],[-77.13189772637068,38.890083601222805],[-77.13246396928116,38.88985238852354],[-77.13288289618785,38.889681244370145],[-77.13331174078671,38.889505820480395],[-77.13333121318885,38.8894980835492],[-77.13414750707706,38.889143454372714],[-77.13468815556475,38.88892703663275],[-77.135512599793,38.888568071694465],[-77.13629027133288,38.8882478537575],[-77.13695891982667,38.887988151376526],[-77.13721712126514,38.887898056892745],[-77.13817349139867,38.887602966572445],[-77.13816181940761,38.88766071766761]]]},"properties":{"OBJECTID":13,"ES_Name":"Cardinal Elementary School","Website":"https://cardinal.apsva.us/","School_Year":"2022-2023","Shape__Area":36247467.299980275,"Shape__Length":35891.59626355918}},{"type":"Feature","id":14,"geometry":{"type":"Polygon","coordinates":[[[-77.06590159284869,38.89477768963996],[-77.06590510043962,38.894778007069895],[-77.06590853392707,38.89477851581939],[-77.0659119652193,38.89477913438454],[-77.0659153224081,38.894779944269295],[-77.06591860604246,38.894780918019784],[-77.06592181721992,38.894782000728114],[-77.06592495429412,38.8947832747561],[-77.06592798378071,38.894784657313],[-77.06593086945125,38.89478620287788],[-77.065933682665,38.8947878574006],[-77.0659396873053,38.894793340453354],[-77.06600050801846,38.89491490975383],[-77.06608668886162,38.894998343711535],[-77.06629956428834,38.8954238083663],[-77.06709866134082,38.89693568219798],[-77.06710199958792,38.89694448285442],[-77.06710621942281,38.89695312950087],[-77.06711044309749,38.896961583969706],[-77.06711555000552,38.896969802066565],[-77.0671215406956,38.896977756337506],[-77.06712844975142,38.89698547466484],[-77.06713529512552,38.89699286268762],[-77.06714305941398,38.89699998731259],[-77.06715083192965,38.897006700128195],[-77.06715948987306,38.89701306675555],[-77.06716815549522,38.89701904902723],[-77.06717770983535,38.89702452038692],[-77.06718634800559,38.89703011787386],[-77.06719417594992,38.89703581531992],[-77.0672019643767,38.89704173196833],[-77.06720974677283,38.89704795060932],[-77.06721665032406,38.89705418599095],[-77.06722354839299,38.89706069591136],[-77.0672304442698,38.897067315647064],[-77.06723733521272,38.89707418246768],[-77.06724334566539,38.89708114839094],[-77.06724935392585,38.897088224129604],[-77.06725535834913,38.897095492045395],[-77.06726048228177,38.89710285906407],[-77.06726560292545,38.89711039080606],[-77.06727072192521,38.89711800490959],[-77.06727495933728,38.89712577302398],[-77.06727919455695,38.897133650954],[-77.06728339300061,38.89714161081705],[-77.0672867823134,38.89714961573252],[-77.06729013485001,38.89715770258112],[-77.0672926068948,38.89716588853309],[-77.06729507729517,38.89717415684674],[-77.06729754605112,38.897182507522075],[-77.06730001206606,38.897190995466985],[-77.06730160307184,38.897199307976145],[-77.06730231248825,38.897207774496565],[-77.06730389855976,38.89721633409093],[-77.0673046074283,38.897224828065276],[-77.06730409858568,38.897250305305576],[-77.06730095429255,38.897275777863065],[-77.06729902990413,38.89728415733894],[-77.06729710222531,38.897292701538305],[-77.06729429405182,38.89730134484109],[-77.06729324302805,38.897309982114294],[-77.06729131150955,38.89731871849101],[-77.0672892056222,38.89733618521479],[-77.0672886808718,38.897362458618026],[-77.06729079157533,38.89738873670397],[-77.06984433726723,38.89838023274597],[-77.0699128121142,38.89840567107143],[-77.06997235754034,38.89842600282656],[-77.07020619374724,38.898501455004165],[-77.07035377305681,38.89854092710434],[-77.07045802326643,38.898568063684294],[-77.07053857742554,38.89858340583761],[-77.07061182401912,38.898598659016436],[-77.07074515248486,38.898614396031306],[-77.07076590167479,38.89861613478761],[-77.07076756588917,38.89861627517577],[-77.0721803159334,38.89873463373828],[-77.07230780216922,38.898745322448086],[-77.07232127831921,38.89874645250014],[-77.07357044581865,38.89881179806205],[-77.07362345880053,38.898814000165714],[-77.07363658860096,38.89881454575644],[-77.07403561359102,38.898831120962654],[-77.07433180024798,38.89883386468559],[-77.07479225952974,38.89883195534701],[-77.07509985722729,38.898814741309494],[-77.0753153217257,38.89880268385239],[-77.07567294716252,38.898772969490075],[-77.07588245943568,38.89874818637189],[-77.07599947306721,38.89873436427927],[-77.07632697371592,38.898682039699096],[-77.07677253082093,38.898595171267424],[-77.07706454944531,38.89852453792963],[-77.0773025880576,38.89847175853939],[-77.07767381601427,38.89836910286034],[-77.07813300464521,38.89821484139493],[-77.07855478237276,38.8980633108905],[-77.07883952391974,38.897942847197676],[-77.0789400987246,38.89790029866796],[-77.07924671821839,38.897766430171664],[-77.07933276104461,38.89772647219944],[-77.07952335997032,38.89763796510204],[-77.07992182840472,38.8974618178291],[-77.08040660021021,38.89724126501068],[-77.08046604725885,38.89721527802371],[-77.08058894014313,38.89716155361337],[-77.08070312584503,38.89711287272557],[-77.08081510261869,38.897067487767316],[-77.08093129763407,38.89702380129491],[-77.08104099911046,38.89698506155029],[-77.0811312850889,38.89695611029021],[-77.08122153787187,38.89692883365384],[-77.08132458116145,38.896903359055266],[-77.08144908339045,38.89687314568953],[-77.08155851998218,38.89684777555385],[-77.08166139801715,38.89683064667284],[-77.08176638391595,38.89681354315133],[-77.0818413426723,38.89680442503554],[-77.08192487101893,38.89679376269232],[-77.08205111766718,38.896781940856485],[-77.08211701882578,38.89677949598564],[-77.082061586368,38.89636076751962],[-77.0826558303015,38.89635157091444],[-77.08290299087422,38.89634774437297],[-77.08457459457394,38.896348126791985],[-77.08470286347892,38.89633882539589],[-77.08483047907652,38.896325232145955],[-77.08495726460268,38.89630739983623],[-77.08508290385095,38.89628532466082],[-77.08517770578892,38.89627136324244],[-77.08537219609167,38.89622729730894],[-77.085598067491,38.89615999285789],[-77.08598709091163,38.896033964271524],[-77.08628638685974,38.89594966553542],[-77.08652230307827,38.89594316798561],[-77.08702151524979,38.89582461301723],[-77.0879310070379,38.89560122895295],[-77.08887858292007,38.89536831179999],[-77.08888502261527,38.89536672951506],[-77.08991719727415,38.89510462918012],[-77.09014011189893,38.89504969273134],[-77.09026460355976,38.89501686121568],[-77.09038789856909,38.89498434473528],[-77.09041278172079,38.89497930913231],[-77.09062949320388,38.89493545315952],[-77.09085488472505,38.894890321027695],[-77.09125279928274,38.8948242457437],[-77.09166024877963,38.89475929947825],[-77.09212112410981,38.89470432873473],[-77.09263444053241,38.89465042387994],[-77.09266929497743,38.894647024463126],[-77.09270421106363,38.89464406514265],[-77.0927392244611,38.894641518885365],[-77.09277422977775,38.89463938442845],[-77.0928092967374,38.894637690067825],[-77.09284439020986,38.89463643538252],[-77.09287951019569,38.89463562037251],[-77.0929146572341,38.89463521758373],[-77.09294979565632,38.8946352540494],[-77.09298492600145,38.894635702315426],[-77.09302004719318,38.89463661728997],[-77.09305512517818,38.89463794364414],[-77.09309019508801,38.894639681798736],[-77.09312522071545,38.89464188624116],[-77.09316020367646,38.89464447460917],[-77.0931953434507,38.89464802596262],[-77.09321162587902,38.894649154624695],[-77.09322558805378,38.89465033787823],[-77.09323954915232,38.89465157603821],[-77.09325350863618,38.89465289655866],[-77.09326743191293,38.894654271564924],[-77.09328138870605,38.89465572935244],[-77.09329530983042,38.89465721417157],[-77.0933091936711,38.894658808384655],[-77.09332311210497,38.894660430470864],[-77.09333699379356,38.89466213449685],[-77.09335083927517,38.89466389300869],[-77.09336471827343,38.894665734301725],[-77.09337856106488,38.89466763008057],[-77.09339236764947,38.89466958034519],[-77.09340620775082,38.89467161339109],[-77.09342001164536,38.89467370092281],[-77.0934337793332,38.89467584294032],[-77.09344754540703,38.89467806731844],[-77.0934612752742,38.894680346182355],[-77.09347503919653,38.8946826803735],[-77.0934887317814,38.894685068629826],[-77.09350242275238,38.894687539246746],[-77.09351611264772,38.89469006477017],[-77.09352976579835,38.89469267223354],[-77.09354338274252,38.894695334182835],[-77.09355699861112,38.894698051038645],[-77.09357061340431,38.89470082280103],[-77.09358419145293,38.89470367650337],[-77.09359773329516,38.894706584691654],[-77.09361127352382,38.89470957524054],[-77.09362477808443,38.894712592821314],[-77.09363824590064,38.89471569234214],[-77.09365171264149,38.894718846769464],[-77.09366514263799,38.894722083136884],[-77.09367857155924,38.89472537441091],[-77.09369196427446,38.89472872017089],[-77.09370532078351,38.894732120416904],[-77.09371864108655,38.894735575148935],[-77.09373195977629,38.89473911224159],[-77.09374524226003,38.8947427038203],[-77.09375848799965,38.89474637733913],[-77.09377169807144,38.89475007788998],[-77.09378490653012,38.894753860801494],[-77.09379807878297,38.8947576981991],[-77.09382171713314,38.89476539551516],[-77.09383699240396,38.89476950522829],[-77.09385027436045,38.89477312424919],[-77.09386352064914,38.89477677030209],[-77.09387676586299,38.89478047126162],[-77.09388997540906,38.89478419925316],[-77.09390318388026,38.89478798215134],[-77.09391635722189,38.89479176462752],[-77.09392952895054,38.89479562946439],[-77.09394266554969,38.89479949387931],[-77.09395580107405,38.894803413200805],[-77.09396890093075,38.894807359554434],[-77.0939819997127,38.89481136081469],[-77.09399509795803,38.894815389527594],[-77.09400812486663,38.8948194723061],[-77.0940211869078,38.89482355550373],[-77.0940341776123,38.894827692766945],[-77.09404720237312,38.89483188535738],[-77.09406015687352,38.894836077105424],[-77.09407314489222,38.8948403516347],[-77.09408606265053,38.894844625321554],[-77.09409897933426,38.894848953915094],[-77.09411189548145,38.89485330996131],[-77.09412477596126,38.89485769303967],[-77.09413762023549,38.89486213060431],[-77.09415046397332,38.89486659562159],[-77.09416327150565,38.89487111512511],[-77.09417607903963,38.894875634627255],[-77.09418884983022,38.89488023606978],[-77.09420162062236,38.894884837510865],[-77.09421435520912,38.89488949343819],[-77.09422705412855,38.89489417639785],[-77.09423975251163,38.89489888681016],[-77.0942524146894,38.8949036517088],[-77.09426504119978,38.89490844363969],[-77.0942776671739,38.89491326302333],[-77.0942902920738,38.89491813731368],[-77.0943028461753,38.89492303821594],[-77.09431539974061,38.894927966570876],[-77.09432795276965,38.894932922378565],[-77.09434046959349,38.89493793267259],[-77.09435295075005,38.89494296999897],[-77.09436539570142,38.89494806181177],[-77.09437784065457,38.894953153623256],[-77.0943902494026,38.89495829992109],[-77.09440265707646,38.89496350112577],[-77.09441502962113,38.8949687019088],[-77.09442736596064,38.894973957178216],[-77.09443966895094,38.89498091459829],[-77.09445218239689,38.89498430467025],[-77.09446459169352,38.894989423506175],[-77.09447696424712,38.8949946242826],[-77.09448930005772,38.89499990699956],[-77.09450156453227,38.89500524378261],[-77.0945137917259,38.89501068996033],[-77.09452594758352,38.89501619020414],[-77.09453806669825,38.8950217723886],[-77.09455011393908,38.895027436093294],[-77.09456208984388,38.89503315386422],[-77.0945740290059,38.895038953575764],[-77.09458589629406,38.8950448348076],[-77.09459769170837,38.8950507975598],[-77.09460945091786,38.8950568147986],[-77.09462113771566,38.89506294101183],[-77.09463275371546,38.895069093837385],[-77.0946442973036,38.895075355637324],[-77.09465580468702,38.895081671924004],[-77.09466724073458,38.895088042277074],[-77.09467860437056,38.89509452160461],[-77.09468989667073,38.89510105499866],[-77.09470115276616,38.89510764287938],[-77.09471230185689,38.89511431186034],[-77.09472337907393,38.895121062361895],[-77.09473442008634,38.895127867350205],[-77.09474538922511,38.89513475385911],[-77.09475625189698,38.89514169401428],[-77.09476707782642,38.89514871611032],[-77.09477783242008,38.89515579227299],[-77.09478848000907,38.89516294953603],[-77.09479909139345,38.89517016128595],[-77.09480963144205,38.89517742710249],[-77.09482006448602,38.89518477401949],[-77.09483042619419,38.89519217500319],[-77.09488176945437,38.89491387290295],[-77.0948689262003,38.89490938051158],[-77.09485669792144,38.89490398927887],[-77.09484515380451,38.89489775495354],[-77.09483436357411,38.89489070583042],[-77.09482446614105,38.89488292595287],[-77.09481549556087,38.894874470649626],[-77.09480759128195,38.89486539650993],[-77.0948035901235,38.89485977416377],[-77.09479701796162,38.89484906832906],[-77.09479049670345,38.8948393516809],[-77.09478450725194,38.89482939424982],[-77.09477915392436,38.89481925220474],[-77.09477440212726,38.894808897671496],[-77.09476665095762,38.89479021418527],[-77.09470055717598,38.89456045781981],[-77.09466220164104,38.89442868281498],[-77.0946581557294,38.89441817195769],[-77.0946529440492,38.894407976678906],[-77.09464663578659,38.89439815272725],[-77.09463929905223,38.8943888107594],[-77.09463089817777,38.89437997780895],[-77.09462160666578,38.8943717657936],[-77.09461142397852,38.8943642021671],[-77.09460041876393,38.89435737013214],[-77.09458873100706,38.894351298823885],[-77.09457639530065,38.89434601611648],[-77.09456351542303,38.89434160563299],[-77.09455023135897,38.89433809650865],[-77.09453657877663,38.89433546170952],[-77.0945226965849,38.89433378527921],[-77.09450450961688,38.89433301845673],[-77.09449046377388,38.89433252086616],[-77.09447640932464,38.89433246253897],[-77.09446238193752,38.894332816441484],[-77.09444834648164,38.89433358215341],[-77.09443437268023,38.89433478796947],[-77.09442049620175,38.894336406856034],[-77.09440668191523,38.89433843839274],[-77.09438780519963,38.894342386505485],[-77.094385901684,38.89434269325336],[-77.09438548661355,38.89433697650134],[-77.09438478785083,38.89432601139795],[-77.09438408962632,38.89431501884046],[-77.0943834259948,38.89430405415742],[-77.09438279749418,38.89429308989474],[-77.09438220412451,38.89428212605238],[-77.09438161129292,38.89427113475592],[-77.09438138925555,38.89426632651038],[-77.09438108818505,38.8942601717543],[-77.09438056561521,38.894249181298555],[-77.09438007763829,38.894238218717256],[-77.09437962533019,38.894227229102235],[-77.0943791724843,38.89421626694123],[-77.0943787904378,38.89420527816693],[-77.09437840839145,38.89419428939257],[-77.09437809606864,38.89418332891307],[-77.09437778428381,38.89417234097942],[-77.09437750762974,38.89416135346616],[-77.09437726610646,38.89415036637326],[-77.09437702404526,38.894139406734375],[-77.0943768527834,38.8941284204822],[-77.09437668152157,38.89411743422996],[-77.09437654539045,38.89410644839809],[-77.09435934179737,38.8938905127793],[-77.09434383263728,38.89367418551413],[-77.09432268941546,38.89344233054253],[-77.0943233242005,38.89340993473466],[-77.09432212163406,38.893397782797024],[-77.09432191471411,38.893386823576364],[-77.09432174346249,38.89337583732197],[-77.094321712732,38.89336485274916],[-77.09432175226198,38.89335386901717],[-77.0943218971828,38.89334288654637],[-77.09432211236405,38.89333190491634],[-77.09432243293597,38.893320924547474],[-77.09432282376828,38.89330994501944],[-77.09432335512145,38.89329896717296],[-77.09432392160464,38.89328798974687],[-77.09432459347839,38.89327701358199],[-77.09432537020461,38.89326606613235],[-77.09432625285919,38.89325509248979],[-77.09432720523601,38.89324414714208],[-77.09432826354106,38.89323317560147],[-77.09432939156827,38.893222232355754],[-77.09433062498566,38.893211290371184],[-77.0943319286631,38.893200349227364],[-77.09433333719275,38.893189436798785],[-77.09433485111245,38.893178525631406],[-77.09433643583003,38.89316758785068],[-77.09433812486174,38.89315670623923],[-77.0943398846912,38.89314579801451],[-77.09434174937267,38.89313491850498],[-77.09434368431384,38.89312403983618],[-77.09434575977502,38.893113162848955],[-77.09434786982776,38.893102313736115],[-77.0943500852703,38.8930914658844],[-77.09435240556458,38.893080646747926],[-77.09435483124861,38.893069828872534],[-77.09435732719206,38.89305901183783],[-77.0943598928571,38.89304822309798],[-77.09436256391169,38.89303743561918],[-77.09436537048012,38.89302511197315],[-77.09439556546818,38.89291873428394],[-77.09443073161353,38.892813294807965],[-77.09447076081642,38.892708929550025],[-77.0945120170622,38.89261366839059],[-77.09456130972849,38.89251174808592],[-77.09477136574942,38.89213860137506],[-77.09484072733201,38.892023822373744],[-77.09497096498119,38.891796908796195],[-77.09514564692066,38.89149124812379],[-77.09521018679695,38.89135886395638],[-77.09523875307256,38.89128352440104],[-77.09525789528782,38.89119598950112],[-77.0952582909458,38.891175783287615],[-77.09525976122187,38.891100696338434],[-77.09525373391624,38.89102090635216],[-77.09527158531439,38.89087008695679],[-77.09520891508383,38.89086933744011],[-77.09517397224433,38.89086658537521],[-77.09513942317014,38.89086166862799],[-77.0951054791762,38.89085456226568],[-77.09507242022248,38.8908453245585],[-77.09503826403115,38.890834700690945],[-77.09481571623884,38.89073902968302],[-77.09440088740135,38.89054887239278],[-77.09436883777896,38.8905347585879],[-77.09418570230645,38.89046666155187],[-77.09394904454584,38.89036854076168],[-77.09342028285528,38.89018673704495],[-77.09340075424687,38.890017895468525],[-77.09337827947682,38.88983803438155],[-77.09335155593966,38.88962398894239],[-77.09327563562675,38.8890160094126],[-77.0932178826039,38.88870007060055],[-77.09319154862243,38.88835869513669],[-77.09314419757328,38.887870703130055],[-77.09271059773207,38.88805271585287],[-77.09255078575082,38.88811980072306],[-77.0922112326602,38.88823436095988],[-77.09168702237424,38.88839448763433],[-77.09132930792231,38.88850333547131],[-77.09104109093863,38.88859791262096],[-77.091024174166,38.888604107999626],[-77.09057470625824,38.888770728296016],[-77.0895701619324,38.889167392743545],[-77.08855841022266,38.889579779369875],[-77.08750208055143,38.89000708160358],[-77.08649381967778,38.890415840368114],[-77.08647506078196,38.890422754365495],[-77.08628183294064,38.89050344212722],[-77.08618427972918,38.89054864883528],[-77.0861071530793,38.89059146513526],[-77.0860487236462,38.89063049722057],[-77.08600382739051,38.890671037763376],[-77.08570877756887,38.89099020209056],[-77.08558620409079,38.891112448017076],[-77.08553226373161,38.891158893337895],[-77.08553155386817,38.891159476907966],[-77.08547306725684,38.8912035968087],[-77.08541176512253,38.89124404424716],[-77.08541094010991,38.89124456464349],[-77.08534550217536,38.89128225222412],[-77.08526495108227,38.891320584988065],[-77.08518113824793,38.891354374875675],[-77.08509448199833,38.89138345700685],[-77.08500541353074,38.89140768210409],[-77.08484993653721,38.89143438516402],[-77.08484765151006,38.89143444001556],[-77.08483710839698,38.891434532675255],[-77.08482656690862,38.891434542971915],[-77.08481602812815,38.89143441599739],[-77.08422980321616,38.89147480335514],[-77.08401008208327,38.891486985201134],[-77.08395968566174,38.89148977932931],[-77.08388010909995,38.89094089565644],[-77.08387750819796,38.89083913658772],[-77.08387497944247,38.89074006437396],[-77.08373569111423,38.88973453759946],[-77.08371499525757,38.8896151914833],[-77.0837034648465,38.88950979601445],[-77.08367730741759,38.88931715178295],[-77.08366829435785,38.889231748789776],[-77.0836634943777,38.88914973992455],[-77.08365280505815,38.88904090312562],[-77.08362470539586,38.88883820030423],[-77.08357504855447,38.888520994556444],[-77.08352487971591,38.888241755440646],[-77.08352354425436,38.88823431810845],[-77.08351577244008,38.88819105975278],[-77.08349630539837,38.88808270230301],[-77.08348608301917,38.88800495820139],[-77.08348089714072,38.88792671532928],[-77.08348077201245,38.88784830179096],[-77.08344754956747,38.887789430626626],[-77.08346434689862,38.88766974708886],[-77.08348447948319,38.88752628169691],[-77.08349129348478,38.887479129921864],[-77.08349420260899,38.88743811655308],[-77.08349466495406,38.88743160538454],[-77.08349457790659,38.88738396190297],[-77.08347880061623,38.88722309447501],[-77.08347277327579,38.88716567374001],[-77.08346068141822,38.887109216499795],[-77.08349083390362,38.88706719299204],[-77.08347206457104,38.88701493907306],[-77.0834486681699,38.886964585912416],[-77.08342083430223,38.8869165408381],[-77.08338879239074,38.88687119621143],[-77.08335060238021,38.88682471160428],[-77.0832877859323,38.88674825188414],[-77.08323296828978,38.886681527288665],[-77.0832374874043,38.886679422710586],[-77.08332709950422,38.88663585268057],[-77.08344611906698,38.8865755207243],[-77.08328949424507,38.886392619821265],[-77.08293985083823,38.88647690738201],[-77.08283014602496,38.88646687870756],[-77.08278377888284,38.88648587118403],[-77.08272627788381,38.88650821678864],[-77.08262920630408,38.88654343069997],[-77.08226710284323,38.88666787808981],[-77.08175927603853,38.886851774542556],[-77.08135979326659,38.88699358973621],[-77.08129389534042,38.88701764562477],[-77.08101643127497,38.88711886381183],[-77.08091590256882,38.887160020969375],[-77.08088067388255,38.88717372209207],[-77.08040819787426,38.887207763366945],[-77.07889601828418,38.88731670157624],[-77.07861804551311,38.88733695406208],[-77.07624647299993,38.887509763341924],[-77.07513816351427,38.88758697075784],[-77.07488835835221,38.88760590851282],[-77.07427610563842,38.88765068080292],[-77.07392770944882,38.88767665790024],[-77.07374823242854,38.88769095499169],[-77.07349136593476,38.88770980403636],[-77.07334004524549,38.88772169640847],[-77.07312895334607,38.88773560853515],[-77.07224449099131,38.88779850977557],[-77.07223875538843,38.88779893434502],[-77.07193820988441,38.88782329037265],[-77.07177317150874,38.887836665014696],[-77.07177311049726,38.887847782405636],[-77.0717665616284,38.8879084732008],[-77.07175611960858,38.88796881458635],[-77.07174123948975,38.888010291453625],[-77.07172173965411,38.888059675730744],[-77.0717041666991,38.88810051571238],[-77.07168148605416,38.88814906494284],[-77.07166948157538,38.88817316671572],[-77.07161821336368,38.8882651680229],[-77.07157270866438,38.88835004471012],[-77.07152863589437,38.88843535070412],[-77.07151014107401,38.88847483387159],[-77.07149332361936,38.88851477680704],[-77.071475422266,38.888563274280415],[-77.07146004079723,38.888612269230116],[-77.07144717976453,38.88866173420315],[-77.0714408151212,38.88874491748546],[-77.07143648678876,38.8888281804543],[-77.07143432583631,38.888903176666425],[-77.07143386101897,38.888986514083484],[-77.07143576032195,38.88907817336867],[-77.07143651953689,38.889168857662455],[-77.07143909087296,38.88947556943793],[-77.07145829028464,38.890223007042295],[-77.07146835986057,38.890670188707595],[-77.07147566935288,38.891098938126625],[-77.0714679852448,38.891655993436565],[-77.07147531638103,38.891820736532075],[-77.07147707659631,38.89185277360028],[-77.07148283971715,38.89195763173182],[-77.07149117077171,38.892109219603086],[-77.07149007944963,38.89210910163711],[-77.0713396012784,38.89209044325254],[-77.07116341830678,38.89206292487022],[-77.07098891918895,38.89202948834644],[-77.07081643221039,38.89199019260366],[-77.0706462765303,38.891945113618085],[-77.07046141451448,38.89188819836152],[-77.07027912471125,38.891826420977],[-77.07010388590125,38.89176150079985],[-77.06997751657683,38.8917111716793],[-77.06985273860678,38.89165846928789],[-77.0696642412877,38.89157290995415],[-77.06947994381902,38.89148193164402],[-77.06934225225545,38.89140891874487],[-77.06920726761778,38.89133288022429],[-77.06907509846073,38.891253879200264],[-77.0688446221213,38.89110481924711],[-77.0687570518394,38.89104982637684],[-77.0686649804761,38.89099952756475],[-77.06856881647393,38.89095414403074],[-77.0684689883739,38.89091388007766],[-77.06836291539497,38.89087798339859],[-77.06825393591772,38.89084786770248],[-77.06814256975579,38.890823674905434],[-77.06812351883008,38.890820476914335],[-77.06809682625217,38.89081636194279],[-77.06807005629585,38.890812603010275],[-77.06804324354157,38.89080922799897],[-77.06801631827928,38.89080620859834],[-77.0680058525255,38.890805178235546],[-77.0679972410594,38.890804328377456],[-77.06798931563736,38.890803545236665],[-77.06795377942507,38.890800640524006],[-77.0678801821161,38.890794580596115],[-77.06787434598591,38.89079430691558],[-77.06785477535134,38.89079338177822],[-77.06784332257828,38.89079284052314],[-77.06780641749985,38.8907916216357],[-77.06776946742818,38.890790896479814],[-77.067732542072,38.89079069336604],[-77.067695607398,38.89079095695819],[-77.0676586968898,38.890791770046526],[-77.06762177706219,38.89079304984068],[-77.0675849170758,38.890794852105444],[-77.06754808234922,38.890797148958534],[-77.06751134313937,38.8907999412568],[-77.06747462863954,38.890803255597426],[-77.06743801020315,38.89080703792932],[-77.06740095870364,38.890811391641655],[-77.0673997967101,38.89081151477236],[-77.06730405388728,38.89082525811644],[-77.06720948958267,38.89084332708184],[-77.06715756551932,38.89085518827926],[-77.06711066322434,38.89086719309764],[-77.06710617772855,38.89086834664687],[-77.06701512636833,38.89089524572215],[-77.06692064715737,38.89092993434089],[-77.0668288903789,38.890968831838606],[-77.06674016168228,38.891011808080634],[-77.06665476044121,38.89105871740976],[-77.06662704310858,38.891075224566706],[-77.06654574772578,38.89112766403989],[-77.06646850424585,38.891183719362445],[-77.0663955799748,38.89124320158014],[-77.06589395449866,38.89172177238105],[-77.06580574247124,38.89178903117139],[-77.06571227456129,38.89185180626785],[-77.06569197620637,38.8918644185721],[-77.06563368918403,38.891898786078954],[-77.065537860303,38.89194980135835],[-77.06542623614365,38.892001505821696],[-77.06535887436719,38.89202907054167],[-77.06530810247192,38.89204816029215],[-77.06523941583178,38.89207179733481],[-77.06515212083524,38.89209271497081],[-77.06506342524048,38.892109650799846],[-77.06497362231069,38.89212254661499],[-77.06497478409067,38.89212913248719],[-77.06497724196869,38.8921380048471],[-77.06497970369149,38.892146685029275],[-77.06498304310334,38.89215540339492],[-77.06498726624537,38.8921638579504],[-77.06499149103591,38.89217223014389],[-77.06499659900781,38.892180365981176],[-77.06500171082504,38.8921883096405],[-77.06500770527477,38.89219604439743],[-77.06501458400474,38.89220348788983],[-77.06502148525156,38.89220980577004],[-77.06502838155723,38.89221637073535],[-77.06503524218549,38.89222296272498],[-77.06504217032827,38.89222969284229],[-77.06504906114628,38.89223653234583],[-77.06505507317777,38.8922433885739],[-77.06506709065451,38.89225743047644],[-77.06507910099721,38.892271829279004],[-77.06508422491102,38.892279168947745],[-77.06509446834875,38.89229406791611],[-77.06510470520122,38.89230929633091],[-77.06510894374212,38.892316982171195],[-77.06511318063656,38.89232475037314],[-77.06512165058437,38.89234047895422],[-77.06512500594691,38.892348401150876],[-77.06512923735379,38.89235644389167],[-77.06513259052144,38.892364475903925],[-77.06513594259162,38.892372562823894],[-77.06513841422573,38.89238074883118],[-77.06514176410089,38.892388945566765],[-77.06514670407748,38.89240548230472],[-77.06514829582584,38.89241373994527],[-77.06515076416812,38.89242209067596],[-77.06515705383704,38.892812108778436],[-77.06507984141044,38.892981421601114],[-77.06514362165822,38.89330623639313],[-77.06519488910322,38.89337826032541],[-77.06520103656845,38.89342227245258],[-77.06526476390472,38.89357408442079],[-77.06524595569547,38.89363426810718],[-77.06525460811926,38.89373048605005],[-77.06576273539247,38.89450284332554],[-77.06576613868032,38.89450837700723],[-77.06576844413597,38.894514336654446],[-77.0657700821056,38.89451677319009],[-77.0657718973754,38.89451912950862],[-77.06577385481467,38.894521405181116],[-77.06577591874377,38.89452362723251],[-77.06577812539126,38.894525741183955],[-77.06578047365933,38.89452780194322],[-77.06578292951504,38.89452975417351],[-77.06578552754023,38.894531625757736],[-77.06578819802243,38.894533388384026],[-77.06579101122298,38.894535042910285],[-77.06579389633166,38.894536615932566],[-77.06579688957686,38.89453805297184],[-77.06579995473021,38.89453940850721],[-77.06580309288931,38.8945406276306],[-77.06580630405433,38.89454171034218],[-77.06580958767626,38.89454268409574],[-77.06581290862445,38.89454354846246],[-77.06581630257843,38.894544276417236],[-77.06581973385866,38.89454489498509],[-77.06582320301392,38.894545376712124],[-77.06582667491361,38.89454572116938],[-77.06583018468832,38.8945459287858],[-77.0658336966585,38.89454602658638],[-77.06583721192186,38.89454595966321],[-77.0658406937011,38.89454580994922],[-77.06584421390419,38.894545495940456],[-77.06584766604135,38.894545071257994],[-77.06585112147155,38.89454448185184],[-77.06585450828696,38.89454380922591],[-77.06585786326474,38.89454297144734],[-77.06586114962762,38.894542050449054],[-77.0658644041529,38.894540964298194],[-77.0659522719385,38.89452064522491],[-77.06600427557564,38.89460690235772],[-77.06588342617515,38.89469681596095],[-77.06562402502776,38.89476197070654],[-77.06561958537242,38.89476433302885],[-77.06561694836587,38.89476616815093],[-77.0656145545299,38.89476814354558],[-77.0656123676359,38.89477031369162],[-77.06561049417411,38.8947726249682],[-77.06560886443191,38.894775049063476],[-77.0656075827038,38.89477764217226],[-77.06560658202191,38.894780238712954],[-77.06560593100109,38.89478292190538],[-77.06560555992863,38.89478566343764],[-77.06560557584385,38.89478838223492],[-77.06560587225647,38.894791131918055],[-77.06560655620589,38.8947938314123],[-77.06560752229959,38.89479647943058],[-77.06560877163564,38.8947990210651],[-77.06561037392665,38.894801484627735],[-77.06561222487817,38.894803813923644],[-77.06561436016989,38.89480598192781],[-77.06561354118037,38.894808278620296],[-77.06561628302818,38.89480998720051],[-77.06561898919635,38.89481172280558],[-77.06562169536463,38.89481345841061],[-77.0656244004352,38.894815248923436],[-77.06562707092397,38.89481701155324],[-77.06562970518424,38.89481882866193],[-77.06563233944456,38.89482064577048],[-77.06563497370509,38.89482246287903],[-77.06563757228598,38.89482430701242],[-77.06564013518721,38.89482617817074],[-77.0656426629578,38.8948280489],[-77.06569247735592,38.89486737666951],[-77.06569627093727,38.89486745045203],[-77.06569978402084,38.89486749334872],[-77.06570333278412,38.89486750922031],[-77.06570681238365,38.89486746932602],[-77.06571032766288,38.89486740240672],[-77.06571384349103,38.8948673080333],[-77.06571736041695,38.89486715875196],[-77.06572084330988,38.89486695413366],[-77.06572436133361,38.894866749944214],[-77.06572784532428,38.894866490417876],[-77.06573132986391,38.89486620343752],[-77.0657348500832,38.89486588943201],[-77.06573830113855,38.89486551966069],[-77.06574178787366,38.89486512286428],[-77.0657452751576,38.8948646986138],[-77.0657487284085,38.89486421902642],[-77.06575218220824,38.89486371198499],[-77.06575560197487,38.894863149606664],[-77.06575905742113,38.89486256020323],[-77.0657624782855,38.89486194291686],[-77.06576589969865,38.89486129817643],[-77.06576928707867,38.894860598099065],[-77.06577267500752,38.89485987056767],[-77.06577606348522,38.8948591155823],[-77.06577941738088,38.89485833271391],[-77.06578277237426,38.89485749493756],[-77.06578609278559,38.894856629278294],[-77.06578941429463,38.89485570871103],[-77.0657927006727,38.89485478771471],[-77.06579598814851,38.894853811810506],[-77.06583960631936,38.89483045361651],[-77.06584876386185,38.894795992485385],[-77.06585137945429,38.89479347058086],[-77.06585377383342,38.89479146772753],[-77.0658562719582,38.894789548522645],[-77.0658589429926,38.89478776873199],[-77.06586175235466,38.89478610047269],[-77.06586466436465,38.89478457076973],[-77.06586771415353,38.89478318005206],[-77.06587083091067,38.89478195491572],[-77.0658740508647,38.89478084088175],[-77.06587733778717,38.89477989242914],[-77.0658807268088,38.894779109986736],[-77.06588411308613,38.89477846481397],[-77.06588760146275,38.89477798565138],[-77.0658910865462,38.89477767121233],[-77.06589456888548,38.89477749404282],[-77.0658980825136,38.89477750947966],[-77.06590159284869,38.89477768963996]]]},"properties":{"OBJECTID":14,"ES_Name":"Innovation Elementary School","Website":"https://innovation.apsva.us/","School_Year":"2022-2023","Shape__Area":23641480.996934764,"Shape__Length":25852.478427446957}},{"type":"Feature","id":15,"geometry":{"type":"Polygon","coordinates":[[[-77.14994675044667,38.90529130419572],[-77.14997726432235,38.90533564604804],[-77.15001007863624,38.905388472060416],[-77.15003981442047,38.90544241601541],[-77.15006998015718,38.90550526199914],[-77.15011417632188,38.90560877294375],[-77.15013673820863,38.90566483125468],[-77.15016033460736,38.905729414100286],[-77.15018160221119,38.9057944919264],[-77.15018877740758,38.90583713763447],[-77.15019287658322,38.905871427567654],[-77.15019593407926,38.905914382946854],[-77.15019674127646,38.90595739485165],[-77.15019526406739,38.90600040797001],[-77.15019046437828,38.906051895568226],[-77.15039435528938,38.90589963719186],[-77.15059305747785,38.90574292524074],[-77.15063553120808,38.90570826406308],[-77.1507623985413,38.90559284206489],[-77.15099738254344,38.90537905309],[-77.15111524842298,38.905278529190184],[-77.15129764004715,38.90512931763634],[-77.15190246831637,38.9046244019102],[-77.15202318384907,38.90452171299443],[-77.15218133219749,38.90438461331772],[-77.15219109419496,38.9043761508735],[-77.15233210977657,38.90425914064237],[-77.15284457617946,38.903824831619346],[-77.15296474173807,38.90373257030623],[-77.15310205999965,38.90360645490833],[-77.15361947210906,38.90317027702883],[-77.1541175237153,38.902754195625036],[-77.15423609906544,38.90265285294832],[-77.15443745962942,38.90248463174091],[-77.15460770595519,38.902345161655646],[-77.15465202517105,38.902305577343654],[-77.15499211136235,38.90201070475576],[-77.15524237503872,38.90180185179948],[-77.15543741690621,38.90163300736156],[-77.15553321712419,38.90155107793605],[-77.15562277598677,38.901474486664036],[-77.15576421546375,38.90133987523014],[-77.1559025980739,38.90120333389983],[-77.15604419733906,38.90105826163051],[-77.15618336249982,38.90091283525799],[-77.15640834617237,38.900930479151526],[-77.15662609315257,38.90105659166556],[-77.15687222053268,38.90120990146211],[-77.1570472507835,38.9013398222882],[-77.15708723621195,38.901369953535045],[-77.15721817562478,38.9014686232532],[-77.1573945437301,38.901600709305555],[-77.15749100936229,38.90166523444223],[-77.15757525765027,38.901721021421956],[-77.15767184647481,38.90177909810482],[-77.15770460609743,38.9017975017397],[-77.1577616963903,38.90182957362383],[-77.1578624518849,38.901885547276954],[-77.15798365507777,38.90195143070634],[-77.15806531567385,38.90199858586433],[-77.15813163919377,38.90204185179174],[-77.15830180006854,38.902152858500415],[-77.15832088371202,38.902166058243715],[-77.15838872067202,38.90221297462806],[-77.15856782199123,38.902346164440594],[-77.15880386872364,38.90252407937536],[-77.15916618117565,38.90279158211102],[-77.15927474961113,38.902870233093246],[-77.15968604279455,38.90315624349948],[-77.15972464388214,38.90312527634331],[-77.16047278199954,38.90253683239496],[-77.160801777711,38.902278057345995],[-77.16085524906846,38.902237476657085],[-77.16120118277942,38.90196681797701],[-77.16159701917148,38.90165831008261],[-77.16171108989458,38.901571709676006],[-77.16188904418556,38.901432250067515],[-77.16214975003793,38.90122793465832],[-77.16222818796416,38.90116569701207],[-77.16232808439473,38.9010872001068],[-77.16253850021128,38.90092208894086],[-77.16262410235201,38.900854413106586],[-77.16281654024485,38.90071106490405],[-77.16297699838564,38.90058657452983],[-77.1632087992087,38.90040520201134],[-77.16338714597735,38.90026169253482],[-77.16367195136425,38.90003809978536],[-77.16369745037831,38.900018081345685],[-77.16393272528131,38.89983677439284],[-77.16403778592635,38.899754857641206],[-77.16404756762952,38.89974723198375],[-77.16432497419427,38.899530935158865],[-77.1644177530728,38.89945510158414],[-77.16455943878995,38.899344729843236],[-77.16468875518237,38.899243993147785],[-77.16488128682808,38.899095150634004],[-77.16497737868312,38.899018849694784],[-77.1651131285968,38.898911056307824],[-77.16533422485851,38.898737823506565],[-77.1655446268651,38.898572706856754],[-77.16569086901865,38.89845628937091],[-77.16602250881574,38.898196438348776],[-77.16628642381478,38.897987991801834],[-77.16636489025296,38.89792572428639],[-77.16669993637741,38.897671402075744],[-77.16682122473644,38.897573922077925],[-77.16688894686807,38.89752248888106],[-77.16729551320327,38.89720309969548],[-77.16749879407719,38.89704061734835],[-77.16775170192822,38.89685675682961],[-77.16778023159553,38.89683236624517],[-77.16801234863338,38.89663453929929],[-77.16802388591482,38.89662824444361],[-77.16803370175407,38.89662003531644],[-77.16804091325602,38.896610149048556],[-77.16821550798574,38.89648031985548],[-77.16863266941236,38.896155526719234],[-77.1690820060731,38.89580089049336],[-77.16940292901167,38.89554914665398],[-77.16980222416993,38.89523787710929],[-77.17039648466799,38.89477476684748],[-77.17037277538849,38.89475826437144],[-77.17027694857298,38.894690204296616],[-77.17010230872465,38.894557544288],[-77.16990160868426,38.89440149491965],[-77.16944112043959,38.89402433170253],[-77.16942533697139,38.894011411395944],[-77.16935838376268,38.89395394427261],[-77.16935354363841,38.89395488144196],[-77.16928913218435,38.89396829375288],[-77.16922498596611,38.89398256029903],[-77.16916120986518,38.893997709729305],[-77.1690977336175,38.89401374124821],[-77.1690346636326,38.89403060114165],[-77.16897196375889,38.89404834392094],[-77.16888086616166,38.89407587020816],[-77.1688075607677,38.894102146104494],[-77.16880169980755,38.89410424560489],[-77.16874829882205,38.8941245650637],[-77.16869541152552,38.89414560428502],[-77.16864296765459,38.894167362473176],[-77.16859074368308,38.894190523599576],[-77.16841251974874,38.89426822026151],[-77.1680979712805,38.89441332348759],[-77.1673341984037,38.89478028855711],[-77.1672363049372,38.894829292719905],[-77.16722886613496,38.89483250354018],[-77.16561503622104,38.89554519930749],[-77.16534699072942,38.89566357098586],[-77.16502760122131,38.89580461390253],[-77.16501130261373,38.895811842921795],[-77.16461490234899,38.89596440947847],[-77.16458335893326,38.895978879381474],[-77.16392314423098,38.89627782756466],[-77.16384960424158,38.89631329345848],[-77.16376928715245,38.8963560415441],[-77.16369162144316,38.89640170305644],[-77.16361685405758,38.896450225889716],[-77.16354509345811,38.89650144652227],[-77.16351086527631,38.89652796807514],[-77.16282053030801,38.897028399766974],[-77.1628130845622,38.89703490545331],[-77.1624177172606,38.897380332718214],[-77.16241222946422,38.89738512724992],[-77.16169544252926,38.897923904835736],[-77.16145315800198,38.89810601654099],[-77.16063160644983,38.89874419083017],[-77.16020039164911,38.899066049622924],[-77.15994319704777,38.8992709895257],[-77.15992819477509,38.899283999273116],[-77.15987737678516,38.89931431225486],[-77.15980004621935,38.89935865695922],[-77.1597126047654,38.89940623639685],[-77.15964152935031,38.899443045895836],[-77.15956949166765,38.899478691044834],[-77.1594965273662,38.89951314478875],[-77.15942267158191,38.899546407526735],[-77.15934795893777,38.89957850711252],[-77.15928187967299,38.89960557013081],[-77.15921522053287,38.89963169284781],[-77.1591382866248,38.8996604168074],[-77.15906060332115,38.89968786899471],[-77.15898220524583,38.89971407726359],[-77.15891306017664,38.89973594256519],[-77.15883344183727,38.89975974776949],[-77.15847810738612,38.89981912348038],[-77.15818911153121,38.899863878174116],[-77.15776912975717,38.89992251331734],[-77.15769306937715,38.89992892119089],[-77.15761741896968,38.899937832576775],[-77.15755300007329,38.899947476388256],[-77.15747849247632,38.89996104151567],[-77.15745732686203,38.89996535801801],[-77.15708388362533,38.9000533557707],[-77.1570411627353,38.90006214893689],[-77.15699941651283,38.90007331480628],[-77.1569488067875,38.90009053040842],[-77.15690041494436,38.90011128625004],[-77.1568635824768,38.90013027948353],[-77.15682014139904,38.900156885995735],[-77.15677289078457,38.90011669322309],[-77.15673984099178,38.9000650471524],[-77.15671473900636,38.8999774367279],[-77.15671838802672,38.899885788889534],[-77.15673314355276,38.89976213962852],[-77.15674918219223,38.89964690785186],[-77.15676746624902,38.8995318665063],[-77.15678951860784,38.89940887732747],[-77.15681236115887,38.89929435491539],[-77.15683928663869,38.899171970644666],[-77.15686672123105,38.899058049925266],[-77.15688614032601,38.89898371753128],[-77.15689851824293,38.89893635291929],[-77.15696442528895,38.89862570784102],[-77.15702985495217,38.8982466813588],[-77.15704648868707,38.89816531473351],[-77.15713708199485,38.89766218112308],[-77.15707294081686,38.897670235137404],[-77.15700835659564,38.897675675332586],[-77.15694350551598,38.897678476261966],[-77.15686770877412,38.89767843344521],[-77.15679208528891,38.8976747678139],[-77.15672757489247,38.897668757794634],[-77.15643562536292,38.897646471439934],[-77.15621330209953,38.897640358576766],[-77.1559855340754,38.897643519467216],[-77.15574174537105,38.89765775527098],[-77.155327232096,38.89766893801002],[-77.15435538713086,38.897717947194494],[-77.15431322658624,38.89717430117654],[-77.15430562875116,38.897036089244466],[-77.15426869102603,38.89678726094876],[-77.15426346365727,38.896736234894995],[-77.15426080403965,38.89668507349562],[-77.15426097516652,38.896625376936115],[-77.15426649261819,38.896522327013926],[-77.15427418253803,38.89643646461597],[-77.15428596534551,38.8963422188157],[-77.1543294355834,38.89616038092118],[-77.15435585098132,38.896001661365304],[-77.15438582441044,38.89585182474936],[-77.15438827750258,38.89580160063645],[-77.15438786684341,38.89574294088858],[-77.15438397608175,38.8956843511151],[-77.15437785187868,38.89563430334671],[-77.15436745146745,38.89557618820484],[-77.15432957201837,38.89532888681389],[-77.1542976895381,38.895222717302005],[-77.15426034014301,38.89511763847591],[-77.15422113200962,38.89502173751659],[-77.15413211012311,38.894840853047796],[-77.15409221813529,38.89475145227527],[-77.15405748116413,38.89466073754183],[-77.15402796584863,38.89456890183732],[-77.15380503500285,38.8939215807398],[-77.15354394075582,38.89307995225724],[-77.15350826628,38.892940045251066],[-77.15344069275419,38.89273804190151],[-77.15337934057764,38.89254344171],[-77.15332133846329,38.89234822083502],[-77.15326459113487,38.89214419956222],[-77.15303108870333,38.892229120350514],[-77.1529055521851,38.89227161712017],[-77.15275969677997,38.89231086007909],[-77.15228199356335,38.89243279560768],[-77.15187781871624,38.89253113349618],[-77.15169920961668,38.89256662504512],[-77.15093793026551,38.89275753223177],[-77.15084523640482,38.89278077679281],[-77.15023362469569,38.89293399294611],[-77.14967065781912,38.89307501845094],[-77.14896726709159,38.89325165720612],[-77.14837667766227,38.89339996362163],[-77.1481662932962,38.893455718875984],[-77.14795705895982,38.89351405967791],[-77.14767485397367,38.8935973967212],[-77.14739814716208,38.893686923477645],[-77.14711360432409,38.89377898350919],[-77.14586136245906,38.894181715190335],[-77.14564072272577,38.8942526740003],[-77.14509316500015,38.8944267940116],[-77.14491874275623,38.89448225978185],[-77.14435424381284,38.89466176396083],[-77.14403162352035,38.89477664629537],[-77.14394600983293,38.89467707557009],[-77.14333744328687,38.89369026547877],[-77.14298953704825,38.89304202826931],[-77.14213544434456,38.89168083646163],[-77.14212831133742,38.891667847656755],[-77.14200265501117,38.891716372726854],[-77.1417543237624,38.891804395041056],[-77.14149223408634,38.89189527834463],[-77.14138758430335,38.8919292171489],[-77.14125808873278,38.89197632400791],[-77.1409820498566,38.892061552761035],[-77.1403255197611,38.892273911981285],[-77.1398671392621,38.89241524315443],[-77.13941682258535,38.892555567547646],[-77.13929022352845,38.892598037555274],[-77.13902009476256,38.892686350838396],[-77.13865319791985,38.892800453141575],[-77.13851743284671,38.89284446371114],[-77.13810775568389,38.89297234782226],[-77.13771728676869,38.89308784900284],[-77.13761377600798,38.893117129431396],[-77.13668473188497,38.89341253281869],[-77.13584743078027,38.89366890234263],[-77.1349903577277,38.893948377465044],[-77.13438304789872,38.89413903287544],[-77.13424787658974,38.8941898779308],[-77.13353732493175,38.89441016480171],[-77.13328883582165,38.89448870575212],[-77.13253087646206,38.89472957600736],[-77.13233251228664,38.894757472942494],[-77.13257987399122,38.894942689352845],[-77.13296259836405,38.89527145049924],[-77.1333388918405,38.89558750376256],[-77.13337861663584,38.89562901911319],[-77.13341546443495,38.89567214859811],[-77.13343833918645,38.89570171487807],[-77.13345986640208,38.895731924524306],[-77.1334847860852,38.895770356806594],[-77.13350798225011,38.8958088788744],[-77.13352958600764,38.895847986539835],[-77.13354959892463,38.89588759744093],[-77.1335680215217,38.895927684124274],[-77.13358103556169,38.89596023868361],[-77.13359677610151,38.89601015241622],[-77.13361092997926,38.896060349753135],[-77.13363277837801,38.89615303531699],[-77.13364749297477,38.896376733435915],[-77.13484035947883,38.89638346281718],[-77.13576516799911,38.89637973533924],[-77.13583945476721,38.896379664410794],[-77.13614326386656,38.896380144084404],[-77.13618828151348,38.89637995278511],[-77.1364951110927,38.89638236137757],[-77.13704991646719,38.89636655712833],[-77.13735608626635,38.896342648852155],[-77.13752222727742,38.896327825218435],[-77.13772670898283,38.89631097456814],[-77.13948721291594,38.8974294392345],[-77.14066551852379,38.898177992693334],[-77.14135230929872,38.89859714176407],[-77.14203910809921,38.89901628677464],[-77.14238918069172,38.89955113976415],[-77.14239837578081,38.89956662377095],[-77.14245296125121,38.899671878146656],[-77.14274572182855,38.900190140647915],[-77.14278035726706,38.900250321764624],[-77.14296245063647,38.900566652984395],[-77.14314436444843,38.900870267712634],[-77.14320036560225,38.90094351939409],[-77.14325775060942,38.901016073062344],[-77.14338820837882,38.90117344397451],[-77.14343301234629,38.90123116103556],[-77.14348199046876,38.90129672498459],[-77.14353981238445,38.901377796219705],[-77.14359533199767,38.90145982940872],[-77.14367535439835,38.90159530847869],[-77.14415345970377,38.902404313731196],[-77.14417360183451,38.90246166346259],[-77.14418309643455,38.902494807690026],[-77.14419114583613,38.90252818237933],[-77.1442016298861,38.90258706825285],[-77.1442075737411,38.902646313630235],[-77.14419010532164,38.90284375354484],[-77.14417718419571,38.902989792340755],[-77.14419129416856,38.90319151319497],[-77.14423084186807,38.90338611334388],[-77.14431836456903,38.903719941180576],[-77.14438550632535,38.90396071822139],[-77.14463890223412,38.904648224912556],[-77.1451168812994,38.90451671187014],[-77.14562173871802,38.90437614283906],[-77.14580504288847,38.904328003743046],[-77.1459314566596,38.904296233992106],[-77.14607903218685,38.90426045165767],[-77.14615168482203,38.90424497756815],[-77.14620431837746,38.904236275096544],[-77.14625740651528,38.90422955497425],[-77.1463108784497,38.90422484384515],[-77.14637528324089,38.90422182389328],[-77.14642909389777,38.9042215102456],[-77.14651451460271,38.90421848521154],[-77.14658930604227,38.90421816606455],[-77.14668544032823,38.90422100351112],[-77.14677062914616,38.90422654320222],[-77.14685548302553,38.90423493483427],[-77.14718374326549,38.90428979124699],[-77.14696276148597,38.90506848896737],[-77.14797436147734,38.90526521683021],[-77.14814371278987,38.90530478611133],[-77.14862342770809,38.905396255521204],[-77.1487315667083,38.90540927978744],[-77.14882946716152,38.90541732574814],[-77.14893867337032,38.905422206422784],[-77.14903604692302,38.905422776982064],[-77.14913204761679,38.905419734391174],[-77.1492383588465,38.90541225187806],[-77.14934401283745,38.90540047792482],[-77.14939655331706,38.9053930086585],[-77.14942800413132,38.905387576120596],[-77.14952193236483,38.905365809004536],[-77.14961418021701,38.90533995839248],[-77.14967457316776,38.90532046932206],[-77.14972414043774,38.90530291531089],[-77.14990841050285,38.905240776239054],[-77.14994675044667,38.90529130419572]]]},"properties":{"OBJECTID":15,"ES_Name":"Nottingham Elementary School","Website":"https://nottingham.apsva.us/","School_Year":"2022-2023","Shape__Area":21913349.285033204,"Shape__Length":31614.26196069735}},{"type":"Feature","id":16,"geometry":{"type":"Polygon","coordinates":[[[-77.06796710691246,38.86087541682007],[-77.06826703193542,38.8610365849783],[-77.06842004212413,38.86111880637549],[-77.06860219363625,38.86123658251611],[-77.06895372856651,38.86145531298986],[-77.06895466962,38.86145589770524],[-77.06912737911973,38.86156739810368],[-77.06921604551555,38.86162463952283],[-77.069329688089,38.86169800438282],[-77.06944788996277,38.861024805424336],[-77.06946405507972,38.8609327425108],[-77.06948963475313,38.86083002106702],[-77.06951510381944,38.86073284536035],[-77.06953789231223,38.86065032854327],[-77.06956821317704,38.860545852427],[-77.06959585137498,38.86045790251216],[-77.06962334341532,38.86037728285707],[-77.06964826226135,38.86030769856995],[-77.06967321826404,38.86023624739155],[-77.06970559812926,38.86014651533613],[-77.06974522116086,38.8600458047834],[-77.06979711826982,38.8599213527911],[-77.06986342412686,38.859782357271065],[-77.06995406570435,38.859588901183855],[-77.0699767693354,38.85954232949821],[-77.06997686331393,38.85954212983533],[-77.07000694406183,38.85948038834296],[-77.07004607719279,38.859402464227365],[-77.07008080649196,38.85933755783111],[-77.07011984155994,38.85926454798953],[-77.07017624367485,38.859160718871],[-77.07023892576899,38.85905369836067],[-77.07030585408303,38.85894508187319],[-77.0703813637841,38.858823525933396],[-77.07067986644826,38.858371886780546],[-77.0707921916048,38.85820752791811],[-77.07102751293344,38.85786314975635],[-77.07130692833017,38.85744722294953],[-77.07167280410744,38.856920307064115],[-77.07178890397539,38.85675310977803],[-77.07228001254738,38.85602313195097],[-77.07263174261047,38.85551817106854],[-77.07361979910036,38.854099581815625],[-77.07391536303581,38.85368247194262],[-77.0742551864204,38.8532293484267],[-77.07430243425468,38.85316494121172],[-77.07465115956704,38.85268960754613],[-77.0748783726682,38.85236970069034],[-77.07524763298747,38.85188780767635],[-77.07540689938189,38.851679982277474],[-77.07604714457965,38.850828224409824],[-77.07628687319638,38.85052118103536],[-77.07646260509124,38.850296128251415],[-77.07692260675557,38.84971349334036],[-77.07726427779046,38.84928748743573],[-77.07756127914665,38.84891715343374],[-77.07800316591997,38.84836614772233],[-77.07825282989805,38.84806193933475],[-77.07854611837375,38.847704577782864],[-77.07878331358262,38.84741556277846],[-77.0792341157462,38.84688954169188],[-77.07936714718473,38.84673430884133],[-77.08026208239632,38.84569001992542],[-77.08095620476685,38.844880023470175],[-77.08130627943244,38.844493706091896],[-77.08142940710033,38.844357862195736],[-77.08198602021284,38.84372974648089],[-77.08224368375488,38.843441965545125],[-77.08224461508378,38.843440924698115],[-77.08224400263045,38.84344082118746],[-77.08171155070673,38.843350215929966],[-77.0807176959574,38.8431789570901],[-77.07930393830796,38.84293392841133],[-77.07922360910995,38.843089483382265],[-77.07921905301671,38.843097913659655],[-77.079214494749,38.84310645375423],[-77.07920993865359,38.84311488403116],[-77.07920450491724,38.843123303684614],[-77.07919535707198,38.84314019126694],[-77.07918996006765,38.84314852898154],[-77.07918540342335,38.84315698671182],[-77.07918084895144,38.84316533462452],[-77.07917541683796,38.8431736719135],[-77.07917086182046,38.84318204728015],[-77.07916542970455,38.843190384568565],[-77.07916001769227,38.843197706045984],[-77.07915548223302,38.84320509305545],[-77.07915007021863,38.84321241453233],[-77.07914553747435,38.843219664269704],[-77.07912930685536,38.84324135415472],[-77.07911308166052,38.84326276949383],[-77.07910679688634,38.8432698332555],[-77.07910139029607,38.84327688018656],[-77.07909598533496,38.843283844754346],[-77.07908970273084,38.84329079869767],[-77.07908429722416,38.84329779071924],[-77.07907801461768,38.84330474466191],[-77.07907173364023,38.843311616241195],[-77.07906633030386,38.843318498444525],[-77.07905377160363,38.8433320768754],[-77.079047493882,38.84333878372726],[-77.07904121452893,38.843345572941864],[-77.07903493843521,38.843352197429994],[-77.07902866071005,38.84335890428087],[-77.07902238515744,38.843365501313954],[-77.07901523141733,38.84337211517634],[-77.07900268302333,38.843385171969025],[-77.07899553254009,38.84339162110411],[-77.07898926024222,38.843398053409324],[-77.07898210975648,38.84340450254356],[-77.07897496144327,38.84341084185996],[-77.07896869022878,38.84341721925541],[-77.07895439685689,38.84342973316002],[-77.07893296113741,38.84344828437895],[-77.07892581770666,38.84345437660321],[-77.07891867644861,38.84346035900965],[-77.07891065537142,38.84346644060747],[-77.0789034800921,38.84347236767927],[-77.07889637339265,38.843478377963656],[-77.07888835557245,38.843484294833914],[-77.07888121811267,38.843490085057624],[-77.07887320137687,38.84349594701813],[-77.07886606445821,38.84350170978661],[-77.07885000076597,38.84351318619082],[-77.0788420240223,38.84351880148511],[-77.07883489035987,38.84352439952553],[-77.07881886828542,38.84353554689839],[-77.07881085914862,38.84354102449373],[-77.07879484413246,38.84355181495677],[-77.07878595897743,38.84355719956101],[-77.07877795309685,38.84356251242808],[-77.07876191003106,38.843572945555046],[-77.07875306323795,38.843578165855774],[-77.07874506278796,38.84358320417716],[-77.07873618251719,38.84358834168851],[-77.07872818097779,38.84359343491737],[-77.07871042858326,38.843603298121714],[-77.07870246595111,38.84360819959354],[-77.0786935560039,38.84361306213307],[-77.07866693636471,38.843627403934],[-77.07865806641072,38.84363201980688],[-77.07864831880948,38.84363662505162],[-77.07863944885315,38.8436412409231],[-77.07863058215716,38.843645692067895],[-77.0786217143729,38.843650198120635],[-77.07861197165916,38.8436545562733],[-77.0786031071342,38.84365889759857],[-77.07859336604893,38.84366317338665],[-77.07858450315257,38.84366743234749],[-77.07857476423945,38.84367159831662],[-77.07856502695603,38.84367568192196],[-77.07855616677449,38.84367980360899],[-77.07854643111975,38.843683804849725],[-77.07853669763834,38.843687696272234],[-77.07850750044967,38.84369920580905],[-77.07847831412444,38.84371016625172],[-77.07844913757602,38.84372063250898],[-77.07843941550112,38.8437239473823],[-77.07842881577817,38.843727251625694],[-77.07841909370146,38.84373056649733],[-77.07839965661303,38.84373683933177],[-77.0783890617794,38.84373989648249],[-77.07837934459224,38.843742964261814],[-77.07836875356263,38.8437458292303],[-77.07835904017959,38.84374870482753],[-77.07834844860464,38.84375159724858],[-77.07833873848219,38.843754308118044],[-77.07831756293994,38.84375970859471],[-77.07830785553372,38.84376228218997],[-77.07829727156665,38.843764790245615],[-77.07828756144046,38.843767501110875],[-77.07827697366588,38.8437702013451],[-77.07826726516934,38.84377282984564],[-77.07824609559731,38.84377792831166],[-77.07823639253594,38.843780282266316],[-77.07822581182613,38.84378262558944],[-77.07821523220309,38.843784914003024],[-77.07820553240224,38.84378710322901],[-77.07819495440917,38.84378930927772],[-77.07817380603363,38.843793337011526],[-77.07816411112424,38.843795279145105],[-77.07814296981422,38.843798949966896],[-77.07813240051784,38.843800716740546],[-77.07810070295747,38.843805495423375],[-77.0780795784988,38.84380831514928],[-77.07806901790025,38.84380964264783],[-77.07805845893269,38.84381088778241],[-77.07804790159618,38.843812050553005],[-77.07802679018502,38.84381421136539],[-77.07800568584227,38.84381601526756],[-77.0779942228198,38.84381681006932],[-77.07798370711323,38.843817643807434],[-77.07796261310132,38.84381892606943],[-77.07795206772661,38.84381948483605],[-77.07794155908921,38.84381996166395],[-77.07793098241518,38.843820327822925],[-77.07791956428646,38.84382062886472],[-77.07790902380589,38.84382094053842],[-77.07789848550068,38.84382114239378],[-77.07788795045862,38.8438211795222],[-77.07787741324105,38.84382132646703],[-77.07786600218232,38.84382127059724],[-77.0778449386247,38.84382101539524],[-77.0778344084776,38.84382080542984],[-77.07782387996224,38.84382051310048],[-77.07781247597431,38.84382010031906],[-77.0777914260148,38.843819158749085],[-77.07777038258278,38.84381788772331],[-77.0777589851226,38.84381714548469],[-77.07773794876275,38.84381551754672],[-77.07771691947498,38.84381353269859],[-77.07770640619135,38.843812471637335],[-77.07768538343267,38.84381015733155],[-77.07767399794145,38.84380881108924],[-77.07766349009867,38.843807475480716],[-77.07765298334422,38.84380608496262],[-77.07764247822205,38.843804612080554],[-77.0776319763641,38.843802974471544],[-77.07761097373756,38.84379964434202],[-77.07760047405695,38.84379789691284],[-77.0775899765528,38.843796039665364],[-77.07757948068112,38.843794100053955],[-77.07756982680799,38.843792198106094],[-77.07754887670124,38.8437879898521],[-77.07753838572788,38.843785803147995],[-77.07744754559047,38.843762733522865],[-77.07736718287093,38.84374253690607],[-77.07720436216724,38.84370178686055],[-77.07702126719174,38.843655961113235],[-77.0768674545903,38.84362114323306],[-77.0767100226942,38.8435917734497],[-77.0766049774425,38.84357676919877],[-77.0764998233556,38.843567255720146],[-77.07648843955832,38.84356582699985],[-77.07647792959557,38.84356460110248],[-77.07646654253267,38.84356333710605],[-77.07645515329259,38.843562182925815],[-77.07644464060884,38.84356109429708],[-77.07642185559727,38.84355911538326],[-77.07641133747019,38.84355830129489],[-77.07638854266055,38.84355681655254],[-77.07637714362276,38.8435561565427],[-77.0763666205966,38.84355558953931],[-77.07635521774806,38.84355512170767],[-77.0763438132663,38.84355473623791],[-77.07633328479602,38.84355444377484],[-77.07632187922556,38.84355411321158],[-77.07627887463346,38.843553591604476],[-77.07568218521862,38.8435408604834],[-77.07508489658554,38.84355832608717],[-77.0747086645824,38.843583992728576],[-77.07433221476559,38.84362061243827],[-77.07427588189552,38.843628166496686],[-77.07421603843191,38.84363567788561],[-77.07408230913764,38.84365052998669],[-77.0735507928873,38.84371547039298],[-77.0728292127047,38.84380281249271],[-77.07210412017356,38.84389010744946],[-77.07193512019016,38.843912766334405],[-77.07176617472096,38.84393267954517],[-77.0717556189033,38.84393375938693],[-77.07174506527019,38.84393472941051],[-77.07173450945189,38.84393580925036],[-77.07167118546045,38.84394173918342],[-77.07166151111255,38.84394263751621],[-77.07165095693064,38.84394363498562],[-77.07160874839396,38.8439472130392],[-77.07159819748824,38.84394804577805],[-77.07158764494345,38.84394896087885],[-77.0715243416877,38.843953847469],[-77.07151379296528,38.84395457038305],[-77.07150324205737,38.843955403113334],[-77.07146104661823,38.84395832221045],[-77.07145049953348,38.84395896275586],[-77.07143995080953,38.84395968566326],[-77.07137666774952,38.84396355636447],[-77.07136612230232,38.8439641145394],[-77.07135557521586,38.84396475507629],[-77.07131339342477,38.84396698776269],[-77.07130284961575,38.843967463569015],[-77.0712923041674,38.843968021737304],[-77.07127121654864,38.843968973345206],[-77.07126067109984,38.84396953151063],[-77.0712501294757,38.84396989749503],[-77.07123870801678,38.84397036261277],[-77.07122816420674,38.843970838412375],[-77.07121762203583,38.84397123184812],[-77.07120707822554,38.843971707645835],[-77.07115436791511,38.84397364735131],[-77.07113328794317,38.84397421457422],[-77.0711227452248,38.84397463545573],[-77.07109112417301,38.843975541188684],[-77.07108058582597,38.843975742432015],[-77.07107004529296,38.843976053491595],[-77.07100681356948,38.843977343288856],[-77.07099539921231,38.843977451476974],[-77.07098482521228,38.84397767973862],[-77.07094267783306,38.84397818267069],[-77.07093214276438,38.843978219174886],[-77.07092160550955,38.843978365495296],[-77.07091107044083,38.843978401997575],[-77.07090053373248,38.8439785208618],[-77.07087946304841,38.843978621315934],[-77.07086892961928,38.84397857545153],[-77.07084785948172,38.8439786484457],[-77.07082675697097,38.843978583737105],[-77.07081538099874,38.84397852760933],[-77.07078378125814,38.84397836254173],[-77.0707732494689,38.84397823430584],[-77.07076271549329,38.843978215886196],[-77.07072058833671,38.843977702929344],[-77.07071005873412,38.84397746487054],[-77.0706995269451,38.843977336628015],[-77.0706889962494,38.843977153475976],[-77.0706784644605,38.84397702523155],[-77.07065740416256,38.84397660401407],[-77.07064687510699,38.84397633849534],[-77.0706354684024,38.84397606228823],[-77.0706249382537,38.84397585167613],[-77.07056176720269,38.84397409380617],[-77.07055124142785,38.84397366355304],[-77.07054071291977,38.843973370570446],[-77.07049860599528,38.84397184172474],[-77.07048808131455,38.843971356557354],[-77.07047755444717,38.843970981206205],[-77.0704670297667,38.84397049603693],[-77.07045562689072,38.84397002763226],[-77.07044510057041,38.84396962482388],[-77.07043457534364,38.84396916710598],[-77.07042405230392,38.84396859956993],[-77.07040300239784,38.84396765667512],[-77.07035038610967,38.84396487387987],[-77.06957201869562,38.843905961258336],[-77.0690847031055,38.843867068477465],[-77.06845005230802,38.84382091213404],[-77.06843953423302,38.843820097331474],[-77.06839745536547,38.8438171675631],[-77.06838693400663,38.84381651748155],[-77.06837641429047,38.84381578503617],[-77.06835540613207,38.84381451275076],[-77.06834397037888,38.84381393389563],[-77.06833344847347,38.843813311263595],[-77.06828083292618,38.84381050008631],[-77.06823873271603,38.84380864097848],[-77.06819662648475,38.843807083852724],[-77.06818522200682,38.84380669759039],[-77.06817469408044,38.84380637694129],[-77.06816416724935,38.84380600138265],[-77.06815363877558,38.84380570818602],[-77.06814310865913,38.843805497351234],[-77.06812205225962,38.84380488349886],[-77.0680904619111,38.843804250983275],[-77.06807993015218,38.84380412250573],[-77.06806940003618,38.84380391166437],[-77.0680369271133,38.8438035155164],[-77.06802639371168,38.843803469396924],[-77.068015861953,38.84380334091361],[-77.06798426174832,38.843803202546646],[-77.06797372670381,38.843803238785334],[-77.06796319330229,38.84380319266016],[-77.06794212266557,38.84380329258706],[-77.06793158597802,38.84380341118482],[-77.06792105038578,38.84380347487308],[-77.0679096360516,38.84380358276116],[-77.06789910100701,38.843803618993114],[-77.06788856212856,38.84380384740419],[-77.06786748820537,38.84380411204343],[-77.06782533378593,38.843804970762044],[-77.0678147938116,38.84380525407502],[-77.06780425493267,38.84380548247855],[-77.06778317443592,38.8438060765541],[-77.06777263227033,38.84380646968051],[-77.0677620922956,38.843806752988755],[-77.06775063737736,38.843807134975926],[-77.06771904653291,38.84380828731758],[-77.06766632748385,38.843810664725595],[-77.06765578203027,38.843811222567204],[-77.06764527332572,38.843811698473424],[-77.06762414731196,38.84381281372354],[-77.06761360021436,38.84381345392424],[-77.06760305475999,38.84381401176114],[-77.06757141346553,38.84381593235467],[-77.06756086472355,38.84381665491353],[-77.0675503176248,38.84381729510856],[-77.06751867084918,38.84381949023078],[-77.06750811991482,38.84382032260202],[-77.06749757117156,38.84382104515521],[-77.067465919462,38.84382348735181],[-77.06745536743071,38.84382437462687],[-77.0674448164949,38.84382520699243],[-77.06741315985084,38.843827896263385],[-77.06739205140236,38.84382989043743],[-77.06738149936923,38.84383077770584],[-77.06737094514429,38.84383177479049],[-77.06736038982325,38.84383282678274],[-77.06734983559771,38.843833823865474],[-77.06729705679476,38.84383919362498],[-77.06725482728109,38.843843813376026],[-77.06724426812103,38.84384505753785],[-77.06723458825138,38.843846230048705],[-77.06721350503533,38.843848718796295],[-77.06720290912412,38.84385004488872],[-77.06719234996226,38.84385128904591],[-77.06713954537975,38.843857949086015],[-77.06712986057482,38.84385936867675],[-77.06709817266834,38.84386362275714],[-77.06707704392456,38.843866632683074],[-77.06706648147004,38.843868041554614],[-77.06705679282625,38.843869653319366],[-77.067035664627,38.84387263578355],[-77.06700396629651,38.843877411469876],[-77.06699427765004,38.84387902322946],[-77.06698371025973,38.84388067918209],[-77.06697314451306,38.84388225277093],[-77.06695200863395,38.8438856195801],[-77.06694231724495,38.84388736860681],[-77.06693174930416,38.84388905200911],[-77.06691061013271,38.84389258353647],[-77.06690091874178,38.843894332559756],[-77.06689034915475,38.84389609832119],[-77.066879777923,38.84389794644447],[-77.06686920833496,38.843899712203964],[-77.06685951474971,38.843901571040966],[-77.066846265602,38.84390388076281],[-77.06683837118625,38.8439053221896],[-77.06682779995181,38.84390717030819],[-77.06681810472017,38.84390911150466],[-77.06679695841181,38.84391299991726],[-77.06678729883255,38.84391491408551],[-77.06677669084516,38.8439168441337],[-77.0667661163187,38.843918856972486],[-77.06675641889132,38.84392090798098],[-77.06673526983548,38.84392493365388],[-77.06672557131014,38.843927039568406],[-77.06671499678075,38.84392905240249],[-77.06670442060633,38.843931147598546],[-77.06669472153109,38.843933280964826],[-77.06668414535545,38.84393537615902],[-77.06667356753475,38.84393755371508],[-77.06666386681324,38.84393976944165],[-77.06665332574164,38.84394186506178],[-77.06664359046121,38.84394405290364],[-77.06663301044529,38.843946340273256],[-77.06662243262141,38.84394851782471],[-77.06661269514639,38.84395081548118],[-77.06660215297534,38.84395296600525],[-77.06659244841225,38.843955373905864],[-77.06658186894124,38.84395763381655],[-77.0665721665696,38.84395993189835],[-77.06656158545269,38.84396227417002],[-77.06655188307978,38.84396457225017],[-77.06654130196152,38.843966914519996],[-77.06653159629808,38.84396937732413],[-77.06652101463021,38.843971747046496],[-77.06651130896543,38.84397420984895],[-77.06650076295031,38.84397655254384],[-77.0664910221783,38.84397901491593],[-77.06648043886297,38.84398146699743],[-77.06647073155077,38.84398401215935],[-77.06646018443642,38.84398640975923],[-77.06645044146869,38.843988981945],[-77.06643985650578,38.84399151638571],[-77.06643014864255,38.843994088998535],[-77.06641952912045,38.84399659555437],[-77.06640985526525,38.84399922350289],[-77.06636535585757,38.84401199858422],[-77.06631452091246,38.84402552009544],[-77.06630481194354,38.844028147606465],[-77.0662942269697,38.844030682033996],[-77.06628451799935,38.84403330954334],[-77.06627393137913,38.844035926331905],[-77.06626422076235,38.84403863620242],[-77.06625363414061,38.844041252989115],[-77.06624392352236,38.84404396285797],[-77.06623333525411,38.84404666200569],[-77.06622362463438,38.8440493718728],[-77.06621391127224,38.84405221901057],[-77.06620332354998,38.8440548907013],[-77.06619361128297,38.8440576829288],[-77.06618302136577,38.84406046443484],[-77.06617334200978,38.84406336690656],[-77.0661635946345,38.844066158702766],[-77.06615300306984,38.8440690225689],[-77.0661335741404,38.844074826648985],[-77.06612298312162,38.84407766305811],[-77.06611326920329,38.844080537641815],[-77.06610355309067,38.84408352204183],[-77.0660929593275,38.84408649571965],[-77.06607356275256,38.844092437490026],[-77.06606381043393,38.8440954763664],[-77.06605321502218,38.84409853240351],[-77.06604349945304,38.84410148934421],[-77.06603378004428,38.844104638464145],[-77.06601434506308,38.84411074452148],[-77.06600374800173,38.844113882916965],[-77.06598430972495,38.84412015369501],[-77.06597458811737,38.84412341262709],[-77.06596486925106,38.844126534286964],[-77.06595514819013,38.84412976576317],[-77.0659445494781,38.84413298651609],[-77.06592510790031,38.84413942200997],[-77.06587649379402,38.84415601863481],[-77.06586676943436,38.84415941482931],[-77.06585704671919,38.84416272866021],[-77.0658473223577,38.844166124853125],[-77.06583759634985,38.84416960340799],[-77.06582787198651,38.8441729995993],[-77.06581814542832,38.8441765056069],[-77.06580842106312,38.844179901796565],[-77.06578896903899,38.844186858899135],[-77.06577924138001,38.844190419812044],[-77.06576951536559,38.844193898361304],[-77.06574033128298,38.844204636001336],[-77.06573147907626,38.84420831745135],[-77.06572175141153,38.84421187835948],[-77.06568283306343,38.84422650634378],[-77.06567397920546,38.84423027015225],[-77.06566421313755,38.84423399535233],[-77.06565451837787,38.84423766650092],[-77.06564478521982,38.84424150194541],[-77.06563593190657,38.84424523829679],[-77.06562620039219,38.844248991376865],[-77.06560673461752,38.84425663480608],[-77.06559787910611,38.84426048097163],[-77.06558814594194,38.84426431641142],[-77.06557841113103,38.844268234213224],[-77.06556955397095,38.844272162739436],[-77.06555982135225,38.8442759707226],[-77.06555008489242,38.844279970884855],[-77.06554122827795,38.84428387195467],[-77.06553149291321,38.844287817206855],[-77.06552263410235,38.84429182809239],[-77.0655128976383,38.84429582825154],[-77.06550403937402,38.84429981168134],[-77.06548456589198,38.84430783945005],[-77.06547570543017,38.84431193269485],[-77.06546596731492,38.84431601521293],[-77.06545710685106,38.84432010845626],[-77.06543763006648,38.84432830094279],[-77.06542876795356,38.84433247654685],[-77.06541902818695,38.84433664142385],[-77.06541016607193,38.844340817026485],[-77.06540042575445,38.84434500935618],[-77.06539156199136,38.84434926732026],[-77.0653818222203,38.84435343219415],[-77.06537295790643,38.84435771761103],[-77.06536321648716,38.84436196484622],[-77.06535435052511,38.84436633262452],[-77.06534548675667,38.84437059058507],[-77.06533574368802,38.844374920180734],[-77.06532687772271,38.844379287957],[-77.06531716975783,38.844383617980185],[-77.06530826868423,38.84438798532595],[-77.06529053400253,38.84439685814494],[-77.06528078873224,38.844401297553134],[-77.06526305404384,38.844410170367944],[-77.06525330712392,38.84441469213666],[-77.06524443785648,38.844419224632276],[-77.0652355707827,38.8444236473101],[-77.06522669986687,38.844428262167185],[-77.06521783059604,38.844432794660776],[-77.06520808202403,38.84443739878854],[-77.06519921329964,38.84444190382641],[-77.06519034237921,38.84444651868077],[-77.06518146981145,38.84445121589723],[-77.06516372796487,38.84446044560246],[-77.06513711024772,38.8444745372437],[-77.06512823602675,38.84447931681896],[-77.06511936345085,38.84448401403067],[-77.06509274022864,38.844498380204485],[-77.06508386435546,38.84450324213915],[-77.06507499012741,38.84450802171032],[-77.06505723782631,38.84451777303049],[-77.06504923960325,38.84452264569164],[-77.06504036372414,38.844527507622985],[-77.06502264322694,38.84453742409269],[-77.06501373223801,38.84454228559284],[-77.06500573016768,38.84454735043084],[-77.0649879399972,38.84455723858267],[-77.06497909537421,38.84456229311841],[-77.06497109384804,38.844567330499764],[-77.06495333548116,38.8445773838011],[-77.06494533120737,38.84458255845203],[-77.06493645147202,38.84458761255533],[-77.06492848339973,38.844592732725815],[-77.06491068607257,38.84460297777134],[-77.06490268069516,38.84460820732788],[-77.06489376420086,38.84461334336151],[-77.06488579447618,38.84461854589186],[-77.06487691143913,38.84462376471624],[-77.06486890605694,38.84462899427045],[-77.06486089902704,38.84463430618691],[-77.06485201598622,38.844639525009384],[-77.06484400950274,38.84464480947047],[-77.0648351248128,38.84465011065446],[-77.06482711722917,38.84465545002284],[-77.06480588935956,38.844663401308104],[-77.06472470582906,38.8446843774461],[-77.06471021158548,38.84468780961901],[-77.06463650099452,38.84470526767016],[-77.06462240358674,38.844707841380284],[-77.06454478547938,38.8447261148961],[-77.06389542457468,38.84488843012523],[-77.06388483005206,38.84489143105749],[-77.06387424047168,38.844894184900404],[-77.06386452964826,38.84489689457183],[-77.0638539428125,38.8448995111416],[-77.06384335762368,38.84490204534762],[-77.06383277408189,38.844904497189845],[-77.06382219218712,38.84490686666835],[-77.06381161413647,38.844909043966084],[-77.06380016007348,38.84491112816156],[-77.06378958366932,38.844913223094494],[-77.0637684407461,38.84491691878074],[-77.06375787093152,38.84491868425965],[-77.06374646240816,38.844920247248425],[-77.06373586242977,38.84492176520742],[-77.06372529975445,38.844923173777964],[-77.06371386106697,38.84492448924567],[-77.06370330168662,38.84492573308864],[-77.06369186794208,38.84492680146581],[-77.06368131350474,38.844927798218414],[-77.06366988360475,38.84492867441362],[-77.06365929790564,38.84492947855488],[-77.06364878901097,38.84492995410317],[-77.06362770430438,38.844930739612195],[-77.06361716579623,38.84493094018546],[-77.063605749079,38.84493115747207],[-77.06358467865456,38.84493122916255],[-77.06357414509036,38.844931182643606],[-77.06355308125814,38.84493092487723],[-77.06354255263825,38.84493063126705],[-77.06353114635878,38.844930326915424],[-77.06351009626133,38.84492938278481],[-77.06349957313559,38.844928814628176],[-77.0634890511088,38.84492819156204],[-77.06346801145092,38.844926725792874],[-77.06344697838665,38.844924930568816],[-77.06343558804113,38.84492383003432],[-77.06342507480613,38.844922767694285],[-77.06341459887543,38.844921595965914],[-77.06339354444309,38.844919113946055],[-77.06337253226108,38.844916275446685],[-77.06335152667394,38.84491310749242],[-77.06334102552938,38.844911441151055],[-77.06333140424246,38.84490967573381],[-77.06332090474721,38.84490792702789],[-77.06329991290113,38.84490407270783],[-77.0632789282003,38.84489986147862],[-77.06326935026478,38.844897684672],[-77.06325882445795,38.84489549626266],[-77.06324833705494,38.84489314355648],[-77.06323785130105,38.84489070848659],[-77.06322824375646,38.8448882567043],[-77.06321775965243,38.84488573926983],[-77.06320815485661,38.844883150214585],[-77.06319767514998,38.84488041314424],[-77.06318807255359,38.84487771427029],[-77.063177595596,38.844874839926824],[-77.06316799629815,38.84487197632568],[-77.06315752099073,38.844869019617654],[-77.063147924442,38.844866018743524],[-77.06313745298289,38.84486286985386],[-77.06312785918341,38.84485973170679],[-77.06311826648383,38.84485653865045],[-77.06310867763177,38.84485315341346],[-77.06309820947342,38.84484983979475],[-77.0630886217223,38.84484639964755],[-77.06306945061911,38.84483929971682],[-77.06305986726711,38.84483563993325],[-77.0630502850152,38.84483192524033],[-77.06303112436122,38.84482430367237],[-77.06302242306789,38.844820434995846],[-77.06301284631556,38.84481644575725],[-77.06300327066343,38.84481240160936],[-77.06299457486875,38.84480825838818],[-77.06298500141702,38.84480410442177],[-77.06297542961514,38.8447998680918],[-77.06296673712106,38.84479556014293],[-77.06295716697015,38.84479124144865],[-77.06293982423826,38.84478226907204],[-77.06293022228203,38.844777785220195],[-77.0629128515953,38.844768455504386],[-77.06290416735283,38.84476373573696],[-77.06203980940954,38.844264344472386],[-77.06190449075855,38.84418304978136],[-77.0601700050857,38.8431237604737],[-77.05862806203227,38.8424457713692],[-77.05552248249894,38.84112516338533],[-77.05539013513963,38.841071358575775],[-77.05532738910722,38.841048617459656],[-77.05428127760143,38.84068698159153],[-77.05364660351874,38.84046773974757],[-77.05363701404015,38.840464436096084],[-77.05362658040369,38.84046120442459],[-77.05361695139774,38.840458119972816],[-77.05360648265894,38.84045488786692],[-77.05359688820575,38.84045183130043],[-77.05358645070098,38.84044879180503],[-77.05357681893275,38.84044584462122],[-77.05356634466614,38.84044288705418],[-77.05355674800366,38.840439940301295],[-77.0535462353157,38.840437147025355],[-77.05353667044004,38.84043436542894],[-77.0535261928578,38.84043157258379],[-77.05351571417009,38.84042883464618],[-77.0535060763226,38.840426189453254],[-77.0534956288684,38.84042364412621],[-77.05348514741715,38.840421043457084],[-77.05347466486029,38.840418497695545],[-77.05346505769442,38.84041607256582],[-77.05343359896655,38.84040898435787],[-77.05342311088133,38.840406713134136],[-77.05341262113717,38.84040452427222],[-77.05340300899643,38.84040234622562],[-77.05338202619197,38.84039813322273],[-77.05337153313104,38.8403961090826],[-77.05334004897267,38.840390283744796],[-77.0533085180973,38.84038503450497],[-77.05329805295229,38.84038336769612],[-77.05326654778177,38.84037858559985],[-77.05325516439952,38.84037718207968],[-77.05323415394771,38.84037434176253],[-77.05322364706261,38.84037300396526],[-77.05320960733164,38.84037447857043],[-77.05319906202318,38.84037330506377],[-77.05318854960605,38.84037224180582],[-77.05317803552934,38.84037126090962],[-77.05314648887455,38.84036853784944],[-77.0531149311559,38.84036636386558],[-77.05310353283896,38.84036570159527],[-77.05309301046455,38.840365132505156],[-77.05307196184293,38.84036418650176],[-77.05306143559567,38.84036380958849],[-77.05304038033474,38.840363193030356],[-77.05301932175408,38.84036274119389],[-77.0530087905271,38.84036261136411],[-77.05299737948452,38.84036258053109],[-77.05297630983698,38.84036267777175],[-77.05295523742252,38.8403629122799],[-77.05294469900174,38.8403631393495],[-77.05293415892073,38.840363448780884],[-77.05290253424998,38.840364596703346],[-77.052891989188,38.84036515321912],[-77.0528805665236,38.84036569891382],[-77.05287002146126,38.84036625542763],[-77.05284892469514,38.84036769790335],[-77.05282782405422,38.84036933255495],[-77.05280672009175,38.84037113192818],[-77.05277505390737,38.840374338884466],[-77.0527644966671,38.84037549938214],[-77.05275393776617,38.84037674224157],[-77.05274421970276,38.84037807785107],[-77.05273369369137,38.84037943095849],[-77.05271256924527,38.84038224612178],[-77.05270200536121,38.840383736064716],[-77.05268087371735,38.84038690812741],[-77.05267030595755,38.840388590247166],[-77.05266061413933,38.84039036555051],[-77.05265004471806,38.840392130031155],[-77.05263947418928,38.84039394941939],[-77.05262890144597,38.840395878623596],[-77.05261920685821,38.84039779119468],[-77.05259802183662,38.84040186879953],[-77.05258835847674,38.84040397398069],[-77.0525672024669,38.8404083540095],[-77.05255746557584,38.84041062304775],[-77.0525469190755,38.840412991945335],[-77.0525372156267,38.840415343777515],[-77.05252663236028,38.84041779460307],[-77.05251692669597,38.84042025625052],[-77.05250634176748,38.84042278943698],[-77.05249663278052,38.84042541580822],[-77.05248604618988,38.840428031355536],[-77.05247633554079,38.84043074008779],[-77.05246662378387,38.84043350372775],[-77.05245603331598,38.84043631145207],[-77.05244631878966,38.84043921236151],[-77.05243572389155,38.84044223971792],[-77.05242424751434,38.840445448429456],[-77.05241364707855,38.84044875032624],[-77.05240304498105,38.840452134584794],[-77.05239244066816,38.840455628659306],[-77.0523818330327,38.840459287458316],[-77.05237122428895,38.84046300116485],[-77.05236061332968,38.84046682468736],[-77.05235000126208,38.84047070311746],[-77.05234026236798,38.84047481200461],[-77.05233638119171,38.84047628650782],[-77.05232964476197,38.840478964975205],[-77.05224818549578,38.84051365962514],[-77.05216667078317,38.84055109964203],[-77.05214005196468,38.84056518834934],[-77.05213029809607,38.84057003848343],[-77.05212142404561,38.84057478962557],[-77.05211254722549,38.84057967803825],[-77.05210366874309,38.840584648812914],[-77.052095668418,38.84058960295873],[-77.0520779086786,38.840599681776055],[-77.05206902686899,38.84060481727351],[-77.05206102266325,38.84060996359658],[-77.0520521414049,38.840615071638545],[-77.05204325626923,38.840620371859444],[-77.0520352152945,38.84062560011041],[-77.0520263652605,38.84063090076309],[-77.05201835606519,38.84063629417134],[-77.05200946926314,38.840641676752384],[-77.05200146006538,38.84064707015948],[-77.05199344920516,38.84065254592873],[-77.05198455907679,38.8406580932333],[-77.05196853347381,38.84066923694854],[-77.05196051928606,38.84067487744094],[-77.05091347236461,38.841406150355894],[-77.05090545967423,38.84141170841256],[-77.05088943706059,38.841422687253115],[-77.05087342220055,38.84143328173232],[-77.05086541781674,38.84143842797284],[-77.05085653581668,38.8414435633775],[-77.05084853364728,38.841448599799996],[-77.05083965496988,38.841453570478016],[-77.05083077850803,38.841458431338516],[-77.05082278298556,38.8414631383085],[-77.0508139098466,38.84146783444232],[-77.05080503836909,38.84147244821278],[-77.05079616910729,38.841476952165706],[-77.05078730095279,38.84148140120946],[-77.05077755684422,38.84148575705402],[-77.050768692567,38.84149001391682],[-77.05075982995142,38.84149418841628],[-77.0507500913817,38.8414982697163],[-77.0507412320894,38.84150227948896],[-77.05073149684291,38.841506196062085],[-77.050722640874,38.841510041108],[-77.05070318035226,38.84151738007429],[-77.05069345286111,38.8415209122851],[-77.0506740028643,38.841527729616246],[-77.05066428202144,38.841530932373956],[-77.05065456228624,38.84153408022239],[-77.050644844213,38.84153714570733],[-77.05063512780174,38.84154012882882],[-77.05062453599044,38.84154299129556],[-77.0506148234575,38.841545782235784],[-77.05060511258662,38.841548490812535],[-77.05059452742435,38.8415510238259],[-77.05058481987776,38.841553567675625],[-77.05057423859407,38.84155590850759],[-77.05056453603477,38.841558205267596],[-77.05055395807554,38.841560381372425],[-77.05054338122429,38.8415625025678],[-77.0505336842062,38.84156452478301],[-77.05052311123393,38.841566453797],[-77.05051257780026,38.84156816360977],[-77.05050197415684,38.84156987255459],[-77.05049228545148,38.84157148295302],[-77.05048172134634,38.84157297269574],[-77.05047115890379,38.84157438007482],[-77.0504500406695,38.841576865379444],[-77.05043948487787,38.84157794330498],[-77.05042893074898,38.8415789388669],[-77.05041837939157,38.84157979715677],[-77.0503972811109,38.84158129409985],[-77.0503867358508,38.84158185039042],[-77.05037619280799,38.841582296863166],[-77.05036565087381,38.841582688426506],[-77.05035511060267,38.841582997626226],[-77.0503340372671,38.84158325911794],[-77.0503235042028,38.841583211409954],[-77.05031209518494,38.841583070498984],[-77.05029103959006,38.84158245344787],[-77.050280514842,38.84158199392268],[-77.05026999231173,38.84158142457967],[-77.05025947144485,38.84158077287303],[-77.050248951687,38.841580066256995],[-77.05022792048834,38.84157824120879],[-77.05021740793876,38.841577177685025],[-77.05020689705282,38.84157603179771],[-77.05019638838498,38.841574776092536],[-77.0501753777037,38.84157193522871],[-77.0501648756904,38.841570350070064],[-77.05015437534092,38.84156868254778],[-77.05014387720978,38.841566905207706],[-77.0501342929092,38.84156508423252],[-77.0501132715253,38.8415610349382],[-77.05010278171343,38.84155884578112],[-77.05009317118198,38.84155658510141],[-77.05008268469824,38.841554231217195],[-77.05007219987864,38.84155179496936],[-77.05006259655748,38.8415491773823],[-77.05005211562074,38.841546548953126],[-77.05004251562802,38.84154376663907],[-77.05003203968333,38.841540891120104],[-77.05002244135565,38.84153802644175],[-77.05001284635578,38.841534997037236],[-77.0500023770677,38.84153179206498],[-77.0499927853966,38.84152859793353],[-77.04998319594444,38.841525293984375],[-77.04996402369709,38.84151835663312],[-77.04994485810786,38.84151108982804],[-77.04993527919646,38.8415072642448],[-77.04992570139517,38.8415033837523],[-77.04991700342876,38.84149940428447],[-77.04990742951136,38.841495331610965],[-77.04989785892234,38.8414910942113],[-77.04988828667078,38.84148693917354],[-77.04987959148123,38.84148282243179],[-77.04987001867728,38.84147869484676],[-77.04986044531985,38.84147459471514],[-77.04985090484982,38.84147060483334],[-77.04984129528084,38.84146655917489],[-77.04983171804463,38.84146265122048],[-77.04982214247322,38.84145866090264],[-77.04981256523912,38.84145475294667],[-77.04978382688789,38.841443358524614],[-77.04977424577572,38.84143964274504],[-77.04976378594046,38.84143597102971],[-77.04975420483031,38.841432255248485],[-77.04974462039348,38.841428704191785],[-77.04973503762145,38.84142507077166],[-77.04972454046722,38.84142150843593],[-77.04969581728126,38.84141110277798],[-77.0496853513532,38.841407733051994],[-77.04967576193133,38.84140442907766],[-77.0496652948959,38.84140111425838],[-77.0496556698166,38.841397837302836],[-77.04964520111912,38.841394604844396],[-77.04963560892759,38.84139143813788],[-77.04962513912265,38.84138826058609],[-77.04961554582351,38.84138514878632],[-77.04960507324706,38.84138210850383],[-77.04959547828565,38.8413790790651],[-77.04958500626556,38.841376011326645],[-77.04957540908711,38.84137309170316],[-77.04955445784049,38.84136731312647],[-77.04954485955506,38.841364448408946],[-77.0495343819924,38.841361655208104],[-77.04952391108687,38.84135853255571],[-77.04951431779611,38.84135542074764],[-77.04950384411885,38.84135243536458],[-77.04949340665648,38.84134939550591],[-77.04947241976409,38.84134364393497],[-77.04945146465127,38.84133805751943],[-77.04944098487718,38.8413353741271],[-77.04942002311245,38.84133011715657],[-77.04939905746758,38.8413250523618],[-77.04938857270464,38.84132261605282],[-77.04937808683292,38.841320234651306],[-77.04935711009875,38.84131571893341],[-77.04933613114815,38.841311313028704],[-77.0493247615641,38.84130922277217],[-77.04930377540526,38.84130517376649],[-77.04929327844326,38.84130334144176],[-77.04928190608777,38.841301388452194],[-77.04925041076834,38.84129611110314],[-77.04923903120275,38.84129451501424],[-77.0492285292507,38.84129292977172],[-77.04921802563469,38.841291426890876],[-77.0492066444061,38.841289913161546],[-77.04919613912651,38.841288492641425],[-77.04918475456992,38.841287143635235],[-77.0491742476267,38.841285805475835],[-77.04915324039946,38.841282799703535],[-77.0491322292901,38.841279986107],[-77.04912084473605,38.841278637094625],[-77.04911033779526,38.8412772989295],[-77.04909982863545,38.8412760705803],[-77.04908931836628,38.841274897138575],[-77.04907880976205,38.84127364133327],[-77.04905778534135,38.84127148662464],[-77.04904639524128,38.84127041214724],[-77.04902536693832,38.84126844961235],[-77.04900433530713,38.84126665179903],[-77.04899294021459,38.84126582440437],[-77.04896138278222,38.84126362185014],[-77.04894998436116,38.841262959176625],[-77.04893946133328,38.84126241716854],[-77.04892894052523,38.841261765342544],[-77.04890789169562,38.84126081859268],[-77.04889645428646,38.84126034765955],[-77.04888596358917,38.84125994335168],[-77.04886490810134,38.841259326044764],[-77.04885350246751,38.84125902026667],[-77.04884297278147,38.84125880770052],[-77.04882191007982,38.84125854729065],[-77.0488104994516,38.84125848859639],[-77.04878943342031,38.841258392906035],[-77.04877802001727,38.841258471479705],[-77.04875691277667,38.841258677345834],[-77.04851121582054,38.84125566670389],[-77.0480157940816,38.84124718948909],[-77.04812019753838,38.84142218775497],[-77.04830686242278,38.841743319703255],[-77.04835204195616,38.84182898035185],[-77.04839580741218,38.84191511779124],[-77.04843819500175,38.84200167754864],[-77.04847916961567,38.84208865919144],[-77.04853671530564,38.842215719213954],[-77.04858152962485,38.842319472088334],[-77.04862757565736,38.84243178056506],[-77.04867129323978,38.84254463691085],[-77.04872485360879,38.84268996407473],[-77.04877002609832,38.84281945230832],[-77.04882606025039,38.8429900741788],[-77.0488576582246,38.84309627232041],[-77.04888347497287,38.84319490210688],[-77.04890425267318,38.84328572556854],[-77.04892749147808,38.843393770075274],[-77.04894201323351,38.843470977881836],[-77.0489605054304,38.843549800048265],[-77.04897696848981,38.84363172768688],[-77.04899323722046,38.84372153424364],[-77.04900811499459,38.843822829785765],[-77.04902524960296,38.84393060656994],[-77.04904062564022,38.84403852637636],[-77.04905431275547,38.84414661752777],[-77.04906218433713,38.84429747603817],[-77.04906716874699,38.844440033075884],[-77.04906972974395,38.84458261507474],[-77.04906957151849,38.84473290747384],[-77.04906665987039,38.84490823777465],[-77.04906045505116,38.84509187552141],[-77.04905525325428,38.84518419020129],[-77.04904441796711,38.845318944950435],[-77.04903178925045,38.84544513713927],[-77.04901509270819,38.84557278939794],[-77.04900487392032,38.845638816748114],[-77.04899226677892,38.84571181714056],[-77.04897727238281,38.84579173566579],[-77.04896234857648,38.84586989755348],[-77.04894500142824,38.845956762094474],[-77.04892997196609,38.846038410222654],[-77.04890072167396,38.84616343576821],[-77.04888305748841,38.84626597663331],[-77.0488659217406,38.8463441111578],[-77.0488463630306,38.84642919083013],[-77.04882697979643,38.84650732502323],[-77.04876934574727,38.84672663037917],[-77.04870270025735,38.846948295779235],[-77.04869770229301,38.846964930299336],[-77.04860445929047,38.84729193687357],[-77.04849298853928,38.84769890419871],[-77.04842457644286,38.84793707910998],[-77.04831961943785,38.84829447722912],[-77.0482929722692,38.84838792712141],[-77.04804261806653,38.84924450180256],[-77.04801351793861,38.84934405881838],[-77.04775572172872,38.85022608633987],[-77.04760078644154,38.850750048107585],[-77.04743045500231,38.85140129317342],[-77.04733023117096,38.85177766943864],[-77.04729256079379,38.85192458655196],[-77.04725629076414,38.85207171320639],[-77.04722149131003,38.85221905027219],[-77.04718809222035,38.85236659688166],[-77.04712790503154,38.852654302484574],[-77.04707507488325,38.852883881756306],[-77.04704593751588,38.85303252457237],[-77.04702117498762,38.8531732303709],[-77.04699677278188,38.85333082913987],[-77.04697573607251,38.853488716703716],[-77.04695879571044,38.85357089004624],[-77.0469420357917,38.853661496147254],[-77.04692727268859,38.853752346648285],[-77.046914508076,38.85384335918759],[-77.04690283678718,38.85394281578497],[-77.04688399624992,38.854134452608434],[-77.04687268566038,38.854268130069734],[-77.04686382564942,38.854393517176234],[-77.04685502373029,38.854552462339605],[-77.04684831030374,38.85473661508404],[-77.04681729711783,38.85538376149565],[-77.04681728275968,38.855386205346434],[-77.04681786530804,38.855893444553836],[-77.04680591826843,38.85634475533933],[-77.04680198842418,38.856601302159405],[-77.04678645961235,38.85693635364867],[-77.04678151454809,38.8570227396147],[-77.04677285720804,38.857132888299425],[-77.04675563992883,38.85727042289821],[-77.04828541281071,38.85745284490675],[-77.048298212928,38.857501976397764],[-77.04832279739992,38.857596632858424],[-77.04835500680642,38.857722479709174],[-77.04841268525949,38.85797903643663],[-77.04842901523378,38.85807115020609],[-77.04851126646022,38.85806436822013],[-77.04850333096023,38.85802085431913],[-77.04865672475084,38.858006054422376],[-77.04866466089739,38.85804954085902],[-77.04868709286453,38.85804713728484],[-77.0489360899278,38.858016357429776],[-77.04910376780725,38.857991313776544],[-77.0491317507847,38.85760256515005],[-77.04930791706296,38.85761309023969],[-77.04931029147549,38.857570767901784],[-77.04956525338392,38.85758243099335],[-77.0508774644434,38.85764245269937],[-77.05102587012578,38.85764894076462],[-77.05117449570922,38.8576502995891],[-77.05132086967993,38.857646629114704],[-77.05146690066248,38.857637982076504],[-77.051503285163,38.85763357898375],[-77.05180343144963,38.857593874594684],[-77.05180367138064,38.85759384151186],[-77.05189533435244,38.85758008833566],[-77.05195858764775,38.85757062558643],[-77.05200203206718,38.85756412455488],[-77.05200408628029,38.85756381692678],[-77.05200919647207,38.85756305269287],[-77.05208626775003,38.85755152223248],[-77.05216987277701,38.85753895154774],[-77.05221050173571,38.857532843079476],[-77.05225895569363,38.85752555930615],[-77.05310745716811,38.85739797334645],[-77.05382577789409,38.85732361728063],[-77.05505283946815,38.857274742059445],[-77.05510580381545,38.85727116493456],[-77.05516949872631,38.857268406368405],[-77.05523326581135,38.857267296312436],[-77.05530770514288,38.85726815743371],[-77.05538199382781,38.85727126845125],[-77.05545613132057,38.85727665681953],[-77.05552990695384,38.857284319946665],[-77.05560321539747,38.857294256537415],[-77.0556656647405,38.85730452632415],[-77.05573567412742,38.85731816723049],[-77.05573787154547,38.85731859587918],[-77.05588668495542,38.85734102217819],[-77.05603626698601,38.857360162428336],[-77.0562356977038,38.85738046473839],[-77.05649935162704,38.85739968903284],[-77.05663724403983,38.857411572402356],[-77.05678535489083,38.857427041302344],[-77.0569329541451,38.8574452498196],[-77.0571113424131,38.85747105878207],[-77.05727834366968,38.85749900679737],[-77.05743397171129,38.85752840756033],[-77.05748533514384,38.85753983081884],[-77.05754638704309,38.85755499793467],[-77.05760677549405,38.85757172214024],[-77.05766642972343,38.85759003002801],[-77.05771551585211,38.85760642309586],[-77.05777363914075,38.85762751313526],[-77.05783081974792,38.85765007445551],[-77.05787776260158,38.85767001104678],[-77.05793309847584,38.85769524082694],[-77.05798731666421,38.85772191228131],[-77.0580491372235,38.8577547734092],[-77.05810080238464,38.85778440669384],[-77.05819189524188,38.85784094157928],[-77.05830955975782,38.857913977175684],[-77.05838312155649,38.85796205834939],[-77.05845546646107,38.85801127789216],[-77.05851873690509,38.85805590984163],[-77.05858872320061,38.85810715990871],[-77.05865738836829,38.85815949214962],[-77.05872476917513,38.858212824635295],[-77.05879804726783,38.858273314390644],[-77.05886254059122,38.8583287807599],[-77.05892564476537,38.85838521863351],[-77.05899407949028,38.8584490539631],[-77.0590399717652,38.85849511997265],[-77.05908440682795,38.85854204682773],[-77.05912731445108,38.85858983366801],[-77.05917449040585,38.85864544431285],[-77.0592141330257,38.85869492108683],[-77.05925751343553,38.85875240738001],[-77.05929876838887,38.85881080124436],[-77.05933313082787,38.85886262973939],[-77.05936127394072,38.8589075990622],[-77.05937187712911,38.85892527669347],[-77.05941095794502,38.85899050906313],[-77.05944577570733,38.859051158060005],[-77.05947896674526,38.8591123637646],[-77.05951056727073,38.85917407170078],[-77.05954050705373,38.85923628100819],[-77.05956882175478,38.85929896466471],[-77.05959547680779,38.85936209478652],[-77.05962043764649,38.85942564348987],[-77.05964374048212,38.85948955629828],[-77.05968046361727,38.85960229446539],[-77.05971193455741,38.859715984238086],[-77.05971995475616,38.85974862379842],[-77.05973414941384,38.85984812402077],[-77.05975364405779,38.860014309404434],[-77.05976145767646,38.86009750194516],[-77.05976854035927,38.86018911601363],[-77.05977738243924,38.860355829762966],[-77.05978098871917,38.86052267150361],[-77.05978109194561,38.86053503017434],[-77.05977881408943,38.860555887961766],[-77.06009001333554,38.86057626907626],[-77.0602593200111,38.860574622708924],[-77.06099508779202,38.860567463380534],[-77.06115307673,38.86057881704477],[-77.06115408697367,38.860578903226646],[-77.0613108482335,38.86059707767803],[-77.06131203051177,38.86059723290259],[-77.06146756166784,38.86062224184599],[-77.06146842349673,38.86062239485892],[-77.06162278898682,38.860654311173306],[-77.06175570482175,38.86068769112852],[-77.06188638438918,38.86072608604514],[-77.06201452437794,38.86076940639991],[-77.06213981516554,38.860817548863196],[-77.06226196272993,38.86087039828332],[-77.06238067760731,38.860927830983975],[-77.06249396351436,38.86098364383463],[-77.06260343028103,38.86104393571285],[-77.06270878915763,38.861108546910415],[-77.06280976260477,38.861177305842766],[-77.06290608202995,38.86125003245404],[-77.0629974945087,38.861326531433576],[-77.06306637450884,38.86127930591033],[-77.06306683824457,38.86127894944558],[-77.06313008631042,38.861227836178955],[-77.06313064298033,38.86122733324903],[-77.06318820369401,38.86117246887411],[-77.06318863883315,38.86117200564801],[-77.06324033734111,38.861113571677905],[-77.06324058733566,38.86111325550448],[-77.06328614134928,38.86105153683171],[-77.06329157726977,38.86104141536473],[-77.06329676903768,38.861031208527116],[-77.06330175176726,38.8610209167487],[-77.06330648924522,38.861010594508116],[-77.06331094745666,38.86100018646732],[-77.06331519663004,38.860989693485834],[-77.06331920055207,38.86097917004216],[-77.06332295977245,38.86096858868234],[-77.0633264742913,38.86095794940624],[-77.06332974355915,38.860947279668096],[-77.06333276812565,38.860936552013825],[-77.06333554744134,38.86092579389755],[-77.0633380820559,38.860914977865086],[-77.06334033575611,38.86090415839516],[-77.06334237986965,38.86089328143879],[-77.06334414361856,38.86088237359079],[-77.06334566156772,38.86087146273504],[-77.06334693426665,38.8608605214174],[-77.06334796116602,38.860849577092004],[-77.06334870770138,38.86083860187498],[-77.06334920843729,38.860827623650245],[-77.06334946337402,38.860816642417745],[-77.06334947251159,38.86080565817753],[-77.06334923530062,38.860794698383714],[-77.0633487177261,38.8607837076983],[-77.06334717608428,38.860764219069885],[-77.06333328294924,38.86044761732757],[-77.06334636526913,38.85993969612979],[-77.06334488362099,38.85986051512948],[-77.0633380513258,38.859495277234466],[-77.06334112357617,38.85916633336528],[-77.06335002647941,38.85913214365491],[-77.06335486473569,38.85910625231686],[-77.06335882654103,38.85907150784654],[-77.06335991125133,38.85903661832618],[-77.06335850976717,38.85901462559779],[-77.0634372206552,38.859008236078765],[-77.06349012992375,38.85900394050557],[-77.06358164365795,38.858994103297604],[-77.06366964713987,38.85898416815223],[-77.0637540837836,38.85897696285687],[-77.06384556288334,38.85896709755941],[-77.06393003460262,38.85895989256701],[-77.06401798251643,38.85895273003171],[-77.06410598533795,38.85894282201339],[-77.06419393321329,38.85893565934628],[-77.06428193598958,38.858925751196004],[-77.06436637250314,38.85891854546024],[-77.06445437523465,38.85890863718069],[-77.0645458898134,38.85889874431258],[-77.0646303262687,38.85889153838692],[-77.06471827402886,38.85888437532699],[-77.06480271044994,38.85887716927732],[-77.06489416949654,38.85887004900941],[-77.06497860588311,38.858862842833254],[-77.06507015489555,38.858852977439774],[-77.06515455558231,38.85884579816208],[-77.0652267709359,38.8588396198344],[-77.06526224969048,38.85883658647156],[-77.06529528334151,38.85883376006835],[-77.06529527415408,38.85883334117765],[-77.06529347329419,38.85874860920684],[-77.06538838911626,38.858744249426564],[-77.06547276988368,38.85873981576685],[-77.06556066250442,38.85873539749359],[-77.06564504379946,38.85873093625592],[-77.06565069477891,38.85879965750311],[-77.0659990283923,38.85876821350393],[-77.06608346454814,38.85876100653304],[-77.06617141255181,38.858753814930246],[-77.06625941428375,38.85874393275156],[-77.06634385038488,38.85873672559336],[-77.06643179778438,38.85872956124965],[-77.06651974516627,38.85872239684004],[-77.06660774736002,38.85871248694607],[-77.06669214827603,38.85870527910865],[-77.06657054252803,38.85950087384305],[-77.06653789933036,38.859714395492674],[-77.06651390424403,38.859871233633065],[-77.06649087351715,38.860021987225124],[-77.06644574990528,38.860316970146904],[-77.06638268538653,38.86072764628474],[-77.06652483977693,38.86075689778171],[-77.06652476132354,38.86075730873681],[-77.0666262633656,38.86077502449313],[-77.06675580251203,38.860795801051445],[-77.06701487938543,38.860837436101406],[-77.06709659369845,38.860850567683634],[-77.06715246898321,38.860683686851075],[-77.06715517865607,38.86067638786963],[-77.06725052595448,38.86041829344186],[-77.06796710691246,38.86087541682007]]]},"properties":{"OBJECTID":16,"ES_Name":"Oakridge Elementary School","Website":"https://oakridge.apsva.us/","School_Year":"2022-2023","Shape__Area":46495627.97720098,"Shape__Length":33812.39536361916}},{"type":"Feature","id":17,"geometry":{"type":"Polygon","coordinates":[[[-77.09032385806204,38.852856610761506],[-77.09003839044786,38.85296325401661],[-77.08991232069026,38.853014426790836],[-77.08991151055996,38.85301477233422],[-77.08978995695016,38.85307202000667],[-77.0897890526645,38.85307246567989],[-77.08967210778553,38.853135767064934],[-77.08967151513525,38.85313610320525],[-77.08955936384017,38.85320543307705],[-77.0895572253759,38.85320702757228],[-77.08954720554912,38.85321473351938],[-77.08953728943355,38.85322252309409],[-77.08952751267923,38.85323036926403],[-77.08951780398604,38.853238326094136],[-77.08950819954354,38.85324633909761],[-77.08949869881225,38.85325443572885],[-77.08948933690274,38.8532626164097],[-77.08948146429418,38.85326962215511],[-77.08948007924401,38.85327085326406],[-77.0894708896463,38.853279200778665],[-77.0894618745206,38.853287605310506],[-77.089452928535,38.85329606559408],[-77.08944412137127,38.85330460992734],[-77.08943541791882,38.85331323788856],[-77.08942681871713,38.8533219220234],[-77.0894183583374,38.853330690208054],[-77.08941000220848,38.853339514566386],[-77.0894017497909,38.85334842255275],[-77.08939363673478,38.853357387134714],[-77.08938566304026,38.85336640831227],[-77.08937779305711,38.85337551311791],[-77.08937002732489,38.85338467409736],[-77.08936240095429,38.85339389167249],[-77.08935491394534,38.85340316584337],[-77.08934753064788,38.853412523642405],[-77.08934028671214,38.8534219380372],[-77.08933314702743,38.85343140860589],[-77.08932614724412,38.85344090831607],[-77.0893192862831,38.853450492076384],[-77.08931252957319,38.85346013201073],[-77.08930591222521,38.85346982854091],[-77.08929943477871,38.85347955421266],[-77.08929309615466,38.853489363934706],[-77.08928686232147,38.85349920237645],[-77.0892807678504,38.85350909741415],[-77.08927481274138,38.85351904904783],[-77.08915338833934,38.853705778768116],[-77.08913899318408,38.85372569163317],[-77.088927433144,38.854018340591615],[-77.08870796109537,38.85431722205396],[-77.0886277282655,38.854439693826926],[-77.08855557752416,38.85458870746963],[-77.08853227830127,38.854644831838684],[-77.08852279782076,38.854705461154225],[-77.0885159707073,38.854770461177026],[-77.08851464906829,38.85483766933427],[-77.08852164059216,38.85494290080891],[-77.08851638628958,38.8550440032323],[-77.08851515944622,38.855136751070255],[-77.08851531951653,38.85515361392684],[-77.08852014552923,38.855160015395235],[-77.08866319553908,38.855348990393786],[-77.0886676196951,38.85535618338766],[-77.08870131677156,38.855410686253364],[-77.08885279703753,38.855619286967155],[-77.08899208047438,38.85580522302116],[-77.08913744733469,38.856003314750026],[-77.08929694653617,38.85621503188511],[-77.0894969946473,38.85649012116642],[-77.08976962143211,38.85686082161993],[-77.09004987009006,38.85723699522198],[-77.09022111735531,38.85747669729012],[-77.09039781816463,38.85770701805243],[-77.09059925760562,38.85798322039065],[-77.09062559703592,38.85802085577738],[-77.09079159076107,38.85825821461165],[-77.09086682822159,38.858343696841914],[-77.09097998587977,38.85850130672899],[-77.0911369950233,38.858715188080026],[-77.09120582675226,38.858804986925634],[-77.09130456155778,38.85894594693906],[-77.0914919960635,38.859232799077475],[-77.09151596495452,38.85927136692912],[-77.09154232906948,38.8593185312666],[-77.09162168048131,38.859471890392975],[-77.09163369564897,38.859498561616604],[-77.09165768568666,38.85955977623186],[-77.09165878108163,38.85956257148967],[-77.09172586694308,38.859725312280645],[-77.09177003011598,38.8598373326724],[-77.09181200613034,38.8599498485641],[-77.09186638631601,38.86010323750461],[-77.09188518473387,38.8601601144971],[-77.09190231881759,38.86021768550406],[-77.09190462382904,38.860225512002245],[-77.09193943868925,38.860357548922444],[-77.09195562314967,38.860424143115694],[-77.0919751390293,38.860516068608234],[-77.09199407145827,38.86062520498723],[-77.09200785317911,38.86069253925377],[-77.09201602430272,38.86074330232424],[-77.09202133879938,38.860785710529704],[-77.09202766932653,38.86086226462726],[-77.09202971214205,38.86093895952945],[-77.09204764506482,38.86126019069263],[-77.09208615173618,38.8612516298843],[-77.09211160830061,38.861245967583244],[-77.09215713279904,38.86123584669296],[-77.09219212942664,38.861228065867216],[-77.09221105091878,38.86122385955358],[-77.09223618991825,38.86121827065129],[-77.09227034213811,38.86121067533548],[-77.09227802281501,38.861208896663626],[-77.09229114146508,38.86120585992725],[-77.09230229137893,38.86120291800925],[-77.092341434958,38.86119243563695],[-77.09240423943335,38.86117561716666],[-77.09244985537812,38.861163403378356],[-77.09262661682303,38.86111607070264],[-77.09263142754986,38.8611147827924],[-77.0926811025964,38.861102329233475],[-77.09271861142798,38.86109292728755],[-77.09307047041015,38.86100369875309],[-77.09311785963747,38.8609913823838],[-77.0934866799578,38.86089552842942],[-77.09360954776153,38.8608635960133],[-77.09377961251333,38.86081939602136],[-77.09387816999572,38.8607937816102],[-77.09393435909291,38.86077912458251],[-77.09396003978327,38.860772426208726],[-77.09488269007853,38.86052986693199],[-77.09563985454406,38.8603376029318],[-77.09569662209674,38.860323187119384],[-77.09709245972353,38.85995990031626],[-77.0977029188475,38.85979984752847],[-77.09871956698707,38.859533341987],[-77.0998553965834,38.85920994999016],[-77.1001846203354,38.85911309492219],[-77.10039232467227,38.859052136924504],[-77.10106608451731,38.85886547052457],[-77.10132971596558,38.85878211026545],[-77.10184772806193,38.85863944325284],[-77.10226019343843,38.858524076592225],[-77.10264534290819,38.85842263549218],[-77.10359841831051,38.858139871016576],[-77.10389994705392,38.85805015582611],[-77.10406966221498,38.857999658692385],[-77.10424593328585,38.85794738222554],[-77.10430025632493,38.85793160653076],[-77.10429073453905,38.857904719141565],[-77.10428750061165,38.85789402594021],[-77.1042847242214,38.85788328325662],[-77.1042846395242,38.85788289779973],[-77.10428233621008,38.85787243534721],[-77.10428226694147,38.85787204664119],[-77.10428037008873,38.857861564992554],[-77.1042803140543,38.85786117301127],[-77.10427882639111,38.85785064473832],[-77.10427878578531,38.8578502495079],[-77.10427770458314,38.85783970203888],[-77.10427768156717,38.85783930530123],[-77.10427703977753,38.857828737311664],[-77.10427702996233,38.85782833901465],[-77.10427676174825,38.85781774972185],[-77.1042767672949,38.85781735160744],[-77.10427694018702,38.85780676755859],[-77.10427696109566,38.85780636962684],[-77.10427750486794,38.85779578998713],[-77.10427754110502,38.85779539395387],[-77.10427852548258,38.85778484529659],[-77.10427857704825,38.85778445116187],[-77.10427996691803,38.85777393306958],[-77.10428003161763,38.85777354080731],[-77.1042817945949,38.85776302543426],[-77.10428187678424,38.85776263681252],[-77.10428407713731,38.8577522055886],[-77.10428417462175,38.857751820581264],[-77.10428678049983,38.857741418206416],[-77.10428990361464,38.8577307181964],[-77.10429341190242,38.85772007768669],[-77.1042973399421,38.85770952454909],[-77.10430168719955,38.8576990862379],[-77.10430641856186,38.85768876233572],[-77.10431156967555,38.85767852580545],[-77.10431710435986,38.85766843113838],[-77.1043230226147,38.85765847833446],[-77.10434305021593,38.85762732882583],[-77.10455741432465,38.857335415726006],[-77.10459593136964,38.85728537328178],[-77.1046251750768,38.85724082259317],[-77.10465086234488,38.85719493897454],[-77.10467616390666,38.857139988730424],[-77.10469629278585,38.857083741271886],[-77.10469639242835,38.8570833580061],[-77.10471120801017,38.85702649818233],[-77.10471127709587,38.85702610597192],[-77.10472304400876,38.85695963470527],[-77.10472307804851,38.85695923864574],[-77.10472733353241,38.85690880097931],[-77.1047273324929,38.85690840278662],[-77.10472712972205,38.856857858929665],[-77.10472710231487,38.856857462139835],[-77.10472530650638,38.85683240863844],[-77.10472525708724,38.85683201501961],[-77.1047211169081,38.856798609626345],[-77.10472103882674,38.85679822253206],[-77.10471106775162,38.856748264544294],[-77.10469930020874,38.85670682377079],[-77.1046871831269,38.85667433103505],[-77.10466634266554,38.856626274234905],[-77.10464292355417,38.85657898314273],[-77.10462141117443,38.85654020006962],[-77.10459329069583,38.856494473269564],[-77.10456269211187,38.856449760514145],[-77.10453530474383,38.85641329667471],[-77.10449887197507,38.85638144855276],[-77.10446097881984,38.856350654027324],[-77.10445063133405,38.85634275964245],[-77.10442965920831,38.856326775350176],[-77.10438930386769,38.85629798362517],[-77.10434550382965,38.85626934316031],[-77.10433059137422,38.85625960954906],[-77.1040654302563,38.856097239707545],[-77.10401705294035,38.85606379398458],[-77.10397181625859,38.85602777681805],[-77.1039504450119,38.856008849392985],[-77.10392331379515,38.8559827136799],[-77.10390400523832,38.85596246519904],[-77.10387975123763,38.8559346611255],[-77.10369170219761,38.8556917588763],[-77.10350068695762,38.85540823405216],[-77.10345914881395,38.85533919794876],[-77.10342472851637,38.85527436561259],[-77.10341758010182,38.85526090719808],[-77.1033809921363,38.85518113788209],[-77.10335003948636,38.85511678614401],[-77.1033295350744,38.85506777194448],[-77.10331425370909,38.855026481424034],[-77.1032782988146,38.85491058127267],[-77.10327823178218,38.85491019087598],[-77.10327110009818,38.8548690299163],[-77.10327107928326,38.8548686332043],[-77.1032693648279,38.85483547971262],[-77.10326938135228,38.854835081728545],[-77.10327041597714,38.85481033818432],[-77.10327046319064,38.85480994228166],[-77.10327346740928,38.85478527537549],[-77.10327355615061,38.854784888548366],[-77.10328298014171,38.85474400522197],[-77.1032883184102,38.85472775705534],[-77.10330102338752,38.854695696764935],[-77.10332633151232,38.85464041732557],[-77.10335109830613,38.854594907462875],[-77.10335991310504,38.85457867319134],[-77.10339834252645,38.85451866182388],[-77.10341397734554,38.85449665954433],[-77.1034451927154,38.854459052685314],[-77.10347870912352,38.85441869965595],[-77.10355246637226,38.85433532748272],[-77.10362296649143,38.85426051173275],[-77.10390601858964,38.85400821868264],[-77.10412791185446,38.85383071481144],[-77.10446994909134,38.85355709824014],[-77.1044697316242,38.85355688111803],[-77.10347898222379,38.85256532237],[-77.10346042936838,38.852547801391076],[-77.10345146306142,38.85253934665794],[-77.1034424611121,38.852530918960795],[-77.10343349480941,38.85252246422631],[-77.10342449286432,38.85251403652778],[-77.1034155265658,38.85250558179182],[-77.10340652462492,38.8524971540919],[-77.10339752268615,38.852488726391236],[-77.10338852074953,38.852480298689876],[-77.10337948370471,38.85247187057018],[-77.10337048177226,38.852463442867396],[-77.10336147984196,38.85245501516391],[-77.10335244226931,38.85244661449638],[-77.10334340523293,38.85243818637381],[-77.10333436766447,38.85242978570484],[-77.10332533009819,38.852421385035235],[-77.10331629253395,38.852412984364896],[-77.10330725497185,38.852404583693804],[-77.10329818230161,38.85239618260431],[-77.10328910963348,38.85238778151411],[-77.10328007154352,38.85237940829529],[-77.10327099887964,38.85237100720364],[-77.10326192568361,38.85236263356562],[-77.10325285248975,38.85235425992697],[-77.10324374418775,38.852345885869816],[-77.1032346709981,38.85233751222967],[-77.10322556270036,38.8523291381711],[-77.10321648951496,38.85232076452951],[-77.10320738122145,38.852312390469436],[-77.10319827239582,38.85230404386308],[-77.10318916410654,38.85229566980161],[-77.1031800201749,38.85228732277602],[-77.1031709113556,38.85227897616746],[-77.10316176742822,38.85227062914041],[-77.10315265861323,38.85226228253045],[-77.10314351469009,38.85225393550195],[-77.10313437023481,38.85224561592711],[-77.10312522631594,38.85223726889712],[-77.1031160818649,38.85222894932087],[-77.10310690284011,38.85222060187167],[-77.1030977583933,38.85221228229397],[-77.1030885788385,38.85220396229765],[-77.10307939928579,38.85219564230068],[-77.10307025484535,38.85218732272076],[-77.10306219424675,38.85218004066677],[-77.10264962015633,38.85237610715911],[-77.1026250292516,38.85238779420306],[-77.10193881177095,38.85271389687399],[-77.10174450617532,38.8528019560596],[-77.10152036882128,38.85288923563101],[-77.10151756694522,38.852890309265035],[-77.10128838217159,38.852975036206324],[-77.10114832706635,38.852700652909],[-77.10071205620505,38.851845941078274],[-77.10004248618597,38.85053412221393],[-77.09894179770366,38.85087384970924],[-77.09861559228418,38.85097545347745],[-77.09853402959968,38.85100083698098],[-77.09845247313905,38.85102623594934],[-77.09808782689969,38.85113979158457],[-77.09776503119615,38.85124031470407],[-77.09742778344864,38.851345336041916],[-77.09739383682604,38.851267645500265],[-77.09705721942369,38.851372048579414],[-77.0969186740764,38.85108541326689],[-77.09680044473558,38.85084080391254],[-77.096775600727,38.850789404126246],[-77.09648625975868,38.85086618731331],[-77.09640768691213,38.85088724912536],[-77.09575076527916,38.85106333720983],[-77.09521239037682,38.85120697085671],[-77.09397114948177,38.85153381755386],[-77.09395924037628,38.85153682775891],[-77.09331858525384,38.85169872831145],[-77.09273826917043,38.851868346089745],[-77.09271316742945,38.851874666663136],[-77.0922519390388,38.851990784561885],[-77.09150330793392,38.8522009420264],[-77.09146944060971,38.85220877392054],[-77.09144962692984,38.85221449518209],[-77.09143648407762,38.85221851152897],[-77.09142334176266,38.85222250042006],[-77.0914101319198,38.852226351195355],[-77.09139685832044,38.85222987167449],[-77.09138341725067,38.85223297823053],[-77.09136984759233,38.852235479104316],[-77.09135607427639,38.85223762054229],[-77.09134213187437,38.85223943042003],[-77.09132805711305,38.85224082679572],[-77.09131398989432,38.852241838808936],[-77.0912998967247,38.85224238367535],[-77.09128588293478,38.85224246265885],[-77.09127198525148,38.852241993817856],[-77.09125806485103,38.852240893103954],[-77.0912441201173,38.85223924288022],[-77.0912302536869,38.85223718168245],[-77.09121642991104,38.85223473654354],[-77.09120271577721,38.852232073032305],[-77.09118914531794,38.85222924647879],[-77.09117583032983,38.85222592869501],[-77.09116270274829,38.85222200902097],[-77.09114972261385,38.85221773412446],[-77.09113677920764,38.85221337728489],[-77.09112376234955,38.85220918432714],[-77.09111402367675,38.85220604847709],[-77.090901251291,38.85248092955513],[-77.0908721934371,38.85251846981531],[-77.0908144565652,38.85257704405085],[-77.09081399353356,38.852577486447124],[-77.09075065824271,38.8526323257145],[-77.09075010274258,38.852632782447145],[-77.09068090726093,38.852684027764035],[-77.09059818821085,38.852735862421056],[-77.09051003423954,38.85278189417398],[-77.0904171062644,38.85282177567222],[-77.09032385806204,38.852856610761506]]]},"properties":{"OBJECTID":17,"ES_Name":"Randolph Elementary School","Website":"https://randolph.apsva.us/","School_Year":"2022-2023","Shape__Area":11741446.38660996,"Shape__Length":14465.203799543198}},{"type":"Feature","id":18,"geometry":{"type":"Polygon","coordinates":[[[-77.10527918305065,38.91732522890142],[-77.10529055670322,38.91732780786928],[-77.10530103151545,38.91733141965826],[-77.10531148070027,38.91733634923615],[-77.10532015409532,38.917342218845704],[-77.10532792918471,38.91734909382311],[-77.10533481077375,38.917356727082975],[-77.10534260775663,38.91736247644729],[-77.105350403139,38.91736830817291],[-77.10536599017023,38.91738016380029],[-77.1053729016649,38.917386259636395],[-77.10538069171334,38.917392365899524],[-77.10538760160873,38.91739854409662],[-77.10539538845637,38.91740481508248],[-77.10540229621867,38.91741110309454],[-77.10541610694192,38.9174239262029],[-77.10542991339905,38.91743696894126],[-77.10543681369316,38.91744364130659],[-77.1054428343675,38.91745035815243],[-77.10544973306247,38.91745711287879],[-77.10545575267142,38.91746388463183],[-77.10546177121374,38.917470711292474],[-77.10546866617538,38.9174776581954],[-77.10547467991533,38.91748473194094],[-77.10547981670422,38.91749171289759],[-77.1054918431221,38.91750591529509],[-77.10549697564333,38.91751311588258],[-77.10550298565207,38.917520381804295],[-77.10550811657387,38.917527664753145],[-77.10551324642903,38.91753500260969],[-77.1055285944525,38.91755734520822],[-77.10553375625102,38.917564848204606],[-77.10553800221824,38.917572450173225],[-77.10554312674127,38.91758006256791],[-77.10555161494356,38.91759545868191],[-77.10564681031624,38.917761350090416],[-77.1056658138915,38.91786867071401],[-77.10578824309447,38.91826280550658],[-77.10587142922077,38.918321459095054],[-77.10589826236827,38.918387682131254],[-77.10607700155417,38.91859575471076],[-77.10612147258875,38.91869121758311],[-77.10759038627914,38.91821014339374],[-77.108145489315,38.9172444872226],[-77.10815367535633,38.91723925689472],[-77.10816186192929,38.91723399911233],[-77.1081700144247,38.91722868600514],[-77.10817813124403,38.917223399935075],[-77.10818624912783,38.91721805895653],[-77.10819433186832,38.917212717561135],[-77.10820237999846,38.91720734829496],[-77.10821042919298,38.91720192412034],[-77.10821844377709,38.91719647207491],[-77.10822642215238,38.917191074520616],[-77.1082343669828,38.91718559418761],[-77.10824227667003,38.91718011343782],[-77.10825018742165,38.91717457777954],[-77.10825806303005,38.91716904170451],[-77.10826590456082,38.91716345030476],[-77.10827374502472,38.91715791381245],[-77.10828155194386,38.9171522945414],[-77.1082893237197,38.91714667485361],[-77.10829706088515,38.91714102729519],[-77.10830476344016,38.91713535186597],[-77.10831246705948,38.917129621528375],[-77.10832013447008,38.917123945681915],[-77.10832776727021,38.91711824196476],[-77.10833540166743,38.917112455885224],[-77.10834296577951,38.917106668972764],[-77.10835053042305,38.91710085460585],[-77.10835805992343,38.917095039822186],[-77.1083655548134,38.9170891971679],[-77.10837301509291,38.917083326642924],[-77.1083804759039,38.9170774286635],[-77.10838790157175,38.91707153026741],[-77.1083952931619,38.917065576546676],[-77.10840264960888,38.9170596224093],[-77.10841000605461,38.917053668271436],[-77.10841729328068,38.917047658392804],[-77.10842458050556,38.9170416485137],[-77.10843179797803,38.91703561034782],[-77.10843905112397,38.917029545143656],[-77.10844623398484,38.91702347910669],[-77.1084534173771,38.91701738561532],[-77.10846053101707,38.917011263837146],[-77.10846764465583,38.91700514205858],[-77.10847472421686,38.91699896495544],[-77.10848176863475,38.91699278743567],[-77.10848881411682,38.91698655500749],[-77.10849578878117,38.916980349200614],[-77.10850276397693,38.91697411593929],[-77.10850970456237,38.916967854807396],[-77.1085166105373,38.91696156580496],[-77.10852344622721,38.916955275969826],[-77.10853031759054,38.91694895909644],[-77.10853711920159,38.91694261393636],[-77.10854392081136,38.91693626877586],[-77.10855068781075,38.91692989574487],[-77.10855738505784,38.916923494427195],[-77.10856408283642,38.91691706565517],[-77.10857074547188,38.916910636466575],[-77.10857737349693,38.916904179407524],[-77.10858400205352,38.91689769489406],[-77.10859056032511,38.91689120954799],[-77.10859711859554,38.91688472420151],[-77.108603608179,38.91687815566047],[-77.10861009722859,38.916871614573054],[-77.10861655166784,38.91686504561514],[-77.10862297096403,38.91685847624076],[-77.10862939132437,38.916851851958064],[-77.10863574139978,38.91684522684274],[-77.10864205633222,38.91683860131098],[-77.10864833665426,38.91683194790874],[-77.10865461750775,38.91682526705221],[-77.10866086375086,38.91681855832521],[-77.10866703970918,38.91681184876567],[-77.1086732156663,38.91680513920574],[-77.10867935754577,38.916798374321424],[-77.10868546428215,38.91679160902071],[-77.10869153640827,38.916784815849574],[-77.10869757339135,38.91677802226201],[-77.1087035752315,38.91677122825801],[-77.10870957813577,38.91676437934569],[-77.10871551075529,38.91675752960092],[-77.10872144390622,38.91675065240185],[-77.10872730677242,38.91674377437024],[-77.10873317017017,38.916736868884435],[-77.10873896381575,38.9167299351121],[-77.10874475746023,38.916723001339456],[-77.10875051596177,38.91671606715047],[-77.10875624038565,38.91670907763712],[-77.108761929134,38.91670211516141],[-77.10876758380472,38.91669509736132],[-77.10877320386507,38.91668805169089],[-77.10877878771743,38.916681060512055],[-77.10878433749204,38.916674014008954],[-77.10878985265641,38.91666693963548],[-77.10879536781971,38.91665986526175],[-77.10880081323099,38.91665276260164],[-77.10880622403201,38.91664563207119],[-77.108811598625,38.91663855603239],[-77.10881697534727,38.916631370177384],[-77.10882228125237,38.916624210944],[-77.1088275871565,38.91661705171032],[-77.10883282330856,38.9166098641903],[-77.1088380599922,38.91660264921608],[-77.10884322639133,38.91659543340946],[-77.10884839278938,38.916588217602595],[-77.1088535251098,38.91658094647154],[-77.10885858714578,38.916573674508086],[-77.10886364918065,38.91656640254441],[-77.10886867660538,38.91655910271043],[-77.10887363374567,38.916551802044175],[-77.10887859141754,38.916544473923686],[-77.10888351394664,38.9165371453869],[-77.10888836672386,38.91652978856389],[-77.10889321950015,38.91652243174061],[-77.10889803713371,38.916515074501085],[-77.10890282015717,38.91650768939136],[-77.10890753342878,38.91650027599532],[-77.10891224669943,38.91649286259904],[-77.10891692535998,38.916485421332624],[-77.10892156887788,38.91647797964991],[-77.10892614264397,38.916470509681005],[-77.10893071640915,38.91646303971185],[-77.10893525503168,38.91645556932651],[-77.10893975904413,38.91644807107094],[-77.10894419330488,38.91644054452915],[-77.10894862756469,38.9164330179872],[-77.10895302614942,38.91642551848301],[-77.10895735604745,38.91641793578463],[-77.1089616854121,38.91641038054002],[-77.10896597963419,38.91640282487926],[-77.1089702041046,38.916395240932296],[-77.10897442910662,38.916387629531215],[-77.10897861896616,38.91638001771391],[-77.10898273854151,38.916372405064415],[-77.10898682350692,38.91636476454474],[-77.10899090847141,38.91635712402493],[-77.10899495829351,38.91634948308893],[-77.10899893836392,38.9163418138668],[-77.10900291843356,38.916334144644495],[-77.10900682875165,38.916326447136036],[-77.10901070392723,38.91631874921138],[-77.10901457963453,38.91631102383268],[-77.10901838505784,38.91630329762176],[-77.10902215587122,38.916295543540734],[-77.10902589100965,38.916287816497544],[-77.10902962614732,38.91628008945423],[-77.109033292066,38.916272306670834],[-77.10903692284238,38.916264523471234],[-77.10904051847632,38.91625673985554],[-77.10904407950044,38.91624892836975],[-77.1090475697082,38.91624114350577],[-77.10905109612172,38.91623330414979],[-77.10905451657727,38.91622549099962],[-77.10905735080797,38.91621709424379],[-77.10906032560416,38.9162086991519],[-77.10906340475933,38.91620036021586],[-77.10906665962142,38.91619202335964],[-77.10907001884247,38.91618374265928],[-77.10907348295483,38.91617549066081],[-77.10907708709999,38.916167267780146],[-77.10908083127791,38.91615907401727],[-77.10908471495614,38.91615093682621],[-77.10908870405795,38.91614280088294],[-77.10909283212757,38.91613474896541],[-77.10909710076227,38.91612669871167],[-77.10910147375552,38.91611870461369],[-77.10910595110741,38.91611076667143],[-77.10910916336456,38.916102813753575],[-77.10911234047948,38.91609486041974],[-77.10911555273522,38.91608690750171],[-77.10911872984873,38.916078954167624],[-77.10912187182004,38.91607100041746],[-77.10912504893214,38.916063047083114],[-77.10912819090207,38.91605509333275],[-77.10913136801277,38.916047139998255],[-77.1091345105138,38.916039158793666],[-77.1091376173402,38.916031204627004],[-77.10914075983978,38.916023223422265],[-77.10914386666477,38.9160152692554],[-77.10914700916297,38.91600728805044],[-77.1091501159866,38.915999333883335],[-77.10915318820051,38.91599135184626],[-77.10915629555521,38.91598337022502],[-77.10915936723534,38.915975415641675],[-77.10916247458864,38.915967434020274],[-77.10916554679982,38.915959451982786],[-77.1091685838689,38.9159514695292],[-77.10917165661115,38.915943460037504],[-77.10917469261403,38.91593553249176],[-77.1091777302135,38.91592752258392],[-77.1091807321385,38.915919539714],[-77.10918380487804,38.915911530221976],[-77.10918684194309,38.91590354776783],[-77.10918984386605,38.915895564897625],[-77.1091928463208,38.915887554573374],[-77.10919588338375,38.91587957211898],[-77.10919885069575,38.91587156137856],[-77.10920185261604,38.915863578507995],[-77.1092048199267,38.91585556776742],[-77.10920778723668,38.915847557026744],[-77.10921075348122,38.91583960119394],[-77.10921372132232,38.915831562999095],[-77.10921668863033,38.91582355225814],[-77.10921965593768,38.915815541517105],[-77.10922255296167,38.91580752994404],[-77.10922548512637,38.915799518786876],[-77.1092284172904,38.91579150762962],[-77.10923131431244,38.91578349605632],[-77.1092342470076,38.91577545744486],[-77.10923714349595,38.91576747332538],[-77.10924004104847,38.915759434297804],[-77.10924293806792,38.91575142272416],[-77.1092457999454,38.91574341073448],[-77.10924866235463,38.9157353712907],[-77.10925155937214,38.915727359716826],[-77.1092544217801,38.9157193202729],[-77.10925724904614,38.915711280412914],[-77.1092601109204,38.915703268422796],[-77.10926293818517,38.91569522856269],[-77.10926576544927,38.915687188702464],[-77.10926859218037,38.91567917629614],[-77.10927141944323,38.91567113643577],[-77.10927424670543,38.9156630965753],[-77.10927703882574,38.915655056298846],[-77.1092798309454,38.91564701602225],[-77.10928262306446,38.91563897574561],[-77.10928541465051,38.91563096292287],[-77.10928817269186,38.91562286732214],[-77.10929092966776,38.91561482662932],[-77.10929372178434,38.91560678635234],[-77.10929644361781,38.91559874524342],[-77.10929920112423,38.915590677096354],[-77.10930195809773,38.9155826364032],[-77.10930468046166,38.91557456784006],[-77.10930740229269,38.91556652673082],[-77.10931012412307,38.9155584856215],[-77.10931284648518,38.915550417058135],[-77.10931553370555,38.91554234807874],[-77.10931825606643,38.91553427951518],[-77.10932090867672,38.91552618266574],[-77.10932359483047,38.91551816859406],[-77.10932628204837,38.915510099614394],[-77.10932893412443,38.9155020302187],[-77.10933162134113,38.91549396123882],[-77.10933427341605,38.91548589184298],[-77.10933692549033,38.91547782244705],[-77.10933954242286,38.91546975263516],[-77.1093421950283,38.91546165578507],[-77.10934481195966,38.91545358597298],[-77.10934742889042,38.91544551616087],[-77.10935004582059,38.915437446348655],[-77.10935266328254,38.91542934908235],[-77.10935524507036,38.915421278854076],[-77.10935782738994,38.91541318117175],[-77.10936040864424,38.91540513839731],[-77.10936299149502,38.915397013260836],[-77.10936560842167,38.91538894344818],[-77.10936812045665,38.91538084493374],[-77.10937066763225,38.915372746835104],[-77.10937317913367,38.9153646757745],[-77.10937576144926,38.91535657809164],[-77.10937830862308,38.91534847999278],[-77.1093808206552,38.91534038147803],[-77.10938333268678,38.915332282963156],[-77.10938584471778,38.91532418444817],[-77.10938835674821,38.91531608593319],[-77.10939086877804,38.91530798741808],[-77.10939334566628,38.91529988848705],[-77.10939582255389,38.9152917895559],[-77.10939829944097,38.91528369062471],[-77.10940077685981,38.91527556423946],[-77.10940321860471,38.915267464892224],[-77.10940569549007,38.915259365960836],[-77.10940813776622,38.915251239159495],[-77.10941057950942,38.91524313981201],[-77.10941302231676,38.91523498555657],[-77.10941542838546,38.91522691324712],[-77.10941787065939,38.91521878644549],[-77.10942027725935,38.91521068668187],[-77.10942268439109,38.91520255946422],[-77.10942505638123,38.915194431830614],[-77.10942746297954,38.91518633206687],[-77.1094298349686,38.91517820443312],[-77.10965292167849,38.91436801980291],[-77.10972133734032,38.914102464493666],[-77.10972332431122,38.91409424991591],[-77.10972541617106,38.914086064039466],[-77.10972747288983,38.91407787774722],[-77.10972952960817,38.91406969145489],[-77.10973158632599,38.914061505162515],[-77.10973367818393,38.91405331928589],[-77.10973580518177,38.91404513382502],[-77.1097379321792,38.914036948364036],[-77.10974005917615,38.914028762903065],[-77.10974222078086,38.9140206053118],[-77.10974434777678,38.91401241985067],[-77.10974661480195,38.914004263506676],[-77.10974881207781,38.91399607887705],[-77.10975097368052,38.91398792128552],[-77.10975317042322,38.91397976410974],[-77.10975543797856,38.91397158031151],[-77.10975770500112,38.9139634239672],[-77.10975997202321,38.913955267622825],[-77.10976223904474,38.9139471112784],[-77.1097645412062,38.91393895534972],[-77.10976684283496,38.91393082687495],[-77.10976918013583,38.91392267136188],[-77.10977151743619,38.913914515848774],[-77.10977385420374,38.91390638778959],[-77.10977622611126,38.913898260146155],[-77.10977863369078,38.913890105464425],[-77.10978100559721,38.91388197782085],[-77.10978337750305,38.9138738501772],[-77.10978585482958,38.91386572378082],[-77.10978829754735,38.91385756951462],[-77.10979073920022,38.913849470156315],[-77.10979321652508,38.91384134375973],[-77.10979569384935,38.91383321736308],[-77.10979820578127,38.91382511883616],[-77.10980071824484,38.91381699285513],[-77.10980323017564,38.91380889432805],[-77.10980577777839,38.913800768762655],[-77.10980832484843,38.913792670651254],[-77.10981090705825,38.91378457295548],[-77.10981348926747,38.91377647525964],[-77.10981610661648,38.913768377979494],[-77.1098187239649,38.91376028069929],[-77.1098213407805,38.91375221087303],[-77.1098239932681,38.91374411400844],[-77.10982664575502,38.913736017143776],[-77.10982929770927,38.913727947732994],[-77.10983198533536,38.913719851283986],[-77.10983467189651,38.913711809742836],[-77.10983739466175,38.91370371370938],[-77.10984011689413,38.91369564512984],[-77.1098428742663,38.913687576966026],[-77.10984563163778,38.913679508802105],[-77.10984838900866,38.91367144063811],[-77.10985118098708,38.9136634003438],[-77.10985397349702,38.91365533259538],[-77.10985680114665,38.91364726526262],[-77.10985962826351,38.91363922538383],[-77.10986245537966,38.913631185504926],[-77.10986531763552,38.9136231460417],[-77.10986817989071,38.9136151065784],[-77.10987107781769,38.91360704007674],[-77.10987397467973,38.913599028483],[-77.10987687154108,38.91359101688918],[-77.1098798040742,38.913582978257026],[-77.10988277174692,38.9135749400405],[-77.10988570374661,38.91356692886218],[-77.10988867088588,38.91355891809947],[-77.10989167316475,38.91355090775249],[-77.10989467544294,38.91354289740535],[-77.10989767772048,38.91353488705818],[-77.10990071513751,38.91352687712657],[-77.10990375255395,38.913518867194945],[-77.1099067894375,38.91351088471719],[-77.10990986199276,38.9135028752011],[-77.10991293401521,38.91349489313893],[-77.10991500403759,38.91348964525191],[-77.10991604117721,38.91348691149236],[-77.10991998904291,38.91347907709348],[-77.1099239358435,38.91347129760249],[-77.1099278831754,38.913463490657335],[-77.10993186564656,38.91345568412777],[-77.1099358481169,38.91344787759806],[-77.10993983005426,38.913440098522166],[-77.1099438471309,38.9134323198619],[-77.10994786473887,38.91342451374745],[-77.10995188181379,38.91341673508681],[-77.10995589941992,38.91340892897208],[-77.10995995056903,38.91340120563492],[-77.10996403792171,38.913393427805325],[-77.10996809013331,38.91338564955982],[-77.10997217695207,38.913377899183935],[-77.1099762643021,38.91337012135385],[-77.10998038625922,38.913362371393326],[-77.10998450821549,38.913354621432696],[-77.10998863017083,38.91334687147186],[-77.10999275212536,38.91333912151085],[-77.10999690868698,38.91333139941944],[-77.11000110091993,38.913323650289534],[-77.11000525747976,38.913315928197804],[-77.11000944917886,38.913308206521606],[-77.11001364140913,38.913300457391244],[-77.11001783310637,38.913292735714705],[-77.11002202480273,38.91328501403801],[-77.11002632138643,38.913277321062296],[-77.11003051308099,38.91326959938523],[-77.11003480966284,38.91326190640919],[-77.11003907163577,38.91325418556323],[-77.11004333307572,38.91324649217109],[-77.11004762965484,38.91323879919453],[-77.11005192623301,38.91323110621773],[-77.1100562233424,38.913223385786814],[-77.11006055452674,38.91321572067942],[-77.11006488571016,38.91320805557186],[-77.11006921689264,38.913200390464084],[-77.11007358374638,38.91319269831785],[-77.11007795006711,38.91318503362542],[-77.11008231638691,38.9131773689329],[-77.11008675298586,38.913169705071475],[-77.11009111877166,38.91316206783255],[-77.11009552022871,38.91315440355511],[-77.11009999143288,38.91314676756283],[-77.11010435774791,38.91313910286939],[-77.11010882895016,38.91313146687676],[-77.11011326501139,38.91312383046829],[-77.11011773621175,38.91311619447531],[-77.11012217227109,38.9131085580665],[-77.11012671321753,38.91310095035849],[-77.110131219555,38.91309331478064],[-77.11013572535954,38.91308570665665],[-77.11014023116303,38.913078098532395],[-77.11014477210564,38.91307049082366],[-77.11014931304727,38.913062883114726],[-77.11015385398794,38.913055275405604],[-77.11015843006766,38.913047668111986],[-77.11016300561433,38.913040088272155],[-77.11016761630009,38.91303250884781],[-77.11017219237685,38.91302490155356],[-77.11017680359268,38.91301729467483],[-77.1101814488834,38.913009743119545],[-77.11018605903323,38.91300219114843],[-77.11019070485408,38.91299461213874],[-77.11019538528181,38.91298706099854],[-77.1102000311007,38.9129794819885],[-77.11020460610665,38.91297192960091],[-77.11020918164358,38.91296434975914],[-77.11021382692752,38.91295679820248],[-77.11021847221048,38.91294924664564],[-77.1102231526324,38.912941695504216],[-77.11022783252129,38.91293417181661],[-77.11023258268911,38.91292664896011],[-77.11023733232393,38.91291915355742],[-77.11024211709773,38.912911658570174],[-77.1102469721503,38.91290416441398],[-77.11025175639008,38.912896696880274],[-77.1102566460486,38.912889230593336],[-77.11026153517413,38.91288179176013],[-77.11026642429862,38.91287435292675],[-77.11027141884182,38.912866915340054],[-77.11027637771213,38.912859504791506],[-77.11028140686122,38.912852095073966],[-77.11028643547726,38.91284471281022],[-77.11029149976417,38.91283730350786],[-77.11029656298604,38.91282994911331],[-77.11030169648667,38.912822595549805],[-77.11030682998627,38.912815241985996],[-77.11031199862465,38.91280788883761],[-77.11031720186995,38.912800563558605],[-77.11032240458215,38.91279326573334],[-77.11032767810502,38.91278594128508],[-77.11033295109489,38.912778644290604],[-77.11033822355166,38.91277137474987],[-77.11034356628714,38.91276410604011],[-77.1103489084895,38.9127568647841],[-77.11035435611043,38.91274962477462],[-77.11035973398248,38.91274235647974],[-77.11036514539742,38.912735170962186],[-77.1103705924831,38.912727958405966],[-77.11037610984737,38.91272074668066],[-77.11038162667855,38.91271356240913],[-77.11038714297669,38.912706405591315],[-77.11039272955338,38.912699249604465],[-77.11039831612895,38.912692093617295],[-77.11040393731133,38.91268496549951],[-77.11040959363243,38.91267783779694],[-77.11041521428055,38.91267073713259],[-77.11042097548692,38.91266363813029],[-77.11042666588055,38.91265656575055],[-77.11043242655266,38.91264949420164],[-77.11043822183152,38.91264245052204],[-77.11044401710924,38.912635406842234],[-77.11044981238584,38.91262836316202],[-77.11045571254877,38.91262134818231],[-77.11046157703885,38.912614360240696],[-77.11046747719946,38.912607345260376],[-77.1104733762951,38.912600385187716],[-77.11047938080893,38.912593426361546],[-77.1104853501818,38.912586467119446],[-77.1104913541614,38.912579535746566],[-77.11049739327959,38.912572604788984],[-77.11050346700449,38.91256570170068],[-77.11050954072826,38.91255879861198],[-77.11051564905864,38.91255192339258],[-77.11052179252769,38.912545048588406],[-77.11052793546361,38.91253820123792],[-77.11053407839842,38.91253135388708],[-77.11054032621934,38.91252453523657],[-77.11054657403909,38.912517716585725],[-77.11055282132583,38.91251092538855],[-77.11055910375104,38.9125041346066],[-77.1105654213148,38.91249734423982],[-77.11057177295343,38.912490609196304],[-77.11057812512267,38.912483846698365],[-77.11058451083484,38.912477166977695],[-77.11059093328113,38.91247040531018],[-77.1105973189909,38.91246372558874],[-77.11060381065052,38.91245701965959],[-77.11061019476233,38.91245042229952],[-77.11061661348083,38.9124438528086],[-77.1106230321981,38.91243728331734],[-77.11062948605392,38.91243071424124],[-77.11063600912429,38.91242420090385],[-77.11064246244588,38.91241765928102],[-77.11064898604575,38.91241111848889],[-77.11065554318854,38.91240466047397],[-77.11066213600164,38.91239817542015],[-77.11066872881361,38.91239169036592],[-77.1106753557004,38.9123852606349],[-77.11068201825749,38.91237880386497],[-77.11068864461,38.91237240158718],[-77.11069537638035,38.91236600055552],[-77.11070210814958,38.9123595995234],[-77.11070883938572,38.91235322594499],[-77.11071560522853,38.91234688023568],[-77.1107224062098,38.912340534941485],[-77.11072924232951,38.91233419006235],[-77.11073607791619,38.91232787263686],[-77.11074294810953,38.91232158308042],[-77.11074981776986,38.91231532097761],[-77.11075672310038,38.91230903183585],[-77.11076366250578,38.912302798017244],[-77.11077063704961,38.91229656461362],[-77.11077761159223,38.91229033120966],[-77.1107846202097,38.91228415312874],[-77.1107916293577,38.9122779475934],[-77.11079870772019,38.912271797796606],[-77.11080578608144,38.912265647999355],[-77.1108128644415,38.91225949820169],[-77.11081997740818,38.91225337627304],[-77.1108271249815,38.912247282213464],[-77.11083430769321,38.912241188568935],[-77.11084148987194,38.91223512237796],[-77.11084870718904,38.912229056601994],[-77.11085592397313,38.91222301827957],[-77.11086317536387,38.9122170078262],[-77.11087046189301,38.91221099778781],[-77.11087778302873,38.91220501561841],[-77.11088510416324,38.912199033448594],[-77.11089242476476,38.91219307873227],[-77.11089981564427,38.91218712484641],[-77.11090720545903,38.91218122586814],[-77.1109146309439,38.912175299850794],[-77.11092205536413,38.91216942874099],[-77.1109295149226,38.91216355804615],[-77.11093697447994,38.91215768735083],[-77.11094446811215,38.912151871978466],[-77.11095199688269,38.912146057021104],[-77.11095956079154,38.91214024247864],[-77.1109671241675,38.912134455389705],[-77.1109746864788,38.91212872320833],[-77.1109823201314,38.912122936949274],[-77.11098991757977,38.9121172051823],[-77.11099758477431,38.91211150169969],[-77.11100528710726,38.912105798632],[-77.11101295376764,38.91210012260238],[-77.11102069017423,38.91209447485713],[-77.11102842711131,38.9120887996573],[-77.11103616298377,38.91208317936499],[-77.11104396913406,38.912077559902976],[-77.11105177475145,38.91207196789447],[-77.11105957983592,38.91206640333946],[-77.11106742005875,38.91206083919933],[-77.1110752948882,38.91205530292807],[-77.1110831691847,38.91204979411025],[-77.11109107861954,38.91204428570728],[-77.11109898752147,38.912038804757884],[-77.11110693103008,38.912033351677266],[-77.11111490967694,38.912027899011534],[-77.11112288779098,38.91202247379924],[-77.1111309010433,38.91201704900178],[-77.11113891376272,38.91201165165781],[-77.11114696108876,38.91200628218263],[-77.11115504302154,38.91200094057634],[-77.11116312495302,38.91199559896944],[-77.11117124202283,38.91199025777736],[-77.11117935802814,38.91198497149277],[-77.1111875091717,38.91197968562293],[-77.11119565978248,38.91197442720661],[-77.11120384553153,38.91196916920502],[-77.11121206482397,38.911963993980265],[-77.11122028571009,38.91195873639287],[-77.11122850500018,38.91195356116693],[-77.11123682970742,38.911948387186484],[-77.11124511874242,38.9119432402441],[-77.11125340724466,38.91193812075517],[-77.11126169574565,38.911933001265666],[-77.11127005399278,38.91192791006019],[-77.11127841223878,38.91192281885416],[-77.11128680455981,38.911917782970896],[-77.11129519687967,38.911912747087044],[-77.11130358919833,38.91190771120255],[-77.11131205073153,38.91190273105613],[-77.11132047712412,38.911897750493836],[-77.11132900840228,38.91189279863087],[-77.11133746940041,38.91188784593666],[-77.11134596500523,38.911882921111115],[-77.11135449521669,38.91187802415433],[-77.11136302489548,38.911873154650934],[-77.11137158918095,38.91186831301624],[-77.11138018913626,38.911863444342224],[-77.1113887880273,38.9118586305756],[-77.11139742205656,38.91185381722361],[-77.11140605555316,38.911849031325],[-77.11141468851702,38.91184427287981],[-77.11142335608761,38.91183954230325],[-77.11143205879648,38.91183481214135],[-77.1114407609727,38.911830109432834],[-77.11144949828713,38.911825407138934],[-77.11145823453741,38.91182075975245],[-77.11146700592595,38.91181611278058],[-77.1114757767818,38.91181149326205],[-77.11148458277594,38.91180687415816],[-77.11149338770593,38.91180230996161],[-77.11150219263473,38.911797745764424],[-77.11151103323341,38.911793154527835],[-77.11151990684426,38.91178867352187],[-77.11152881612486,38.9117841654765],[-77.1115376897335,38.91177968446923],[-77.11154659794893,38.91177523133052],[-77.11155554130261,38.911770778606396],[-77.11223738922537,38.911408120128],[-77.11231762509142,38.91143927414071],[-77.11280195312213,38.91129396180305],[-77.11328979309937,38.91114868893682],[-77.11336571521434,38.91112608069031],[-77.11351487716769,38.91145038794458],[-77.11368232464798,38.9116791858518],[-77.11373419708589,38.91175218322735],[-77.11377907052534,38.91180906118991],[-77.11383301408188,38.91187129105782],[-77.11387096571632,38.91191169352478],[-77.11391048157125,38.91195118078208],[-77.11395152756928,38.91198969750549],[-77.1139940339628,38.91202721541042],[-77.11403647298434,38.91207549693809],[-77.11408638602485,38.91212988041377],[-77.11413779145016,38.91218343020063],[-77.11419065465266,38.91223611842824],[-77.1142795781947,38.912319795230985],[-77.11437049735011,38.91240206756191],[-77.11442763546675,38.91245181291959],[-77.11450887810422,38.91251829120149],[-77.1145853205097,38.91257672188061],[-77.11465617949354,38.912627617478165],[-77.1147207421492,38.912671491345],[-77.11477987453918,38.91271991448144],[-77.11483392069479,38.91276053382476],[-77.11488996868106,38.912799419283076],[-77.11493957811345,38.91283136374412],[-77.11501655521819,38.912876701879505],[-77.11506059228391,38.91290053474055],[-77.1151054572136,38.912923361312245],[-77.11543555869844,38.91307671799326],[-77.11625817554926,38.913451355848984],[-77.1165099160106,38.91356978044566],[-77.11657612618184,38.91351331567604],[-77.11686197848516,38.91326953860791],[-77.11713349088048,38.91304204077931],[-77.11736933181702,38.91284161029815],[-77.11759085090142,38.912654740977345],[-77.11777669995043,38.91249491189022],[-77.11799459712732,38.91231349126159],[-77.11821971494554,38.91212391707034],[-77.11823746118017,38.912113141664754],[-77.11830496688364,38.912075491155214],[-77.11859985103952,38.91191145090256],[-77.11902266306463,38.91167477088444],[-77.11931403000133,38.91151068752046],[-77.12032658003943,38.91094649293535],[-77.12033723846511,38.910940549374274],[-77.12046885437759,38.910867952091635],[-77.12054682934502,38.910824931180294],[-77.12033460442353,38.91052935580033],[-77.12006761409444,38.910157511182206],[-77.12000594928197,38.910074406076546],[-77.11957807763088,38.90947898362819],[-77.1193863236761,38.90921585777407],[-77.11952114326375,38.90907484927938],[-77.11954383796622,38.909066677048315],[-77.1197136809529,38.909005513873055],[-77.11988354109741,38.90894709668486],[-77.1200286107428,38.908896626162225],[-77.12011138253865,38.90879599528074],[-77.12034186356371,38.90850762300277],[-77.12029935312012,38.90834236206606],[-77.1203781364274,38.90826631603476],[-77.12052710634345,38.90812260810645],[-77.1206157349451,38.90803704925141],[-77.12063955105644,38.90801405970549],[-77.12198614927293,38.906706275918445],[-77.12199347946894,38.906699743965845],[-77.12200091401961,38.906693268157376],[-77.12200838317843,38.9066868202146],[-77.1220159215549,38.90668042800385],[-77.12202349401205,38.90667409111291],[-77.1220311713513,38.906667782911974],[-77.12203888329866,38.90666150257674],[-77.12204666446371,38.906655277973435],[-77.12205447970943,38.90664910868992],[-77.12206239930974,38.90664299555039],[-77.12207031838126,38.90663690986445],[-77.12207834180738,38.906630880322496],[-77.12208636470471,38.90662487823408],[-77.12209452709357,38.90661893270176],[-77.12210272356313,38.90661304248914],[-77.12211095411344,38.90660720759627],[-77.1221192544088,38.906601400981074],[-77.12212758878486,38.90659564968563],[-77.12213599237872,38.906589954121934],[-77.12213594050986,38.906589795616924],[-77.12208690147227,38.906439609929016],[-77.12207757129886,38.90643019489247],[-77.122051371494,38.90640375226771],[-77.12198313007687,38.90633488121815],[-77.12194385953455,38.90629524847977],[-77.12190619594885,38.9062747572409],[-77.1218439334174,38.90624088573531],[-77.12174486098726,38.90624532541491],[-77.12166278244717,38.90624900327663],[-77.12166495357545,38.90617294312868],[-77.12166559148804,38.90615060651147],[-77.12166751032117,38.90608344568717],[-77.12166079986194,38.90605041460047],[-77.1217771037401,38.9059428714976],[-77.12182136163524,38.90590194794823],[-77.12187991814541,38.905847801782706],[-77.12188023120927,38.90584797021685],[-77.12190869295313,38.90580983220047],[-77.1220404346142,38.905633160128495],[-77.12205023506685,38.90562003406439],[-77.12207589461394,38.90558563035044],[-77.12233214314642,38.90546245546561],[-77.12209992557162,38.90532808743328],[-77.122084666877,38.90531925847439],[-77.12206213513217,38.9053062200146],[-77.12205939254802,38.90530697561448],[-77.12191592099168,38.905346519256],[-77.12182021091796,38.90530075122017],[-77.12154184036307,38.905135826518595],[-77.1215710704785,38.905087532131645],[-77.12160258497534,38.905035463003486],[-77.12161472838935,38.90501540155937],[-77.12163405631735,38.904983465443706],[-77.12165970437728,38.90494097118763],[-77.12166891450191,38.90492587309913],[-77.12170161817346,38.904871236626775],[-77.12172219486905,38.90483695012796],[-77.1217366501218,38.90481282592369],[-77.12174888376676,38.904792408539976],[-77.12176312571954,38.904768638813955],[-77.12177328976544,38.90475167602582],[-77.121787052916,38.90472870389381],[-77.12179828801492,38.904709955018156],[-77.1218123733337,38.90468644775401],[-77.12182868256131,38.90465922682617],[-77.12184443798519,38.904632934766106],[-77.12186699446617,38.904595286983],[-77.12189372632558,38.90455067206583],[-77.12190454388812,38.9045326168035],[-77.12191819342966,38.90450983726157],[-77.1219352922655,38.90448129890475],[-77.12195026929881,38.904456303780556],[-77.12196892479871,38.90442516808395],[-77.12199106583309,38.90438821564126],[-77.121995635956,38.90438048081693],[-77.12200611585295,38.90436262067161],[-77.12202156716472,38.904336488065866],[-77.12205150661548,38.90428587976464],[-77.12207752790259,38.90424176791861],[-77.12210830116493,38.904189598995906],[-77.12211285470305,38.90418615636213],[-77.12211903523897,38.90418148679903],[-77.12212293916517,38.90417767269672],[-77.12213471597622,38.904166160784705],[-77.12215496096964,38.904146376227175],[-77.12217531569745,38.904126481395586],[-77.12220999231776,38.90409259015503],[-77.12225055619383,38.90405294292892],[-77.12230456435888,38.90400015912868],[-77.12233400726582,38.903971382744174],[-77.12236612961648,38.90393998785304],[-77.1223855135477,38.90390876280444],[-77.12239414247475,38.90389486266416],[-77.12240646365363,38.90387501603913],[-77.12242161581632,38.9038506081558],[-77.12243628519931,38.90382697722832],[-77.12245626286817,38.90379479801905],[-77.12248328512989,38.90375126762127],[-77.12250297267643,38.90371955354368],[-77.1225184443566,38.903694631080754],[-77.12253196513305,38.90366607127752],[-77.12255258054702,38.90362252409499],[-77.12257878420763,38.9035671709935],[-77.12260635453646,38.90350893169763],[-77.12262813131566,38.90346163433849],[-77.12264120286375,38.903433244314556],[-77.12266997035005,38.90337076269016],[-77.12269436916782,38.90331776886724],[-77.12264387761476,38.903282400129605],[-77.12259216377178,38.90324617434993],[-77.12253485620222,38.90320602993349],[-77.12250014274396,38.9031836546529],[-77.12231522995855,38.903219702486695],[-77.12219146447553,38.90324383029709],[-77.12210153235627,38.90326136101162],[-77.1220314998674,38.90327501288964],[-77.12203051091268,38.903271611656805],[-77.12202725130956,38.90326041080436],[-77.12202180142828,38.90324168587782],[-77.12201543464207,38.903219811138456],[-77.12200926778031,38.903198620102714],[-77.12200042860542,38.90316824313745],[-77.12198741277699,38.903123524083945],[-77.12198156530535,38.9031034300564],[-77.12197767613324,38.903095503325105],[-77.12197329190465,38.90308773554857],[-77.12196841209234,38.90308015418084],[-77.12196307183147,38.903072759634014],[-77.1219572705948,38.90306557936211],[-77.12195097271973,38.90305864040711],[-77.12194428361191,38.90305194400537],[-77.12193713194604,38.90304554424074],[-77.12192965879038,38.903039415307646],[-77.12192175873939,38.903033555969564],[-77.12191350048103,38.903028049413116],[-77.12190492020534,38.903022841142125],[-77.12189598119468,38.90301801310665],[-77.12188678990945,38.903013511635045],[-77.12187727555175,38.903009363356915],[-77.12186754299955,38.903005596962835],[-77.12185759225258,38.903002212452755],[-77.12184742331084,38.902999209826596],[-77.12183707130929,38.90299658949654],[-77.12182656980043,38.90299443423713],[-77.12181595550173,38.902992662097994],[-77.1218052278855,38.90299130053339],[-77.12179445722185,38.9029903503675],[-77.12178357324038,38.90298981077608],[-77.12177271595388,38.90298971086196],[-77.1217618507546,38.902990022758765],[-77.12175104738499,38.902990774745085],[-77.12174027123734,38.902991938954585],[-77.12172959258174,38.902993516211716],[-77.12171901141801,38.90299550651645],[-77.12170859854385,38.90299788323916],[-77.12169835343144,38.90300067383399],[-77.12168827608075,38.903003878301035],[-77.12168374134448,38.90298874251625],[-77.12167176362289,38.90294876392661],[-77.1216686549248,38.90293782913855],[-77.12165340244665,38.902885271339095],[-77.12162310586807,38.902780516876796],[-77.12160170474746,38.90270651764515],[-77.1215833106047,38.902642918245746],[-77.12157300858067,38.90260729803388],[-77.12154983602427,38.90252719039244],[-77.1216915362891,38.902468440265984],[-77.1215926002825,38.90240227400072],[-77.12150764291162,38.90234545715566],[-77.12111547486235,38.902088219733066],[-77.12102737422218,38.9021009157841],[-77.12098181562527,38.90192706340424],[-77.12093570053916,38.901751093450635],[-77.12066426717523,38.9017945893258],[-77.1206512515754,38.90174226186956],[-77.12063800734236,38.90169816982675],[-77.12058229122606,38.901488817066635],[-77.12055603161532,38.90139239754164],[-77.12053627095602,38.90132351465971],[-77.12051315530279,38.901246354274456],[-77.12050985307069,38.901235331361804],[-77.12048694867352,38.90114718931412],[-77.12044412544957,38.900998400598525],[-77.12044077043798,38.9009901230972],[-77.12040140800893,38.90084412103354],[-77.12039485694821,38.90081930233128],[-77.12036849169837,38.90072840103016],[-77.12034878420681,38.90065677269072],[-77.12021034913576,38.90049589224097],[-77.12017691666864,38.90045703962662],[-77.12008571138084,38.900349441052136],[-77.1199982812084,38.90024621690178],[-77.11983680348074,38.90005212316226],[-77.11976286969734,38.89996812173354],[-77.11968050196407,38.8998745404688],[-77.1196682936855,38.89986066684404],[-77.11955148118871,38.8997219924531],[-77.11950340381271,38.89966376073329],[-77.11945186600595,38.89960274228939],[-77.11935565881174,38.89948902415873],[-77.11921487504169,38.89931712210635],[-77.11903285718597,38.899098038798755],[-77.11894182701405,38.89898848133345],[-77.1186300012714,38.89905046407952],[-77.11820220676825,38.899130010715695],[-77.11791622892066,38.8991810179916],[-77.11764124250651,38.899226936448784],[-77.11729665476975,38.89927395727144],[-77.11692542878167,38.89931736821799],[-77.11671487625252,38.899338504978694],[-77.11643463780555,38.89936513652209],[-77.11635435374723,38.8993735274508],[-77.11593711085406,38.89939772021515],[-77.11572231894279,38.899401779823016],[-77.11546320069544,38.899408337254805],[-77.11519710343094,38.89941234041113],[-77.11491313530748,38.89941368828222],[-77.11449482438903,38.899402164847906],[-77.11424419508576,38.89938767522108],[-77.11421859018226,38.899385176341035],[-77.11381994123475,38.89933818394823],[-77.1134247254554,38.899277225923335],[-77.11309286165795,38.89921124784716],[-77.11278651229453,38.89913759288265],[-77.11264826867189,38.89885688550596],[-77.11245384804255,38.89836355619274],[-77.1130043898441,38.89823321239059],[-77.11301057936495,38.89819616416821],[-77.11303154639403,38.89798414287983],[-77.11305904849516,38.89774309071591],[-77.11320796428926,38.89692927499979],[-77.11315308897244,38.89692857222565],[-77.11310917285596,38.89692992104454],[-77.11305452189843,38.89693397152284],[-77.11301109463658,38.896939115612625],[-77.1129466842188,38.89694994336815],[-77.11289388500057,38.89696181439151],[-77.11261009959946,38.897008715550356],[-77.11225529902082,38.89705724852834],[-77.11221965893914,38.89675613603073],[-77.11220022616496,38.89654363749297],[-77.11217592398835,38.89631765326848],[-77.1121746124226,38.89630552773177],[-77.11202586301594,38.89447680116854],[-77.11195372234788,38.89376629405341],[-77.1118888845893,38.89376892779925],[-77.1118349395769,38.89377111871905],[-77.11150332354688,38.89378449931701],[-77.11141234881588,38.89378817454934],[-77.1114112164558,38.8937649845586],[-77.11140144378177,38.89376519855564],[-77.11113104036524,38.89377125581092],[-77.11092029334736,38.89377595840492],[-77.11082165590982,38.89377817297387],[-77.11070958090068,38.89378068849046],[-77.11025187998429,38.893796253922915],[-77.11011474628337,38.89380105710478],[-77.109637599806,38.89381732370981],[-77.10906359702983,38.89382887163891],[-77.10874018271227,38.89383602566387],[-77.10856442329538,38.89383943588422],[-77.1083921769203,38.89384288746157],[-77.10820587882687,38.89384614483114],[-77.10777004593484,38.89385199156975],[-77.10768087152076,38.89385318806929],[-77.10768824355327,38.894699275133654],[-77.10768796847061,38.89487639172199],[-77.10771018070747,38.89541570342097],[-77.10771480850339,38.8954669445275],[-77.10772324523637,38.89552652383077],[-77.10773297669739,38.89557733113872],[-77.10774506837375,38.89562783689406],[-77.1077769551912,38.895699474654585],[-77.10779685697739,38.895738649427784],[-77.10781824390017,38.89577734751062],[-77.10784588999027,38.89582306725949],[-77.10787056870893,38.895860541164126],[-77.10790490180885,38.89589304929742],[-77.10794425171109,38.89593322341235],[-77.10798748356964,38.89598159926386],[-77.10803332094757,38.89603876585087],[-77.1080557399683,38.89605869318036],[-77.10808316514408,38.89608683557361],[-77.10811318569407,38.89612429033855],[-77.10813365744984,38.89615583780099],[-77.1082016994642,38.89628746549719],[-77.10826104401188,38.89641278404362],[-77.10833298415422,38.89657897558975],[-77.10839371873823,38.896730480307255],[-77.1084208526846,38.89680263822227],[-77.10851104111201,38.89707520780169],[-77.1082752252124,38.896964192644475],[-77.10806623317409,38.89690149567709],[-77.10788056914994,38.89684088718466],[-77.10778076381288,38.89681048644941],[-77.10767863992164,38.896776433370405],[-77.10757416224345,38.89674416468839],[-77.10742856646708,38.896708497661805],[-77.10714799672142,38.896643934432205],[-77.1070326583763,38.89661181108771],[-77.10688372920718,38.89657478746532],[-77.1068203832937,38.896559041079065],[-77.10633891530884,38.89643500280146],[-77.10574490682356,38.89627966746072],[-77.10527157579587,38.89617107172328],[-77.10484131867419,38.89606293073717],[-77.10479925862752,38.89605378113932],[-77.10474632540385,38.89604359618187],[-77.1046607769131,38.89603008551309],[-77.10452131083666,38.896010030267945],[-77.10435620944304,38.895989121071466],[-77.10421140968846,38.89597229733943],[-77.10417866983045,38.89596995861351],[-77.10414580321122,38.895968716790094],[-77.10411291468985,38.895968600575614],[-77.10408003939644,38.89596961038761],[-77.10404728325842,38.895971720024406],[-77.10400383202146,38.89597628383209],[-77.10397148236667,38.89598097956089],[-77.1039394275205,38.89598677720254],[-77.10390773881323,38.89599362268415],[-77.10387645030667,38.896001571331844],[-77.10382540552905,38.896017138844265],[-77.10367500200842,38.89605352112074],[-77.10347053156082,38.89610546209791],[-77.10332420449926,38.896149032110124],[-77.10313622939091,38.896201992451694],[-77.10291162610395,38.896259185142],[-77.10268509637652,38.89630701793633],[-77.10259120287242,38.89632504093629],[-77.10248614436964,38.89634257404554],[-77.10236979531209,38.89635884684756],[-77.10225280508415,38.89637195395327],[-77.1021460130174,38.89638106323274],[-77.10202375438345,38.89637960829642],[-77.10144274955714,38.896368847856415],[-77.10134395149377,38.89636805597664],[-77.10115253963735,38.896366490691804],[-77.10086071772568,38.89635669928515],[-77.10063541275555,38.89634165827439],[-77.10035025220306,38.896314644860546],[-77.1000662797616,38.89628077979478],[-77.09978468343321,38.896233212128955],[-77.09925437287646,38.89615477838774],[-77.09893484736993,38.896108280429715],[-77.09891048783503,38.89610473581663],[-77.09875458140291,38.89608482601851],[-77.0986872742347,38.896076232906665],[-77.09846343863056,38.8960507977221],[-77.09823847387011,38.89602740817009],[-77.09799653579124,38.89601485471597],[-77.09798628487938,38.896014347920605],[-77.09748811657886,38.89599055169515],[-77.09705355621779,38.895971906741636],[-77.09695797942723,38.89596634405452],[-77.09686257861978,38.89595897099971],[-77.09677801446045,38.895950903504925],[-77.09669365390525,38.89594141043619],[-77.0966096380224,38.895930466018804],[-77.09653633567146,38.89591973192605],[-77.09645293404668,38.89590613106798],[-77.0963802746406,38.89589307041816],[-77.09629762781654,38.89587681480108],[-77.09621549973339,38.89585919230021],[-77.09617844301059,38.895849412881],[-77.09614589441159,38.89583911065703],[-77.09611331015314,38.89582883545821],[-77.09608069023531,38.89581858728451],[-77.09604806925213,38.89580839400981],[-77.09601544774087,38.89579822818017],[-77.0959827905701,38.89578808937554],[-77.0959501328712,38.89577797801591],[-77.0959174389753,38.89576792113539],[-77.09588474455123,38.895757891699766],[-77.0958520144675,38.89574788928914],[-77.09581928385545,38.89573791432346],[-77.09578651704626,38.89572799383673],[-77.09575374970868,38.89571810079495],[-77.09572094671131,38.89570823477809],[-77.09568814318548,38.895698396206114],[-77.09564302998959,38.89568192978221],[-77.09561150069632,38.89566982720179],[-77.09558026106475,38.89565728870805],[-77.09554924029493,38.89564434091526],[-77.09551854324395,38.895631012537784],[-77.09548813531833,38.89561727570171],[-77.09545798084942,38.89560315744132],[-77.09542818576925,38.895588631562916],[-77.0953986792778,38.89557372468065],[-77.0953694965067,38.8955584372149],[-77.09534063745627,38.895542769165864],[-77.09531213725803,38.895526720953875],[-77.0952839607809,38.89551029215909],[-77.0952561426188,38.895493510655854],[-77.09522871790323,38.89547637686471],[-77.09520161637164,38.895458889945495],[-77.09517490882446,38.895441023284725],[-77.09514859418651,38.89542283179078],[-77.09512267245786,38.89540431546397],[-77.09509717930752,38.89538544727055],[-77.09505346683459,38.89535309774102],[-77.0950278672515,38.89533428317991],[-77.09500216013735,38.89531557716875],[-77.09497638169874,38.895296925219675],[-77.0949504962667,38.895278354366305],[-77.09492453951016,38.89525983757484],[-77.09489851089148,38.89524140229925],[-77.09487237527928,38.8952230481193],[-77.0948461683426,38.89520474800108],[-77.09483042619419,38.89519217500319],[-77.09482006448602,38.89518477401949],[-77.09480963144205,38.89517742710249],[-77.09479909139345,38.89517016128595],[-77.09478848000907,38.89516294953603],[-77.09477783242008,38.89515579227299],[-77.09476707782642,38.89514871611032],[-77.09475625189698,38.89514169401428],[-77.09474538922511,38.89513475385911],[-77.09473442008634,38.895127867350205],[-77.09472337907393,38.895121062361895],[-77.09471230185689,38.89511431186034],[-77.09470115276616,38.89510764287938],[-77.09468989667073,38.89510105499866],[-77.09467860437056,38.89509452160461],[-77.09466724073458,38.895088042277074],[-77.09465580468702,38.895081671924004],[-77.0946442973036,38.895075355637324],[-77.09463275371546,38.895069093837385],[-77.09462113771566,38.89506294101183],[-77.09460945091786,38.8950568147986],[-77.09459769170837,38.8950507975598],[-77.09458589629406,38.8950448348076],[-77.0945740290059,38.895038953575764],[-77.09456208984388,38.89503315386422],[-77.09455011393908,38.895027436093294],[-77.09453806669825,38.8950217723886],[-77.09452594758352,38.89501619020414],[-77.0945137917259,38.89501068996033],[-77.09450156453227,38.89500524378261],[-77.09448930005772,38.89499990699956],[-77.09447696424712,38.8949946242826],[-77.09446459169352,38.894989423506175],[-77.09445218239689,38.89498430467025],[-77.09443966895094,38.89498091459829],[-77.09442736596064,38.894973957178216],[-77.09441502962113,38.8949687019088],[-77.09440265707646,38.89496350112577],[-77.0943902494026,38.89495829992109],[-77.09437784065457,38.894953153623256],[-77.09436539570142,38.89494806181177],[-77.09435295075005,38.89494296999897],[-77.09434046959349,38.89493793267259],[-77.09432795276965,38.894932922378565],[-77.09431539974061,38.894927966570876],[-77.0943028461753,38.89492303821594],[-77.0942902920738,38.89491813731368],[-77.0942776671739,38.89491326302333],[-77.09426504119978,38.89490844363969],[-77.0942524146894,38.8949036517088],[-77.09423975251163,38.89489888681016],[-77.09422705412855,38.89489417639785],[-77.09421435520912,38.89488949343819],[-77.09420162062236,38.894884837510865],[-77.09418884983022,38.89488023606978],[-77.09417607903963,38.894875634627255],[-77.09416327150565,38.89487111512511],[-77.09415046397332,38.89486659562159],[-77.09413762023549,38.89486213060431],[-77.09412477596126,38.89485769303967],[-77.09411189548145,38.89485330996131],[-77.09409897933426,38.894848953915094],[-77.09408606265053,38.894844625321554],[-77.09407314489222,38.8948403516347],[-77.09406015687352,38.894836077105424],[-77.09404720237312,38.89483188535738],[-77.0940341776123,38.894827692766945],[-77.0940211869078,38.89482355550373],[-77.09400812486663,38.8948194723061],[-77.09399509795803,38.894815389527594],[-77.0939819997127,38.89481136081469],[-77.09396890093075,38.894807359554434],[-77.09395580107405,38.894803413200805],[-77.09394266554969,38.89479949387931],[-77.09392952895054,38.89479562946439],[-77.09391635722189,38.89479176462752],[-77.09390318388026,38.89478798215134],[-77.09388997540906,38.89478419925316],[-77.09387676586299,38.89478047126162],[-77.09386352064914,38.89477677030209],[-77.09385027436045,38.89477312424919],[-77.09383699240396,38.89476950522829],[-77.09382171713314,38.89476539551516],[-77.09379807878297,38.8947576981991],[-77.09378490653012,38.894753860801494],[-77.09377169807144,38.89475007788998],[-77.09375848799965,38.89474637733913],[-77.09374524226003,38.8947427038203],[-77.09373195977629,38.89473911224159],[-77.09371864108655,38.894735575148935],[-77.09370532078351,38.894732120416904],[-77.09369196427446,38.89472872017089],[-77.0936826562521,38.89472639472956],[-77.09367857155924,38.89472537441091],[-77.09366514263799,38.894722083136884],[-77.09365171264149,38.894718846769464],[-77.09363824590064,38.89471569234214],[-77.09362477808443,38.894712592821314],[-77.09361127352382,38.89470957524054],[-77.09359773329516,38.894706584691654],[-77.09358419145293,38.89470367650337],[-77.09357061340431,38.89470082280103],[-77.09355699861112,38.894698051038645],[-77.09354338274252,38.894695334182835],[-77.09352976579835,38.89469267223354],[-77.09351611264772,38.89469006477017],[-77.09350242275238,38.894687539246746],[-77.0934887317814,38.894685068629826],[-77.09347503919653,38.8946826803735],[-77.0934612752742,38.894680346182355],[-77.09344754540703,38.89467806731844],[-77.0934337793332,38.89467584294032],[-77.09342001164536,38.89467370092281],[-77.09340620775082,38.89467161339109],[-77.09339236764947,38.89466958034519],[-77.09337856106488,38.89466763008057],[-77.09336471827343,38.894665734301725],[-77.09335083927517,38.89466389300869],[-77.09333699379356,38.89466213449685],[-77.09332311210497,38.894660430470864],[-77.0933091936711,38.894658808384655],[-77.09329530983042,38.89465721417157],[-77.09328138870605,38.89465572935244],[-77.09326743191293,38.894654271564924],[-77.09325350863618,38.89465289655866],[-77.09323954915232,38.89465157603821],[-77.09322558805378,38.89465033787823],[-77.09321162587902,38.894649154624695],[-77.0931953434507,38.89464802596262],[-77.09316020367646,38.89464447460917],[-77.09312522071545,38.89464188624116],[-77.09309019508801,38.894639681798736],[-77.09305512517818,38.89463794364414],[-77.09302004719318,38.89463661728997],[-77.09298492600145,38.894635702315426],[-77.09294979565632,38.8946352540494],[-77.0929146572341,38.89463521758373],[-77.09287951019569,38.89463562037251],[-77.09284439020986,38.89463643538252],[-77.0928092967374,38.894637690067825],[-77.09277422977775,38.89463938442845],[-77.0927392244611,38.894641518885365],[-77.09270421106363,38.89464406514265],[-77.09266929497743,38.894647024463126],[-77.09263444053241,38.89465042387994],[-77.09212112410981,38.89470432873473],[-77.09207998525868,38.894709235077215],[-77.09166024877963,38.89475929947825],[-77.09125279928274,38.8948242457437],[-77.09085488472505,38.894890321027695],[-77.09062949320388,38.89493545315952],[-77.09038789856909,38.89498434473528],[-77.09026460355976,38.89501686121568],[-77.09014011189893,38.89504969273134],[-77.08991719727415,38.89510462918012],[-77.08888935984997,38.895365628276394],[-77.08888502261527,38.89536672951506],[-77.08887858292007,38.89536831179999],[-77.0879310070379,38.89560122895295],[-77.08702151524979,38.89582461301723],[-77.08652230307827,38.89594316798561],[-77.08628638685974,38.89594966553542],[-77.08598709091163,38.896033964271524],[-77.085598067491,38.89615999285789],[-77.08537219609167,38.89622729730894],[-77.08517770578892,38.89627136324244],[-77.08508290385095,38.89628532466082],[-77.08495726460268,38.89630739983623],[-77.08483047907652,38.896325232145955],[-77.08470286347892,38.89633882539589],[-77.08457459457394,38.896348126791985],[-77.08290299087422,38.89634774437297],[-77.082061586368,38.89636076751962],[-77.08211701882578,38.89677949598564],[-77.08205111766718,38.896781940856485],[-77.08192487101893,38.89679376269232],[-77.0818413426723,38.89680442503554],[-77.08176638391595,38.89681354315133],[-77.08166139801715,38.89683064667284],[-77.08155851998218,38.89684777555385],[-77.08144908339045,38.89687314568953],[-77.08132458116145,38.896903359055266],[-77.08122153787187,38.89692883365384],[-77.0811312850889,38.89695611029021],[-77.08104099911046,38.89698506155029],[-77.08093129763407,38.89702380129491],[-77.08081510261869,38.897067487767316],[-77.08070312584503,38.89711287272557],[-77.08058894014313,38.89716155361337],[-77.08046604725885,38.89721527802371],[-77.08040660021021,38.89724126501068],[-77.07992182840472,38.8974618178291],[-77.07952335997032,38.89763796510204],[-77.07933276104461,38.89772647219944],[-77.07924671821839,38.897766430171664],[-77.0789400987246,38.89790029866796],[-77.07883952391974,38.897942847197676],[-77.07855478237276,38.8980633108905],[-77.07813300464521,38.89821484139493],[-77.07767381601427,38.89836910286034],[-77.0773025880576,38.89847175853939],[-77.07706454944531,38.89852453792963],[-77.07677253082093,38.898595171267424],[-77.07632697371592,38.898682039699096],[-77.07599947306721,38.89873436427927],[-77.07588245943568,38.89874818637189],[-77.07567294716252,38.898772969490075],[-77.0753153217257,38.89880268385239],[-77.07509985722729,38.898814741309494],[-77.07479225952974,38.89883195534701],[-77.07433180024798,38.89883386468559],[-77.07403561359102,38.898831120962654],[-77.07363658860096,38.89881454575644],[-77.07357044581865,38.89881179806205],[-77.07232127831921,38.89874645250014],[-77.07230780216922,38.898745322448086],[-77.0721803159334,38.89873463373828],[-77.07076756588917,38.89861627517577],[-77.07076590167479,38.89861613478761],[-77.07074515248486,38.898614396031306],[-77.07061182401912,38.898598659016436],[-77.07053857742554,38.89858340583761],[-77.07045802326643,38.898568063684294],[-77.07035377305681,38.89854092710434],[-77.07020619374724,38.898501455004165],[-77.06997235754034,38.89842600282656],[-77.0699128121142,38.89840567107143],[-77.06984433726723,38.89838023274597],[-77.06729079157533,38.89738873670397],[-77.06729554212231,38.89741479984108],[-77.06729800595167,38.89742339760119],[-77.06730293635383,38.89744045585165],[-77.06730628177763,38.897448899600164],[-77.06730962884721,38.89745726098681],[-77.06731297756252,38.897465540011595],[-77.0675202156499,38.897998057069806],[-77.06752356057706,38.89800652826486],[-77.06752690769797,38.898014889644145],[-77.06753113696716,38.898023069556324],[-77.06753536733378,38.8980311945605],[-77.06754048094548,38.89803908318965],[-77.0675455972995,38.898046834548964],[-77.06755159580247,38.898054404440934],[-77.06755760033722,38.89806167233944],[-77.06756360103562,38.8980691324151],[-77.06756959680116,38.89807683957567],[-77.0675747120646,38.89808464584151],[-77.067579824588,38.898092589376674],[-77.06758409009669,38.898100714807356],[-77.06758828369678,38.89810892174281],[-77.06759250914097,38.89811729383001],[-77.06759581949797,38.89812573714045],[-77.06759831961665,38.89813428041325],[-77.06760078350703,38.89814287816542],[-77.06760324520513,38.89815158573322],[-77.06760640923888,38.898169116718385],[-77.06760851460038,38.898195669332324],[-77.06760833807589,38.89820450949372],[-77.0676072837874,38.89821331149127],[-77.06760518452928,38.898230448769695],[-77.06760432602528,38.89827344160369],[-77.06760574001707,38.898290621721515],[-77.06760644893195,38.89829911569164],[-77.06760715565414,38.898307719477465],[-77.06760874288278,38.89831622415742],[-77.06760944960543,38.8983248279432],[-77.0676110368347,38.89833333262309],[-77.06761262570899,38.898341754941235],[-77.06761509070465,38.898350297784845],[-77.06761667957979,38.89835872010291],[-77.06761914676932,38.898367153130664],[-77.06762161560408,38.89837550379665],[-77.06770704489767,38.89884886775166],[-77.06771038824203,38.89885742130128],[-77.06771197220598,38.898866090702136],[-77.06771267401282,38.89887494157125],[-77.06771249804767,38.89888375427735],[-77.06771144266561,38.89889261118218],[-77.0677095128,38.8989012652004],[-77.06770670680594,38.89890979869377],[-77.0677021507478,38.8989179813218],[-77.06769672294602,38.89892582379347],[-77.06769042394848,38.89893329865473],[-77.06768413372066,38.898940334253076],[-77.06767609836136,38.8989467719001],[-77.06766719728793,38.89895256739718],[-77.06765830772525,38.89895778636144],[-77.06764855354506,38.89896230826765],[-77.06763793529562,38.89896610566162],[-77.06762733349142,38.89896907943729],[-77.06761674484349,38.89897139431816],[-77.06760872921056,38.898976843619714],[-77.06759982977262,38.89898255674992],[-77.0675926798496,38.898988648200294],[-77.06758552444307,38.89899501418931],[-77.06757832951656,38.89900159938082],[-77.06757119937217,38.89900845996778],[-77.06756582038798,38.89901561651385],[-77.06755948952545,38.89902292621604],[-77.06755494550464,38.899030504852064],[-77.06754951987118,38.89903823750105],[-77.06754584868823,38.899046101386126],[-77.06754217476328,38.89905410254058],[-77.06753849699977,38.899062295872326],[-77.06753569536502,38.899070609730025],[-77.0675337709559,38.89907898920588],[-77.06753184490157,38.89908745104343],[-77.06753079662147,38.89909595104529],[-77.06752971211165,38.89910450552654],[-77.06752954050945,38.899113098600516],[-77.06754938178555,38.89917537403354],[-77.06754180139897,38.89928572811138],[-77.06753661426403,38.89932551018165],[-77.06753655380727,38.8993654920698],[-77.06754169852715,38.89940526282403],[-77.06755202207108,38.899444382752655],[-77.06757597604192,38.89949956857029],[-77.06763813650767,38.89956494129803],[-77.06767817012945,38.89960329758637],[-77.06774663776075,38.89966959843328],[-77.06780791141658,38.8996790779507],[-77.06787742450805,38.899693024118356],[-77.06796628923904,38.89971810800449],[-77.06802717981134,38.899745020210844],[-77.06807118088491,38.89977828959227],[-77.06810902152914,38.899842020040296],[-77.06814076139048,38.89992970412667],[-77.06839508566947,38.90019897923187],[-77.06877514429145,38.90046327752406],[-77.0688518803287,38.900536214044564],[-77.06896314339488,38.90055720379267],[-77.06912192403415,38.90057440599584],[-77.06929309115284,38.90063835943789],[-77.06967363677965,38.90082211879349],[-77.07029946299595,38.90107364176511],[-77.0705769771521,38.901169149072494],[-77.07077397324733,38.901187418147806],[-77.07097796900699,38.90117891560632],[-77.07104570798428,38.90113031058072],[-77.07131627442797,38.901133601422615],[-77.07155529456058,38.90113101594225],[-77.0716368328562,38.90109356259918],[-77.07219600872013,38.901072899677715],[-77.07307830699258,38.901061651508],[-77.07372923238356,38.9013771144485],[-77.07391287745679,38.9013298874974],[-77.07390756228043,38.90142047025028],[-77.0741002891842,38.9014502702538],[-77.07438565881742,38.90141254286711],[-77.07454379649805,38.90143406866377],[-77.07542661403959,38.901554235267085],[-77.07549888856967,38.90162925514849],[-77.07683360803618,38.90201886808482],[-77.07689159351884,38.90210744423718],[-77.08086195844169,38.902328631522096],[-77.08186582584031,38.90238453473768],[-77.08190144840806,38.90236027775867],[-77.08194031411658,38.90234973524907],[-77.08203468907801,38.902375588864],[-77.08216447006775,38.90238813947242],[-77.08228019725345,38.90240052033542],[-77.08241003258927,38.902410325276946],[-77.08248079014598,38.90238646463158],[-77.082637479076,38.90228400528159],[-77.0826803106424,38.90224882338441],[-77.08282079460984,38.90225326424644],[-77.08281338800175,38.90227239724857],[-77.08278419547904,38.902326966084615],[-77.08280505926207,38.90233820198005],[-77.08288532643653,38.90236663076665],[-77.08300402482111,38.90240650725792],[-77.0830807786863,38.90243489353134],[-77.08314374989837,38.90244938327602],[-77.08322461436946,38.90244758502078],[-77.08334774832093,38.9024408318049],[-77.08344239500215,38.90245295730829],[-77.08349493433715,38.90246182897418],[-77.08367309112765,38.902516151948326],[-77.08381638449372,38.902556324128156],[-77.0838898421744,38.902573685932495],[-77.08396637977464,38.90261305321082],[-77.084072054962,38.90260059669095],[-77.08420172833605,38.90261863584066],[-77.08425104440322,38.902610992023476],[-77.0842936747127,38.90258953736975],[-77.08435351211838,38.90258476635031],[-77.08446561816686,38.902602593513976],[-77.08458453452025,38.902631486820304],[-77.08462303926407,38.902637442833445],[-77.08474610020697,38.90263617936861],[-77.08487263948616,38.90263495767489],[-77.08493150198109,38.90267960349974],[-77.08496426064917,38.902622331058986],[-77.08508409734402,38.902604579570415],[-77.08517496083991,38.90263036089018],[-77.08520922917656,38.902674710374356],[-77.08534257888698,38.90268455438745],[-77.08553187359894,38.902708802102325],[-77.08563652009533,38.90274850671569],[-77.08586419275464,38.902786946176505],[-77.08610181082682,38.90285571142271],[-77.0862168359817,38.90290377856739],[-77.0863287265581,38.90293258553987],[-77.0868291550224,38.90304018269841],[-77.08694034186914,38.90310473415878],[-77.0869038552506,38.903172919015674],[-77.0869176393728,38.903186787596375],[-77.0869985575818,38.90318229625477],[-77.08708634108912,38.90318609810928],[-77.08719207065437,38.90317089338767],[-77.0874346645688,38.90316557245872],[-77.08757120463417,38.90319192857194],[-77.0877246636653,38.90325144048687],[-77.08785390673185,38.903291438782205],[-77.08796206887473,38.90333118355212],[-77.08812947450555,38.90339635465345],[-77.08829012357361,38.90344771408541],[-77.08831785348242,38.903467269633104],[-77.08840844854669,38.90350680288822],[-77.08858607142811,38.90358857237324],[-77.08865563965587,38.90362510676424],[-77.08874969461739,38.90366742736223],[-77.08886721015334,38.90376769666364],[-77.09152739953042,38.90502982066908],[-77.09153166978147,38.90503786285351],[-77.09153587515259,38.90504562965546],[-77.09154099567736,38.90505332504752],[-77.09154612105516,38.90506077335352],[-77.09155212968557,38.905067985104324],[-77.09155902049056,38.905075015207736],[-77.09156503828808,38.905081760240165],[-77.09157281719924,38.905088306701884],[-77.09157972310275,38.90509456809264],[-77.09158839281568,38.90510049364238],[-77.09159618898168,38.905106161575155],[-77.09160487001809,38.90511151059018],[-77.09161355806377,38.90511650270277],[-77.09162316611588,38.905121176318474],[-77.09163271090512,38.905125492189235],[-77.09164229730031,38.90512947903269],[-77.09165189232161,38.9051330266117],[-77.09166237275213,38.90513622781819],[-77.09167285965219,38.905139099576026],[-77.09168335517796,38.905141532069166],[-77.09170435216107,38.90514609505901],[-77.09172533944424,38.9051511522167],[-77.09173495172153,38.905153821261514],[-77.0917454402442,38.905156610650884],[-77.09175592553352,38.90515956476323],[-77.09176553188388,38.90516253579936],[-77.09177597880482,38.9051656542126],[-77.09178557868867,38.905168954694815],[-77.09179605697433,38.90517226570527],[-77.09180565416499,38.90517570345578],[-77.09181524920055,38.905179251021366],[-77.09182484262006,38.90518288094815],[-77.0918353101297,38.90518674103468],[-77.09184486410324,38.90519059017051],[-77.091854485655,38.9051945774177],[-77.09186319259256,38.905198608622406],[-77.09187277631544,38.9052027327169],[-77.09188235572762,38.9052070764424],[-77.09332854937517,38.905834022962395],[-77.09333900090807,38.90583870653384],[-77.09334946967174,38.90584251157684],[-77.09336083353679,38.90584547606281],[-77.09337221570873,38.905847507112284],[-77.09338361564872,38.90584863217924],[-77.09339591338099,38.90584877941879],[-77.09340735208613,38.90584792779672],[-77.09341880855798,38.90584617019213],[-77.09343028333443,38.90584347915098],[-77.09343400331537,38.90583479127239],[-77.09344113543312,38.90582773695021],[-77.09345176194593,38.905823497967205],[-77.09346319849287,38.905822756155615],[-77.09347456720482,38.90582547354478],[-77.09348323716262,38.905831398953616],[-77.09348922720953,38.90583957149328],[-77.09348992580485,38.90584875163992],[-77.09348620529157,38.905857466974254],[-77.09347907371368,38.9058644938451],[-77.09346844881155,38.905868650468584],[-77.09346562515125,38.90587822781284],[-77.09346367451636,38.90588809021345],[-77.09346348070105,38.90589797364707],[-77.09346592480811,38.905907751360466],[-77.09346925324827,38.905917237596505],[-77.09347434712406,38.90592630560162],[-77.09348121128144,38.905934708289855],[-77.09363701044596,38.90605465326485],[-77.09405753379875,38.90629584613689],[-77.09673642292812,38.90776523762747],[-77.09687752078658,38.90784262771442],[-77.09688176042711,38.90785047710097],[-77.09688687957731,38.907858282070364],[-77.09689200248818,38.9078658948616],[-77.09689712754843,38.907873397836674],[-77.09690225529513,38.907880763541584],[-77.09690826523735,38.90788794755919],[-77.09691427625489,38.90789507666849],[-77.09692117107942,38.907901941728355],[-77.09692806805354,38.907908696971845],[-77.09693496771425,38.90791531494499],[-77.09694187274684,38.907921658377916],[-77.09694965782727,38.907927929938964],[-77.09695744774251,38.907933954413615],[-77.09696524141845,38.90793978670981],[-77.09698259531234,38.907950978109554],[-77.09699127065021,38.90795665617037],[-77.09699903080501,38.90796240568279],[-77.09700773752377,38.90796827633989],[-77.0970155295964,38.90797419099467],[-77.09702331952222,38.907980215464875],[-77.09703110783828,38.907986322296566],[-77.09703977351784,38.90799249452543],[-77.09704755861449,38.90799876607987],[-77.09705446527613,38.90800502714407],[-77.09707002849497,38.908017927152194],[-77.09707693032732,38.90802443530092],[-77.09708474358705,38.90803106417419],[-77.09709160759957,38.90803770917234],[-77.0971053999963,38.90805130200041],[-77.09720541932641,38.90814860766114],[-77.09724009215807,38.90817098996626],[-77.09724613729598,38.908178174385554],[-77.09725302949478,38.90818517669534],[-77.09725904701479,38.908191976338664],[-77.09726682517208,38.908198604780054],[-77.09727376539882,38.90820494861248],[-77.09728151862306,38.908211055007705],[-77.09729019079447,38.908216897769904],[-77.09729798936054,38.908222482957804],[-77.09730667173618,38.90822780409319],[-77.0973162368477,38.908232916083755],[-77.0973249305012,38.90823766068414],[-77.09733450742739,38.90824216868558],[-77.09734409026076,38.908246374692425],[-77.09735278069631,38.90825128401459],[-77.09736234635115,38.908256368547434],[-77.09737102819878,38.90826171713193],[-77.09737882677601,38.90826730231442],[-77.09738750057282,38.9082730627075],[-77.09739529217299,38.90827900479063],[-77.09740307947939,38.90828516650511],[-77.09741086088141,38.90829163021288],[-77.0974177276334,38.908298137921584],[-77.09742465929313,38.90830492100871],[-77.09743155420588,38.90831178603792],[-77.09743756584784,38.90831888766566],[-77.09744534618287,38.908325406279054],[-77.09746091276271,38.908338141510455],[-77.09746869793369,38.90834441303643],[-77.09747648686407,38.90835049238395],[-77.09748515369968,38.90835660967146],[-77.09749382375784,38.90836256223442],[-77.09750161752397,38.90836839449441],[-77.09751029134286,38.90837415487828],[-77.09751896677368,38.9083798328995],[-77.09753632408143,38.908390859492265],[-77.09754588493641,38.9083961910958],[-77.09755456842514,38.90840145730461],[-77.09756413196702,38.908406651636774],[-77.09757282082657,38.90841164330442],[-77.09758238866564,38.90841661800317],[-77.09759195865331,38.908421482885224],[-77.097601566464,38.90842621091598],[-77.09761110668468,38.90843080083718],[-77.0976207024428,38.90843434792568],[-77.09763029659143,38.90843797737534],[-77.09764076757249,38.90844169967147],[-77.0976503563552,38.90844560365931],[-77.09765990946448,38.90844953468097],[-77.09766864957717,38.908453703141376],[-77.09767823192163,38.90845793657475],[-77.09768784779453,38.908462252788645],[-77.09769651280406,38.908466667494025],[-77.09770605357294,38.90847122995349],[-77.09771478617618,38.90847578276622],[-77.09772435618073,38.90848064763743],[-77.09773304881773,38.908485447115225],[-77.09774173930886,38.908490356408315],[-77.09775042604389,38.90849545787866],[-77.09775911170667,38.90850061425628],[-77.09776691678105,38.90850586996486],[-77.09778427791464,38.908516704342674],[-77.09779987519012,38.90852787465148],[-77.09780767060926,38.90853362452898],[-77.09781546388277,38.90853948422197],[-77.09782325608407,38.908545398822284],[-77.09783104613976,38.90855142323802],[-77.0978388345866,38.908557530015266],[-77.0978457413711,38.908563791032044],[-77.09785352660023,38.908570062532135],[-77.0978604317771,38.90857640591],[-77.09786733534504,38.90858283164934],[-77.09787423730411,38.90858933975025],[-77.0978811371176,38.90859595766666],[-77.09788715795182,38.90860259255318],[-77.09789405401087,38.90860940264673],[-77.09790007055383,38.90861625716443],[-77.09790696393196,38.908623204527096],[-77.09791297886723,38.90863014140606],[-77.09791899058354,38.908637243008606],[-77.09792412331998,38.90864436158164],[-77.09793013342852,38.9086515455455],[-77.09793503674926,38.90866860204059],[-77.09793754460568,38.90867695246607],[-77.09794086277863,38.90868520272004],[-77.09794513181966,38.90869335447965],[-77.09794937001726,38.908701286187835],[-77.09795448827101,38.90870914601694],[-77.09795961135596,38.90871675875995],[-77.0979656177174,38.90872413489975],[-77.09797250628219,38.90873132934423],[-77.0979785190862,38.90873837603561],[-77.09798541785031,38.90874504885361],[-77.0979931977447,38.908751594884],[-77.09800098515376,38.90875775655809],[-77.09800965691323,38.908763626720386],[-77.09801745344811,38.90876932167567],[-77.09802701653591,38.90877454342361],[-77.09803570547223,38.90877953505655],[-77.09804527929559,38.90878420772331],[-77.09805486009651,38.908788523487544],[-77.09806444894814,38.908792427441234],[-77.09807492161337,38.90879606733639],[-77.09808540608547,38.908799103243005],[-77.0980958819725,38.90880257841241],[-77.09810638494903,38.90880646580989],[-77.09811680852859,38.908810819085595],[-77.09812638289799,38.90881546429173],[-77.09813595029271,38.90882046639888],[-77.09814463065652,38.90882589728743],[-77.09815418302905,38.90883166810458],[-77.09816197153381,38.90883777485989],[-77.0981705985195,38.90884413876267],[-77.09817753191295,38.90885083944245],[-77.09818530217771,38.90885787963162],[-77.09819131072054,38.90886514594371],[-77.09819819234589,38.90887269727647],[-77.09820331385862,38.908880392370456],[-77.09820843000665,38.90888836200404],[-77.09821354132657,38.90889657872327],[-77.09821953270497,38.90890472356131],[-77.09822552945053,38.90891259385916],[-77.09823241108403,38.9089201451898],[-77.09824017814226,38.90892735009911],[-77.09824883169851,38.90893415367892],[-77.09825749223174,38.908940600356296],[-77.09826616081493,38.90894663522331],[-77.09827571643265,38.90895224130652],[-77.09829130368487,38.90896393317451],[-77.09829821752315,38.90896983726225],[-77.09830600927448,38.908975779283935],[-77.09831376481604,38.9089817757938],[-77.09832071004007,38.908987872477276],[-77.09832849857598,38.90899397922131],[-77.098335409201,38.90900004803074],[-77.09834231768104,38.90900622665566],[-77.09835010461121,38.90901241576017],[-77.09836391782177,38.90902496518573],[-77.0983777288911,38.90903762442553],[-77.09839843879783,38.9090569564569],[-77.09840530571266,38.90906346410663],[-77.09841136284565,38.90907004447668],[-77.09842516373851,38.909083225336445],[-77.09843118305444,38.90908994255614],[-77.0984380818945,38.90909661534698],[-77.09845613663384,38.909116931727134],[-77.09846303225989,38.90912376924034],[-77.09846904890036,38.90913062372795],[-77.0984810789659,38.909144497426226],[-77.09848621394035,38.909151506157784],[-77.0984982402574,38.90916557203204],[-77.09850425207652,38.909172673603656],[-77.09850938544584,38.9091797646961],[-77.09851539726724,38.90918686626713],[-77.09852052849281,38.909194067175015],[-77.09882660641033,38.909538226569424],[-77.09886085134958,38.909582571572635],[-77.09887137915321,38.90958519601784],[-77.09888185894742,38.90958847893855],[-77.09889144795099,38.90959238282398],[-77.09890190575796,38.90959679135613],[-77.09891059485479,38.90960178292329],[-77.09891927215388,38.90960737847738],[-77.09892706241696,38.909613402818835],[-77.09893484249147,38.90961994878536],[-77.09894173821151,38.90962678626955],[-77.09894774528647,38.90963413490348],[-77.09895290368114,38.90964174802037],[-77.09895710637169,38.90964970672524],[-77.09896133937471,38.90965791293479],[-77.0989691012231,38.90966539233436],[-77.09897597335382,38.909673437791625],[-77.09898195469414,38.9096821042147],[-77.09898704953426,38.90969117197197],[-77.09898950203159,38.90970056520507],[-77.0989919859138,38.90971015103493],[-77.09899263724193,38.90971998961611],[-77.0989916046126,38.90972967081496],[-77.09899487576226,38.909740336987134],[-77.09900345573737,38.9097491167775],[-77.0990156922216,38.9097542330181],[-77.09902973897087,38.90975483988154],[-77.09903930172746,38.90976008899977],[-77.09904886555799,38.9097652832092],[-77.09905843153497,38.90977036760193],[-77.0990679991221,38.90977536963194],[-77.0990775683193,38.909780289299235],[-77.09908801758506,38.90978513707829],[-77.0990975883937,38.90978997438199],[-77.09910716295734,38.90979461950706],[-77.09911761544467,38.90979930255957],[-77.09912719322826,38.909803782959116],[-77.09913764893561,38.909808301285956],[-77.09914277758696,38.9098156394354],[-77.09914878416208,38.90982301551263],[-77.09915391388807,38.909830298753626],[-77.09916593776876,38.909844501826925],[-77.09917195292822,38.90985143863926],[-77.09917884654823,38.909858385925055],[-77.0991848649274,38.909865158012785],[-77.09919176176726,38.90987194057397],[-77.09919866236191,38.90987853095681],[-77.09920556403023,38.9098850664313],[-77.09921246784464,38.909891492089436],[-77.09922025333739,38.9098977634968],[-77.0992271955099,38.90990402484914],[-77.09923494962031,38.90991010365874],[-77.0992427399428,38.909916127978775],[-77.09925053187516,38.90992206993637],[-77.09925832756213,38.909927819715485],[-77.09930341770809,38.909958563692456],[-77.09930943449892,38.90996541813557],[-77.09931633189638,38.90997217323529],[-77.09932235190655,38.90997886295381],[-77.09933615260552,38.90999207115741],[-77.09934217637232,38.90999856869709],[-77.09934907752913,38.910005131616906],[-77.0993559819041,38.910011529812444],[-77.09936288735258,38.910017873099605],[-77.09937070801062,38.910024144915695],[-77.09937757993167,38.91003040542116],[-77.09938536706233,38.9100365944554],[-77.09939227734107,38.91004269065497],[-77.09940006822733,38.9100486875104],[-77.09940698172528,38.91005461898519],[-77.09941477422242,38.910060533477726],[-77.09942253265461,38.91006639264281],[-77.09943815922726,38.91007789259625],[-77.09944683662509,38.91008348811069],[-77.09945463556204,38.91008907315274],[-77.09946247124697,38.91009457625117],[-77.09947111672695,38.91010000662104],[-77.09947892049249,38.91010534457561],[-77.09949628870501,38.91011584924825],[-77.09950409729903,38.9101209401153],[-77.09951278542907,38.910125986545175],[-77.09952147463252,38.91013097806649],[-77.09953885947603,38.91014063165939],[-77.09954846710923,38.910145386982805],[-77.09955712653978,38.91015010354282],[-77.0995658237903,38.91015468325109],[-77.09957540164937,38.91015916361367],[-77.09958410051037,38.91016366095864],[-77.09959368212418,38.91016794914189],[-77.09960238581192,38.910172199399675],[-77.09961196850011,38.910176432673445],[-77.09962155976622,38.91018022668274],[-77.09963114728103,38.910184212869076],[-77.09964073158064,38.910188363778516],[-77.09965030944888,38.91019284413499],[-77.09965988517415,38.910197434306575],[-77.09966857814872,38.91020223363904],[-77.09967814529998,38.9102072630728],[-77.09968683130862,38.91021241930558],[-77.09969551195827,38.91021785007758],[-77.09970331092917,38.91022343510293],[-77.09971198514921,38.910229195321456],[-77.09971977769047,38.910235109793454],[-77.09972756755299,38.910241161534785],[-77.09973447520046,38.91024739498382],[-77.09974225756146,38.9102538310799],[-77.09974915770742,38.91026044888375],[-77.09975605678267,38.91026712159517],[-77.0997629504992,38.91027406884594],[-77.09976896360844,38.91028111544287],[-77.09977497564688,38.91028821694734],[-77.09978187794314,38.91029472493334],[-77.09978878345657,38.91030106819498],[-77.09979653229759,38.91030742150669],[-77.0998034745601,38.91031368282429],[-77.09981905217369,38.91032589611104],[-77.09982684473428,38.91033181057577],[-77.09983463836812,38.91033767013201],[-77.09984239900842,38.91034341945307],[-77.09985023153517,38.910349087249166],[-77.09985890899799,38.910354682732766],[-77.09986670960436,38.9103601853851],[-77.0998753918934,38.91036553378166],[-77.09988407632753,38.91037077236166],[-77.09989276237077,38.91037592857907],[-77.09990144948715,38.910381029887816],[-77.09991014035637,38.91038593901812],[-77.10002757532118,38.91049168777668],[-77.10003533254792,38.91049941418998],[-77.10004219791153,38.91050781648486],[-77.10004817462728,38.910516729937626],[-77.10005238261954,38.91052622644307],[-77.10005482885428,38.91053594909962],[-77.10005906578643,38.9105439630899],[-77.10006418225927,38.91055193263921],[-77.10006930087684,38.910559792372396],[-77.10007442271079,38.91056748738149],[-77.1000804262294,38.91057502813352],[-77.10008643189279,38.91058245906934],[-77.10009244077267,38.910589725280914],[-77.10009933026583,38.91059689214318],[-77.10012690539982,38.910624681060895],[-77.10013114073767,38.91063277741032],[-77.10013714051672,38.91064051033715],[-77.10014314779903,38.91064785890803],[-77.10015004319722,38.91065472377346],[-77.10015870571661,38.910661087945904],[-77.10016649941332,38.910666947479605],[-77.10017606398225,38.91067211414211],[-77.10018564194851,38.91067659445434],[-77.10019611124567,38.91068042633649],[-77.10020659769049,38.9106833796904],[-77.10021620084405,38.91068656966312],[-77.10022579703278,38.910690116536756],[-77.10023538947168,38.91069385558748],[-77.10024497762508,38.91069781426925],[-77.10025459609598,38.91070202045466],[-77.10026326153405,38.91070643496817],[-77.1002728341523,38.910711189813036],[-77.10028152508696,38.910716098915415],[-77.10029021280798,38.91072117274105],[-77.1002980167021,38.910726510640366],[-77.10030665910665,38.91073210567171],[-77.10031449010519,38.91073785579823],[-77.10032228060821,38.91074388004539],[-77.10032919103475,38.91074997618874],[-77.10033609664039,38.91075631941749],[-77.10034299903263,38.910762827369695],[-77.10034989767566,38.91076952749932],[-77.10035591463452,38.91077638188742],[-77.1003619283799,38.910783400999044],[-77.10036793891182,38.91079058483426],[-77.1003730688308,38.91079786802015],[-77.10044914208748,38.910861933056644],[-77.10051137420375,38.9109148490305],[-77.10052006517938,38.91091975811497],[-77.1005296670892,38.910924815350995],[-77.10053831757139,38.91092999855536],[-77.10054699997946,38.910935346901496],[-77.10055568078175,38.9109407776089],[-77.10056435997825,38.91094629067762],[-77.10057215748894,38.91095195800615],[-77.1005808302598,38.91095780052136],[-77.10058862241617,38.910963742388574],[-77.10059641350247,38.91096973916324],[-77.10060420244734,38.91097584575328],[-77.10061198817947,38.91098211706665],[-77.10061977230596,38.91098847074144],[-77.10062667474625,38.91099497867659],[-77.10063445512573,38.91100152452821],[-77.10064135435464,38.911008197186376],[-77.10064825144212,38.911014979659996],[-77.10065514531696,38.91102192685709],[-77.10066116071918,38.91102886359102],[-77.10066805298965,38.91103589314926],[-77.10067406303774,38.911043104422305],[-77.10094439812008,38.91123854629878],[-77.10098235488954,38.911274696731425],[-77.10111779084662,38.91135869039902],[-77.10112647227886,38.91136409360971],[-77.10113603968729,38.91136912292318],[-77.10114561298731,38.91137385024218],[-77.1011551943207,38.91137816575069],[-77.10116566216563,38.91138207990768],[-77.10117613697274,38.91138563716204],[-77.10118662034827,38.911388755151805],[-77.1011970766174,38.911391460912604],[-77.10120761173289,38.9113937282455],[-77.10121899822016,38.911395593807995],[-77.10123036650289,38.91139839280465],[-77.1012417197942,38.911401960511625],[-77.10125306184248,38.911406104751045],[-77.10126263301343,38.91141094187635],[-77.10127307088504,38.91141639344657],[-77.10128261850004,38.91142243854525],[-77.10129127800012,38.91142896735679],[-77.10129904724354,38.911436089697254],[-77.10130592944274,38.911443640842904],[-77.1013128030768,38.9114516312518],[-77.10131969063303,38.911458907856876],[-77.10132570292373,38.91146600927986],[-77.10133347699325,38.91147288453216],[-77.1013403757971,38.911479584602404],[-77.10134815843588,38.91148602059004],[-77.10135682276818,38.91149230231084],[-77.10136461504689,38.911498244125745],[-77.10137328955452,38.911504004219715],[-77.10138284896816,38.91150944532261],[-77.10139153365088,38.911514683789626],[-77.10140110323951,38.911519603265454],[-77.10141067764785,38.91152427565467],[-77.10142025901726,38.91152859114138],[-77.1014307236864,38.9115326699985],[-77.10144031362401,38.91153654621993],[-77.10144990142118,38.91154053225648],[-77.10145860913298,38.911544590197366],[-77.10146819586154,38.9115486311404],[-77.10147778044977,38.91155278189856],[-77.1014864865586,38.911556922199324],[-77.10150565252849,38.91156538843568],[-77.10151435542842,38.91156969345825],[-77.10152393681015,38.911574008936476],[-77.10154133886805,38.911582811156094],[-77.10155091704122,38.91158729135599],[-77.10156831268186,38.91159642301935],[-77.1015778519721,38.91160109497662],[-77.10158658359623,38.9116057298598],[-77.10160397228695,38.91161521841953],[-77.1016213577705,38.911624871700546],[-77.101638740047,38.91163468970285],[-77.10165611911653,38.91164467242643],[-77.10166389342629,38.91164973527575],[-77.1016726164975,38.911654809416135],[-77.10168130228953,38.911659992953545],[-77.1016891101362,38.91166513858133],[-77.10169782946414,38.911670404897635],[-77.10170647744434,38.91167572528489],[-77.10171428315348,38.91168098072687],[-77.1017220861875,38.911686373438236],[-77.10173076716964,38.911691804057796],[-77.10173856967081,38.91169722422198],[-77.10174637056741,38.91170272674762],[-77.10175504994766,38.91170823972728],[-77.10177064853553,38.91171940949967],[-77.1017940416094,38.91173641124012],[-77.10180187123107,38.911742243627934],[-77.10180963164588,38.911748020270885],[-77.10181742666602,38.91175382478549],[-77.10182433999303,38.9117597835694],[-77.10183992522256,38.91177163968191],[-77.10184683801793,38.91177762591846],[-77.10185462876262,38.911783650062375],[-77.10186153941957,38.91178974611395],[-77.10186932909643,38.91179582516485],[-77.10187623815018,38.91180200357748],[-77.10188402568882,38.91180819244326],[-77.10189093474504,38.91181437085502],[-77.10190474964993,38.91182689240113],[-77.10191856134853,38.91183957866944],[-77.10193930869316,38.91185888302668],[-77.1019461761976,38.911865390464726],[-77.101952199823,38.91187191532135],[-77.10196600137051,38.91188512320952],[-77.10197202392902,38.91189170297309],[-77.10197895797216,38.91189840342322],[-77.10198497892753,38.911905065548034],[-77.10199092746458,38.91191183665219],[-77.10199785990602,38.91191861946312],[-77.10200387872422,38.9119253914028],[-77.10200989593811,38.911932245704115],[-77.10207899748431,38.91199348064725],[-77.10221741495941,38.91210496881749],[-77.10228268186839,38.9121826342201],[-77.10233064664794,38.912246363592466],[-77.10245873710886,38.912346744476935],[-77.1024674134119,38.912352422126915],[-77.1024769815812,38.91235742387599],[-77.10248744429147,38.91236161245401],[-77.10249792358691,38.91236494995781],[-77.10250929849275,38.91236741938227],[-77.1025206921229,38.91236892791648],[-77.10253210233707,38.91236958537624],[-77.10254261587252,38.91237116582148],[-77.10255308249998,38.91237334983532],[-77.10256360442904,38.912376303395504],[-77.10257319935509,38.91237993243783],[-77.10258278251357,38.91238416546686],[-77.10259235229991,38.91238908484454],[-77.10260015440711,38.912394532404555],[-77.10260882644775,38.91240042967582],[-77.10261572866948,38.912406964945696],[-77.10262174437747,38.91241390157674],[-77.10262775366763,38.91242116765523],[-77.10263291104862,38.91242886296697],[-77.10263623581935,38.912436811086444],[-77.10263959091623,38.91244500670954],[-77.1026665793521,38.91250299439263],[-77.10267081348283,38.9125111730085],[-77.10267593038624,38.912519142440004],[-77.10268193434175,38.91252668305526],[-77.1026879468568,38.912533784406584],[-77.10269569084693,38.91254041206313],[-77.10270351742041,38.9125464091135],[-77.1027130754692,38.912551932468624],[-77.10272176839855,38.9125567590262],[-77.10273223008244,38.91256100249018],[-77.10274270674404,38.91256447724185],[-77.10275319838303,38.91256718328121],[-77.10277057783362,38.91257716583754],[-77.10277838746289,38.912582229029745],[-77.10278707558658,38.912587302668285],[-77.10279576157211,38.912592486122065],[-77.10280356960024,38.91259763167453],[-77.10281225398366,38.912602897489016],[-77.10282006201412,38.91260804304035],[-77.10282874479547,38.912613391215544],[-77.10283655122375,38.912618619127706],[-77.1028443539093,38.91262403921719],[-77.10285303722924,38.91262935993658],[-77.10286864260637,38.912640200112776],[-77.10287732165149,38.912645740462175],[-77.10288512327344,38.91265121545685],[-77.10290852172868,38.91266796988548],[-77.10293188024185,38.91268497097733],[-77.10293971166404,38.91269072092595],[-77.10294662891818,38.91269648746452],[-77.1029700124285,38.912714010592055],[-77.10297692701337,38.912719914398735],[-77.1029847195597,38.91272585610431],[-77.10299163200781,38.91273186972598],[-77.10299942348708,38.912737866338524],[-77.1030063359376,38.9127438799593],[-77.1030141258151,38.91274995893281],[-77.10302794751345,38.91276215089607],[-77.10303573525572,38.912768339683964],[-77.1030495542875,38.91278066891454],[-77.10307027722924,38.912799451024],[-77.10308408878653,38.91281216460605],[-77.10310480212111,38.91283144088085],[-77.10311082593304,38.91283796567645],[-77.10311773038156,38.91284439110017],[-77.10312463108818,38.91285100870133],[-77.10313065543828,38.91285750604189],[-77.1031375566821,38.91286409618832],[-77.1031435788956,38.91287070334408],[-77.10315047800297,38.9128774033056],[-77.10315650075349,38.91288398300676],[-77.1031625197621,38.912890754885396],[-77.10316941940789,38.91289742739181],[-77.10318747644416,38.91291774302469],[-77.10320552921306,38.91293827828656],[-77.10321756083343,38.912952151486046],[-77.10322269814738,38.912959077641716],[-77.10322871396039,38.91296601424069],[-77.10323472763581,38.912973060655226],[-77.10323989902346,38.91298004213584],[-77.1032459116318,38.91298714345777],[-77.1032518550308,38.91299418903592],[-77.1032621583962,38.91300837120937],[-77.10326816887039,38.913015582345984],[-77.10327330245107,38.91302270067718],[-77.1032784333594,38.91302995627802],[-77.1032886983872,38.91304430275512],[-77.10329470726307,38.913051596252224],[-77.10329983817563,38.913058851852085],[-77.1033040884513,38.91306620682462],[-77.10330921936587,38.913073462424016],[-77.10332460623455,38.913095531214545],[-77.10332885491096,38.913102968548046],[-77.10333398208812,38.913110416324116],[-77.10333823183568,38.913117798749305],[-77.10334335848017,38.913125273978935],[-77.10334760555637,38.91313279367363],[-77.10335273113363,38.91314032381075],[-77.10336547237046,38.913162882893225],[-77.10336971784727,38.913170484948964],[-77.10337484182566,38.91317809744697],[-77.10337908730438,38.91318569950237],[-77.10338245428314,38.9131932911152],[-77.10339942979462,38.91322402878219],[-77.10340279517344,38.91323170275632],[-77.10340703745052,38.913239469534425],[-77.10341040069238,38.913247253324165],[-77.10341464297123,38.913255020101964],[-77.10341800674925,38.913262776437506],[-77.10342224902982,38.91327054321501],[-77.10342561067094,38.91327840936616],[-77.10342897445126,38.91328616570132],[-77.10343569827178,38.913301870549155],[-77.10343905884662,38.91330979160786],[-77.10344242049142,38.91331765775842],[-77.10344914111019,38.91333352732919],[-77.1034525032918,38.91334136602552],[-77.10345586173193,38.91334939689952],[-77.10345834380833,38.91335730751573],[-77.10346170385365,38.9133652560276],[-77.10346418432745,38.913373249005566],[-77.10346754277036,38.9133812798792],[-77.10347002431456,38.913389217949],[-77.10347338115507,38.913397331184385],[-77.10347834157344,38.91341334459353],[-77.10349901326836,38.9134780946008],[-77.10349980626647,38.91352942737837],[-77.10347162048514,38.913577999214986],[-77.10347164659645,38.91366510368236],[-77.10345744172494,38.91367438119826],[-77.10345728775758,38.91368228794227],[-77.1034574488627,38.91389963833572],[-77.10347124947376,38.91391292840201],[-77.10347107893466,38.91392168621863],[-77.10347141333965,38.91395606880348],[-77.10347195668245,38.91401198619807],[-77.10347358165679,38.91401878821204],[-77.10349929724656,38.9140970811757],[-77.10349921438419,38.91410133654096],[-77.10349938686582,38.914182730988536],[-77.1035140325155,38.91419594871074],[-77.10351381867908,38.91420693029826],[-77.103513719997,38.914304056285],[-77.1035276094377,38.91431278898451],[-77.10352828213651,38.91432336920353],[-77.10352822943392,38.914506583838644],[-77.10352761751912,38.91458313593821],[-77.10351425638493,38.91459239602845],[-77.10351414572396,38.9145980789994],[-77.10351426066775,38.91472755577078],[-77.10351593698336,38.914731722202276],[-77.1035636658191,38.91485284025563],[-77.10356882522021,38.91485864078019],[-77.10385877050082,38.91517634218856],[-77.10386383855564,38.91518683732738],[-77.10397162108039,38.91542801125722],[-77.10397859935728,38.91561122698117],[-77.10397886697969,38.915687762044875],[-77.1039927562106,38.915696522140244],[-77.10399319753475,38.91576413466531],[-77.10399737803309,38.91577508607626],[-77.10410528802184,38.91605492545659],[-77.10411388635067,38.916064638711326],[-77.10419038486243,38.91615245934749],[-77.1041899456293,38.91617502650074],[-77.10419337268094,38.91617954324111],[-77.10424906807461,38.916252645127734],[-77.10454085601502,38.91646706086924],[-77.10454791047285,38.916474833533464],[-77.10508734149583,38.91706820248734],[-77.10509423584851,38.91707517686694],[-77.10510028786369,38.91708208632581],[-77.10510714280504,38.91708927991908],[-77.10511315434076,38.917096463499654],[-77.10511916267367,38.91710381180364],[-77.10512428978873,38.91711128694776],[-77.10513029438609,38.91711882742882],[-77.10514054007794,38.917134216979065],[-77.10514569486351,38.917142076894706],[-77.10514990028274,38.917149953000596],[-77.1051583755341,38.91716600803966],[-77.1051626096903,38.91717421400965],[-77.1051659652975,38.917182409550435],[-77.10517267331032,38.917198965355404],[-77.1051751471657,38.9172073151906],[-77.10518009167428,38.91722417958457],[-77.10518256179355,38.917232721597244],[-77.10518503084546,38.91724131851777],[-77.10518662294906,38.91724982264748],[-77.10518733276433,38.91725850852597],[-77.1051889227327,38.91726712247137],[-77.10518612528556,38.91727540973292],[-77.10518507853251,38.91728404729962],[-77.10518666850118,38.91729266124505],[-77.10519002411668,38.917300856784856],[-77.10519603087268,38.91730828744643],[-77.10520293487042,38.917314767648],[-77.10521162427291,38.917319813647026],[-77.10522209961397,38.91732339798909],[-77.10523260752741,38.917325307639025],[-77.10524402870006,38.917325443209485],[-77.10525547870594,38.91732409626528],[-77.10526778323566,38.91732399517618],[-77.10527918305065,38.91732522890142]]]},"properties":{"OBJECTID":18,"ES_Name":"Taylor Elementary School","Website":"https://taylor.apsva.us/","School_Year":"2022-2023","Shape__Area":58839204.584479295,"Shape__Length":46653.100984139455}},{"type":"Feature","id":19,"geometry":{"type":"Polygon","coordinates":[[[-77.15704648868707,38.89816531473351],[-77.15702985495217,38.8982466813588],[-77.15696442528895,38.89862570784102],[-77.15689851824293,38.89893635291929],[-77.15688614032601,38.89898371753128],[-77.15686672123105,38.899058049925266],[-77.15683928663869,38.899171970644666],[-77.15681236115887,38.89929435491539],[-77.15678951860784,38.89940887732747],[-77.15676746624902,38.8995318665063],[-77.15674918219223,38.89964690785186],[-77.15673314355276,38.89976213962852],[-77.15671838802672,38.899885788889534],[-77.15671473900636,38.8999774367279],[-77.15673984099178,38.9000650471524],[-77.15677289078457,38.90011669322309],[-77.15682014139904,38.900156885995735],[-77.1568635824768,38.90013027948353],[-77.15690041494436,38.90011128625004],[-77.1569488067875,38.90009053040842],[-77.15699941651283,38.90007331480628],[-77.1570411627353,38.90006214893689],[-77.15708388362533,38.9000533557707],[-77.15745732686203,38.89996535801801],[-77.15747849247632,38.89996104151567],[-77.15755300007329,38.899947476388256],[-77.15761741896968,38.899937832576775],[-77.15769306937715,38.89992892119089],[-77.15776912975717,38.89992251331734],[-77.15818911153121,38.899863878174116],[-77.15847810738612,38.89981912348038],[-77.15883344183727,38.89975974776949],[-77.15891306017664,38.89973594256519],[-77.15898220524583,38.89971407726359],[-77.15906060332115,38.89968786899471],[-77.1591382866248,38.8996604168074],[-77.15921522053287,38.89963169284781],[-77.15928187967299,38.89960557013081],[-77.15934795893777,38.89957850711252],[-77.15942267158191,38.899546407526735],[-77.1594965273662,38.89951314478875],[-77.15956949166765,38.899478691044834],[-77.15964152935031,38.899443045895836],[-77.1597126047654,38.89940623639685],[-77.15980004621935,38.89935865695922],[-77.15987737678516,38.89931431225486],[-77.15992819477509,38.899283999273116],[-77.15994319704777,38.8992709895257],[-77.16020039164911,38.899066049622924],[-77.16063160644983,38.89874419083017],[-77.16145315800198,38.89810601654099],[-77.16169544252926,38.897923904835736],[-77.16241222946422,38.89738512724992],[-77.1624177172606,38.897380332718214],[-77.1628130845622,38.89703490545331],[-77.16282053030801,38.897028399766974],[-77.16351086527631,38.89652796807514],[-77.16354509345811,38.89650144652227],[-77.16361685405758,38.896450225889716],[-77.16369162144316,38.89640170305644],[-77.16376928715245,38.8963560415441],[-77.16384960424158,38.89631329345848],[-77.16392314423098,38.89627782756466],[-77.16458335893326,38.895978879381474],[-77.16461490234899,38.89596440947847],[-77.16501130261373,38.895811842921795],[-77.16502760122131,38.89580461390253],[-77.16561503622104,38.89554519930749],[-77.16722886613496,38.89483250354018],[-77.1672363049372,38.894829292719905],[-77.1673341984037,38.89478028855711],[-77.1680979712805,38.89441332348759],[-77.16841251974874,38.89426822026151],[-77.16859074368308,38.894190523599576],[-77.16864296765459,38.894167362473176],[-77.16869541152552,38.89414560428502],[-77.16874829882205,38.8941245650637],[-77.16880169980755,38.89410424560489],[-77.1688075607677,38.894102146104494],[-77.16888086616166,38.89407587020816],[-77.16897196375889,38.89404834392094],[-77.1690346636326,38.89403060114165],[-77.1690977336175,38.89401374124821],[-77.16916120986518,38.893997709729305],[-77.16922498596611,38.89398256029903],[-77.16928913218435,38.89396829375288],[-77.16935354363841,38.89395488144196],[-77.16935838376268,38.89395394427261],[-77.16942533697139,38.894011411395944],[-77.16944112043959,38.89402433170253],[-77.16990160868426,38.89440149491965],[-77.17010230872465,38.894557544288],[-77.17027694857298,38.894690204296616],[-77.17037277538849,38.89475826437144],[-77.17039648466799,38.89477476684748],[-77.17047255410947,38.89471548495465],[-77.17047613387872,38.894710033439374],[-77.17057601229519,38.89463152939097],[-77.17073649424528,38.89450428278416],[-77.17097543411313,38.8943147653014],[-77.17121432186518,38.89412799276471],[-77.17141395413569,38.893973727949444],[-77.17144246569788,38.89395208229641],[-77.1716814018617,38.89376256335096],[-77.17183113784485,38.89364615035088],[-77.17199869234504,38.893516235991044],[-77.17211640258728,38.893421456146896],[-77.17231603095209,38.89326718977079],[-77.17214281685641,38.8931334229993],[-77.17195926805141,38.892988527587875],[-77.17177918118588,38.89284647195981],[-77.17141544673498,38.89256501065848],[-77.17118346507951,38.892381149368084],[-77.17102756601825,38.892261306843714],[-77.17078170265286,38.892066303589964],[-77.1704976555676,38.89184615344686],[-77.17015826661203,38.89157874863907],[-77.16996428866456,38.891428239848935],[-77.16975641187237,38.891269362720976],[-77.16956252113935,38.891116135665094],[-77.16934081381864,38.89094337101432],[-77.16923695309036,38.89085981377166],[-77.16900835846901,38.890681478393695],[-77.16877621692547,38.89050310235057],[-77.1685823303566,38.89034987364689],[-77.16810091521381,38.88997370290675],[-77.16801786401896,38.889906856625],[-77.16770610360122,38.88966441697099],[-77.1676368146052,38.88961145661406],[-77.16725229058751,38.88931601588379],[-77.16700293471544,38.88912096471509],[-77.16687484646374,38.889017908171894],[-77.16666011087302,38.88885070939589],[-77.16651812531578,38.88873925661705],[-77.16635878016031,38.88861662246072],[-77.16596052175537,38.888304545221516],[-77.16586197785796,38.8882287032102],[-77.1658011785184,38.8881819102952],[-77.1656765549065,38.88808166522129],[-77.16555530820894,38.887986895501314],[-77.16531975737551,38.887805727550635],[-77.16525748157238,38.88775559144236],[-77.16454406716194,38.88719827722768],[-77.16398302591894,38.88676077089055],[-77.1639069055043,38.88669949244905],[-77.16364709677589,38.88649882286086],[-77.1635543528654,38.886426985360686],[-77.16346003322734,38.886353928466754],[-77.16310347654071,38.88606974841219],[-77.16260465774236,38.88568786393056],[-77.16213031449418,38.8853144941171],[-77.1599105375062,38.88358390411352],[-77.15988971838895,38.8835699364174],[-77.15957117733556,38.88331913123885],[-77.15949843868269,38.883263407917546],[-77.15932523699459,38.883129648960974],[-77.15913139104607,38.8829763769176],[-77.15828644391573,38.882318664059696],[-77.15812712708764,38.88219601853777],[-77.15795747868091,38.882062270607776],[-77.15778771514879,38.881932832373636],[-77.15776003903704,38.88191172861904],[-77.1576319255656,38.88181140725322],[-77.15746914986154,38.88168597523159],[-77.15730291361825,38.88155775737921],[-77.15712980716181,38.881421222630834],[-77.1568562273244,38.88120939572917],[-77.15680782370964,38.88116765166985],[-77.15670053066428,38.88108129752045],[-77.15658972542015,38.88099490309254],[-77.15639234299381,38.88084161332012],[-77.15607382576219,38.88059082593862],[-77.15591451655217,38.88046817736207],[-77.15590408211871,38.88046256587689],[-77.15574828539371,38.88033998472446],[-77.15558897729703,38.88021733569861],[-77.15542620878018,38.880091900795364],[-77.15541236492383,38.88008075816422],[-77.1552185004457,38.87992747914324],[-77.15508001074035,38.87981882540605],[-77.15488955662059,38.8796711043987],[-77.15472679056538,38.879545668508925],[-77.15469905181006,38.8795261285212],[-77.15448086113497,38.87935883939073],[-77.15430776483791,38.87922232786196],[-77.15413472121061,38.87908304317474],[-77.15407929589345,38.879041217464184],[-77.1539159102542,38.87891361251141],[-77.15391495161313,38.878912863526644],[-77.15391529965379,38.87891409121753],[-77.15399455054259,38.87919339254055],[-77.15413529697005,38.87967042648483],[-77.15418602003717,38.87985059837829],[-77.15432004932481,38.88029067578845],[-77.15442557631519,38.880872710407274],[-77.15442757650155,38.88088641714987],[-77.15430150895138,38.880867130333705],[-77.1540492821101,38.880828541511285],[-77.153813278514,38.88086153497156],[-77.15378863986095,38.8808639985799],[-77.15378518863301,38.881047943246664],[-77.15378482805595,38.88106716134568],[-77.15360538354652,38.88108158047459],[-77.15352092995457,38.881088850342],[-77.15344706525006,38.88109349552459],[-77.15329234601609,38.8811027055988],[-77.15326064721668,38.88110508813868],[-77.15313750495736,38.881114660105915],[-77.15306364020144,38.881119305047335],[-77.1529756740488,38.881126534238454],[-77.15279979323908,38.88113824698074],[-77.1527575921463,38.88114050891125],[-77.15259576111657,38.88115238252025],[-77.15251840186997,38.881156025915836],[-77.15245510793508,38.8811590068379],[-77.15225624410715,38.8812720583047],[-77.15211264016027,38.88106171168004],[-77.1520604690643,38.881033652560106],[-77.15193851805002,38.881166808471285],[-77.15183443896024,38.88128366575247],[-77.15185189761651,38.881289385693364],[-77.15170835502215,38.88144975384887],[-77.15196378578061,38.88150486065918],[-77.15175211284122,38.88173858973629],[-77.15174059516445,38.881790632151095],[-77.15198900268479,38.88184563079986],[-77.15211498785061,38.881871818544084],[-77.1520876668123,38.88201704474614],[-77.15205647210624,38.88218144871066],[-77.15202532883647,38.88234310721902],[-77.15199418542639,38.88250476571252],[-77.15198225515374,38.882578771667994],[-77.15207813033406,38.882711681649006],[-77.15218082466505,38.88285565393156],[-77.1522800584254,38.882996840370886],[-77.15242387299448,38.88319620492566],[-77.15247867200856,38.88327149829478],[-77.15249237113551,38.883290355950905],[-77.15247767788122,38.883324430389415],[-77.15209424866579,38.88419942835402],[-77.15190554502229,38.884137170754855],[-77.15154596780916,38.884018560797024],[-77.15145968743141,38.883990109826975],[-77.15139266212827,38.88396822151225],[-77.15078555149115,38.88482100046791],[-77.15094098596099,38.88529563543904],[-77.15086623061964,38.885317508744194],[-77.15064018081702,38.88538081666296],[-77.15043887424153,38.88543617037165],[-77.15042117247435,38.88544145903028],[-77.15024815702564,38.88548889940182],[-77.15004328551106,38.885546957500736],[-77.14994792664558,38.8855733217327],[-77.14984549017107,38.88560237801888],[-77.1497819007985,38.88562084176638],[-77.14964773068584,38.88565774369825],[-77.14961592640536,38.88566561612712],[-77.14945341280881,38.88571317608252],[-77.14932979696962,38.885747452984496],[-77.14928743799712,38.88575794997802],[-77.14912141128539,38.88580546907591],[-77.14911082152726,38.88580809330689],[-77.14895543605303,38.88585024250124],[-77.14889888767182,38.88586606819624],[-77.14878940890789,38.88589776112872],[-77.14870820330849,38.8859187951243],[-77.14862694594959,38.88594257450065],[-77.14852099623404,38.88597156175782],[-77.14846091837322,38.885990092662695],[-77.14832314734143,38.886029697689],[-77.14829137787778,38.886037570162756],[-77.14812891429185,38.886082382844265],[-77.14796288606216,38.88612990030066],[-77.14792403885052,38.886140464692446],[-77.14778983220106,38.886177336638454],[-77.14763088069327,38.88622218907124],[-77.1475425972158,38.886245886802364],[-77.14746841627681,38.8862670008371],[-77.14733069592721,38.88630385926025],[-77.14721059076962,38.88633817438227],[-77.14715058163344,38.886353025730756],[-77.14706233200592,38.88637491111227],[-77.14697756086886,38.88639864888127],[-77.14681153114485,38.886446164706435],[-77.14667341942393,38.886485690088904],[-77.14694416703453,38.88730141528337],[-77.14694831868779,38.88731392151363],[-77.14731532285931,38.888233620754576],[-77.14746829676669,38.888565729921964],[-77.14761603955289,38.888957340014386],[-77.14793720444467,38.88980297712737],[-77.14409097375936,38.89050152681081],[-77.14304861024519,38.890701867416325],[-77.14221997273042,38.890954535836755],[-77.14180781314028,38.89108362943288],[-77.1418733748279,38.89119532889849],[-77.14204075838192,38.89150399584507],[-77.14212831133742,38.891667847656755],[-77.14213544434456,38.89168083646163],[-77.1428659022229,38.89284499160438],[-77.14298953704825,38.89304202826931],[-77.14333744328687,38.89369026547877],[-77.14394600983293,38.89467707557009],[-77.14403162352035,38.89477664629537],[-77.14435424381284,38.89466176396083],[-77.14491874275623,38.89448225978185],[-77.14509316500015,38.8944267940116],[-77.14564072272577,38.8942526740003],[-77.14586136245906,38.894181715190335],[-77.14711360432409,38.89377898350919],[-77.14739814716208,38.893686923477645],[-77.14767485397367,38.8935973967212],[-77.14795705895982,38.89351405967791],[-77.1481662932962,38.893455718875984],[-77.14837667766227,38.89339996362163],[-77.14896726709159,38.89325165720612],[-77.14967065781912,38.89307501845094],[-77.15023362469569,38.89293399294611],[-77.15084523640482,38.89278077679281],[-77.15093793026551,38.89275753223177],[-77.15169920961668,38.89256662504512],[-77.15187781871624,38.89253113349618],[-77.15228199356335,38.89243279560768],[-77.15275969677997,38.89231086007909],[-77.1529055521851,38.89227161712017],[-77.15303108870333,38.892229120350514],[-77.15326459113487,38.89214419956222],[-77.15332133846329,38.89234822083502],[-77.15337934057764,38.89254344171],[-77.15344069275419,38.89273804190151],[-77.15350826628,38.892940045251066],[-77.15354394075582,38.89307995225724],[-77.15367448711359,38.8935007665937],[-77.15380503500285,38.8939215807398],[-77.15402796584863,38.89456890183732],[-77.15405748116413,38.89466073754183],[-77.15409221813529,38.89475145227527],[-77.15413211012311,38.894840853047796],[-77.15422113200962,38.89502173751659],[-77.15426034014301,38.89511763847591],[-77.1542976895381,38.895222717302005],[-77.15432957201837,38.89532888681389],[-77.15436745146745,38.89557618820484],[-77.15437785187868,38.89563430334671],[-77.15438397608175,38.8956843511151],[-77.15438786684341,38.89574294088858],[-77.15438827750258,38.89580160063645],[-77.15438582441044,38.89585182474936],[-77.15435585098132,38.896001661365304],[-77.1543294355834,38.89616038092118],[-77.15428596534551,38.8963422188157],[-77.15427418253803,38.89643646461597],[-77.15426649261819,38.896522327013926],[-77.15426097516652,38.896625376936115],[-77.15426080403965,38.89668507349562],[-77.15426346365727,38.896736234894995],[-77.15426869102603,38.89678726094876],[-77.15430562875116,38.897036089244466],[-77.15431322658624,38.89717430117654],[-77.15435538713086,38.897717947194494],[-77.155327232096,38.89766893801002],[-77.15574174537105,38.89765775527098],[-77.1559855340754,38.897643519467216],[-77.15621330209953,38.897640358576766],[-77.15643562536292,38.897646471439934],[-77.15672757489247,38.897668757794634],[-77.15679208528891,38.8976747678139],[-77.15686770877412,38.89767843344521],[-77.15694350551598,38.897678476261966],[-77.15700835659564,38.897675675332586],[-77.15707294081686,38.897670235137404],[-77.15713708199485,38.89766218112308],[-77.15704648868707,38.89816531473351]]]},"properties":{"OBJECTID":19,"ES_Name":"Tuckahoe Elementary School","Website":"https://tuckahoe.apsva.us/","School_Year":"2022-2023","Shape__Area":27934730.242325,"Shape__Length":29040.162749095707}},{"type":"Feature","id":20,"geometry":{"type":"Polygon","coordinates":[[[-77.09303134250605,38.862035410349556],[-77.09319371424829,38.861994223771916],[-77.0931555261833,38.86188203361591],[-77.09319060973657,38.86187307615389],[-77.09329122062162,38.86184738899734],[-77.09354278394993,38.861783160008564],[-77.093714934334,38.86173928714578],[-77.09364701318816,38.861583335891225],[-77.09380257461494,38.861543690523646],[-77.09381916964688,38.86153946123637],[-77.09399132586158,38.86149558804457],[-77.09416348409403,38.861451712910224],[-77.09447410525493,38.86135873916272],[-77.09464356872985,38.861314111942924],[-77.09478834483048,38.86127465369632],[-77.09481303306909,38.86126942956953],[-77.09494018667945,38.86123308297226],[-77.09497903895175,38.86122198695408],[-77.09514499087523,38.86117728953342],[-77.09520851943597,38.86116157323178],[-77.09528760581985,38.861140550890056],[-77.09530737687128,38.86113532275056],[-77.09530993864388,38.86114081808529],[-77.09540172200064,38.86133963340621],[-77.09556416247489,38.86129489338556],[-77.09569481988306,38.86126075728505],[-77.09586073633588,38.86121605843317],[-77.09601961108582,38.861174021216385],[-77.09600885779844,38.861149177973154],[-77.0959322341276,38.86097251301115],[-77.0959181346478,38.860975090469246],[-77.09572306577992,38.86053338579006],[-77.0957195037513,38.860525159887366],[-77.09563985454406,38.8603376029318],[-77.0939600375886,38.86077242618243],[-77.09387816999572,38.8607937816102],[-77.09377961251333,38.86081939602136],[-77.09360954776153,38.8608635960133],[-77.0934866799578,38.86089552842942],[-77.09311785963747,38.8609913823838],[-77.09307047041015,38.86100369875309],[-77.09271861142798,38.86109292728755],[-77.0926811025964,38.861102329233475],[-77.09262661682303,38.86111607070264],[-77.09244985537812,38.861163403378356],[-77.09240423943335,38.86117561716666],[-77.092341434958,38.86119243563695],[-77.09230229137893,38.86120291800925],[-77.09229114146508,38.86120585992725],[-77.09227802281501,38.861208896663626],[-77.09227034217174,38.8612106736196],[-77.09223618991825,38.86121827065129],[-77.09221105091878,38.86122385955358],[-77.09219212942664,38.861228065867216],[-77.09215713279904,38.86123584669296],[-77.09211160830061,38.861245967583244],[-77.09208615173618,38.8612516298843],[-77.09204764506482,38.86126019069263],[-77.09169101649434,38.86135641981999],[-77.09126485700864,38.86146807038569],[-77.09114874034343,38.86149850410249],[-77.0901967637537,38.86173834283381],[-77.08974657927962,38.86186051898495],[-77.08904455172413,38.8620510102385],[-77.08856672020792,38.86216609431115],[-77.08793037271266,38.862340232997475],[-77.08774850378049,38.86239022099191],[-77.08702280848532,38.862570969072806],[-77.08642637213002,38.862715647753376],[-77.08597332427988,38.862838104614795],[-77.08576007670669,38.86289575764896],[-77.08508500307079,38.86305595880008],[-77.08410349847442,38.863312692971554],[-77.08329437536815,38.86351959825004],[-77.08306591722499,38.86357724139405],[-77.08294233929811,38.863186369975516],[-77.08286303058334,38.862935519715066],[-77.08260176146072,38.86211128864781],[-77.08227759302834,38.8610968178111],[-77.07984177071499,38.8617209465935],[-77.07976676121913,38.861723816844744],[-77.07976065396252,38.861724050186126],[-77.0797690447163,38.861760288377646],[-77.08001330627633,38.862815097580835],[-77.08017574966759,38.863480718914595],[-77.08025597170412,38.86383055076243],[-77.08031331953046,38.86412757346802],[-77.08033275784454,38.86428131425227],[-77.08037262143885,38.864450130805864],[-77.08044085498207,38.86476510705037],[-77.08057455628634,38.86533963751869],[-77.08057908869105,38.865359107074426],[-77.08059354702623,38.865442129282236],[-77.08059387277036,38.865442086880044],[-77.08065466617903,38.86578236730152],[-77.08072185414157,38.8660909511311],[-77.08085752968357,38.86671409155928],[-77.08086064231296,38.866728875606796],[-77.08096484886444,38.867223712948544],[-77.08099013647312,38.86733955281232],[-77.08105560684315,38.86763944137495],[-77.08127832385719,38.86886794939695],[-77.08127846278438,38.868869361871155],[-77.07834625361701,38.869023560127374],[-77.07833745519643,38.86902329741892],[-77.0783883005725,38.86906754128511],[-77.07870725275913,38.86935122744324],[-77.0789986703845,38.869624144390585],[-77.07923848629206,38.869859913432954],[-77.07956398683395,38.87020354077234],[-77.07968872962012,38.8703434518137],[-77.07988399988547,38.87055835967935],[-77.07997835114237,38.870659595103],[-77.08005684572635,38.87074913265252],[-77.08012663206735,38.870833182543144],[-77.08019372289655,38.870918545372476],[-77.08032200538747,38.871074974924625],[-77.08056783164734,38.87138028936443],[-77.08072252067436,38.87156570663727],[-77.08077363052135,38.87163148867372],[-77.08081763613758,38.87169059425181],[-77.08086552150019,38.871757792692044],[-77.08090935352693,38.871822575355054],[-77.08088094171977,38.87182978197803],[-77.08073340992999,38.87186966371402],[-77.08073072728348,38.8718704276512],[-77.08073571936993,38.871877445848924],[-77.08066066085217,38.87189990942616],[-77.08058560451639,38.87192237126599],[-77.08043678038214,38.871971405460634],[-77.08025079329225,38.8720392727315],[-77.08016235060211,38.87207926917533],[-77.08011135969728,38.872103466815695],[-77.07996760779606,38.87217639938015],[-77.07982689341802,38.87225502884915],[-77.07978609528412,38.87227926552392],[-77.07974149833944,38.8723055260909],[-77.07952275611063,38.872434326147825],[-77.07949111426845,38.87245295821837],[-77.07946133941638,38.87247299105104],[-77.07919797768417,38.872650187461076],[-77.07857481400485,38.873095770199],[-77.078041385553,38.87348730033557],[-77.07795945294365,38.8735446347559],[-77.07781301798391,38.873609336916466],[-77.07758090602896,38.87369294790598],[-77.07753038970186,38.87370694681287],[-77.07747872557677,38.87371582581505],[-77.07742643359748,38.873719495097205],[-77.07737403920494,38.87371791983292],[-77.07732206249767,38.87371111318813],[-77.07704913706688,38.87379368803169],[-77.07723133360989,38.87410817903841],[-77.07755225903968,38.87466526314285],[-77.07764113632916,38.874819570498474],[-77.07787223731947,38.87521920595702],[-77.07803555175185,38.87551709854817],[-77.07839164408016,38.87612282854791],[-77.07840464242007,38.876259355763345],[-77.0784769098409,38.87681959650735],[-77.07855480652856,38.877423475078935],[-77.07869609497274,38.87851825799125],[-77.07878175678938,38.8791952120023],[-77.07888781189718,38.88003270743089],[-77.07872297500626,38.88032343660198],[-77.07879319393199,38.880350676089414],[-77.07881337922002,38.8803603393723],[-77.07881738573529,38.88036226204756],[-77.0788711496803,38.88038805976342],[-77.07894466989887,38.88042766894931],[-77.07917415841638,38.880560499334464],[-77.0795808777646,38.88079691266707],[-77.07944652335463,38.88088947769809],[-77.07933496698989,38.881000140337086],[-77.07930986549721,38.88102738488481],[-77.0792871568532,38.881056652705055],[-77.07926241902288,38.8810959139678],[-77.07924285571274,38.881137994189],[-77.07922878123763,38.8811822123732],[-77.07922042045259,38.88122785898143],[-77.07921479681914,38.881277769361134],[-77.0792137715038,38.881288741223635],[-77.079212641359,38.88129968435723],[-77.07921137071669,38.881310625791066],[-77.07920999524481,38.881321538496],[-77.079208513856,38.88133247738016],[-77.07920689251324,38.8813433871105],[-77.07920520092135,38.88135429599091],[-77.07920336937532,38.88136517571748],[-77.0792014324559,38.881376054169166],[-77.07919939016293,38.88138693134603],[-77.07919720791566,38.88139777936895],[-77.07919495596273,38.88140859908793],[-77.07919256296815,38.881419444561146],[-77.07919006568711,38.881430233851354],[-77.07918746303237,38.88144102186666],[-77.07918471987941,38.881451808182106],[-77.0791819070206,38.88146256619348],[-77.07917895420717,38.88147329505097],[-77.07917589601973,38.88148402263353],[-77.07917273300194,38.88149472148708],[-77.07916943002938,38.88150539118667],[-77.07916605680708,38.88151606003626],[-77.07916254143464,38.88152669970531],[-77.07915892562221,38.88153731069842],[-77.07915523790825,38.88154789336089],[-77.07915137237602,38.881558473871856],[-77.07864483998573,38.88233296891257],[-77.07799334967162,38.883099102416864],[-77.07721767885636,38.88401233480535],[-77.07687027837588,38.884434654986144],[-77.07675582343133,38.884623652777684],[-77.0767476823483,38.884637092225134],[-77.07664163142914,38.88481331269821],[-77.0765492811132,38.88503553267011],[-77.07639867348811,38.88537125356913],[-77.07632983082294,38.88538788407604],[-77.07631671784281,38.88539181504499],[-77.0763036728665,38.88539586011201],[-77.07629066090385,38.88540001198784],[-77.07627768290833,38.8854042226279],[-77.07626473789237,38.88540854179254],[-77.07625186203778,38.88541291671556],[-77.07623905428896,38.88541740058907],[-77.07622627945149,38.88542199641901],[-77.07621353864904,38.8854266475815],[-77.07620086642893,38.88543138367233],[-77.07618826231446,38.88543622871374],[-77.07617569169004,38.88544115654175],[-77.07616318971598,38.88544616586638],[-77.07615072116383,38.885451261409386],[-77.07613835696715,38.88545640970491],[-77.07612598778096,38.885461698674504],[-77.0761137273069,38.885467042165814],[-77.07610153325365,38.88547246884307],[-77.07608937269025,38.88547797830705],[-77.07607728077699,38.88548356926778],[-77.07606525741171,38.885489246872794],[-77.07605326760434,38.88549500383291],[-77.07604138147119,38.885500847863256],[-77.07602956398809,38.885506773390446],[-77.07601778002868,38.88551277998855],[-77.07600609977756,38.88551887194116],[-77.07599445356092,38.88552501922655],[-77.07598291054164,38.885531277604635],[-77.07597140152274,38.885537593031465],[-77.07595999631421,38.88554398866524],[-77.07594862452706,38.88555047051762],[-77.07593735655021,38.88555703257705],[-77.0759261571211,38.88556368128107],[-77.07591502472539,38.885570382285614],[-77.07590400042858,38.885577168698],[-77.07589300739174,38.885584039586675],[-77.075882118676,38.88559096494431],[-77.07587129638065,38.885597973488274],[-77.07586058221814,38.88560506572437],[-77.07584989992863,38.885612211551],[-77.0758393213131,38.88561944444834],[-77.07582884647368,38.8856267592688],[-77.07581844079492,38.88563412984833],[-77.0758081037318,38.88564158364086],[-77.0757978358294,38.88564909319247],[-77.0757877067954,38.88565668680913],[-77.07577761179567,38.885664335758875],[-77.07576762108299,38.88567204089379],[-77.07575773360144,38.88567985540592],[-77.07574509448041,38.88568999988166],[-77.07560461964083,38.885815935144706],[-77.07537957995788,38.88601767600033],[-77.07537038561605,38.88602596743513],[-77.07536112153004,38.886034232279],[-77.07535175373178,38.88604241176583],[-77.07534231622334,38.886050562945684],[-77.07533281009506,38.886058630910455],[-77.07532319970937,38.88606664097226],[-77.07531348499802,38.886074596562764],[-77.07531187813328,38.88607589518245],[-77.07530373621424,38.886082498534165],[-77.07529384862552,38.8860903130065],[-77.07528392693033,38.886098075575504],[-77.07527390097762,38.88610578024143],[-77.07526380585992,38.8861134291462],[-77.07525364215654,38.886120993119846],[-77.0752434086748,38.88612853221814],[-77.07523307202598,38.886135958505136],[-77.07522266566698,38.88614335648489],[-77.0752121906882,38.886150671249396],[-77.07520164654443,38.88615793025259],[-77.07519099865435,38.886165105614346],[-77.07518031676,38.886172223925044],[-77.07516953105116,38.88617926202601],[-77.07515867621144,38.88618624264974],[-77.07514775224087,38.886193165796186],[-77.07513675961654,38.88620000744313],[-77.07512569782732,38.886206793328604],[-77.07511456738438,38.88621349771451],[-77.07510336835588,38.886220117169124],[-77.07509210016246,38.88622668086217],[-77.07508079796493,38.886233187504075],[-77.07506939195302,38.886239613936006],[-77.07505791738969,38.88624595372062],[-77.07504637359337,38.886252241175455],[-77.07503479637231,38.88625844240907],[-77.07502311533698,38.88626456343267],[-77.0750114003317,38.88627062568914],[-77.07499961667283,38.8862766064458],[-77.07498776436043,38.88628250570267],[-77.07497587804413,38.886288347908135],[-77.07496392310836,38.88629410689794],[-77.07495186442662,38.88629978224578],[-77.0749398068676,38.88630540096847],[-77.07492764329896,38.88631093945426],[-77.07490467562134,38.88632112328327],[-77.07392098172372,38.88679015674178],[-77.07374350811061,38.8868734592883],[-77.07344650014957,38.887036428543965],[-77.07340647270729,38.88705892178463],[-77.07314760093337,38.88715209713464],[-77.07274543057484,38.88737604891652],[-77.07251080676785,38.887518129757844],[-77.07244334840772,38.88754913504434],[-77.07237383815315,38.88757521362501],[-77.07230263448032,38.88759622911786],[-77.07223010190701,38.88761207267566],[-77.07215661977432,38.887622663092834],[-77.07207573019714,38.88762874739182],[-77.0717558493562,38.887651573791636],[-77.07176818293931,38.887726428769675],[-77.07177343320856,38.88778921275157],[-77.07177317150874,38.887836665014696],[-77.07193820988441,38.88782329037265],[-77.07223875538843,38.88779893434502],[-77.07224449099131,38.88779850977557],[-77.07312895334607,38.88773560853515],[-77.07334004524549,38.88772169640847],[-77.07349136593476,38.88770980403636],[-77.07374823242854,38.88769095499169],[-77.07392770944882,38.88767665790024],[-77.07427610563842,38.88765068080292],[-77.07488835835221,38.88760590851282],[-77.07513816351427,38.88758697075784],[-77.07624647299993,38.887509763341924],[-77.07861804551311,38.88733695406208],[-77.07889601828418,38.88731670157624],[-77.08040819787426,38.887207763366945],[-77.08088067388255,38.88717372209207],[-77.08091590256882,38.887160020969375],[-77.08101643127497,38.88711886381183],[-77.08129389534042,38.88701764562477],[-77.08135979326659,38.88699358973621],[-77.08175927603853,38.886851774542556],[-77.08226710284323,38.88666787808981],[-77.08262920630408,38.88654343069997],[-77.08272627788381,38.88650821678864],[-77.08278377888284,38.88648587118403],[-77.08283014602496,38.88646687870756],[-77.08285012349508,38.88645871680862],[-77.08296194960617,38.88640937375149],[-77.08302596889902,38.88637897833111],[-77.08308015240985,38.886352034097456],[-77.08314245646929,38.886319530915166],[-77.08319509442839,38.88629078304452],[-77.08333045605104,38.88621497691113],[-77.08346238060855,38.886135284684094],[-77.08354007666875,38.886077703168276],[-77.08360738186384,38.88602499412434],[-77.08360816657326,38.886024399454115],[-77.08367445635075,38.88596972842318],[-77.08373890979104,38.885913744563055],[-77.08380152635301,38.88585647533082],[-77.08388772871389,38.88576307767367],[-77.08395455853217,38.885686362124986],[-77.08400919427956,38.88561331655005],[-77.08407632408553,38.88551960642882],[-77.08409641313149,38.88548796684053],[-77.08435066012012,38.88525764387992],[-77.08440209861035,38.88519702670462],[-77.08445346763177,38.88512924144899],[-77.08450226815098,38.88507054213948],[-77.08456315545594,38.88500969723048],[-77.08463667212415,38.884936231868316],[-77.0846663315323,38.88491099599591],[-77.08469744509286,38.88488684860344],[-77.08472167958173,38.884869456001674],[-77.08472541973484,38.884866979843686],[-77.08465880609303,38.88424901344247],[-77.08460968058303,38.883793270188164],[-77.08459203965037,38.883629611950205],[-77.08458621401279,38.88353666990597],[-77.08457281400842,38.88343765015794],[-77.0844478572388,38.882821695391776],[-77.08425844889716,38.88188801962919],[-77.08413996172115,38.88124447905337],[-77.0839181680007,38.88019429103068],[-77.08368673494263,38.87911851793624],[-77.0836287840769,38.878837274042546],[-77.08344739846223,38.87795695765896],[-77.08328576638819,38.877167986711044],[-77.08324721353566,38.87695009655155],[-77.08314363115305,38.876765845471866],[-77.08305124598174,38.87647835708856],[-77.08284090917682,38.87592008681391],[-77.08279298008276,38.875785500249954],[-77.0827472640677,38.87562424857892],[-77.08274503197246,38.87561631296199],[-77.0827301437029,38.87556972471394],[-77.08269298339299,38.87544130941039],[-77.082584472067,38.87517253257804],[-77.08256226275832,38.87512310986558],[-77.0825542092214,38.875107552285925],[-77.08255028863151,38.875099733586445],[-77.0825283185795,38.87505242822749],[-77.0825120355015,38.87501244113321],[-77.08248988524011,38.87494758620607],[-77.08221912681202,38.87415481046508],[-77.08196892145337,38.87342219446468],[-77.08191382261866,38.87333039043705],[-77.08182677399918,38.873197388765156],[-77.08192142056818,38.87324755256638],[-77.08202445215301,38.87339804225953],[-77.08206107569002,38.87345428636458],[-77.08210275731774,38.8735083346041],[-77.08214928516021,38.87355990980741],[-77.08220042072773,38.87360874821264],[-77.0822748983758,38.87366297953007],[-77.08235415090533,38.87371290562291],[-77.08243776836494,38.8737582726705],[-77.08245060006617,38.873781013997736],[-77.0825488439313,38.87394556191002],[-77.08265488433211,38.87410712823179],[-77.08276857216164,38.874265482875316],[-77.08288974929066,38.874420407657034],[-77.08301824438078,38.874571685949725],[-77.08315388382545,38.8747191045307],[-77.08329647185894,38.874862460207275],[-77.08344581048104,38.875001551475954],[-77.08360169277005,38.87513618359074],[-77.08376390284907,38.87526617027901],[-77.08380634917776,38.87529638605894],[-77.08389710969573,38.87520345346379],[-77.08398850976916,38.87511292445596],[-77.08408526866714,38.875025865116484],[-77.08418717179761,38.87494246850258],[-77.08429355733661,38.87486322777988],[-77.08440458661634,38.87478797840085],[-77.08452001260352,38.87471688900413],[-77.08464990103022,38.87465635737924],[-77.08478320891959,38.874600554018095],[-77.08491965521596,38.87454959223021],[-77.08505895012033,38.87450358350427],[-77.08520079975091,38.87446262383442],[-77.08525790157553,38.87444774500625],[-77.08536613863133,38.87442038341952],[-77.08644580816869,38.874147447006905],[-77.08667518209363,38.87408946139652],[-77.08701779429867,38.8740040437055],[-77.08739724412375,38.87390841170216],[-77.08920239025458,38.87345435129256],[-77.08940275973245,38.87348342783769],[-77.08998926769156,38.87333550428729],[-77.09098995379871,38.8730831106135],[-77.09194511651549,38.87284126875055],[-77.09249958257858,38.87270087781839],[-77.09283564166128,38.87261640481356],[-77.09363659059782,38.87241506958868],[-77.09430340291183,38.872247447999115],[-77.0955763024608,38.871926735417475],[-77.09578871934684,38.87187321481434],[-77.09602619980332,38.87181396588501],[-77.09720661150828,38.87152314845559],[-77.09754000542529,38.87144246959938],[-77.09779897372812,38.87142955271796],[-77.09839089511121,38.871284707179875],[-77.09860577966464,38.871232103445976],[-77.09923610111744,38.87107420131717],[-77.10006925334201,38.870865495420865],[-77.10065445525694,38.870718883354556],[-77.10076851157318,38.87068927548739],[-77.10076964576653,38.870688981786536],[-77.10072359349815,38.87065003960974],[-77.10067530152264,38.870609203400036],[-77.1006237568803,38.870565616668216],[-77.10054435882948,38.87049409658158],[-77.10047431275898,38.87043117323958],[-77.10041804210763,38.87038057910958],[-77.10024968968209,38.87022147003381],[-77.10015016131516,38.87011950298814],[-77.1000003272414,38.86997441841851],[-77.10011968071268,38.86991597544344],[-77.10012173764775,38.86991846112622],[-77.10058292423687,38.86963172041018],[-77.10063974791831,38.86959639841579],[-77.1006965699176,38.86956104719723],[-77.1006615337143,38.86951136526796],[-77.10061835984861,38.86945016271646],[-77.1005082977444,38.86929408105607],[-77.10049336000478,38.869272923082555],[-77.10023363297843,38.86890185445174],[-77.10011744617375,38.86873570540898],[-77.10006619020956,38.86866221374547],[-77.09893171664486,38.86703547826683],[-77.09888392961285,38.86696625636346],[-77.09869100300409,38.86668110910457],[-77.09855618301872,38.86648178314765],[-77.09846232932011,38.866341547107275],[-77.09830840471155,38.866111648737],[-77.09829680004059,38.866094237433266],[-77.0980748660927,38.86612728669553],[-77.09796582779354,38.86614397150332],[-77.09789167008365,38.8661553059915],[-77.09770144614508,38.86618324106937],[-77.09768186048144,38.86618611021523],[-77.09750801894899,38.86621163187159],[-77.09745838779341,38.866218782952146],[-77.0973658916492,38.86624093725205],[-77.09733840193404,38.86624755641673],[-77.0971689794208,38.866289469472065],[-77.09713343624584,38.86629827160766],[-77.09699955890449,38.86633138230875],[-77.09683370357654,38.86637059143924],[-77.09666428213608,38.86641253124565],[-77.09649486157146,38.86645441589861],[-77.09632900568344,38.86649362431502],[-77.09615958419471,38.86653553593767],[-77.0960325179483,38.866566969493995],[-77.09600782851328,38.866572166416105],[-77.09599016250807,38.866577447315485],[-77.09571190200062,38.866645517502654],[-77.09532662815487,38.86673976756985],[-77.09520128911676,38.8667711900032],[-77.09519437099243,38.86676695895288],[-77.09491033165637,38.86659907075491],[-77.09474787023873,38.866500739485694],[-77.09461725998135,38.86642613081245],[-77.09440324668,38.866323639578304],[-77.09372840365184,38.86596955423921],[-77.09359494841355,38.865896832570364],[-77.09346473466746,38.865820030469365],[-77.09338221679747,38.86576494435996],[-77.09324192055712,38.86566495422181],[-77.09320414923228,38.86563868861135],[-77.09320193405448,38.865637014428],[-77.09316745296289,38.86561133744077],[-77.09312765206117,38.8655793081986],[-77.09308203691045,38.865539273128626],[-77.0930039008016,38.86546496182676],[-77.092962999489,38.865424571283135],[-77.09289072204304,38.865348847229086],[-77.09282217289525,38.8652710807954],[-77.09278319877069,38.865229148020674],[-77.09274543103358,38.86518659809451],[-77.09270283077713,38.86513613646981],[-77.09266186208706,38.865084870562946],[-77.09256219231683,38.86495161729105],[-77.09243135286088,38.86476359058326],[-77.09236749375157,38.8646294208451],[-77.09229625142669,38.86448846213001],[-77.09218685771901,38.86418132046287],[-77.09218222788311,38.86416487089785],[-77.09216143794707,38.86406441743625],[-77.0921324992142,38.86390488061944],[-77.09212304677911,38.863846001323644],[-77.09211848073733,38.863803025457564],[-77.09211284075347,38.863734223629855],[-77.092109240185,38.86366530895156],[-77.092107754107,38.86360498737392],[-77.09210791281063,38.86332653748608],[-77.09208946422024,38.862709273618705],[-77.09207224706195,38.86235152838657],[-77.09207007641591,38.862281345323524],[-77.09206429617294,38.862094373079465],[-77.09206135671715,38.861904034909216],[-77.09207007641591,38.862281345323524],[-77.09303134250605,38.862035410349556]]]},"properties":{"OBJECTID":20,"ES_Name":"Alice West Fleet Elementary School","Website":"https://fleet.apsva.us/","School_Year":"2022-2023","Shape__Area":27779621.284002148,"Shape__Length":39287.409241388035}},{"type":"Feature","id":21,"geometry":{"type":"Polygon","coordinates":[[[-77.10734870446355,38.92008270408055],[-77.10735203913003,38.92009199771042],[-77.10735009534987,38.92010158576532],[-77.10734465695174,38.92011011637332],[-77.10733837035681,38.92011707169352],[-77.10733204008639,38.92012446585994],[-77.10732752927686,38.92013229349395],[-77.10732385604442,38.92014043311755],[-77.10732105606603,38.92014885769332],[-77.10731916715123,38.92015743036817],[-77.10731899866671,38.92016610581416],[-77.10731967469201,38.9201747363487],[-77.10732126444798,38.92018337771261],[-77.1073237370569,38.92019180985786],[-77.10732797323907,38.920199933381475],[-77.10733221635343,38.92020770000364],[-77.10733822464121,38.92021507564208],[-77.10734512218116,38.92022191261413],[-77.10735290737385,38.92022829328136],[-77.10747058267874,38.92032305275081],[-77.10756328514758,38.92043671089746],[-77.10756753096688,38.920444340240905],[-77.1075726537782,38.920452062357114],[-77.10757690066558,38.920459636792344],[-77.10758202561134,38.920467249092304],[-77.10758627356674,38.92047476861926],[-77.10759139851459,38.92048238091881],[-77.10759564700496,38.920489872991496],[-77.1076110261225,38.92051249025651],[-77.1076152746167,38.920519982328386],[-77.10764091592311,38.9205571927447],[-77.10766143602366,38.92058659868143],[-77.10766744437706,38.92059397430231],[-77.10767770763421,38.92060851254503],[-77.10768371812325,38.920615778349294],[-77.10768888463167,38.92062306161339],[-77.10769482643482,38.92063024422242],[-77.10769999294546,38.92063752748599],[-77.10770600503831,38.920644710927185],[-77.1077111385395,38.92065188395813],[-77.10771715170074,38.92065901249084],[-77.10772316379713,38.92066619593116],[-77.10772829890065,38.92067328659949],[-77.10773434720909,38.92068041554767],[-77.10774457215035,38.92069511809151],[-77.10775058265344,38.92070238389217],[-77.10775571722927,38.92070950201311],[-77.10776173093278,38.920716603089524],[-77.1077677462365,38.92072362180378],[-77.10777376314046,38.92073055815592],[-77.10777981838733,38.92073733020047],[-77.10778668247488,38.92074408436742],[-77.10779270417939,38.920750773633095],[-77.10780651170923,38.920763816080736],[-77.10781341894048,38.92077015885336],[-77.10782120636632,38.92077642967291],[-77.10782811679802,38.92078260772098],[-77.10783590742443,38.9207887138159],[-77.1078428210565,38.92079472713946],[-77.10785061701526,38.92080055869394],[-77.10785841457422,38.92080630788609],[-77.1078670923282,38.92081198512472],[-77.10787489521945,38.920817459776416],[-77.10788269864484,38.92082290697354],[-77.1078913833313,38.920828227309144],[-77.10790007068385,38.920833410374364],[-77.1079087601695,38.9208384836232],[-77.10791748639902,38.920843474925896],[-77.10792614553988,38.92084830067161],[-77.10793484142452,38.9208530444712],[-77.10794351119607,38.92085913351327],[-77.10795306542693,38.92086493096946],[-77.10796262712043,38.92087034406976],[-77.10797307327329,38.920875465583926],[-77.1079826664126,38.92087925890006],[-77.1079922552895,38.92088327184695],[-77.1080018441675,38.92088728479303],[-77.10801054858861,38.92089158932389],[-77.10802012787626,38.92089609643941],[-77.10802882750332,38.920900648054406],[-77.10803752340112,38.920905391846325],[-77.10804621610265,38.92091030036125],[-77.10805490560794,38.92091537359915],[-77.10806359138418,38.92092063901399],[-77.10807139749961,38.92092594892881],[-77.1080800779494,38.92093148888185],[-77.10808787767257,38.920937128242805],[-77.10809567473251,38.92094290487292],[-77.10810346912929,38.920948818772246],[-77.10811038120058,38.92095491444164],[-77.10811816973822,38.920961130333325],[-77.10812507754892,38.92096744563332],[-77.10813198322934,38.920973870748696],[-77.10813888677953,38.92098040567939],[-77.1081449090696,38.920987067472645],[-77.10815180782643,38.92099384948803],[-77.1081638417551,38.921007722151636],[-77.10816897692668,38.92101481280006],[-77.1081749869667,38.921022106032304],[-77.10818011894327,38.921029361403875],[-77.10818524878945,38.9210367265909],[-77.10819037543956,38.92104425650135],[-77.10819462349296,38.92105177600518],[-77.10819974694805,38.92105947063885],[-77.10820399180623,38.921067154865995],[-77.10820735593585,38.92107493850241],[-77.10821159813155,38.92108275999892],[-77.10821495906565,38.92109070835874],[-77.10822167827189,38.92110674234772],[-77.10822663655385,38.92112294770156],[-77.10822911409717,38.92113113274021],[-77.10823159004256,38.921139400140575],[-77.10823300782367,38.92115690911262],[-77.1082354768435,38.92116553341408],[-77.10823794852811,38.92117402044576],[-77.10824130094407,38.92118240806769],[-77.1082455356902,38.9211906139179],[-77.10825065596369,38.92119847327272],[-77.10825578103378,38.921206085541826],[-77.10826178950016,38.92121346113111],[-77.1082686850929,38.92122040786289],[-77.10827646621361,38.92122700809879],[-77.108284255328,38.92123319652509],[-77.1082929310361,38.921238983547376],[-77.10843132273969,38.92135320952046],[-77.10848292007452,38.92141148705834],[-77.1086732482852,38.921564744627005],[-77.10876694762136,38.92162901256779],[-77.10887429685728,38.921712664195546],[-77.10956839831856,38.92217397314901],[-77.11257806509546,38.92450250168712],[-77.11334762006815,38.92533282333815],[-77.11515388563026,38.92728162172735],[-77.1152994353723,38.92739043147842],[-77.11547614086004,38.927524322253404],[-77.11562460538345,38.927666118127085],[-77.1157801529747,38.92779978663953],[-77.11613431056743,38.92821308659419],[-77.11626006469747,38.928436994664],[-77.11644530581171,38.92867533300027],[-77.11675384953983,38.92908262931587],[-77.11648835180966,38.929359597656344],[-77.11646403153959,38.929526818282696],[-77.11648029576685,38.929571335587106],[-77.11658090539372,38.929846731874036],[-77.11686142808259,38.93061342575124],[-77.11705160840863,38.93114289850889],[-77.11718180586396,38.931501412272425],[-77.11735619554412,38.93175609724956],[-77.11758875233375,38.93209384652945],[-77.11774604649719,38.93232361565354],[-77.1178423481179,38.93243458873197],[-77.11809668711686,38.93273689489645],[-77.11828215707514,38.93296424850457],[-77.11848158237824,38.93319725785775],[-77.11869469874839,38.93344964983265],[-77.11890089235283,38.933696468014546],[-77.1192893930861,38.93397014173366],[-77.1193619927935,38.934034152837825],[-77.11945866925693,38.93412590681426],[-77.11982574005665,38.93423456634015],[-77.11989461407569,38.93430951739172],[-77.12114401199194,38.933327380187585],[-77.12122250350006,38.933267888799364],[-77.12172592904889,38.9328673840762],[-77.12322219865973,38.931698497550535],[-77.12476066021338,38.93049659144242],[-77.12522021093378,38.93013755872917],[-77.12523091339159,38.93012944589219],[-77.12536300386157,38.93002450068416],[-77.12537015039119,38.93001848813048],[-77.12556998170888,38.92986427523396],[-77.12584840005636,38.929645131572975],[-77.12608761024961,38.92945573501943],[-77.12633388473712,38.929260873613494],[-77.12656943777426,38.92907689790477],[-77.12685855261857,38.928849611388266],[-77.12725113626571,38.92854112502433],[-77.12734388676337,38.928470812104784],[-77.12748668458518,38.92835714744199],[-77.12770790997355,38.92818673220013],[-77.12785427393696,38.92807036272628],[-77.1281790532567,38.92781602929067],[-77.12830401220631,38.92771588546568],[-77.1285609584981,38.92751567944206],[-77.12890724101771,38.92723962686335],[-77.12907138456717,38.92711247927751],[-77.12929978917808,38.92693390678733],[-77.12977091600062,38.92656319737299],[-77.1300885474719,38.92631426739797],[-77.13025982100817,38.92618170926192],[-77.13032759584993,38.926130324983774],[-77.13047751844779,38.92601124774261],[-77.13087703003406,38.92570834961744],[-77.13111617919138,38.925518914767636],[-77.1313945642425,38.92529973026143],[-77.13151951431686,38.92519958295071],[-77.13182286628486,38.92496143863853],[-77.13187993792795,38.924918166897065],[-77.13215118440372,38.924704389533225],[-77.13234385192708,38.92455560134221],[-77.13252587022976,38.924412180941495],[-77.13265076482654,38.924314777807105],[-77.13310402271466,38.92395757731656],[-77.13314687760634,38.92392237763466],[-77.13341801189607,38.92371408809721],[-77.13355360460834,38.92360857038784],[-77.13385342804862,38.92337040732081],[-77.13401755397192,38.92324325269653],[-77.13432797013618,38.92300246555087],[-77.13443502593486,38.922918583284904],[-77.13457418241585,38.922810359811926],[-77.13480612637326,38.922629071848974],[-77.13503801689959,38.922450528824676],[-77.13509870358968,38.92240180550376],[-77.13522712276533,38.92230169458704],[-77.13549834884428,38.9220879368039],[-77.13560905650192,38.92199857639989],[-77.13586577009133,38.921806589912514],[-77.13601205557453,38.921692955488915],[-77.13624755892451,38.92150896001491],[-77.13644739534243,38.92135198287046],[-77.13664366375279,38.92119773746577],[-77.1368469601336,38.92104357326458],[-77.13706824507655,38.92086764925995],[-77.1373287089226,38.92066471905999],[-77.1375320028414,38.92051052619799],[-77.1376095184373,38.920449825019205],[-77.13774966525831,38.920340078406774],[-77.13797802669018,38.92016148873156],[-77.13822427157342,38.9199666297932],[-77.13855243963717,38.91971505328309],[-77.13905551695389,38.919322709126455],[-77.13908048245472,38.91930374872416],[-77.13940156324949,38.919054861258246],[-77.13945937680872,38.91900893083443],[-77.13947650968166,38.91899531676324],[-77.13982255282522,38.918727467632245],[-77.14010439918923,38.9185083027817],[-77.1405638180549,38.918146669129094],[-77.14057180398932,38.91814074775238],[-77.14057898112054,38.91813484447806],[-77.1405870053176,38.91812875878221],[-77.14059503159498,38.918122563269414],[-77.1407038018095,38.918040178035085],[-77.14077161350977,38.91798604221294],[-77.14081447796121,38.917948093862215],[-77.14181361991601,38.91716327574089],[-77.14194553455327,38.91706319796475],[-77.14212400043051,38.916919721799296],[-77.1421792087236,38.91687638067071],[-77.14232737685472,38.91676005711917],[-77.14262342048384,38.916532812294214],[-77.14295166130596,38.91627573244602],[-77.14337985442269,38.91593742535581],[-77.14361893797324,38.91574796457739],[-77.14383300592897,38.91558018269887],[-77.14430760096738,38.91520396363556],[-77.1450281694606,38.91463572235517],[-77.14546356616404,38.914294607509305],[-77.14576331111745,38.914056413475016],[-77.1458162113893,38.914016286066435],[-77.14581658135226,38.91401600543149],[-77.14581519003194,38.9140154642211],[-77.14581010456573,38.91401348340026],[-77.14566501619323,38.913956973233034],[-77.1454119565457,38.913865359814075],[-77.14517900143673,38.91376821103277],[-77.14509195684666,38.91373565561387],[-77.14501570293852,38.913704954557986],[-77.14492195809034,38.91366427592126],[-77.14483917859972,38.91362550858817],[-77.14473125426137,38.91357074396198],[-77.14462638291818,38.913512527013516],[-77.1445139229178,38.91346158174146],[-77.14440355311238,38.91340791446018],[-77.14427752786774,38.91334201142993],[-77.14415466267548,38.91327257490715],[-77.14393134400683,38.913112101851006],[-77.14376103085114,38.912955260819146],[-77.1431329051363,38.91247404645024],[-77.14256491111186,38.91201027399759],[-77.14254723929957,38.91199688895096],[-77.14239781930424,38.91188779330308],[-77.14186519642048,38.91146836226114],[-77.14139817409979,38.91111147266079],[-77.14138012533068,38.91109945608027],[-77.1412326862107,38.911010290416726],[-77.14121384674826,38.91099919831152],[-77.1410676494072,38.91091314979492],[-77.14095817451562,38.9108514299549],[-77.14094944809867,38.91084650975372],[-77.14081658905639,38.9107781073347],[-77.14063645541624,38.91069685564804],[-77.1404678642389,38.91062784718147],[-77.14033391190229,38.910583788734556],[-77.14019033632297,38.910528250239935],[-77.1399307690262,38.91044533665538],[-77.13972384023332,38.910385274685666],[-77.13948812398051,38.91032350598979],[-77.13916905386519,38.91024621750182],[-77.13688519921365,38.90971365969846],[-77.13605978284302,38.909519813747345],[-77.13563405452446,38.909414640904316],[-77.13535869612323,38.90934938284849],[-77.13513398962309,38.909281966550985],[-77.13490190921216,38.90921421699883],[-77.13483191070314,38.90919140803473],[-77.1347725194095,38.90917080926175],[-77.13468446820433,38.909138124436836],[-77.134597758483,38.909103285777526],[-77.13453131400806,38.909074723828304],[-77.13446580670049,38.90904493702319],[-77.13440751368758,38.90902204416873],[-77.13435967683748,38.90900190900471],[-77.13428455309266,38.90896772652372],[-77.13422031555245,38.908935867361784],[-77.13414875479101,38.9088973051149],[-77.13407927603518,38.90885646036982],[-77.13400838723513,38.90881768616526],[-77.13393853947709,38.908777770691664],[-77.13386980303876,38.90873671476796],[-77.1338105457737,38.908699888063886],[-77.13367694286502,38.90861205437821],[-77.1335551673045,38.90852880665065],[-77.13346967572556,38.90846514806585],[-77.13338621802009,38.90839989292046],[-77.1332380575714,38.90827745425238],[-77.13319393955385,38.90823926556972],[-77.13303560552797,38.90809191168637],[-77.132945219238,38.9080029872559],[-77.13270393675052,38.907743508661625],[-77.13232720894761,38.90721111822225],[-77.13202844621593,38.90676489834308],[-77.13201158275969,38.90673901292531],[-77.13199368649687,38.906711538230724],[-77.13177406645343,38.90637438960959],[-77.13160772046449,38.90611866456101],[-77.13144304220984,38.905908213175834],[-77.13131731488707,38.905769062789105],[-77.13123188115969,38.90568423128359],[-77.13115833410245,38.905621094512526],[-77.13114818686647,38.905613232489294],[-77.13106645359774,38.90554445330327],[-77.13099846376295,38.90549030576516],[-77.13093652231218,38.905443340877554],[-77.13080336256354,38.90534567812859],[-77.13075482420177,38.90531276423913],[-77.13071336828285,38.90528624873735],[-77.13067105287519,38.90526057447073],[-77.13061914787419,38.90523097143504],[-77.1305092337268,38.90517119985203],[-77.1302167787486,38.90500852078601],[-77.1298833259924,38.904839596187806],[-77.1297156253102,38.90475465533539],[-77.12945592987013,38.90461210035255],[-77.12922825664165,38.904493177272805],[-77.1288355303624,38.90428148885365],[-77.12907933369198,38.90463942296984],[-77.12927575395545,38.90492807062215],[-77.12947840900738,38.905228928079104],[-77.12959960886835,38.90544293930514],[-77.12972548409996,38.9056881997792],[-77.12987875782991,38.90598024238874],[-77.12995602184566,38.906111854281185],[-77.13005530175035,38.90626843707154],[-77.13014714560657,38.90640955531869],[-77.13020676398426,38.90650456785114],[-77.130103864741,38.906559532874425],[-77.12980205446664,38.90672074739815],[-77.1292947152451,38.906970237188915],[-77.12859936078799,38.90731086769658],[-77.12834601274236,38.906959164795694],[-77.12831522940196,38.90691486897174],[-77.12820898231938,38.90677358110068],[-77.12684800144041,38.90608493272836],[-77.12683765377761,38.906076546241195],[-77.12672334149048,38.90617132105503],[-77.12637704659315,38.906452887007134],[-77.12614864733554,38.9066342001907],[-77.12595590991005,38.90678846974935],[-77.12574175631124,38.906961710677706],[-77.12567394842519,38.90701559089491],[-77.12552048649034,38.90713761399388],[-77.12527423365636,38.90733519278779],[-77.12497430835532,38.90757882537967],[-77.12466020320895,38.907830529302586],[-77.12436749438737,38.90806600675927],[-77.12399264288133,38.90781996667458],[-77.12365948467728,38.907599128040445],[-77.12335060793971,38.90739507657695],[-77.12305563077885,38.9071993703405],[-77.12285782621402,38.90706798853601],[-77.12270512066816,38.90696734141354],[-77.1224934558916,38.906827558399314],[-77.12213599237872,38.906589954121934],[-77.12212758878486,38.90659564968563],[-77.1221192544088,38.906601400981074],[-77.12211095411344,38.90660720759627],[-77.12210272356313,38.90661304248914],[-77.12209452709357,38.90661893270176],[-77.12208636470471,38.90662487823408],[-77.12207834180738,38.906630880322496],[-77.12207031838126,38.90663690986445],[-77.12206239930974,38.90664299555039],[-77.12205447970943,38.90664910868992],[-77.12204666446371,38.906655277973435],[-77.12203888329866,38.90666150257674],[-77.1220311713513,38.906667782911974],[-77.12202349401205,38.90667409111291],[-77.1220159215549,38.90668042800385],[-77.12200838317843,38.9066868202146],[-77.12200091401961,38.906693268157376],[-77.12199347946894,38.906699743965845],[-77.12198614927293,38.906706275918445],[-77.12063955105644,38.90801405970549],[-77.1206157349451,38.90803704925141],[-77.12052710634345,38.90812260810645],[-77.1203781364274,38.90826631603476],[-77.12029935312012,38.90834236206606],[-77.12034186356371,38.90850762300277],[-77.12011138253865,38.90879599528074],[-77.1200286107428,38.908896626162225],[-77.11988354109741,38.90894709668486],[-77.1197136809529,38.909005513873055],[-77.11954383796622,38.909066677048315],[-77.11952114326375,38.90907484927938],[-77.1193863236761,38.90921585777407],[-77.11957807763088,38.90947898362819],[-77.12000594928197,38.910074406076546],[-77.12006761409444,38.910157511182206],[-77.12033460442353,38.91052935580033],[-77.12054682934502,38.910824931180294],[-77.12046885437759,38.910867952091635],[-77.12033723846511,38.910940549374274],[-77.12032658003943,38.91094649293535],[-77.11931403000133,38.91151068752046],[-77.11902266306463,38.91167477088444],[-77.11859985103952,38.91191145090256],[-77.11830496688364,38.912075491155214],[-77.11823746118017,38.912113141664754],[-77.11821971494554,38.91212391707034],[-77.11799459712732,38.91231349126159],[-77.11777669995043,38.91249491189022],[-77.11759085090142,38.912654740977345],[-77.11736933181702,38.91284161029815],[-77.11713349088048,38.91304204077931],[-77.11686197848516,38.91326953860791],[-77.11657612618184,38.91351331567604],[-77.1165099160106,38.91356978044566],[-77.11625817554926,38.913451355848984],[-77.11543555869844,38.91307671799326],[-77.1151054572136,38.912923361312245],[-77.11506059228391,38.91290053474055],[-77.11501655521819,38.912876701879505],[-77.11493957811345,38.91283136374412],[-77.11488996868106,38.912799419283076],[-77.11483392069479,38.91276053382476],[-77.11477987453918,38.91271991448144],[-77.1147207421492,38.912671491345],[-77.11465617949354,38.912627617478165],[-77.1145853205097,38.91257672188061],[-77.11450887810422,38.91251829120149],[-77.11442763546675,38.91245181291959],[-77.11437049735011,38.91240206756191],[-77.1142795781947,38.912319795230985],[-77.11419065465266,38.91223611842824],[-77.11413779145016,38.91218343020063],[-77.11408638602485,38.91212988041377],[-77.11403647298434,38.91207549693809],[-77.1139940339628,38.91202721541042],[-77.11395152756928,38.91198969750549],[-77.11391048157125,38.91195118078208],[-77.11387096571632,38.91191169352478],[-77.11383301408188,38.91187129105782],[-77.11377907052534,38.91180906118991],[-77.11373419708589,38.91175218322735],[-77.11368232464798,38.9116791858518],[-77.11351487716769,38.91145038794458],[-77.11336571521434,38.91112608069031],[-77.11328979309937,38.91114868893682],[-77.11280195312213,38.91129396180305],[-77.11231762509142,38.91143927414071],[-77.11223738922537,38.911408120128],[-77.11155554130261,38.911770778606396],[-77.11154659794893,38.91177523133052],[-77.1115376897335,38.91177968446923],[-77.11152881612486,38.9117841654765],[-77.11151990684426,38.91178867352187],[-77.11151103323341,38.911793154527835],[-77.11150219263473,38.911797745764424],[-77.11149338770593,38.91180230996161],[-77.11148458277594,38.91180687415816],[-77.1114757767818,38.91181149326205],[-77.11146700592595,38.91181611278058],[-77.11145823453741,38.91182075975245],[-77.11144949828713,38.911825407138934],[-77.1114407609727,38.911830109432834],[-77.11143205879648,38.91183481214135],[-77.11142335608761,38.91183954230325],[-77.11141468851702,38.91184427287981],[-77.11140605555316,38.911849031325],[-77.11139742205656,38.91185381722361],[-77.1113887880273,38.9118586305756],[-77.11138018913626,38.911863444342224],[-77.11137158918095,38.91186831301624],[-77.11136302489548,38.911873154650934],[-77.11135449521669,38.91187802415433],[-77.11134596500523,38.911882921111115],[-77.11133746940041,38.91188784593666],[-77.11132900840228,38.91189279863087],[-77.11132047712412,38.911897750493836],[-77.11131205073153,38.91190273105613],[-77.11130358919833,38.91190771120255],[-77.11129519687967,38.911912747087044],[-77.11128680455981,38.911917782970896],[-77.11127841223878,38.91192281885416],[-77.11127005399278,38.91192791006019],[-77.11126169574565,38.911933001265666],[-77.11125340724466,38.91193812075517],[-77.11124511874242,38.9119432402441],[-77.11123682970742,38.911948387186484],[-77.11122850500018,38.91195356116693],[-77.11122028571009,38.91195873639287],[-77.11121206482397,38.911963993980265],[-77.11120384553153,38.91196916920502],[-77.11119565978248,38.91197442720661],[-77.1111875091717,38.91197968562293],[-77.11117935802814,38.91198497149277],[-77.11117124202283,38.91199025777736],[-77.11116312495302,38.91199559896944],[-77.11115504302154,38.91200094057634],[-77.11114696108876,38.91200628218263],[-77.11113891376272,38.91201165165781],[-77.1111309010433,38.91201704900178],[-77.11112288779098,38.91202247379924],[-77.11111490967694,38.912027899011534],[-77.11110693103008,38.912033351677266],[-77.11109898752147,38.912038804757884],[-77.11109107861954,38.91204428570728],[-77.1110831691847,38.91204979411025],[-77.1110752948882,38.91205530292807],[-77.11106742005875,38.91206083919933],[-77.11105957983592,38.91206640333946],[-77.11105177475145,38.91207196789447],[-77.11104396913406,38.912077559902976],[-77.11103616298377,38.91208317936499],[-77.11102842711131,38.9120887996573],[-77.11102069017423,38.91209447485713],[-77.11101295376764,38.91210012260238],[-77.11100528710726,38.912105798632],[-77.11099758477431,38.91211150169969],[-77.11098991757977,38.9121172051823],[-77.1109823201314,38.912122936949274],[-77.1109746864788,38.91212872320833],[-77.1109671241675,38.912134455389705],[-77.11095956079154,38.91214024247864],[-77.11095199688269,38.912146057021104],[-77.11094446811215,38.912151871978466],[-77.11093697447994,38.91215768735083],[-77.1109295149226,38.91216355804615],[-77.11092205536413,38.91216942874099],[-77.1109146309439,38.912175299850794],[-77.11090720545903,38.91218122586814],[-77.11089981564427,38.91218712484641],[-77.11089242476476,38.91219307873227],[-77.11088510416324,38.912199033448594],[-77.11087778302873,38.91220501561841],[-77.11087046189301,38.91221099778781],[-77.11086317536387,38.9122170078262],[-77.11085592397313,38.91222301827957],[-77.11084870718904,38.912229056601994],[-77.11084148987194,38.91223512237796],[-77.11083430769321,38.912241188568935],[-77.1108271249815,38.912247282213464],[-77.11081997740818,38.91225337627304],[-77.1108128644415,38.91225949820169],[-77.11080578608144,38.912265647999355],[-77.11079870772019,38.912271797796606],[-77.1107916293577,38.9122779475934],[-77.1107846202097,38.91228415312874],[-77.11077761159223,38.91229033120966],[-77.11077063704961,38.91229656461362],[-77.11076366250578,38.912302798017244],[-77.11075672310038,38.91230903183585],[-77.11074981776986,38.91231532097761],[-77.11074294810953,38.91232158308042],[-77.11073607791619,38.91232787263686],[-77.11072924232951,38.91233419006235],[-77.1107224062098,38.912340534941485],[-77.11071560522853,38.91234688023568],[-77.11070883938572,38.91235322594499],[-77.11070210814958,38.9123595995234],[-77.11069537638035,38.91236600055552],[-77.11068864461,38.91237240158718],[-77.11068201825749,38.91237880386497],[-77.1106753557004,38.9123852606349],[-77.11066872881361,38.91239169036592],[-77.11066213600164,38.91239817542015],[-77.11065554318854,38.91240466047397],[-77.11064898604575,38.91241111848889],[-77.11064246244588,38.91241765928102],[-77.11063600912429,38.91242420090385],[-77.11062948605392,38.91243071424124],[-77.1106230321981,38.91243728331734],[-77.11061661348083,38.9124438528086],[-77.11061019476233,38.91245042229952],[-77.11060381065052,38.91245701965959],[-77.1105973189909,38.91246372558874],[-77.11059093328113,38.91247040531018],[-77.11058451083484,38.912477166977695],[-77.11057812512267,38.912483846698365],[-77.11057177295343,38.912490609196304],[-77.1105654213148,38.91249734423982],[-77.11055910375104,38.9125041346066],[-77.11055282132583,38.91251092538855],[-77.11054657403909,38.912517716585725],[-77.11054032621934,38.91252453523657],[-77.11053407839842,38.91253135388708],[-77.11052793546361,38.91253820123792],[-77.11052179252769,38.912545048588406],[-77.11051564905864,38.91255192339258],[-77.11050954072826,38.91255879861198],[-77.11050346700449,38.91256570170068],[-77.11049739327959,38.912572604788984],[-77.1104913541614,38.912579535746566],[-77.1104853501818,38.912586467119446],[-77.11047938080893,38.912593426361546],[-77.1104733762951,38.912600385187716],[-77.11046747719946,38.912607345260376],[-77.11046157703885,38.912614360240696],[-77.11045571254877,38.91262134818231],[-77.11044981238584,38.91262836316202],[-77.11044401710924,38.912635406842234],[-77.11043822183152,38.91264245052204],[-77.11043242655266,38.91264949420164],[-77.11042666588055,38.91265656575055],[-77.11042097548692,38.91266363813029],[-77.11041521428055,38.91267073713259],[-77.11040959363243,38.91267783779694],[-77.11040393731133,38.91268496549951],[-77.11039831612895,38.912692093617295],[-77.11039272955338,38.912699249604465],[-77.11038714297669,38.912706405591315],[-77.11038162667855,38.91271356240913],[-77.11037610984737,38.91272074668066],[-77.1103705924831,38.912727958405966],[-77.11036514539742,38.912735170962186],[-77.11035973398248,38.91274235647974],[-77.11035435611043,38.91274962477462],[-77.1103489084895,38.9127568647841],[-77.11034356628714,38.91276410604011],[-77.11033822355166,38.91277137474987],[-77.11033295109489,38.912778644290604],[-77.11032767810502,38.91278594128508],[-77.11032240458215,38.91279326573334],[-77.11031720186995,38.912800563558605],[-77.11031199862465,38.91280788883761],[-77.11030682998627,38.912815241985996],[-77.11030169648667,38.912822595549805],[-77.11029656298604,38.91282994911331],[-77.11029149976417,38.91283730350786],[-77.11028643547726,38.91284471281022],[-77.11028140686122,38.912852095073966],[-77.11027637771213,38.912859504791506],[-77.11027141884182,38.912866915340054],[-77.11026642429862,38.91287435292675],[-77.11026153517413,38.91288179176013],[-77.1102566460486,38.912889230593336],[-77.11025175639008,38.912896696880274],[-77.1102469721503,38.91290416441398],[-77.11024211709773,38.912911658570174],[-77.11023733232393,38.91291915355742],[-77.11023258268911,38.91292664896011],[-77.11022783252129,38.91293417181661],[-77.1102231526324,38.912941695504216],[-77.11021847221048,38.91294924664564],[-77.11021382692752,38.91295679820248],[-77.11020918164358,38.91296434975914],[-77.11020460610665,38.91297192960091],[-77.1102000311007,38.9129794819885],[-77.11019538528181,38.91298706099854],[-77.11019070485408,38.91299461213874],[-77.11018605903323,38.91300219114843],[-77.1101814488834,38.913009743119545],[-77.11017680359268,38.91301729467483],[-77.11017219237685,38.91302490155356],[-77.11016761630009,38.91303250884781],[-77.11016300561433,38.913040088272155],[-77.11015843006766,38.913047668111986],[-77.11015385398794,38.913055275405604],[-77.11014931304727,38.913062883114726],[-77.11014477210564,38.91307049082366],[-77.11014023116303,38.913078098532395],[-77.11013572535954,38.91308570665665],[-77.110131219555,38.91309331478064],[-77.11012671321753,38.91310095035849],[-77.11012217227109,38.9131085580665],[-77.11011773621175,38.91311619447531],[-77.11011326501139,38.91312383046829],[-77.11010882895016,38.91313146687676],[-77.11010435774791,38.91313910286939],[-77.11009999143288,38.91314676756283],[-77.11009552022871,38.91315440355511],[-77.11009111877166,38.91316206783255],[-77.11008675298586,38.913169705071475],[-77.11008231638691,38.9131773689329],[-77.11007795006711,38.91318503362542],[-77.11007358374638,38.91319269831785],[-77.11006921689264,38.913200390464084],[-77.11006488571016,38.91320805557186],[-77.11006055452674,38.91321572067942],[-77.1100562233424,38.913223385786814],[-77.11005192623301,38.91323110621773],[-77.11004762965484,38.91323879919453],[-77.11004333307572,38.91324649217109],[-77.11003907163577,38.91325418556323],[-77.11003480966284,38.91326190640919],[-77.11003051308099,38.91326959938523],[-77.11002632138643,38.913277321062296],[-77.11002202480273,38.91328501403801],[-77.11001783310637,38.913292735714705],[-77.11001364140913,38.913300457391244],[-77.11000944917886,38.913308206521606],[-77.11000525747976,38.913315928197804],[-77.11000110091993,38.913323650289534],[-77.10999690868698,38.91333139941944],[-77.10999275212536,38.91333912151085],[-77.10998863017083,38.91334687147186],[-77.10998450821549,38.913354621432696],[-77.10998038625922,38.913362371393326],[-77.1099762643021,38.91337012135385],[-77.10997217695207,38.913377899183935],[-77.10996809013331,38.91338564955982],[-77.10996403792171,38.913393427805325],[-77.10995995056903,38.91340120563492],[-77.10995589941992,38.91340892897208],[-77.10995188181379,38.91341673508681],[-77.10994786473887,38.91342451374745],[-77.1099438471309,38.9134323198619],[-77.10993983005426,38.913440098522166],[-77.1099358481169,38.91344787759806],[-77.10993186564656,38.91345568412777],[-77.1099278831754,38.913463490657335],[-77.1099239358435,38.91347129760249],[-77.10991998904291,38.91347907709348],[-77.10991604117721,38.91348691149236],[-77.10991500403759,38.91348964525191],[-77.10991293401521,38.91349489313893],[-77.10990986199276,38.9135028752011],[-77.1099067894375,38.91351088471719],[-77.10990375255395,38.913518867194945],[-77.10990071513751,38.91352687712657],[-77.10989767772048,38.91353488705818],[-77.10989467544294,38.91354289740535],[-77.10989167316475,38.91355090775249],[-77.10988867088588,38.91355891809947],[-77.10988570374661,38.91356692886218],[-77.10988277174692,38.9135749400405],[-77.1098798040742,38.913582978257026],[-77.10987687154108,38.91359101688918],[-77.10987397467973,38.913599028483],[-77.10987107781769,38.91360704007674],[-77.10986817989071,38.9136151065784],[-77.10986531763552,38.9136231460417],[-77.10986245537966,38.913631185504926],[-77.10985962826351,38.91363922538383],[-77.10985680114665,38.91364726526262],[-77.10985397349702,38.91365533259538],[-77.10985118098708,38.9136634003438],[-77.10984838900866,38.91367144063811],[-77.10984563163778,38.913679508802105],[-77.1098428742663,38.913687576966026],[-77.10984011689413,38.91369564512984],[-77.10983739466175,38.91370371370938],[-77.10983467189651,38.913711809742836],[-77.10983198533536,38.913719851283986],[-77.10982929770927,38.913727947732994],[-77.10982664575502,38.913736017143776],[-77.1098239932681,38.91374411400844],[-77.1098213407805,38.91375221087303],[-77.1098187239649,38.91376028069929],[-77.10981610661648,38.913768377979494],[-77.10981348926747,38.91377647525964],[-77.10981090705825,38.91378457295548],[-77.10980832484843,38.913792670651254],[-77.10980577777839,38.913800768762655],[-77.10980323017564,38.91380889432805],[-77.10980071824484,38.91381699285513],[-77.10979820578127,38.91382511883616],[-77.10979569384935,38.91383321736308],[-77.10979321652508,38.91384134375973],[-77.10979073920022,38.913849470156315],[-77.10978829754735,38.91385756951462],[-77.10978585482958,38.91386572378082],[-77.10978337750305,38.9138738501772],[-77.10978100559721,38.91388197782085],[-77.10977863369078,38.913890105464425],[-77.10977622611126,38.913898260146155],[-77.10977385420374,38.91390638778959],[-77.10977151743619,38.913914515848774],[-77.10976918013583,38.91392267136188],[-77.10976684283496,38.91393082687495],[-77.1097645412062,38.91393895534972],[-77.10976223904474,38.9139471112784],[-77.10975997202321,38.913955267622825],[-77.10975770500112,38.9139634239672],[-77.10975543797856,38.91397158031151],[-77.10975317042322,38.91397976410974],[-77.10975097368052,38.91398792128552],[-77.10974881207781,38.91399607887705],[-77.10974661480195,38.914004263506676],[-77.10974434777678,38.91401241985067],[-77.10974222078086,38.9140206053118],[-77.10974005917615,38.914028762903065],[-77.1097379321792,38.914036948364036],[-77.10973580518177,38.91404513382502],[-77.10973367818393,38.91405331928589],[-77.10973158632599,38.914061505162515],[-77.10972952960817,38.91406969145489],[-77.10972747288983,38.91407787774722],[-77.10972541617106,38.914086064039466],[-77.10972332431122,38.91409424991591],[-77.10972133734032,38.914102464493666],[-77.10965292167849,38.91436801980291],[-77.1094298349686,38.91517820443312],[-77.10942746297954,38.91518633206687],[-77.10942505638123,38.915194431830614],[-77.10942268439109,38.91520255946422],[-77.10942027725935,38.91521068668187],[-77.10941787065939,38.91521878644549],[-77.10941542838546,38.91522691324712],[-77.10941302231676,38.91523498555657],[-77.10941057950942,38.91524313981201],[-77.10940813776622,38.915251239159495],[-77.10940569549007,38.915259365960836],[-77.10940321860471,38.915267464892224],[-77.10940077685981,38.91527556423946],[-77.10939829944097,38.91528369062471],[-77.10939582255389,38.9152917895559],[-77.10939334566628,38.91529988848705],[-77.10939086877804,38.91530798741808],[-77.10938835674821,38.91531608593319],[-77.10938584471778,38.91532418444817],[-77.10938333268678,38.915332282963156],[-77.1093808206552,38.91534038147803],[-77.10937830862308,38.91534847999278],[-77.10937576144926,38.91535657809164],[-77.10937317913367,38.9153646757745],[-77.10937066763225,38.915372746835104],[-77.10936812045665,38.91538084493374],[-77.10936560842167,38.91538894344818],[-77.10936299149502,38.915397013260836],[-77.10936040864424,38.91540513839731],[-77.10935782738994,38.91541318117175],[-77.10935524507036,38.915421278854076],[-77.10935266328254,38.91542934908235],[-77.10935004582059,38.915437446348655],[-77.10934742889042,38.91544551616087],[-77.10934481195966,38.91545358597298],[-77.1093421950283,38.91546165578507],[-77.10933954242286,38.91546975263516],[-77.10933692549033,38.91547782244705],[-77.10933427341605,38.91548589184298],[-77.10933162134113,38.91549396123882],[-77.10932893412443,38.9155020302187],[-77.10932628204837,38.915510099614394],[-77.10932359483047,38.91551816859406],[-77.10932090867672,38.91552618266574],[-77.10931825606643,38.91553427951518],[-77.10931553370555,38.91554234807874],[-77.10931284648518,38.915550417058135],[-77.10931012412307,38.9155584856215],[-77.10930740229269,38.91556652673082],[-77.10930468046166,38.91557456784006],[-77.10930195809773,38.9155826364032],[-77.10929920112423,38.915590677096354],[-77.10929644361781,38.91559874524342],[-77.10929372178434,38.91560678635234],[-77.10929092966776,38.91561482662932],[-77.10928817269186,38.91562286732214],[-77.10928541465051,38.91563096292287],[-77.10928262306446,38.91563897574561],[-77.1092798309454,38.91564701602225],[-77.10927703882574,38.915655056298846],[-77.10927424670543,38.9156630965753],[-77.10927141944323,38.91567113643577],[-77.10926859218037,38.91567917629614],[-77.10926576544927,38.915687188702464],[-77.10926293818517,38.91569522856269],[-77.1092601109204,38.915703268422796],[-77.10925724904614,38.915711280412914],[-77.1092544217801,38.9157193202729],[-77.10925155937214,38.915727359716826],[-77.10924866235463,38.9157353712907],[-77.1092457999454,38.91574341073448],[-77.10924293806792,38.91575142272416],[-77.10924004104847,38.915759434297804],[-77.10923714349595,38.91576747332538],[-77.1092342470076,38.91577545744486],[-77.10923131431244,38.91578349605632],[-77.1092284172904,38.91579150762962],[-77.10922548512637,38.915799518786876],[-77.10922255296167,38.91580752994404],[-77.10921965593768,38.915815541517105],[-77.10921668863033,38.91582355225814],[-77.10921372132232,38.915831562999095],[-77.10921075348122,38.91583960119394],[-77.10920778723668,38.915847557026744],[-77.1092048199267,38.91585556776742],[-77.10920185261604,38.915863578507995],[-77.10919885069575,38.91587156137856],[-77.10919588338375,38.91587957211898],[-77.1091928463208,38.915887554573374],[-77.10918984386605,38.915895564897625],[-77.10918684194309,38.91590354776783],[-77.10918380487804,38.915911530221976],[-77.1091807321385,38.915919539714],[-77.1091777302135,38.91592752258392],[-77.10917469261403,38.91593553249176],[-77.10917165661115,38.915943460037504],[-77.1091685838689,38.9159514695292],[-77.10916554679982,38.915959451982786],[-77.10916247458864,38.915967434020274],[-77.10915936723534,38.915975415641675],[-77.10915629555521,38.91598337022502],[-77.10915318820051,38.91599135184626],[-77.1091501159866,38.915999333883335],[-77.10914700916297,38.91600728805044],[-77.10914386666477,38.9160152692554],[-77.10914075983978,38.916023223422265],[-77.1091376173402,38.916031204627004],[-77.1091345105138,38.916039158793666],[-77.10913136801277,38.916047139998255],[-77.10912819090207,38.91605509333275],[-77.10912504893214,38.916063047083114],[-77.10912187182004,38.91607100041746],[-77.10911872984873,38.916078954167624],[-77.10911555273522,38.91608690750171],[-77.10911234047948,38.91609486041974],[-77.10910916336456,38.916102813753575],[-77.10910595110741,38.91611076667143],[-77.10910147375552,38.91611870461369],[-77.10909710076227,38.91612669871167],[-77.10909283212757,38.91613474896541],[-77.10908870405795,38.91614280088294],[-77.10908471495614,38.91615093682621],[-77.10908083127791,38.91615907401727],[-77.10907708709999,38.916167267780146],[-77.10907348295483,38.91617549066081],[-77.10907001884247,38.91618374265928],[-77.10906665962142,38.91619202335964],[-77.10906340475933,38.91620036021586],[-77.10906032560416,38.9162086991519],[-77.10905735080797,38.91621709424379],[-77.10905451657727,38.91622549099962],[-77.10905109612172,38.91623330414979],[-77.1090475697082,38.91624114350577],[-77.10904407950044,38.91624892836975],[-77.10904051847632,38.91625673985554],[-77.10903692284238,38.916264523471234],[-77.109033292066,38.916272306670834],[-77.10902962614732,38.91628008945423],[-77.10902589100965,38.916287816497544],[-77.10902215587122,38.916295543540734],[-77.10901838505784,38.91630329762176],[-77.10901457963453,38.91631102383268],[-77.10901070392723,38.91631874921138],[-77.10900682875165,38.916326447136036],[-77.10900291843356,38.916334144644495],[-77.10899893836392,38.9163418138668],[-77.10899495829351,38.91634948308893],[-77.10899090847141,38.91635712402493],[-77.10898682350692,38.91636476454474],[-77.10898273854151,38.916372405064415],[-77.10897861896616,38.91638001771391],[-77.10897442910662,38.916387629531215],[-77.1089702041046,38.916395240932296],[-77.10896597963419,38.91640282487926],[-77.1089616854121,38.91641038054002],[-77.10895735604745,38.91641793578463],[-77.10895302614942,38.91642551848301],[-77.10894862756469,38.9164330179872],[-77.10894419330488,38.91644054452915],[-77.10893975904413,38.91644807107094],[-77.10893525503168,38.91645556932651],[-77.10893071640915,38.91646303971185],[-77.10892614264397,38.916470509681005],[-77.10892156887788,38.91647797964991],[-77.10891692535998,38.916485421332624],[-77.10891224669943,38.91649286259904],[-77.10890753342878,38.91650027599532],[-77.10890282015717,38.91650768939136],[-77.10889803713371,38.916515074501085],[-77.10889321950015,38.91652243174061],[-77.10888836672386,38.91652978856389],[-77.10888351394664,38.9165371453869],[-77.10887859141754,38.916544473923686],[-77.10887363374567,38.916551802044175],[-77.10886867660538,38.91655910271043],[-77.10886364918065,38.91656640254441],[-77.10885858714578,38.916573674508086],[-77.1088535251098,38.91658094647154],[-77.10884839278938,38.916588217602595],[-77.10884322639133,38.91659543340946],[-77.1088380599922,38.91660264921608],[-77.10883282330856,38.9166098641903],[-77.1088275871565,38.91661705171032],[-77.10882228125237,38.916624210944],[-77.10881697534727,38.916631370177384],[-77.108811598625,38.91663855603239],[-77.10880622403201,38.91664563207119],[-77.10880081323099,38.91665276260164],[-77.10879536781971,38.91665986526175],[-77.10878985265641,38.91666693963548],[-77.10878433749204,38.916674014008954],[-77.10877878771743,38.916681060512055],[-77.10877320386507,38.91668805169089],[-77.10876758380472,38.91669509736132],[-77.108761929134,38.91670211516141],[-77.10875624038565,38.91670907763712],[-77.10875051596177,38.91671606715047],[-77.10874475746023,38.916723001339456],[-77.10873896381575,38.9167299351121],[-77.10873317017017,38.916736868884435],[-77.10872730677242,38.91674377437024],[-77.10872144390622,38.91675065240185],[-77.10871551075529,38.91675752960092],[-77.10870957813577,38.91676437934569],[-77.1087035752315,38.91677122825801],[-77.10869757339135,38.91677802226201],[-77.10869153640827,38.916784815849574],[-77.10868546428215,38.91679160902071],[-77.10867935754577,38.916798374321424],[-77.1086732156663,38.91680513920574],[-77.10866703970918,38.91681184876567],[-77.10866086375086,38.91681855832521],[-77.10865461750775,38.91682526705221],[-77.10864833665426,38.91683194790874],[-77.10864205633222,38.91683860131098],[-77.10863574139978,38.91684522684274],[-77.10862939132437,38.916851851958064],[-77.10862297096403,38.91685847624076],[-77.10861655166784,38.91686504561514],[-77.10861009722859,38.916871614573054],[-77.108603608179,38.91687815566047],[-77.10859711859554,38.91688472420151],[-77.10859056032511,38.91689120954799],[-77.10858400205352,38.91689769489406],[-77.10857737349693,38.916904179407524],[-77.10857074547188,38.916910636466575],[-77.10856408283642,38.91691706565517],[-77.10855738505784,38.916923494427195],[-77.10855068781075,38.91692989574487],[-77.10854392081136,38.91693626877586],[-77.10853711920159,38.91694261393636],[-77.10853031759054,38.91694895909644],[-77.10852344622721,38.916955275969826],[-77.1085166105373,38.91696156580496],[-77.10850970456237,38.916967854807396],[-77.10850276397693,38.91697411593929],[-77.10849578878117,38.916980349200614],[-77.10848881411682,38.91698655500749],[-77.10848176863475,38.91699278743567],[-77.10847472421686,38.91699896495544],[-77.10846764465583,38.91700514205858],[-77.10846053101707,38.917011263837146],[-77.1084534173771,38.91701738561532],[-77.10844623398484,38.91702347910669],[-77.10843905112397,38.917029545143656],[-77.10843179797803,38.91703561034782],[-77.10842458050556,38.9170416485137],[-77.10841729328068,38.917047658392804],[-77.10841000605461,38.917053668271436],[-77.10840264960888,38.9170596224093],[-77.1083952931619,38.917065576546676],[-77.10838790157175,38.91707153026741],[-77.1083804759039,38.9170774286635],[-77.10837301509291,38.917083326642924],[-77.1083655548134,38.9170891971679],[-77.10835805992343,38.917095039822186],[-77.10835053042305,38.91710085460585],[-77.10834296577951,38.917106668972764],[-77.10833540166743,38.917112455885224],[-77.10832776727021,38.91711824196476],[-77.10832013447008,38.917123945681915],[-77.10831246705948,38.917129621528375],[-77.10830476344016,38.91713535186597],[-77.10829706088515,38.91714102729519],[-77.1082893237197,38.91714667485361],[-77.10828155194386,38.9171522945414],[-77.10827374502472,38.91715791381245],[-77.10826590456082,38.91716345030476],[-77.10825806303005,38.91716904170451],[-77.10825018742165,38.91717457777954],[-77.10824227667003,38.91718011343782],[-77.1082343669828,38.91718559418761],[-77.10822642215238,38.917191074520616],[-77.10821844377709,38.91719647207491],[-77.10821042919298,38.91720192412034],[-77.10820237999846,38.91720734829496],[-77.10819433186832,38.917212717561135],[-77.10818624912783,38.91721805895653],[-77.10817813124403,38.917223399935075],[-77.1081700144247,38.91722868600514],[-77.10816186192929,38.91723399911233],[-77.10815367535633,38.91723925689472],[-77.108145489315,38.9172444872226],[-77.10759038627914,38.91821014339374],[-77.10612147258875,38.91869121758311],[-77.10630982885347,38.919095547453004],[-77.1065920797156,38.919403703821764],[-77.10680527326298,38.91964788209424],[-77.10700421579445,38.919900129086955],[-77.1071552556153,38.92008864930822],[-77.10716301144855,38.920096539955125],[-77.10717524499799,38.920100117494734],[-77.10718758199502,38.92009836896812],[-77.10719737441498,38.92009189457445],[-77.10729668245726,38.920046389179376],[-77.10734870446355,38.92008270408055]]]},"properties":{"OBJECTID":21,"ES_Name":"Jamestown Elementary School","Website":"https://jamestown.apsva.us/","School_Year":"2022-2023","Shape__Area":58723588.07220352,"Shape__Length":36266.98109443981}}]}